{"labels": [0], "scores": [0.9990864992141724], "bboxes": [[70.12490844726562, 32.56146240234375, 708.2298583984375, 767.7792358398438]]}