{"labels": [0], "scores": [0.9847502708435059], "bboxes": [[261.111572265625, 206.37255859375, 574.0047607421875, 615.9588012695312]]}