{"labels": [0], "scores": [0.998737633228302], "bboxes": [[0.0, 156.38735961914062, 792.3795776367188, 699.2564697265625]]}