{"labels": [0, 0], "scores": [0.9975727200508118, 0.7251623868942261], "bboxes": [[238.2239532470703, 165.248779296875, 664.7476806640625, 783.120849609375], [9.506439208984375, 158.02090454101562, 213.0687713623047, 736.3927001953125]]}