{"labels": [0, 0, 0, 0, 0, 0, 0, 0, 0, 0, 0, 0], "scores": [0.9835863709449768, 0.951643705368042, 0.2890903055667877, 0.2812361717224121, 0.24378366768360138, 0.22874072194099426, 0.22329780459403992, 0.1625223457813263, 0.1267344057559967, 0.11845836788415909, 0.09238209575414658, 0.08374542742967606], "bboxes": [[285.7376708984375, 163.30555725097656, 717.6290893554688, 506.71234130859375], [14.735794067382812, 433.75390625, 292.043701171875, 723.46337890625], [378.7126770019531, 568.6013793945312, 564.6906127929688, 757.9435424804688], [629.9448852539062, 548.093994140625, 800.0, 747.2232666015625], [113.72856140136719, 627.3781127929688, 206.4987335205078, 721.9507446289062], [192.9847869873047, 575.9376220703125, 283.1524658203125, 679.758544921875], [30.757308959960938, 591.6070556640625, 119.88993835449219, 679.6534423828125], [225.0294189453125, 8.82598876953125, 370.30096435546875, 163.27085876464844], [185.24864196777344, 488.4404296875, 270.6077575683594, 581.088623046875], [106.35393524169922, 537.7700805664062, 190.33251953125, 631.0547485351562], [107.12226867675781, 455.5348815917969, 186.26283264160156, 543.5023803710938], [34.33270263671875, 510.9601745605469, 109.71101379394531, 595.1038818359375]]}