{"labels": [0, 0, 0, 0], "scores": [0.9915819764137268, 0.9471887946128845, 0.650946855545044, 0.05190864950418472], "bboxes": [[167.6760711669922, 131.19696044921875, 557.9282836914062, 699.5294189453125], [373.614013671875, 488.0860595703125, 682.4136962890625, 858.7529907226562], [540.9047241210938, 557.9471435546875, 700.0, 857.0140380859375], [190.1677703857422, 288.42822265625, 652.5845336914062, 846.7887573242188]]}