{"labels": [0, 0], "scores": [0.9989635944366455, 0.06594019383192062], "bboxes": [[132.16934204101562, 196.33392333984375, 578.7140502929688, 795.22607421875], [182.03646850585938, 763.0498046875, 515.0997924804688, 896.0]]}