{"labels": [0, 0], "scores": [0.9974159002304077, 0.9924324750900269], "bboxes": [[9.750732421875, 93.4273681640625, 362.26129150390625, 766.03076171875], [417.51275634765625, 85.51235961914062, 778.5503540039062, 766.468505859375]]}