{"labels": [0], "scores": [0.9977044463157654], "bboxes": [[135.6857452392578, 118.68710327148438, 624.7978515625, 716.6890869140625]]}