{"labels": [0], "scores": [0.9984574317932129], "bboxes": [[0.0, 127.34022521972656, 800.0, 572.3230590820312]]}