{"labels": [0], "scores": [0.9991582632064819], "bboxes": [[5.997650146484375, 193.6454315185547, 782.0291748046875, 681.0890502929688]]}