{"labels": [0], "scores": [0.9995286464691162], "bboxes": [[0.0, 46.589202880859375, 799.633544921875, 748.40234375]]}