{"labels": [0, 0, 0], "scores": [0.988893449306488, 0.9753537774085999, 0.11749254912137985], "bboxes": [[66.38050842285156, 232.7306365966797, 352.33251953125, 687.3326416015625], [446.4522705078125, 204.51296997070312, 693.7470703125, 623.054443359375], [451.43841552734375, 41.65143585205078, 655.8401489257812, 194.61300659179688]]}