{"labels": [0, 0, 0], "scores": [0.9763095378875732, 0.8615210652351379, 0.3087496757507324], "bboxes": [[140.47503662109375, 137.89361572265625, 743.420166015625, 768.74365234375], [661.5225219726562, 450.3406982421875, 795.7637329101562, 798.7947998046875], [0.0, 162.04269409179688, 335.8656005859375, 794.2125244140625]]}