{"labels": [0, 0, 0, 0, 0, 0], "scores": [0.9018003344535828, 0.8858618140220642, 0.6198080778121948, 0.19575664401054382, 0.11873173713684082, 0.0503496453166008], "bboxes": [[313.30755615234375, 16.44091033935547, 622.03173828125, 467.2793273925781], [7.090015411376953, 14.214370727539062, 581.9989013671875, 888.0828857421875], [321.4029235839844, 68.87742614746094, 475.02239990234375, 469.8232421875], [330.6901550292969, 695.8558959960938, 565.0003662109375, 826.7769775390625], [10.117280960083008, 13.703811645507812, 417.7806091308594, 546.2780151367188], [1.5035324096679688, 426.57421875, 461.26483154296875, 891.2803955078125]]}