{"labels": [0], "scores": [0.9906532764434814], "bboxes": [[65.54190063476562, 263.7066650390625, 727.9493408203125, 632.959228515625]]}