{"labels": [0], "scores": [0.9983890056610107], "bboxes": [[1.8927536010742188, 297.5709533691406, 669.518798828125, 847.7777099609375]]}