{"labels": [0, 0], "scores": [0.9954409599304199, 0.5996338725090027], "bboxes": [[243.13560485839844, 130.58555603027344, 489.2689208984375, 670.666748046875], [272.2434997558594, 628.5383911132812, 453.488037109375, 784.4567260742188]]}