{"labels": [0], "scores": [0.9981691837310791], "bboxes": [[3.90478515625, 173.2051544189453, 790.9141235351562, 667.393310546875]]}