{"labels": [0], "scores": [0.9979920387268066], "bboxes": [[151.30752563476562, 85.2086181640625, 649.7264404296875, 708.6306762695312]]}