{"labels": [0], "scores": [0.9973772764205933], "bboxes": [[75.23858642578125, 0.0, 794.5540771484375, 799.4259033203125]]}