{"labels": [0, 0, 0, 0, 0, 0, 0, 0, 0], "scores": [0.9966627955436707, 0.9932414293289185, 0.9902262091636658, 0.9891958236694336, 0.9689976572990417, 0.966198742389679, 0.8964834213256836, 0.16388770937919617, 0.06003018841147423], "bboxes": [[290.77655029296875, 29.135986328125, 486.48681640625, 463.15692138671875], [557.235595703125, 415.041015625, 794.591064453125, 730.109375], [475.87701416015625, 21.3736572265625, 664.2047729492188, 476.30279541015625], [93.3722152709961, 45.32177734375, 316.0710144042969, 458.0507507324219], [26.434677124023438, 438.765869140625, 427.40362548828125, 722.3065185546875], [290.32061767578125, 454.9844970703125, 622.8854370117188, 730.1337890625], [0.5823974609375, 421.77716064453125, 264.6903991699219, 637.4537963867188], [328.4576416015625, 23.155563354492188, 624.6887817382812, 470.9171142578125], [220.77468872070312, 360.884521484375, 737.1356201171875, 731.9698486328125]]}