{"labels": [0, 0], "scores": [0.994257926940918, 0.8576147556304932], "bboxes": [[14.29437255859375, 185.9408416748047, 777.1767578125, 689.2289428710938], [77.02297973632812, 178.61207580566406, 378.9644470214844, 466.78216552734375]]}