{"labels": [0, 0], "scores": [0.975281834602356, 0.9747146964073181], "bboxes": [[28.52703857421875, 59.97320556640625, 781.006103515625, 721.0736083984375], [16.36346435546875, 459.3060302734375, 779.6987915039062, 702.611572265625]]}