{"labels": [0], "scores": [0.9978231191635132], "bboxes": [[0.0, 106.0145263671875, 796.2079467773438, 755.7273559570312]]}