{"labels": [0], "scores": [0.9944745898246765], "bboxes": [[230.11476135253906, 164.95993041992188, 538.0755004882812, 769.822021484375]]}