{"labels": [0, 0, 0], "scores": [0.9079291224479675, 0.09553255140781403, 0.08485989272594452], "bboxes": [[538.7799682617188, 246.3021697998047, 708.0399780273438, 674.9879760742188], [1.062255859375, 59.654327392578125, 753.2020263671875, 727.9658203125], [307.85833740234375, 231.63572692871094, 712.4177856445312, 697.1451416015625]]}