{"labels": [0], "scores": [0.9968931674957275], "bboxes": [[89.64923095703125, 213.16574096679688, 597.3928833007812, 896.0]]}