{"labels": [0, 0, 0, 0, 0], "scores": [0.9708510041236877, 0.9692032337188721, 0.9032532572746277, 0.44816988706588745, 0.3569374084472656], "bboxes": [[11.9656982421875, 470.4537048339844, 715.70263671875, 800.0], [54.76844024658203, 161.00485229492188, 241.93814086914062, 404.6364440917969], [254.16029357910156, 166.61087036132812, 462.8349609375, 389.6341857910156], [478.15484619140625, 123.35908508300781, 774.8322143554688, 430.501953125], [66.51296997070312, 141.5723114013672, 667.21435546875, 416.29412841796875]]}