{"labels": [0, 0, 0], "scores": [0.9915669560432434, 0.8449141979217529, 0.05878352001309395], "bboxes": [[331.10443115234375, 205.57513427734375, 506.1971435546875, 457.4744873046875], [333.759521484375, 431.80859375, 615.9883422851562, 797.91650390625], [1.4068450927734375, 242.55224609375, 285.7508544921875, 578.5582275390625]]}