{"labels": [0, 0, 0], "scores": [0.9931121468544006, 0.09024187922477722, 0.05042935535311699], "bboxes": [[4.449737548828125, 110.6201171875, 755.3668212890625, 684.3567504882812], [350.7870788574219, 85.28009033203125, 743.5518798828125, 611.378662109375], [15.198150634765625, 157.6954345703125, 447.3346862792969, 649.77197265625]]}