{"labels": [0, 0], "scores": [0.9755576848983765, 0.13542011380195618], "bboxes": [[194.3271026611328, 285.58148193359375, 513.64599609375, 749.2546997070312], [229.087158203125, 33.02271270751953, 461.7957763671875, 155.06069946289062]]}