{"labels": [0, 0, 0], "scores": [0.9974586367607117, 0.9938905239105225, 0.24008843302726746], "bboxes": [[46.67796325683594, 77.37757873535156, 508.32159423828125, 583.2594604492188], [356.2496337890625, 260.7213134765625, 794.7794189453125, 689.1505737304688], [5.408233642578125, 503.65863037109375, 377.6470031738281, 700.9219360351562]]}