{"labels": [0, 0], "scores": [0.9966886639595032, 0.05858974531292915], "bboxes": [[41.3292236328125, 35.394805908203125, 760.5174560546875, 800.0], [52.87739562988281, 41.579559326171875, 399.2432861328125, 788.36962890625]]}