{"labels": [0], "scores": [0.9979427456855774], "bboxes": [[66.49691772460938, 291.73468017578125, 743.0457763671875, 652.8704223632812]]}