{"labels": [0], "scores": [0.9994382262229919], "bboxes": [[9.29949951171875, 16.702911376953125, 780.3043823242188, 783.8837890625]]}