{"labels": [0], "scores": [0.9976346492767334], "bboxes": [[35.18463134765625, 99.45343017578125, 725.8450927734375, 769.0878295898438]]}