{"labels": [0], "scores": [0.9976080656051636], "bboxes": [[31.54522705078125, 57.404266357421875, 799.7619018554688, 725.5208740234375]]}