{"labels": [0], "scores": [0.9989970326423645], "bboxes": [[4.480560302734375, 102.95660400390625, 788.994384765625, 690.1130981445312]]}