{"labels": [0], "scores": [0.9986317753791809], "bboxes": [[132.36151123046875, 78.35794067382812, 668.739501953125, 755.762451171875]]}