{"labels": [0, 0, 0], "scores": [0.9943602681159973, 0.10287688672542572, 0.050026144832372665], "bboxes": [[200.40753173828125, 40.71444320678711, 524.788330078125, 757.0931396484375], [308.97998046875, 731.67236328125, 397.05572509765625, 884.2637329101562], [499.2127685546875, 608.9961547851562, 700.0, 846.405517578125]]}