{"labels": [0], "scores": [0.9924091100692749], "bboxes": [[123.628173828125, 124.21771240234375, 693.8536376953125, 662.7207641601562]]}