{"labels": [0, 0], "scores": [0.9944376945495605, 0.3188174366950989], "bboxes": [[106.48345947265625, 32.851898193359375, 728.4649658203125, 763.1673583984375], [125.09353637695312, 422.2287902832031, 730.30859375, 754.018310546875]]}