{"labels": [0], "scores": [0.9947190284729004], "bboxes": [[310.84783935546875, 193.91690063476562, 598.1873779296875, 774.5286865234375]]}