{"labels": [0, 0], "scores": [0.9887050986289978, 0.17432354390621185], "bboxes": [[0.0, 117.127685546875, 800.0, 779.1238403320312], [156.96694946289062, 419.58416748046875, 566.1734619140625, 690.4968872070312]]}