{"labels": [0], "scores": [0.9967491626739502], "bboxes": [[57.95794677734375, 7.48626708984375, 751.9338989257812, 800.0]]}