{"labels": [0, 0], "scores": [0.9831745028495789, 0.14636190235614777], "bboxes": [[117.00196838378906, 173.39608764648438, 544.1522827148438, 835.3657836914062], [133.97720336914062, 161.6063995361328, 465.9211120605469, 587.7845458984375]]}