{"labels": [0, 0, 0, 0, 0, 0, 0, 0, 0, 0, 0, 0], "scores": [0.9909396171569824, 0.48247236013412476, 0.4654559791088104, 0.344251811504364, 0.3292703926563263, 0.16635851562023163, 0.1600995659828186, 0.11011486500501633, 0.10619782656431198, 0.07812456041574478, 0.07579732686281204, 0.05671196058392525], "bboxes": [[0.0, 0.0, 794.25, 787.1088256835938], [16.716064453125, 115.23186492919922, 186.5248565673828, 274.8296203613281], [0.0467071533203125, 443.07720947265625, 90.2783432006836, 619.9994506835938], [41.908851623535156, 363.72406005859375, 211.50357055664062, 539.6241455078125], [2.1461944580078125, 0.0, 104.40251159667969, 129.72393798828125], [311.823974609375, 206.87548828125, 453.9505615234375, 332.29364013671875], [98.16221618652344, 4.553718566894531, 231.2936248779297, 155.4840087890625], [7.467864990234375, 331.492919921875, 766.0703125, 735.9764404296875], [6.023773193359375, 288.1822204589844, 145.90847778320312, 417.2605285644531], [12.239761352539062, 325.0941162109375, 363.9222412109375, 664.1357421875], [150.23443603515625, 224.33517456054688, 265.0626525878906, 308.5678405761719], [25.99919891357422, 387.34368896484375, 218.426513671875, 648.4649047851562]]}