{"labels": [0, 0, 0], "scores": [0.9863291382789612, 0.9074124693870544, 0.08674585074186325], "bboxes": [[193.1006622314453, 279.8014221191406, 631.4947509765625, 528.4937133789062], [170.8907470703125, 276.4972839355469, 432.0933837890625, 452.7734680175781], [359.96893310546875, 285.440185546875, 618.4160766601562, 452.2200927734375]]}