{"labels": [0, 0], "scores": [0.9948979020118713, 0.0733870416879654], "bboxes": [[151.58074951171875, 92.5072021484375, 670.8109130859375, 732.181884765625], [149.23822021484375, 467.47918701171875, 594.96923828125, 735.4227905273438]]}