{"labels": [0, 0], "scores": [0.9966261386871338, 0.0860772505402565], "bboxes": [[4.499758243560791, 237.0911407470703, 688.3001708984375, 500.9435119628906], [26.53995704650879, 408.9537658691406, 301.98486328125, 497.6185607910156]]}