{"labels": [0, 0, 0, 0], "scores": [0.9728848338127136, 0.19209176301956177, 0.11229795962572098, 0.09594357013702393], "bboxes": [[88.33599853515625, 197.12319946289062, 706.1422119140625, 552.7164306640625], [54.64064025878906, 254.70721435546875, 395.113037109375, 539.9090576171875], [54.839263916015625, 389.07330322265625, 333.0537109375, 537.2605590820312], [522.4312744140625, 413.95367431640625, 733.4383544921875, 538.6873779296875]]}