{"labels": [0, 0, 0, 0, 0, 0, 0, 0, 0, 0, 0, 0, 0], "scores": [0.9799283742904663, 0.9173710942268372, 0.8616726398468018, 0.500251293182373, 0.35314878821372986, 0.31309375166893005, 0.27082154154777527, 0.2660203278064728, 0.2545621395111084, 0.14517566561698914, 0.1104738786816597, 0.08505996316671371, 0.060518328100442886], "bboxes": [[417.7958068847656, 124.9715347290039, 773.7916259765625, 321.7179260253906], [153.92425537109375, 165.494140625, 388.69488525390625, 320.8610534667969], [18.987464904785156, 461.0367431640625, 163.5162353515625, 565.891845703125], [396.8946228027344, 419.86920166015625, 785.8421630859375, 628.6752319335938], [30.119720458984375, 125.6452407836914, 339.096435546875, 302.040771484375], [265.8153381347656, 419.7637634277344, 389.9199523925781, 510.5246887207031], [18.060806274414062, 421.44696044921875, 400.51873779296875, 635.4456176757812], [110.75374603271484, 421.2882385253906, 245.43869018554688, 508.1864318847656], [91.31564331054688, 390.5646667480469, 779.0667724609375, 722.801025390625], [102.80311584472656, 507.01446533203125, 266.314208984375, 630.7661743164062], [24.344802856445312, 137.67466735839844, 208.46499633789062, 279.30181884765625], [233.32720947265625, 476.8315124511719, 379.2835693359375, 589.7347412109375], [86.59255981445312, 169.6610107421875, 180.72628784179688, 218.53811645507812]]}