{"labels": [0], "scores": [0.9996246099472046], "bboxes": [[0.0, 167.2394256591797, 700.0, 896.0]]}