{"labels": [0, 0], "scores": [0.9986248016357422, 0.895869255065918], "bboxes": [[5.922271728515625, 175.40342712402344, 756.0989990234375, 683.2883911132812], [2.3162384033203125, 129.5972442626953, 156.99530029296875, 319.8521728515625]]}