{"labels": [0, 0, 0], "scores": [0.9962339997291565, 0.991438090801239, 0.06676578521728516], "bboxes": [[5.6434326171875, 54.47575378417969, 432.0596618652344, 536.7997436523438], [335.26806640625, 383.09991455078125, 794.275390625, 718.7683715820312], [103.39349365234375, 107.76608276367188, 785.9620971679688, 710.22998046875]]}