{"labels": [0, 0], "scores": [0.9973465204238892, 0.8645716309547424], "bboxes": [[192.87637329101562, 78.0142822265625, 638.8271484375, 724.68603515625], [346.76885986328125, 678.1613159179688, 518.3264770507812, 870.1126098632812]]}