{"labels": [0, 0, 0], "scores": [0.9876217246055603, 0.7529454827308655, 0.27158495783805847], "bboxes": [[4.133758544921875, 36.485015869140625, 759.4539794921875, 746.2974853515625], [305.2351379394531, 120.44407653808594, 760.3011474609375, 623.9711303710938], [76.87065124511719, 201.05313110351562, 504.61724853515625, 733.5257568359375]]}