{"labels": [0, 0, 0], "scores": [0.9767019748687744, 0.9172559976577759, 0.17875151336193085], "bboxes": [[334.69866943359375, 386.06866455078125, 613.8718872070312, 735.5999145507812], [117.83309936523438, 228.91127014160156, 402.8739318847656, 515.4396362304688], [117.80401611328125, 195.8685302734375, 679.2699584960938, 740.5401611328125]]}