{"labels": [0], "scores": [0.9974032044410706], "bboxes": [[95.93930053710938, 232.97845458984375, 698.469482421875, 557.8610229492188]]}