{"labels": [0, 0, 0], "scores": [0.9898656010627747, 0.061918292194604874, 0.0513329915702343], "bboxes": [[0.0, 49.411590576171875, 799.4819946289062, 762.3704833984375], [401.69677734375, 118.52203369140625, 753.0845947265625, 632.593994140625], [449.1208801269531, 267.14202880859375, 674.1137084960938, 623.0443115234375]]}