{"labels": [0, 0, 0, 0], "scores": [0.9851963520050049, 0.2958167493343353, 0.17104560136795044, 0.12924543023109436], "bboxes": [[100.6446533203125, 20.94158935546875, 556.6236572265625, 602.0315551757812], [545.0869750976562, 177.74026489257812, 636.2369995117188, 248.42901611328125], [675.7750244140625, 181.07687377929688, 766.1796875, 250.59652709960938], [667.175048828125, 435.94598388671875, 782.779296875, 522.7277221679688]]}