{"labels": [0], "scores": [0.9987533092498779], "bboxes": [[14.16619873046875, 140.27301025390625, 785.0043334960938, 670.582275390625]]}