{"labels": [0, 0], "scores": [0.997374415397644, 0.061388954520225525], "bboxes": [[9.738983154296875, 136.85096740722656, 776.8895263671875, 591.7006225585938], [443.69207763671875, 358.4732360839844, 754.3612670898438, 541.0645751953125]]}