{"labels": [0, 0], "scores": [0.9898143410682678, 0.0511467419564724], "bboxes": [[234.44741821289062, 526.8759765625, 551.5274658203125, 685.0081787109375], [0.0, 0.0, 800.0, 780.936767578125]]}