{"labels": [0, 0], "scores": [0.9945247173309326, 0.9441863894462585], "bboxes": [[53.80108642578125, 370.506591796875, 782.803955078125, 702.90380859375], [227.6685791015625, 136.1941375732422, 285.1541748046875, 213.8360137939453]]}