{"labels": [0], "scores": [0.9984121322631836], "bboxes": [[13.323272705078125, 101.37786865234375, 780.9912109375, 664.3372192382812]]}