{"labels": [0], "scores": [0.9985148310661316], "bboxes": [[83.43716430664062, 258.4132080078125, 683.04833984375, 618.5262451171875]]}