{"labels": [0], "scores": [0.9838284254074097], "bboxes": [[98.52163696289062, 94.97393798828125, 768.6077880859375, 715.0040893554688]]}