{"labels": [0, 0, 0], "scores": [0.9671831727027893, 0.8884764313697815, 0.10717139393091202], "bboxes": [[102.44305419921875, 208.6446533203125, 423.4493408203125, 680.14892578125], [285.6338806152344, 109.79377746582031, 701.9609375, 550.77197265625], [103.313232421875, 121.06924438476562, 664.9083251953125, 674.107177734375]]}