{"labels": [0], "scores": [0.9983845949172974], "bboxes": [[0.0, 114.71414184570312, 800.0, 725.3709716796875]]}