{"labels": [0], "scores": [0.9977867603302002], "bboxes": [[234.01255798339844, 1.14263916015625, 621.8148193359375, 798.24365234375]]}