{"labels": [0, 0], "scores": [0.9744021892547607, 0.11991904675960541], "bboxes": [[103.00262451171875, 281.3624267578125, 689.3772583007812, 770.1806640625], [563.8513793945312, 166.1649627685547, 797.7229614257812, 315.94915771484375]]}