{"labels": [0, 0, 0], "scores": [0.9554500579833984, 0.2677134871482849, 0.06002560257911682], "bboxes": [[3.757171630859375, 5.920257568359375, 663.5665283203125, 787.4954833984375], [193.25209045410156, 167.52960205078125, 584.4388427734375, 782.4723510742188], [198.9923858642578, 342.2566223144531, 490.12188720703125, 754.57666015625]]}