{"labels": [0, 0, 0, 0, 0], "scores": [0.9913780689239502, 0.9908596873283386, 0.9879410266876221, 0.9849334359169006, 0.06395696848630905], "bboxes": [[151.33074951171875, 134.3993682861328, 357.83843994140625, 499.27838134765625], [416.32275390625, 308.65618896484375, 593.574951171875, 602.3668212890625], [558.640869140625, 147.48374938964844, 765.171142578125, 525.855224609375], [35.56365966796875, 291.48590087890625, 216.97775268554688, 600.4448852539062], [620.1714477539062, 686.8419189453125, 742.1329956054688, 771.62841796875]]}