{"labels": [0], "scores": [0.9973986148834229], "bboxes": [[34.763641357421875, 248.55892944335938, 765.1356201171875, 669.037841796875]]}