{"labels": [0, 0], "scores": [0.9992486834526062, 0.2071772813796997], "bboxes": [[98.99748229980469, 148.76812744140625, 699.314453125, 896.0], [290.0010986328125, 1.2604594230651855, 551.4534301757812, 100.98168182373047]]}