{"labels": [0], "scores": [0.9990910291671753], "bboxes": [[26.236358642578125, 35.40728759765625, 770.7802734375, 789.6273803710938]]}