{"labels": [0, 0, 0], "scores": [0.9871445298194885, 0.38665735721588135, 0.06412862241268158], "bboxes": [[1.313201904296875, 123.88105773925781, 775.0615234375, 561.1998901367188], [8.178985595703125, 475.0329895019531, 768.602294921875, 645.5924072265625], [0.0, 454.67803955078125, 794.5272216796875, 800.0]]}