{"labels": [0, 0, 0, 0], "scores": [0.9921659231185913, 0.7305135130882263, 0.4961705207824707, 0.18281924724578857], "bboxes": [[103.54473876953125, 472.3683166503906, 795.1536254882812, 800.0], [10.180816650390625, 28.92840576171875, 513.86279296875, 334.5740051269531], [0.0, 10.1419677734375, 800.0, 800.0], [23.056869506835938, 88.100830078125, 283.40704345703125, 313.8498229980469]]}