{"labels": [0, 0, 0, 0], "scores": [0.9940438866615295, 0.9843785166740417, 0.15686331689357758, 0.13548554480075836], "bboxes": [[57.04595947265625, 266.10418701171875, 527.4929809570312, 701.4526977539062], [403.52764892578125, 9.115814208984375, 798.5016479492188, 442.9468688964844], [227.45889282226562, 329.35064697265625, 790.2991943359375, 793.1331176757812], [42.60284423828125, 6.2874755859375, 763.2439575195312, 491.90496826171875]]}