{"labels": [0], "scores": [0.9951609969139099], "bboxes": [[0.070709228515625, 4.549072265625, 798.020263671875, 729.4369506835938]]}