{"labels": [0], "scores": [0.9975524544715881], "bboxes": [[287.78240966796875, 14.284881591796875, 536.6041259765625, 800.0]]}