{"labels": [0, 0], "scores": [0.9987301230430603, 0.1036490872502327], "bboxes": [[110.87030029296875, 141.873291015625, 678.74755859375, 676.688720703125], [433.8673095703125, 1.854400634765625, 793.4859619140625, 156.45166015625]]}