{"labels": [0], "scores": [0.9985608458518982], "bboxes": [[45.464935302734375, 168.94122314453125, 739.1995849609375, 800.0]]}