{"labels": [0], "scores": [0.9959404468536377], "bboxes": [[98.9765625, 251.41551208496094, 781.5206298828125, 696.9342041015625]]}