{"labels": [0, 0, 0, 0, 0, 0, 0, 0, 0, 0, 0, 0, 0, 0, 0, 0], "scores": [0.9695676565170288, 0.8807116746902466, 0.8169272541999817, 0.7228293418884277, 0.7006323337554932, 0.6909664869308472, 0.5872443914413452, 0.4479849636554718, 0.2639963626861572, 0.25654175877571106, 0.20337316393852234, 0.14059141278266907, 0.08395751565694809, 0.07003728300333023, 0.06831389665603638, 0.06384218484163284], "bboxes": [[525.655517578125, 388.6729431152344, 632.2498779296875, 781.40234375], [508.4237060546875, 117.1933822631836, 595.989990234375, 326.6331481933594], [43.52930450439453, 76.26471710205078, 236.1971435546875, 326.5395812988281], [601.4244384765625, 119.9522476196289, 700.0645751953125, 334.05572509765625], [430.13360595703125, 114.40687561035156, 699.2147827148438, 332.1258544921875], [3.203460693359375, 377.5908203125, 583.894775390625, 791.3541259765625], [215.04910278320312, 195.82305908203125, 337.1935729980469, 325.816650390625], [524.0614624023438, 375.4570617675781, 793.6144409179688, 779.191162109375], [0.0, 104.20565795898438, 800.0, 784.9345703125], [694.6992797851562, 391.84539794921875, 792.9562377929688, 741.2954711914062], [433.5299377441406, 376.97015380859375, 639.7471923828125, 777.7211303710938], [47.59230041503906, 71.3975601196289, 110.85981750488281, 244.6336669921875], [652.5780029296875, 379.45025634765625, 757.68896484375, 753.5288696289062], [322.3863525390625, 379.29986572265625, 563.1019897460938, 777.9070434570312], [431.1942443847656, 128.1922149658203, 561.8532104492188, 328.09832763671875], [423.6034240722656, 180.35537719726562, 525.3292236328125, 321.1741027832031]]}