{"labels": [0, 0], "scores": [0.9832294583320618, 0.07077828794717789], "bboxes": [[18.47857666015625, 137.41079711914062, 783.0714721679688, 548.7161865234375], [301.953369140625, 205.40309143066406, 730.098388671875, 523.8023071289062]]}