{"labels": [0], "scores": [0.9994660019874573], "bboxes": [[0.0, 24.448272705078125, 800.0, 800.0]]}