{"labels": [0, 0], "scores": [0.9885872602462769, 0.06839272379875183], "bboxes": [[54.0426025390625, 13.39556884765625, 732.4559936523438, 774.014892578125], [138.7789764404297, 71.70254516601562, 594.6404418945312, 610.8204345703125]]}