{"labels": [0, 0, 0, 0, 0], "scores": [0.9459806084632874, 0.7886843085289001, 0.5989829897880554, 0.2633765935897827, 0.0696258693933487], "bboxes": [[18.6171875, 149.430908203125, 669.8555297851562, 683.953125], [423.8134765625, 325.38519287109375, 643.531494140625, 675.61181640625], [369.89434814453125, 128.6416015625, 637.9205932617188, 683.4578247070312], [461.2078857421875, 130.88352966308594, 634.2930908203125, 510.94415283203125], [614.2225952148438, 260.17681884765625, 787.6112670898438, 632.5062255859375]]}