{"labels": [0, 0], "scores": [0.9660557508468628, 0.7418556809425354], "bboxes": [[49.736297607421875, 35.865631103515625, 772.9560546875, 649.8218994140625], [84.1195068359375, 74.48348999023438, 450.667724609375, 644.9102783203125]]}