{"labels": [0], "scores": [0.9987214207649231], "bboxes": [[194.683349609375, 182.69656372070312, 602.6953125, 711.71533203125]]}