{"labels": [0], "scores": [0.9935186505317688], "bboxes": [[201.14830017089844, 11.732845306396484, 495.31866455078125, 815.6495361328125]]}