{"labels": [0], "scores": [0.9968951940536499], "bboxes": [[6.11309814453125, 93.45431518554688, 770.8780517578125, 717.06298828125]]}