{"labels": [0], "scores": [0.9983780384063721], "bboxes": [[0.0, 7.5367431640625, 794.5514526367188, 798.3211669921875]]}