{"labels": [0, 0, 0, 0], "scores": [0.9962666630744934, 0.8913751840591431, 0.11174314469099045, 0.10133717954158783], "bboxes": [[107.44808959960938, 69.7125244140625, 737.511474609375, 749.8858642578125], [78.08152770996094, 235.93478393554688, 543.3045654296875, 787.76611328125], [180.49234008789062, 574.596435546875, 250.9417724609375, 647.33544921875], [416.5916748046875, 69.03901672363281, 731.2498779296875, 548.3961791992188]]}