{"labels": [0], "scores": [0.9978450536727905], "bboxes": [[194.36436462402344, 6.628082275390625, 622.5806884765625, 791.12060546875]]}