{"labels": [0, 0, 0], "scores": [0.9654068946838379, 0.8308910727500916, 0.3973613381385803], "bboxes": [[70.27145385742188, 10.115997314453125, 717.911865234375, 769.6240234375], [349.303466796875, 221.1832275390625, 652.2537231445312, 536.04248046875], [247.208740234375, 236.57411193847656, 535.231201171875, 585.516357421875]]}