{"labels": [0], "scores": [0.9954999089241028], "bboxes": [[214.90567016601562, 64.2942886352539, 489.9972229003906, 820.7279052734375]]}