{"labels": [0, 0], "scores": [0.9916186928749084, 0.11263125389814377], "bboxes": [[54.72459030151367, 192.02804565429688, 601.4888916015625, 815.5926513671875], [0.0, 533.8509521484375, 430.5606994628906, 894.4052124023438]]}