{"labels": [0], "scores": [0.9980025887489319], "bboxes": [[0.72991943359375, 261.3935546875, 797.64208984375, 550.1197509765625]]}