{"labels": [0], "scores": [0.9992406368255615], "bboxes": [[47.395172119140625, 240.01806640625, 769.7890625, 622.4267578125]]}