{"labels": [0], "scores": [0.9938201308250427], "bboxes": [[78.66925048828125, 5.182121276855469, 696.2425537109375, 757.3365478515625]]}