{"labels": [0], "scores": [0.9996821880340576], "bboxes": [[10.117134094238281, 17.715145111083984, 685.5723266601562, 875.5648193359375]]}