{"labels": [0], "scores": [0.9978062510490417], "bboxes": [[31.44818115234375, 218.16494750976562, 762.0241088867188, 622.9498291015625]]}