{"labels": [0], "scores": [0.9992558360099792], "bboxes": [[0.0, 118.45437622070312, 759.1160888671875, 690.0225830078125]]}