{"labels": [0], "scores": [0.9991984963417053], "bboxes": [[25.515625, 135.8663330078125, 761.7754516601562, 773.8659057617188]]}