{"labels": [0, 0, 0], "scores": [0.9976453185081482, 0.9606784582138062, 0.23644232749938965], "bboxes": [[170.905029296875, 376.2498779296875, 739.235107421875, 717.8233642578125], [34.94309997558594, 40.6097412109375, 451.1630859375, 650.068603515625], [43.459075927734375, 57.3699951171875, 732.0673828125, 743.34375]]}