{"labels": [0], "scores": [0.9989044666290283], "bboxes": [[49.460601806640625, 140.39251708984375, 730.2025146484375, 664.6742553710938]]}