{"labels": [0], "scores": [0.9984550476074219], "bboxes": [[33.29803466796875, 377.6363525390625, 765.8585815429688, 597.6390991210938]]}