{"labels": [0], "scores": [0.99940025806427], "bboxes": [[14.1630859375, 89.02255249023438, 800.0, 664.11181640625]]}