{"labels": [0], "scores": [0.9995040893554688], "bboxes": [[6.015758514404297, 58.05003356933594, 691.773193359375, 849.0416259765625]]}