{"labels": [0], "scores": [0.9951700568199158], "bboxes": [[3.22235107421875, 117.48733520507812, 788.228271484375, 703.167236328125]]}