{"labels": [0, 0, 0, 0, 0, 0], "scores": [0.9972745776176453, 0.9939362406730652, 0.9775598049163818, 0.7177748084068298, 0.7136522531509399, 0.36725905537605286], "bboxes": [[55.63102722167969, 246.65512084960938, 528.4627075195312, 707.6680908203125], [10.048690795898438, 82.05455017089844, 451.5150146484375, 505.3408203125], [400.0752258300781, 126.63084411621094, 795.168212890625, 618.6671142578125], [522.1031494140625, 1.799560546875, 796.44287109375, 258.5704345703125], [2.53759765625, 1.461639404296875, 535.3603515625, 206.7590789794922], [452.14898681640625, 21.1885986328125, 798.5545043945312, 419.07232666015625]]}