{"labels": [0, 0], "scores": [0.9985466599464417, 0.15381421148777008], "bboxes": [[0.0, 125.87197875976562, 800.0, 734.1455078125], [11.331161499023438, 298.358642578125, 514.9851684570312, 726.3145751953125]]}