{"labels": [0, 0, 0], "scores": [0.9179490804672241, 0.5827234387397766, 0.09398642927408218], "bboxes": [[98.84869384765625, 150.38368225097656, 514.7138061523438, 526.765625], [45.79860305786133, 130.91217041015625, 699.99609375, 622.1265258789062], [356.0538635253906, 2.0049703121185303, 625.022216796875, 256.0117492675781]]}