{"labels": [0, 0], "scores": [0.9986156225204468, 0.051490794867277145], "bboxes": [[171.58522033691406, 198.37295532226562, 618.7703857421875, 773.4300537109375], [337.93658447265625, 29.406864166259766, 485.790771484375, 152.88589477539062]]}