{"labels": [0, 0], "scores": [0.9944157600402832, 0.18068674206733704], "bboxes": [[46.850555419921875, 89.40072631835938, 766.177490234375, 730.42431640625], [106.35406494140625, 166.6807098388672, 519.3472290039062, 640.588134765625]]}