{"labels": [0, 0], "scores": [0.9969180822372437, 0.18065711855888367], "bboxes": [[168.68569946289062, 14.138458251953125, 680.879150390625, 784.87109375], [607.1842041015625, 22.938980102539062, 800.0, 513.3978271484375]]}