{"labels": [0], "scores": [0.9995421171188354], "bboxes": [[26.53841781616211, 165.3180389404297, 619.3543090820312, 873.632568359375]]}