{"labels": [0, 0], "scores": [0.9879976511001587, 0.9844058156013489], "bboxes": [[94.42214965820312, 28.23834228515625, 511.8591613769531, 576.625244140625], [248.06903076171875, 191.17095947265625, 710.5994873046875, 743.6847534179688]]}