{"labels": [0, 0, 0], "scores": [0.989525556564331, 0.9846590757369995, 0.41461053490638733], "bboxes": [[394.8536376953125, 71.46957397460938, 714.892333984375, 600.659912109375], [48.967918395996094, 260.54443359375, 267.1337890625, 631.0411376953125], [46.785125732421875, 43.44390869140625, 734.10546875, 690.17236328125]]}