{"labels": [0], "scores": [0.9980192184448242], "bboxes": [[49.39727783203125, 52.761627197265625, 752.183349609375, 742.0931396484375]]}