{"labels": [0, 0], "scores": [0.9946517944335938, 0.09312977641820908], "bboxes": [[231.61135864257812, 124.63784790039062, 628.938232421875, 744.8946533203125], [135.85940551757812, 5.215576171875, 526.940673828125, 781.01220703125]]}