{"labels": [0, 0, 0], "scores": [0.9615388512611389, 0.7049180269241333, 0.27188846468925476], "bboxes": [[0.0, 89.50668334960938, 794.2447509765625, 752.8271484375], [140.17919921875, 81.18569946289062, 793.4691772460938, 484.8288269042969], [266.68182373046875, 125.75865173339844, 332.44281005859375, 313.391357421875]]}