{"labels": [0], "scores": [0.9977705478668213], "bboxes": [[190.01649475097656, 31.8912353515625, 652.3966064453125, 792.5440673828125]]}