{"labels": [0], "scores": [0.9979660511016846], "bboxes": [[149.5299530029297, 82.25970458984375, 649.9754638671875, 762.99658203125]]}