{"labels": [0, 0, 0, 0, 0, 0, 0, 0, 0, 0, 0], "scores": [0.9967082738876343, 0.9759048819541931, 0.9455134868621826, 0.8538480401039124, 0.7908390760421753, 0.6715698838233948, 0.6306564211845398, 0.5404394865036011, 0.3078283369541168, 0.238520547747612, 0.07192718237638474], "bboxes": [[468.8753662109375, 156.344482421875, 599.7432861328125, 797.9330444335938], [537.597412109375, 37.578643798828125, 741.9678955078125, 800.0], [637.0399169921875, 158.0277099609375, 799.9451904296875, 799.0155029296875], [78.75922393798828, 573.9625244140625, 117.2032699584961, 738.8450927734375], [295.064453125, 576.3860473632812, 327.5098876953125, 738.6262817382812], [119.06204986572266, 570.7781372070312, 161.4984588623047, 741.9279174804688], [164.9861297607422, 570.4921875, 202.94886779785156, 740.399169921875], [209.40908813476562, 570.881103515625, 243.73593139648438, 743.3681640625], [252.57586669921875, 574.6005859375, 287.78070068359375, 738.954345703125], [339.869140625, 573.018310546875, 399.55609130859375, 742.2430419921875], [70.64692687988281, 559.9984741210938, 429.97454833984375, 745.8041381835938]]}