{"labels": [0, 0, 0], "scores": [0.9896760582923889, 0.9847197532653809, 0.9421873688697815], "bboxes": [[296.33636474609375, 309.49615478515625, 526.3991088867188, 608.8023071289062], [2.34832763671875, 281.05865478515625, 297.76141357421875, 655.6991577148438], [520.8380737304688, 259.6990966796875, 788.2206420898438, 616.592529296875]]}