{"labels": [0, 0, 0, 0], "scores": [0.9817573428153992, 0.9775757789611816, 0.3885338604450226, 0.05032213032245636], "bboxes": [[28.493682861328125, 62.91389465332031, 482.3890380859375, 365.42266845703125], [399.0345458984375, 415.74322509765625, 793.2978515625, 786.1438598632812], [16.964080810546875, 101.18597412109375, 486.73468017578125, 595.9739990234375], [21.8184814453125, 345.291259765625, 414.3050537109375, 797.3526611328125]]}