{"labels": [0, 0, 0], "scores": [0.9968382120132446, 0.1917814016342163, 0.11013918370008469], "bboxes": [[18.70184326171875, 170.18820190429688, 788.6559448242188, 699.402099609375], [302.69696044921875, 4.788856506347656, 399.2017822265625, 196.49554443359375], [308.4255676269531, 44.0357666015625, 393.9686584472656, 135.94293212890625]]}