{"labels": [0], "scores": [0.9943574070930481], "bboxes": [[142.46826171875, 3.408355712890625, 658.9797973632812, 800.0]]}