{"labels": [0, 0, 0, 0], "scores": [0.9659708738327026, 0.4928286075592041, 0.10950130224227905, 0.05753977224230766], "bboxes": [[66.64178466796875, 166.39035034179688, 586.8126220703125, 663.4442138671875], [298.53155517578125, 162.146484375, 727.1060180664062, 659.3777465820312], [68.193115234375, 171.55906677246094, 278.0094299316406, 667.720947265625], [169.9813995361328, 166.5029296875, 379.25482177734375, 635.2152099609375]]}