{"labels": [0], "scores": [0.9964683055877686], "bboxes": [[174.23939514160156, 147.60484313964844, 635.4578857421875, 656.7141723632812]]}