{"labels": [0], "scores": [0.9985135197639465], "bboxes": [[86.1998291015625, 32.080413818359375, 741.9969482421875, 774.6480712890625]]}