{"labels": [0], "scores": [0.9996052384376526], "bboxes": [[36.58782958984375, 71.12255859375, 778.4993896484375, 787.1292114257812]]}