{"labels": [0, 0, 0], "scores": [0.9939174056053162, 0.4088825583457947, 0.07866974920034409], "bboxes": [[0.0, 27.440673828125, 777.656494140625, 785.277099609375], [367.64312744140625, 0.0, 762.3317260742188, 575.8466796875], [0.0, 326.0621643066406, 589.63330078125, 788.083251953125]]}