{"labels": [0], "scores": [0.9985026121139526], "bboxes": [[111.8695068359375, 227.3351593017578, 640.3350830078125, 895.1512451171875]]}