{"labels": [0], "scores": [0.9990559220314026], "bboxes": [[101.1351318359375, 105.55996704101562, 711.6824951171875, 723.19482421875]]}