{"labels": [0, 0, 0, 0, 0], "scores": [0.9514512419700623, 0.919608473777771, 0.8071237206459045, 0.4492352604866028, 0.08120391517877579], "bboxes": [[385.14569091796875, 20.718460083007812, 659.8424682617188, 315.53973388671875], [352.34625244140625, 410.2178649902344, 632.9552001953125, 659.6304931640625], [99.76136016845703, 415.4893798828125, 339.0997314453125, 591.25732421875], [110.45732116699219, 172.12371826171875, 333.87994384765625, 606.9293823242188], [335.2402038574219, 13.21917724609375, 667.907958984375, 669.4937744140625]]}