{"labels": [0, 0], "scores": [0.99615877866745, 0.17342595756053925], "bboxes": [[5.471221923828125, 79.15438842773438, 792.1595458984375, 771.5164794921875], [41.59349060058594, 35.198211669921875, 533.1099243164062, 582.4761962890625]]}