{"labels": [0], "scores": [0.9966173768043518], "bboxes": [[13.4759521484375, 22.903472900390625, 775.6068725585938, 788.128173828125]]}