{"labels": [0], "scores": [0.9966797828674316], "bboxes": [[0.0, 60.744384765625, 784.362060546875, 793.5817260742188]]}