{"labels": [0], "scores": [0.9994789958000183], "bboxes": [[33.8509521484375, 68.25732421875, 759.7294921875, 755.9266357421875]]}