{"labels": [0, 0, 0, 0], "scores": [0.9876513481140137, 0.9851048588752747, 0.9658487439155579, 0.9463604092597961], "bboxes": [[298.205322265625, 278.7362976074219, 518.94091796875, 630.290283203125], [159.8033905029297, 255.7362518310547, 367.3467102050781, 592.269775390625], [33.56460952758789, 213.23922729492188, 246.7692108154297, 559.0003662109375], [451.69012451171875, 213.23959350585938, 667.37451171875, 550.9291381835938]]}