{"labels": [0, 0], "scores": [0.9984248876571655, 0.5189500451087952], "bboxes": [[0.0, 278.4755859375, 793.558837890625, 689.6310424804688], [113.5599365234375, 33.016441345214844, 258.1485900878906, 271.5412902832031]]}