{"labels": [0, 0], "scores": [0.9937147498130798, 0.19502688944339752], "bboxes": [[0.0, 262.1966552734375, 800.0, 611.0187377929688], [9.909637451171875, 485.0680236816406, 764.552490234375, 598.678466796875]]}