{"labels": [0, 0], "scores": [0.9985198378562927, 0.2840918004512787], "bboxes": [[82.88851928710938, 181.87628173828125, 617.9852905273438, 762.9881591796875], [243.30728149414062, 737.208740234375, 516.6256713867188, 892.5746459960938]]}