{"labels": [0], "scores": [0.9992801547050476], "bboxes": [[9.753570556640625, 20.26300048828125, 787.873779296875, 787.8938598632812]]}