{"labels": [0], "scores": [0.998728334903717], "bboxes": [[30.72174072265625, 151.62435913085938, 771.5848388671875, 578.345947265625]]}