{"labels": [0, 0], "scores": [0.980897068977356, 0.690737783908844], "bboxes": [[79.54443359375, 0.0, 708.2438354492188, 794.4215698242188], [166.656982421875, 493.19842529296875, 625.5489501953125, 709.7844848632812]]}