{"labels": [0, 0, 0, 0, 0, 0, 0], "scores": [0.9764854907989502, 0.9630626440048218, 0.9509341716766357, 0.924229085445404, 0.8162892460823059, 0.3259073495864868, 0.17940329015254974], "bboxes": [[454.2899169921875, 173.13418579101562, 756.789794921875, 617.148193359375], [294.3877868652344, 517.2808837890625, 500.2607116699219, 800.0], [78.19611358642578, 284.88519287109375, 305.48577880859375, 710.9244384765625], [287.217529296875, 103.04583740234375, 537.3961181640625, 438.283447265625], [105.52888488769531, 581.7319946289062, 300.93499755859375, 703.4697875976562], [524.5531616210938, 559.6307983398438, 729.6370239257812, 800.0], [80.87733459472656, 286.16412353515625, 294.74774169921875, 438.23504638671875]]}