{"labels": [0, 0, 0, 0, 0, 0, 0, 0], "scores": [0.9961898326873779, 0.9920334219932556, 0.9917659163475037, 0.9872156381607056, 0.9751485586166382, 0.9743618965148926, 0.939016580581665, 0.05355926230549812], "bboxes": [[466.5927734375, 301.5094299316406, 743.411865234375, 556.0877685546875], [460.8207092285156, 178.96127319335938, 735.39306640625, 380.9943542480469], [15.991744995117188, 375.2691650390625, 291.88714599609375, 681.8494873046875], [210.6370086669922, 207.5968780517578, 481.7359619140625, 507.12750244140625], [251.98556518554688, 453.8901672363281, 538.677001953125, 729.26123046875], [248.53298950195312, 150.50930786132812, 496.5955505371094, 286.33294677734375], [691.83349609375, 228.5921173095703, 799.9156494140625, 497.902099609375], [174.7888946533203, 169.69772338867188, 573.8873291015625, 715.564208984375]]}