{"labels": [0], "scores": [0.9946517944335938], "bboxes": [[0.0, 232.47996520996094, 800.0, 736.6535034179688]]}