{"labels": [0], "scores": [0.9966641068458557], "bboxes": [[122.58514404296875, 153.544921875, 706.1912231445312, 722.6190795898438]]}