{"labels": [0, 0, 0, 0, 0, 0], "scores": [0.9837682843208313, 0.9740827679634094, 0.7783256769180298, 0.5991201996803284, 0.1394052505493164, 0.06586077809333801], "bboxes": [[419.8829040527344, 9.24822998046875, 733.1993408203125, 441.2213134765625], [3.9777984619140625, 0.47918701171875, 377.8636474609375, 800.0], [335.6973876953125, 413.7359924316406, 757.0867919921875, 795.3870849609375], [363.35491943359375, 11.8739013671875, 763.9652709960938, 799.5925903320312], [6.763153076171875, 422.2471618652344, 384.0672302246094, 789.4813232421875], [667.580078125, 455.71728515625, 794.91064453125, 609.3187255859375]]}