{"labels": [0], "scores": [0.9995449185371399], "bboxes": [[107.5245361328125, 6.597930908203125, 701.3527221679688, 800.0]]}