{"labels": [0, 0], "scores": [0.9762211441993713, 0.20332729816436768], "bboxes": [[12.689361572265625, 50.353851318359375, 650.591552734375, 766.383544921875], [423.8921203613281, 628.4017944335938, 706.419677734375, 796.4397583007812]]}