{"labels": [0, 0, 0, 0], "scores": [0.9984599351882935, 0.9691122174263, 0.2716391086578369, 0.21814340353012085], "bboxes": [[0.0, 75.11932373046875, 637.6361083984375, 771.1144409179688], [634.8927612304688, 145.26199340820312, 784.4379272460938, 468.7574768066406], [651.3868408203125, 607.9522705078125, 746.9403076171875, 699.670654296875], [605.4730224609375, 435.60711669921875, 742.230224609375, 681.1215209960938]]}