{"labels": [0, 0, 0], "scores": [0.9775645136833191, 0.5523755550384521, 0.19415365159511566], "bboxes": [[165.38552856445312, 214.40707397460938, 684.0496826171875, 617.4937744140625], [6.7681884765625, 66.8270263671875, 629.27783203125, 603.0072021484375], [0.0, 75.00379943847656, 428.4580078125, 473.22210693359375]]}