{"labels": [0, 0], "scores": [0.9946879148483276, 0.05798380449414253], "bboxes": [[115.96896362304688, 185.44601440429688, 675.0, 798.6884765625], [549.9888305664062, 289.43292236328125, 681.0967407226562, 665.0299682617188]]}