{"labels": [0], "scores": [0.9977376461029053], "bboxes": [[136.57154846191406, 162.7089080810547, 446.4267578125, 815.5609741210938]]}