{"labels": [0], "scores": [0.9969287514686584], "bboxes": [[90.79541015625, 129.58258056640625, 768.35595703125, 792.7291259765625]]}