{"labels": [0], "scores": [0.9991542100906372], "bboxes": [[68.46994018554688, 108.441162109375, 723.026123046875, 776.7713623046875]]}