{"labels": [0], "scores": [0.9988558292388916], "bboxes": [[22.047454833984375, 261.2187805175781, 772.396728515625, 679.0440673828125]]}