{"labels": [0], "scores": [0.9969983100891113], "bboxes": [[226.90036010742188, 42.11591720581055, 499.6598205566406, 849.7635498046875]]}