{"labels": [0], "scores": [0.9966050386428833], "bboxes": [[200.880126953125, 62.20635986328125, 570.3197021484375, 755.5439453125]]}