{"labels": [0], "scores": [0.9890505075454712], "bboxes": [[0.0, 109.4388427734375, 800.0, 772.4617309570312]]}