{"labels": [0], "scores": [0.9990000128746033], "bboxes": [[15.48419189453125, 179.38497924804688, 779.572509765625, 627.029296875]]}