{"labels": [0, 0, 0, 0], "scores": [0.7936269044876099, 0.6991305947303772, 0.6538102626800537, 0.13257043063640594], "bboxes": [[56.33367919921875, 60.541900634765625, 778.4054565429688, 756.5052490234375], [310.3136901855469, 438.8302001953125, 583.90771484375, 777.8760986328125], [99.15313720703125, 308.67578125, 485.68267822265625, 749.9049072265625], [378.01007080078125, 182.43820190429688, 648.4594116210938, 769.256103515625]]}