{"labels": [0], "scores": [0.9966903924942017], "bboxes": [[44.973236083984375, 134.88604736328125, 758.3016357421875, 731.6434326171875]]}