{"labels": [0, 0, 0, 0], "scores": [0.9974783062934875, 0.6729177832603455, 0.5623192191123962, 0.08929591625928879], "bboxes": [[325.7164306640625, 497.2010803222656, 561.9072265625, 743.0186767578125], [459.62384033203125, 7.1029205322265625, 581.9379272460938, 443.17822265625], [291.8014831542969, 0.0, 512.0228271484375, 453.2891845703125], [303.5540771484375, 104.77104187011719, 441.6025390625, 449.8046875]]}