{"labels": [0], "scores": [0.9979416728019714], "bboxes": [[6.889068603515625, 221.841796875, 782.773193359375, 773.348876953125]]}