{"labels": [0], "scores": [0.9929491281509399], "bboxes": [[311.5537414550781, 65.9080810546875, 485.4700012207031, 753.0858154296875]]}