{"labels": [0, 0], "scores": [0.9972776770591736, 0.07694217562675476], "bboxes": [[105.57879638671875, 164.24148559570312, 683.1636352539062, 687.5113525390625], [125.71865844726562, 165.0704345703125, 647.874755859375, 263.0690002441406]]}