{"labels": [0], "scores": [0.99959796667099], "bboxes": [[9.198089599609375, 1.224945068359375, 795.8101806640625, 800.0]]}