{"labels": [0, 0, 0, 0, 0, 0, 0, 0], "scores": [0.9585148692131042, 0.8871995806694031, 0.7460681796073914, 0.6534869074821472, 0.23816566169261932, 0.20480690896511078, 0.15477269887924194, 0.11169218271970749], "bboxes": [[158.99082946777344, 39.693634033203125, 277.545166015625, 745.2401123046875], [259.4635009765625, 265.9095764160156, 544.0955810546875, 624.20068359375], [88.0280532836914, 42.865386962890625, 143.9879150390625, 759.0533447265625], [46.78226852416992, 43.2923583984375, 95.33517456054688, 761.5531616210938], [196.92994689941406, 45.182708740234375, 524.9901123046875, 695.8291015625], [542.802734375, 415.33294677734375, 750.13671875, 622.1932983398438], [38.45056915283203, 37.403228759765625, 154.94918823242188, 744.9766845703125], [233.80435180664062, 642.6126098632812, 753.1607666015625, 776.6879272460938]]}