{"labels": [0, 0, 0], "scores": [0.9944201111793518, 0.8944070339202881, 0.05628920719027519], "bboxes": [[151.04116821289062, 56.3377685546875, 785.0831298828125, 579.4586181640625], [66.22086334228516, 601.6138305664062, 182.26873779296875, 781.3722534179688], [172.66632080078125, 421.941650390625, 760.5646362304688, 571.590576171875]]}