{"labels": [0, 0], "scores": [0.9963492155075073, 0.9616105556488037], "bboxes": [[323.23272705078125, 210.0645294189453, 533.7605590820312, 435.58740234375], [311.0858154296875, 508.8765869140625, 551.35546875, 756.9407958984375]]}