{"labels": [0], "scores": [0.9990826845169067], "bboxes": [[0.0, 6.37060546875, 799.679931640625, 790.3987426757812]]}