{"labels": [0, 0, 0, 0, 0, 0, 0, 0, 0, 0, 0, 0, 0, 0, 0, 0, 0, 0, 0, 0, 0], "scores": [0.9899107813835144, 0.9881812334060669, 0.9267701506614685, 0.9144591093063354, 0.860855758190155, 0.8382898569107056, 0.7777559161186218, 0.7477829456329346, 0.5764756202697754, 0.41695690155029297, 0.3244933784008026, 0.3023702800273895, 0.27300867438316345, 0.2271953523159027, 0.19925151765346527, 0.15348145365715027, 0.1451464742422104, 0.13750728964805603, 0.08932077884674072, 0.0640663206577301, 0.05314918980002403], "bboxes": [[487.37750244140625, 83.5815200805664, 677.2053833007812, 325.5111083984375], [582.4761352539062, 142.10891723632812, 794.3654174804688, 430.5176696777344], [389.45654296875, 347.0382995605469, 633.7589111328125, 516.1492919921875], [315.7774658203125, 46.307899475097656, 588.343017578125, 268.51373291015625], [3.0179824829101562, 173.01812744140625, 186.18560791015625, 433.88128662109375], [45.5966796875, 211.7980194091797, 729.5008544921875, 703.9658203125], [296.7381896972656, 53.077239990234375, 436.3426818847656, 270.0268859863281], [391.94244384765625, 475.00537109375, 705.5122680664062, 684.1712646484375], [174.24310302734375, 65.57911682128906, 339.701904296875, 301.49053955078125], [390.4787292480469, 233.81155395507812, 540.1431884765625, 384.1749572753906], [75.41997528076172, 125.76070404052734, 236.07745361328125, 380.910888671875], [524.5291748046875, 109.56010437011719, 713.3150634765625, 405.64227294921875], [85.54417419433594, 82.40461730957031, 368.73004150390625, 397.3529052734375], [234.20413208007812, 217.04249572753906, 419.2043762207031, 484.56341552734375], [54.816497802734375, 316.972412109375, 295.2161865234375, 631.3179931640625], [402.1630554199219, 45.62269592285156, 546.2939453125, 237.2925567626953], [85.46640014648438, 41.61444091796875, 597.86181640625, 353.0041198730469], [55.637451171875, 302.781982421875, 484.147705078125, 682.0681762695312], [24.876007080078125, 62.8931884765625, 699.18408203125, 528.6197509765625], [359.5625305175781, 354.79986572265625, 769.327880859375, 694.3137817382812], [384.7119445800781, 213.92510986328125, 671.72509765625, 534.5885620117188]]}