{"labels": [0, 0], "scores": [0.9896520972251892, 0.9858864545822144], "bboxes": [[28.356231689453125, 101.99859619140625, 338.7320861816406, 710.4330444335938], [437.81927490234375, 102.4749755859375, 752.1482543945312, 715.4981079101562]]}