{"labels": [0, 0, 0], "scores": [0.9764788746833801, 0.8106615543365479, 0.1491100788116455], "bboxes": [[0.0, 310.1780090332031, 799.8068237304688, 800.0], [144.970947265625, 302.0438537597656, 648.16748046875, 487.3842468261719], [8.514312744140625, 298.8465576171875, 696.130859375, 583.659912109375]]}