{"labels": [0], "scores": [0.996392548084259], "bboxes": [[364.5600280761719, 111.87008666992188, 759.972412109375, 709.5986328125]]}