{"labels": [0, 0, 0], "scores": [0.9946251511573792, 0.05944957956671715, 0.05407547205686569], "bboxes": [[215.75514221191406, 224.24237060546875, 592.2322387695312, 764.160888671875], [0.0, 89.4681396484375, 296.4772644042969, 775.3975830078125], [264.9962463378906, 22.139923095703125, 540.874267578125, 173.59762573242188]]}