{"labels": [0], "scores": [0.9922463893890381], "bboxes": [[190.38113403320312, 201.34597778320312, 686.1182861328125, 775.7269287109375]]}