{"labels": [0], "scores": [0.9997791647911072], "bboxes": [[19.12820816040039, 27.884803771972656, 672.2750244140625, 874.6138305664062]]}