{"labels": [0, 0, 0, 0], "scores": [0.9928728342056274, 0.9761924147605896, 0.3904929757118225, 0.05340723693370819], "bboxes": [[153.33102416992188, 64.90072631835938, 410.4937438964844, 701.4266357421875], [396.1552429199219, 142.09170532226562, 649.8406372070312, 704.9537353515625], [400.9465026855469, 151.63681030273438, 650.7515869140625, 399.2251281738281], [486.425537109375, 640.6634521484375, 585.638671875, 772.355224609375]]}