{"labels": [0], "scores": [0.9986190795898438], "bboxes": [[16.619476318359375, 10.412200927734375, 763.287841796875, 787.726806640625]]}