{"labels": [0, 0, 0], "scores": [0.9906324148178101, 0.972865104675293, 0.35184991359710693], "bboxes": [[283.5819091796875, 325.08795166015625, 728.94580078125, 786.5762329101562], [48.697021484375, 499.177978515625, 460.6178283691406, 800.0], [23.661529541015625, 37.90716552734375, 747.348388671875, 779.3392944335938]]}