{"labels": [0], "scores": [0.9903908967971802], "bboxes": [[0.0, 15.99370002746582, 53.76311111450195, 38.83197021484375]]}