{"labels": [0], "scores": [0.9913000464439392], "bboxes": [[30.95501708984375, 165.13616943359375, 784.4790649414062, 772.1806640625]]}