{"labels": [0], "scores": [0.9981538653373718], "bboxes": [[103.93484497070312, 245.5286865234375, 691.165771484375, 767.69580078125]]}