{"labels": [0, 0, 0, 0, 0, 0, 0, 0], "scores": [0.9226226806640625, 0.8857548832893372, 0.6537690758705139, 0.5502453446388245, 0.4259618818759918, 0.12912920117378235, 0.09843125939369202, 0.09385451674461365], "bboxes": [[88.35197448730469, 207.4073486328125, 324.47540283203125, 472.59619140625], [490.1640625, 201.47731018066406, 728.74365234375, 471.83099365234375], [494.7512512207031, 512.5560302734375, 720.8555297851562, 779.9400634765625], [95.52545166015625, 520.1574096679688, 304.7933349609375, 767.9130249023438], [69.42819213867188, 495.99658203125, 718.5150146484375, 794.896728515625], [485.5893249511719, 533.708740234375, 578.982421875, 760.0611572265625], [94.02499389648438, 532.0479125976562, 184.09848022460938, 759.8478393554688], [487.3139343261719, 217.54458618164062, 596.36962890625, 453.2810363769531]]}