{"labels": [0, 0, 0], "scores": [0.9841600060462952, 0.3440137803554535, 0.34181439876556396], "bboxes": [[241.58502197265625, 128.49227905273438, 470.285400390625, 741.3828125], [426.595703125, 520.0418090820312, 666.090576171875, 752.5032348632812], [233.03782653808594, 117.6671142578125, 677.3265991210938, 752.89892578125]]}