{"labels": [0, 0, 0, 0, 0], "scores": [0.9954759478569031, 0.9658298492431641, 0.7388877272605896, 0.1555011123418808, 0.05843321979045868], "bboxes": [[390.97052001953125, 113.486572265625, 800.0, 583.083984375], [219.67816162109375, 131.2193145751953, 344.26800537109375, 597.7686157226562], [2.2152252197265625, 152.79196166992188, 214.9095916748047, 667.9500732421875], [585.29345703125, 630.00244140625, 732.138671875, 793.9083251953125], [44.98542785644531, 124.68069458007812, 391.82025146484375, 649.8111572265625]]}