{"labels": [0, 0], "scores": [0.9924468994140625, 0.051111385226249695], "bboxes": [[133.4015350341797, 155.120849609375, 513.9347534179688, 814.901123046875], [244.6798095703125, 135.86712646484375, 434.28125, 346.96087646484375]]}