{"labels": [0], "scores": [0.9987140893936157], "bboxes": [[19.386322021484375, 143.39254760742188, 783.7205810546875, 613.1959228515625]]}