{"labels": [0], "scores": [0.9987034797668457], "bboxes": [[47.08184814453125, 312.36114501953125, 734.7157592773438, 660.2489013671875]]}