{"labels": [0], "scores": [0.9979210495948792], "bboxes": [[177.23187255859375, 49.54449462890625, 625.853515625, 782.5282592773438]]}