{"labels": [0], "scores": [0.9935135245323181], "bboxes": [[57.918731689453125, 49.295745849609375, 742.4478759765625, 705.8865966796875]]}