{"labels": [0, 0, 0, 0, 0, 0], "scores": [0.9434747695922852, 0.42666369676589966, 0.32811859250068665, 0.2138470560312271, 0.15055303275585175, 0.08655977249145508], "bboxes": [[90.79974365234375, 0.0, 444.51116943359375, 721.0537109375], [441.5719909667969, 8.416900634765625, 618.4105834960938, 457.7005615234375], [359.92559814453125, 10.993865966796875, 449.27392578125, 789.4564208984375], [86.53426361083984, 230.44236755371094, 295.5976257324219, 658.123291015625], [616.3787841796875, 394.1173095703125, 789.354248046875, 566.88134765625], [472.09521484375, 16.420486450195312, 791.0140380859375, 509.5489501953125]]}