{"labels": [0, 0], "scores": [0.998532772064209, 0.09117501229047775], "bboxes": [[4.10498046875, 142.6263885498047, 655.8222045898438, 885.377197265625], [0.17721033096313477, 84.69108581542969, 92.07266998291016, 468.1213073730469]]}