{"labels": [0, 0, 0, 0], "scores": [0.9638382196426392, 0.7762364745140076, 0.25510209798812866, 0.07017472386360168], "bboxes": [[23.52734375, 96.91891479492188, 762.9569702148438, 608.1658935546875], [585.7468872070312, 194.57852172851562, 737.1537475585938, 690.228515625], [482.57342529296875, 125.61288452148438, 747.6077270507812, 694.9615478515625], [339.44091796875, 119.75181579589844, 690.5469970703125, 571.6810913085938]]}