{"labels": [0], "scores": [0.9964691400527954], "bboxes": [[267.27020263671875, 30.960845947265625, 528.535888671875, 795.1046142578125]]}