{"labels": [0, 0, 0, 0], "scores": [0.9960376024246216, 0.909645676612854, 0.8677814602851868, 0.07492198795080185], "bboxes": [[339.8620910644531, 232.93336486816406, 699.9735107421875, 705.4429931640625], [43.39493179321289, 149.07058715820312, 253.8334503173828, 367.8140869140625], [42.55006408691406, 237.9718780517578, 241.5623779296875, 770.5614013671875], [38.200260162353516, 781.19580078125, 343.17437744140625, 890.1859130859375]]}