{"labels": [0, 0, 0, 0], "scores": [0.9918478727340698, 0.9487928748130798, 0.2920503318309784, 0.07945705205202103], "bboxes": [[295.3197937011719, 204.83709716796875, 693.6901245117188, 784.3049926757812], [6.078577041625977, 273.5823974609375, 343.61138916015625, 822.7716674804688], [111.02420806884766, 222.30465698242188, 508.74755859375, 842.440673828125], [59.232078552246094, 577.8655395507812, 329.060302734375, 875.0985107421875]]}