{"labels": [0], "scores": [0.9975489974021912], "bboxes": [[49.277252197265625, 289.4905700683594, 753.8638916015625, 548.7022705078125]]}