{"labels": [0], "scores": [0.9945886135101318], "bboxes": [[0.0, 315.0152587890625, 800.0, 574.6741333007812]]}