{"labels": [0, 0, 0], "scores": [0.9962689876556396, 0.24222344160079956, 0.05030379444360733], "bboxes": [[76.59112548828125, 156.2215576171875, 719.1930541992188, 749.1971435546875], [301.17376708984375, 96.09352111816406, 531.3501586914062, 339.82586669921875], [203.3555450439453, 345.5780334472656, 709.6428833007812, 651.2449951171875]]}