{"labels": [0, 0, 0], "scores": [0.9770037531852722, 0.2720471918582916, 0.07277747243642807], "bboxes": [[214.16856384277344, 126.44564819335938, 572.3826293945312, 727.7801513671875], [188.5604705810547, 262.99554443359375, 342.8428955078125, 714.2271728515625], [336.23486328125, 123.33139038085938, 572.275146484375, 545.6717529296875]]}