{"labels": [0, 0, 0], "scores": [0.956273078918457, 0.8036949634552002, 0.31309041380882263], "bboxes": [[172.7366180419922, 186.54368591308594, 526.6021118164062, 473.717529296875], [223.08079528808594, 425.4188232421875, 500.0324401855469, 859.0699462890625], [167.7784423828125, 200.17251586914062, 544.1622314453125, 851.9155883789062]]}