{"labels": [0, 0, 0], "scores": [0.9919447302818298, 0.9881452322006226, 0.1573718637228012], "bboxes": [[9.228836059570312, 206.9307098388672, 407.4862060546875, 684.1981811523438], [378.814697265625, 94.61337280273438, 778.513427734375, 735.34130859375], [244.4023895263672, 64.65481567382812, 361.75408935546875, 230.51034545898438]]}