{"labels": [0], "scores": [0.998600423336029], "bboxes": [[59.240875244140625, 148.83349609375, 754.8433837890625, 602.4962768554688]]}