{"labels": [0, 0], "scores": [0.99674391746521, 0.05926341190934181], "bboxes": [[151.0699462890625, 55.700286865234375, 684.77099609375, 739.7767333984375], [0.0, 15.437179565429688, 422.4708251953125, 462.08758544921875]]}