{"labels": [0, 0], "scores": [0.9962024092674255, 0.0712859034538269], "bboxes": [[207.42129516601562, 200.29278564453125, 557.855224609375, 727.0237426757812], [386.5771484375, 36.593482971191406, 523.9482421875, 138.99673461914062]]}