{"labels": [0], "scores": [0.9951494336128235], "bboxes": [[318.9761962890625, 76.34194946289062, 491.68438720703125, 792.411376953125]]}