{"labels": [0], "scores": [0.9931054711341858], "bboxes": [[127.636962890625, 229.04556274414062, 713.587158203125, 550.9840087890625]]}