{"labels": [0, 0], "scores": [0.9975171089172363, 0.15801680088043213], "bboxes": [[210.7383270263672, 15.846397399902344, 466.35223388671875, 596.32470703125], [0.0, 405.9374694824219, 66.4520034790039, 706.5444946289062]]}