{"labels": [0, 0, 0, 0, 0, 0, 0, 0], "scores": [0.9218324422836304, 0.8276935815811157, 0.43235281109809875, 0.4128275513648987, 0.3832241892814636, 0.237505242228508, 0.12771596014499664, 0.107747383415699], "bboxes": [[97.95125579833984, 280.43951416015625, 268.3603820800781, 447.52777099609375], [99.14694213867188, 455.207763671875, 266.5368347167969, 622.966064453125], [0.0, 17.93328857421875, 800.0, 739.7918701171875], [523.74609375, 281.4993896484375, 685.45849609375, 445.26092529296875], [518.3971557617188, 455.9770812988281, 689.9334106445312, 624.2391357421875], [104.12748718261719, 106.59048461914062, 267.30621337890625, 268.4333190917969], [522.7886352539062, 107.0417251586914, 688.4389038085938, 270.5286560058594], [352.89691162109375, 516.1123046875, 443.07159423828125, 567.8515625]]}