{"labels": [0], "scores": [0.9891061186790466], "bboxes": [[64.80155181884766, 24.713516235351562, 328.58251953125, 820.365478515625]]}