{"labels": [0, 0], "scores": [0.9824522733688354, 0.09169647097587585], "bboxes": [[271.656982421875, 130.16339111328125, 477.2646484375, 711.9068603515625], [282.1746826171875, 147.93267822265625, 473.322998046875, 252.02658081054688]]}