{"labels": [0], "scores": [0.9987348914146423], "bboxes": [[0.0, 295.4296875, 799.3013916015625, 792.93505859375]]}