{"labels": [0], "scores": [0.9974060654640198], "bboxes": [[168.2010040283203, 140.44717407226562, 554.812744140625, 706.8990478515625]]}