{"labels": [0], "scores": [0.9979312419891357], "bboxes": [[197.54666137695312, 54.443115234375, 600.2796630859375, 767.3388671875]]}