{"labels": [0], "scores": [0.9945210218429565], "bboxes": [[183.09423828125, 51.322906494140625, 616.7062377929688, 751.955078125]]}