{"labels": [0], "scores": [0.9980632662773132], "bboxes": [[0.0, 127.921875, 799.05419921875, 621.5806274414062]]}