{"labels": [0, 0, 0], "scores": [0.9650274515151978, 0.41535747051239014, 0.0902864933013916], "bboxes": [[182.95741271972656, 217.15188598632812, 506.62579345703125, 759.04638671875], [264.3216857910156, 339.2547607421875, 651.0516357421875, 797.66748046875], [172.12489318847656, 484.7540283203125, 512.2704467773438, 759.0205078125]]}