{"labels": [0], "scores": [0.9993995428085327], "bboxes": [[81.39022827148438, 10.715087890625, 739.8648681640625, 792.7138061523438]]}