{"labels": [0, 0, 0, 0, 0, 0, 0, 0, 0, 0, 0, 0, 0], "scores": [0.9360876083374023, 0.8830458521842957, 0.8319690227508545, 0.7775521874427795, 0.7697440385818481, 0.4189228415489197, 0.31992900371551514, 0.2963155210018158, 0.26626163721084595, 0.11461230367422104, 0.1117025837302208, 0.10088426619768143, 0.08518777787685394], "bboxes": [[262.37261962890625, 506.8563537597656, 470.2718505859375, 666.233642578125], [89.13849639892578, 492.5464782714844, 256.2964172363281, 650.7907104492188], [602.2913208007812, 499.6661376953125, 754.2620239257812, 684.2891845703125], [75.25051879882812, 138.00526428222656, 759.78759765625, 379.00732421875], [467.2573547363281, 505.19134521484375, 636.0074462890625, 689.9682006835938], [0.0, 464.85791015625, 792.5899658203125, 690.1279296875], [429.1819763183594, 261.2232360839844, 560.3204345703125, 375.8099670410156], [217.14102172851562, 227.22242736816406, 744.388427734375, 380.1044921875], [349.8433837890625, 100.98690795898438, 455.89599609375, 200.67156982421875], [74.60359191894531, 89.34877014160156, 584.7154541015625, 226.1338348388672], [105.71742248535156, 488.7103271484375, 586.8945922851562, 667.74853515625], [447.95513916015625, 111.96612548828125, 555.7837524414062, 210.74884033203125], [411.46002197265625, 505.34747314453125, 745.3475952148438, 685.0227661132812]]}