{"labels": [0], "scores": [0.9982268214225769], "bboxes": [[46.57843017578125, 22.8719482421875, 767.20654296875, 789.8843383789062]]}