{"labels": [0], "scores": [0.9973067045211792], "bboxes": [[134.75018310546875, 197.94314575195312, 679.2762451171875, 785.5418701171875]]}