{"labels": [0, 0], "scores": [0.9922311902046204, 0.8112646341323853], "bboxes": [[352.6885986328125, 73.1871337890625, 763.0953369140625, 747.9443969726562], [35.16607666015625, 202.02377319335938, 520.6371459960938, 787.8900146484375]]}