{"labels": [0, 0], "scores": [0.9968908429145813, 0.9537184238433838], "bboxes": [[61.768463134765625, 131.70718383789062, 446.62939453125, 768.8619384765625], [429.7408142089844, 481.821044921875, 651.5933837890625, 792.7763671875]]}