{"labels": [0, 0], "scores": [0.9872341156005859, 0.12136175483465195], "bboxes": [[239.5823211669922, 77.48797607421875, 592.616943359375, 785.6735229492188], [303.3917236328125, 81.0162353515625, 601.9761962890625, 367.74200439453125]]}