{"labels": [0], "scores": [0.9988417029380798], "bboxes": [[20.51263427734375, 100.94021606445312, 743.9943237304688, 800.0]]}