{"labels": [0, 0, 0, 0], "scores": [0.6392592787742615, 0.22599472105503082, 0.16388894617557526, 0.1607089638710022], "bboxes": [[272.9458923339844, 100.39804077148438, 545.9759521484375, 692.3623046875], [295.42034912109375, 101.1867446899414, 536.7822875976562, 318.7341003417969], [74.77578735351562, 59.994720458984375, 597.0372314453125, 719.5308837890625], [284.71575927734375, 468.77874755859375, 502.263427734375, 691.8755493164062]]}