{"labels": [0, 0, 0, 0, 0], "scores": [0.989619791507721, 0.9448756575584412, 0.5664007663726807, 0.18546588718891144, 0.05396588146686554], "bboxes": [[41.634986877441406, 0.983612060546875, 280.430419921875, 794.7794189453125], [361.0429992675781, 0.0, 570.7939453125, 671.798095703125], [574.0458374023438, 165.40699768066406, 750.4529418945312, 611.1180419921875], [340.7822265625, 640.7393798828125, 749.857421875, 796.39794921875], [376.3459167480469, 524.8897705078125, 795.043212890625, 797.9542236328125]]}