{"labels": [0, 0], "scores": [0.992760181427002, 0.07624616473913193], "bboxes": [[24.797515869140625, 157.99407958984375, 793.7806396484375, 677.0914306640625], [39.48432922363281, 198.7762451171875, 450.28125, 666.4570922851562]]}