{"labels": [0, 0], "scores": [0.9816572666168213, 0.23793144524097443], "bboxes": [[1.724639892578125, 272.39862060546875, 682.6048583984375, 738.6415405273438], [236.8389892578125, 396.9378356933594, 661.131591796875, 723.1744384765625]]}