{"labels": [0, 0, 0], "scores": [0.9978116154670715, 0.9944835305213928, 0.14017176628112793], "bboxes": [[333.07672119140625, 171.33033752441406, 789.3029174804688, 639.4173583984375], [48.0194091796875, 448.355712890625, 378.1662292480469, 626.181884765625], [0.8753890991210938, 692.4992065429688, 161.57656860351562, 794.4849243164062]]}