{"labels": [0], "scores": [0.9975845813751221], "bboxes": [[160.46250915527344, 174.49713134765625, 604.285888671875, 699.9688110351562]]}