{"labels": [0, 0, 0, 0, 0], "scores": [0.9989724159240723, 0.996819019317627, 0.9368618726730347, 0.7090706825256348, 0.18736137449741364], "bboxes": [[188.316162109375, 194.50180053710938, 402.810546875, 407.8998718261719], [103.05953979492188, 557.174072265625, 399.5907897949219, 712.077880859375], [519.1843872070312, 525.9393920898438, 731.1091918945312, 700.7523803710938], [521.5011596679688, 182.01638793945312, 749.2057495117188, 492.2688293457031], [479.9208068847656, 176.27325439453125, 768.9725341796875, 665.8292846679688]]}