{"labels": [0, 0], "scores": [0.9888385534286499, 0.05102595314383507], "bboxes": [[289.63299560546875, 191.06434631347656, 516.9468994140625, 663.0048217773438], [296.3193054199219, 191.46006774902344, 503.1918640136719, 445.47027587890625]]}