{"labels": [0, 0, 0, 0], "scores": [0.9810134768486023, 0.828221321105957, 0.4035886228084564, 0.0541488341987133], "bboxes": [[75.14656066894531, 75.5247802734375, 543.6881713867188, 703.8700561523438], [416.50726318359375, 265.81195068359375, 753.1901245117188, 641.5131225585938], [241.013427734375, 161.3017578125, 745.5844116210938, 718.5654296875], [412.08746337890625, 431.30615234375, 729.7341918945312, 719.65185546875]]}