{"labels": [0], "scores": [0.9973637461662292], "bboxes": [[46.114044189453125, 138.177001953125, 784.60205078125, 685.3991088867188]]}