{"labels": [0], "scores": [0.9989064931869507], "bboxes": [[0.54168701171875, 274.29010009765625, 760.636962890625, 531.39990234375]]}