{"labels": [0, 0], "scores": [0.9928576946258545, 0.16915050148963928], "bboxes": [[24.92474365234375, 151.06207275390625, 759.0090942382812, 677.9155883789062], [362.43701171875, 166.394775390625, 751.609130859375, 661.768310546875]]}