{"labels": [0], "scores": [0.995864987373352], "bboxes": [[262.848388671875, 8.72027587890625, 530.9728393554688, 788.9462280273438]]}