{"labels": [0, 0, 0], "scores": [0.9872819781303406, 0.44370245933532715, 0.061497628688812256], "bboxes": [[224.8814697265625, 182.64610290527344, 518.4478759765625, 695.9600830078125], [74.25902557373047, 684.90087890625, 265.3193054199219, 895.0494384765625], [62.09129333496094, 267.7668762207031, 247.9459991455078, 598.7392578125]]}