{"labels": [0, 0, 0, 0], "scores": [0.9704346656799316, 0.3566284775733948, 0.108693428337574, 0.05149056762456894], "bboxes": [[7.5257568359375, 0.0, 704.98193359375, 694.721435546875], [0.66754150390625, 285.31341552734375, 609.4057006835938, 756.8942260742188], [44.25257873535156, 421.0419006347656, 366.47674560546875, 737.371337890625], [226.16766357421875, 26.1456298828125, 706.789794921875, 514.8041381835938]]}