{"labels": [0, 0], "scores": [0.9957131147384644, 0.07804898917675018], "bboxes": [[12.329437255859375, 135.91201782226562, 795.2977294921875, 800.0], [91.94560241699219, 148.59954833984375, 410.27447509765625, 617.1331176757812]]}