{"labels": [0, 0, 0, 0], "scores": [0.99404376745224, 0.9134166240692139, 0.8334044814109802, 0.1314873993396759], "bboxes": [[80.30123901367188, 1.6490478515625, 791.48046875, 775.25537109375], [203.9796905517578, 1.64117431640625, 460.27960205078125, 119.50778198242188], [0.0, 5.6654052734375, 296.8547668457031, 623.6189575195312], [359.14324951171875, 0.0, 790.6272583007812, 542.618896484375]]}