{"labels": [0, 0], "scores": [0.983160674571991, 0.9788878560066223], "bboxes": [[282.09039306640625, 57.500946044921875, 776.0592651367188, 775.418701171875], [3.508087158203125, 87.68130493164062, 493.3341064453125, 758.07763671875]]}