{"labels": [0, 0, 0], "scores": [0.9827786087989807, 0.5700077414512634, 0.2148522287607193], "bboxes": [[32.994049072265625, 12.286102294921875, 582.680908203125, 778.7613525390625], [433.474609375, 331.3305358886719, 756.764892578125, 785.888427734375], [40.525543212890625, 15.284652709960938, 591.9180908203125, 389.08416748046875]]}