{"labels": [0, 0], "scores": [0.9853569865226746, 0.25266680121421814], "bboxes": [[201.43336486816406, 132.81011962890625, 561.9838256835938, 786.8219604492188], [260.2367858886719, 506.75286865234375, 556.5537109375, 772.5130004882812]]}