{"labels": [0, 0, 0, 0, 0, 0], "scores": [0.986464262008667, 0.44049474596977234, 0.3245314359664917, 0.2909923195838928, 0.1590765118598938, 0.07340056449174881], "bboxes": [[62.57855224609375, 313.3929443359375, 716.80712890625, 728.0478515625], [364.6778259277344, 316.432373046875, 704.5462646484375, 657.1746215820312], [62.547271728515625, 449.93084716796875, 416.90692138671875, 733.2963256835938], [146.5460968017578, 0.0, 424.9869384765625, 514.0665283203125], [261.2613525390625, 0.0, 567.9302368164062, 446.6707763671875], [93.84429931640625, 83.35659790039062, 647.5320434570312, 602.4437255859375]]}