{"labels": [0, 0, 0], "scores": [0.9824298620223999, 0.9770128726959229, 0.07269430160522461], "bboxes": [[125.9374771118164, 231.9131622314453, 572.8795166015625, 709.9779052734375], [13.67660140991211, 609.5636596679688, 646.1043090820312, 876.1941528320312], [18.34124755859375, 277.52783203125, 643.9735107421875, 876.71923828125]]}