{"labels": [0, 0], "scores": [0.9829667806625366, 0.38293617963790894], "bboxes": [[1.820220947265625, 127.14971923828125, 643.14892578125, 734.9739990234375], [5.2326202392578125, 258.9230651855469, 436.25555419921875, 702.341552734375]]}