{"labels": [0], "scores": [0.9993330836296082], "bboxes": [[79.7537612915039, 230.98497009277344, 611.7825927734375, 896.0]]}