{"labels": [0, 0, 0], "scores": [0.9940614104270935, 0.18467995524406433, 0.08710215240716934], "bboxes": [[98.142578125, 211.82049560546875, 743.5606079101562, 473.43218994140625], [0.0, 523.260009765625, 799.4852294921875, 800.0], [463.77691650390625, 580.7791748046875, 796.5753784179688, 795.74658203125]]}