{"labels": [0], "scores": [0.9952232241630554], "bboxes": [[200.38633728027344, 74.49425506591797, 502.98486328125, 799.9481811523438]]}