{"labels": [0], "scores": [0.9980294108390808], "bboxes": [[72.98886108398438, 8.509063720703125, 674.3675537109375, 787.244384765625]]}