{"labels": [0], "scores": [0.9990274906158447], "bboxes": [[24.050018310546875, 252.54400634765625, 771.924072265625, 585.023193359375]]}