{"labels": [0, 0, 0, 0, 0, 0], "scores": [0.9395383596420288, 0.6940762996673584, 0.5603178143501282, 0.19478105008602142, 0.1117766723036766, 0.09188336879014969], "bboxes": [[133.75405883789062, 311.42425537109375, 780.570556640625, 663.50439453125], [178.76992797851562, 461.38677978515625, 751.657958984375, 754.5253295898438], [223.89077758789062, 36.49754333496094, 690.5606689453125, 296.2596435546875], [0.0, 103.12850952148438, 200.5567626953125, 431.1824645996094], [514.4562377929688, 346.7783203125, 663.6207885742188, 470.33935546875], [160.15802001953125, 410.5911865234375, 756.1972045898438, 585.871337890625]]}