{"labels": [0], "scores": [0.9972326159477234], "bboxes": [[71.34475708007812, 0.0, 748.8028564453125, 800.0]]}