{"labels": [0, 0, 0, 0, 0, 0, 0], "scores": [0.9901599287986755, 0.9647564888000488, 0.9567661285400391, 0.8994521498680115, 0.3414875268936157, 0.20759090781211853, 0.08716510236263275], "bboxes": [[42.75749969482422, 238.43905639648438, 216.24737548828125, 691.0496826171875], [589.252685546875, 241.49191284179688, 768.830810546875, 692.6998291015625], [234.83551025390625, 319.3858642578125, 401.18511962890625, 688.9764404296875], [414.01763916015625, 321.3120422363281, 582.1719360351562, 689.2874755859375], [412.27862548828125, 249.275390625, 583.2166748046875, 358.43634033203125], [226.901123046875, 245.1184539794922, 395.67376708984375, 358.281005859375], [43.713623046875, 232.63946533203125, 738.0518188476562, 695.3449096679688]]}