{"labels": [0, 0, 0], "scores": [0.963003396987915, 0.09802192449569702, 0.08431697636842728], "bboxes": [[53.673858642578125, 210.27520751953125, 746.5728759765625, 719.642578125], [374.4731750488281, 543.3743896484375, 400.4693908691406, 566.760009765625], [463.5631103515625, 606.4824829101562, 519.3976440429688, 641.2553100585938]]}