{"labels": [0, 0, 0], "scores": [0.9797729253768921, 0.767208993434906, 0.05696187540888786], "bboxes": [[34.20988464355469, 136.17523193359375, 328.21728515625, 744.9450073242188], [307.361328125, 234.20675659179688, 752.219482421875, 673.2294921875], [80.641357421875, 74.0732421875, 739.574462890625, 739.2185668945312]]}