{"labels": [0, 0], "scores": [0.998485267162323, 0.9342811703681946], "bboxes": [[0.0, 272.728271484375, 798.6651611328125, 780.9697265625], [433.6281433105469, 56.99534606933594, 669.4901123046875, 367.107177734375]]}