{"labels": [0, 0], "scores": [0.9984886646270752, 0.13015219569206238], "bboxes": [[51.035400390625, 222.68539428710938, 677.0269775390625, 893.5430908203125], [177.75387573242188, 535.4088134765625, 664.3184814453125, 880.3921508789062]]}