{"labels": [0, 0, 0], "scores": [0.9922450184822083, 0.24599789083003998, 0.16328474879264832], "bboxes": [[2.826995849609375, 108.8883056640625, 797.3394775390625, 704.6005859375], [367.640625, 142.9287109375, 790.7122802734375, 694.1327514648438], [7.469940185546875, 147.301513671875, 444.4782409667969, 685.6619873046875]]}