{"labels": [0, 0], "scores": [0.998188316822052, 0.12557151913642883], "bboxes": [[21.81329345703125, 54.324005126953125, 779.5573120117188, 754.98876953125], [63.4779052734375, 532.8726806640625, 231.28228759765625, 769.7838134765625]]}