{"labels": [0], "scores": [0.9863936305046082], "bboxes": [[161.69297790527344, 266.8876953125, 602.7166748046875, 730.918701171875]]}