{"labels": [0], "scores": [0.9968835711479187], "bboxes": [[188.77711486816406, 9.081024169921875, 601.27099609375, 767.4093017578125]]}