{"labels": [0], "scores": [0.9947537183761597], "bboxes": [[295.76043701171875, 106.1729736328125, 699.4342041015625, 788.4046020507812]]}