{"labels": [0], "scores": [0.9977731108665466], "bboxes": [[127.03054809570312, 17.1328125, 703.400634765625, 782.8978881835938]]}