{"labels": [0, 0, 0, 0, 0, 0, 0, 0, 0, 0], "scores": [0.9887768626213074, 0.9877484440803528, 0.9745815992355347, 0.9719431400299072, 0.9679514765739441, 0.9655318260192871, 0.95977783203125, 0.954791784286499, 0.9492759108543396, 0.08661644905805588], "bboxes": [[327.9049377441406, 54.453941345214844, 471.0597839355469, 253.44638061523438], [86.05155944824219, 55.830322265625, 226.2811737060547, 254.82369995117188], [323.8080139160156, 295.46759033203125, 475.4950256347656, 499.15875244140625], [333.5787658691406, 545.9229125976562, 474.5598449707031, 751.3865356445312], [578.5790405273438, 294.6335144042969, 724.2444458007812, 498.2998352050781], [580.3047485351562, 50.11656951904297, 722.2109985351562, 244.59506225585938], [576.1412963867188, 546.287353515625, 725.0292358398438, 748.4122314453125], [86.5218276977539, 544.99267578125, 225.959228515625, 745.1436767578125], [82.72571563720703, 292.6526794433594, 234.25186157226562, 496.6943664550781], [0.0, 20.386474609375, 800.0, 793.7682495117188]]}