{"labels": [0], "scores": [0.9955556988716125], "bboxes": [[127.22854614257812, 39.192962646484375, 788.8966064453125, 797.1710205078125]]}