{"labels": [0, 0, 0, 0], "scores": [0.940285861492157, 0.664379358291626, 0.42045503854751587, 0.20281456410884857], "bboxes": [[369.193603515625, 222.93092346191406, 773.8895263671875, 632.3887939453125], [60.20948791503906, 145.38954162597656, 435.78985595703125, 480.625732421875], [196.35635375976562, 453.9483337402344, 505.4616394042969, 671.4215087890625], [62.198150634765625, 133.18283081054688, 772.869384765625, 654.77197265625]]}