{"labels": [0], "scores": [0.9983720183372498], "bboxes": [[191.60328674316406, 4.606719970703125, 639.1875, 800.0]]}