{"labels": [0, 0], "scores": [0.9930920600891113, 0.2492230087518692], "bboxes": [[1.400634765625, 156.01980590820312, 799.2348022460938, 653.343994140625], [331.5270080566406, 182.67361450195312, 772.699462890625, 608.583740234375]]}