{"labels": [0], "scores": [0.9989981055259705], "bboxes": [[89.23602294921875, 39.57708740234375, 719.2817993164062, 757.4398803710938]]}