{"labels": [0], "scores": [0.9954431056976318], "bboxes": [[192.94384765625, 241.8748779296875, 615.8545532226562, 784.6356201171875]]}