{"labels": [0], "scores": [0.9963723421096802], "bboxes": [[175.83673095703125, 46.688934326171875, 461.988037109375, 788.348876953125]]}