{"labels": [0, 0, 0, 0, 0, 0, 0], "scores": [0.9971006512641907, 0.9958221912384033, 0.9918391108512878, 0.9860503077507019, 0.8570581078529358, 0.1964397132396698, 0.1475091278553009], "bboxes": [[360.31854248046875, 341.6211853027344, 706.5939331054688, 669.3502197265625], [15.075973510742188, 234.63291931152344, 393.37164306640625, 672.087158203125], [548.3372192382812, 196.27374267578125, 785.3501586914062, 443.41943359375], [332.659912109375, 153.40591430664062, 575.8158569335938, 337.5564270019531], [365.46270751953125, 306.20794677734375, 611.46826171875, 427.8702392578125], [355.70965576171875, 304.4692077636719, 668.6167602539062, 529.861328125], [344.5387268066406, 200.58287048339844, 599.5128173828125, 497.0062255859375]]}