{"labels": [0], "scores": [0.9985741376876831], "bboxes": [[108.09442138671875, 19.279998779296875, 638.3697509765625, 786.8017578125]]}