{"labels": [0, 0], "scores": [0.9979410767555237, 0.9942654967308044], "bboxes": [[207.57330322265625, 1.8355255126953125, 755.4910888671875, 373.96185302734375], [73.040771484375, 385.2783203125, 585.2381591796875, 799.6483154296875]]}