{"labels": [0, 0, 0, 0, 0, 0, 0], "scores": [0.9528205990791321, 0.8061278462409973, 0.5627164840698242, 0.4055110812187195, 0.3410588204860687, 0.25224629044532776, 0.1743210256099701], "bboxes": [[56.47770690917969, 386.919677734375, 257.130859375, 644.3128662109375], [170.51963806152344, 88.56350708007812, 480.48077392578125, 397.2445983886719], [124.19692993164062, 456.38275146484375, 795.5574951171875, 789.5563354492188], [563.2882080078125, 431.5404052734375, 719.631103515625, 551.8148803710938], [153.10055541992188, 39.70648193359375, 556.9510498046875, 737.7632446289062], [560.95703125, 452.79693603515625, 670.8697509765625, 598.6160278320312], [172.2464141845703, 493.1122131347656, 405.97943115234375, 732.45068359375]]}