{"labels": [0, 0, 0, 0], "scores": [0.9948529601097107, 0.6033793687820435, 0.1701294481754303, 0.1403866410255432], "bboxes": [[103.04257202148438, 326.7015380859375, 462.9980163574219, 773.779541015625], [490.7279357910156, 325.6164855957031, 788.3089599609375, 737.229248046875], [36.7103271484375, 178.3399658203125, 780.2866821289062, 769.8059692382812], [22.316864013671875, 44.923095703125, 800.0, 548.844482421875]]}