{"labels": [0], "scores": [0.9993956089019775], "bboxes": [[28.269500732421875, 67.28338623046875, 785.693115234375, 795.3637084960938]]}