{"labels": [0, 0, 0, 0, 0, 0], "scores": [0.9906154870986938, 0.8293046355247498, 0.7700671553611755, 0.7036945223808289, 0.18721994757652283, 0.1534584015607834], "bboxes": [[59.18818664550781, 243.23159790039062, 479.2816162109375, 746.3572998046875], [500.75146484375, 135.30886840820312, 745.1636962890625, 417.2927551269531], [501.35565185546875, 134.33883666992188, 778.8467407226562, 719.886962890625], [513.2488403320312, 383.6281433105469, 774.8414916992188, 503.4085388183594], [34.5067138671875, 38.93678283691406, 301.2440185546875, 241.1156463623047], [144.26141357421875, 606.6144409179688, 433.49859619140625, 790.7079467773438]]}