{"labels": [0], "scores": [0.998501181602478], "bboxes": [[144.55307006835938, 40.774932861328125, 654.2447509765625, 763.7838134765625]]}