{"labels": [0, 0, 0], "scores": [0.9825489521026611, 0.6321080923080444, 0.05103296414017677], "bboxes": [[38.01104736328125, 6.77294921875, 781.508544921875, 726.5775146484375], [33.146820068359375, 272.2431640625, 593.1685791015625, 741.1724853515625], [31.554275512695312, 270.9721984863281, 518.0238037109375, 530.4918212890625]]}