{"labels": [0, 0], "scores": [0.9856081008911133, 0.23861758410930634], "bboxes": [[58.39190673828125, 236.4900360107422, 750.7568359375, 486.97149658203125], [32.402374267578125, 175.76068115234375, 767.0240478515625, 659.3209838867188]]}