{"labels": [0, 0], "scores": [0.9937167763710022, 0.05564714968204498], "bboxes": [[67.97885131835938, 8.924713134765625, 800.0, 791.764404296875], [205.7955322265625, 20.8944091796875, 795.3260498046875, 502.94818115234375]]}