{"labels": [0, 0], "scores": [0.9981188178062439, 0.11407843977212906], "bboxes": [[77.15045166015625, 99.63824462890625, 724.4421997070312, 708.1012573242188], [0.0, 8.070327758789062, 480.53179931640625, 466.876220703125]]}