{"labels": [0, 0, 0, 0], "scores": [0.993626594543457, 0.9644190073013306, 0.8330448865890503, 0.12572509050369263], "bboxes": [[169.69534301757812, 60.64607238769531, 629.201171875, 259.8609619140625], [159.08023071289062, 267.2862854003906, 631.83642578125, 479.0326232910156], [138.1414794921875, 505.74835205078125, 676.2923583984375, 725.8124389648438], [120.04275512695312, 136.08349609375, 661.9241943359375, 738.9940795898438]]}