{"labels": [0, 0, 0], "scores": [0.9967634677886963, 0.18465206027030945, 0.056476544588804245], "bboxes": [[123.05949401855469, 19.11373519897461, 556.8743286132812, 616.9069213867188], [74.546142578125, 515.8975219726562, 530.0829467773438, 891.84912109375], [100.2962646484375, 526.0623779296875, 328.0726623535156, 858.1016235351562]]}