{"labels": [0], "scores": [0.9989632368087769], "bboxes": [[85.23373413085938, 107.27099609375, 736.314453125, 756.3740234375]]}