{"labels": [0], "scores": [0.9952314496040344], "bboxes": [[191.74436950683594, 240.58871459960938, 597.5729370117188, 800.0]]}