{"labels": [0], "scores": [0.9987712502479553], "bboxes": [[95.83660888671875, 102.36102294921875, 716.3648681640625, 722.07666015625]]}