{"labels": [0, 0, 0, 0], "scores": [0.9951484799385071, 0.9926614761352539, 0.23906956613063812, 0.06431056559085846], "bboxes": [[76.05323791503906, 268.89599609375, 455.71551513671875, 719.6298828125], [331.67364501953125, 143.4109649658203, 711.7393188476562, 566.2536010742188], [4.748931884765625, 4.809043884277344, 489.35601806640625, 220.09243774414062], [671.01904296875, 195.7381591796875, 799.7109375, 433.86407470703125]]}