{"labels": [0, 0], "scores": [0.9944463968276978, 0.085569828748703], "bboxes": [[8.6417236328125, 304.3536376953125, 370.5510559082031, 761.8480224609375], [197.12965393066406, 165.67724609375, 628.275634765625, 280.8276672363281]]}