{"labels": [0, 0], "scores": [0.9643803238868713, 0.38348519802093506], "bboxes": [[80.18365478515625, 272.6808776855469, 786.9536743164062, 509.5487365722656], [0.0, 264.5673828125, 800.0, 794.89990234375]]}