{"labels": [0], "scores": [0.9959238767623901], "bboxes": [[330.015380859375, 160.63970947265625, 702.984375, 800.0]]}