{"labels": [0, 0, 0], "scores": [0.9890873432159424, 0.42198383808135986, 0.08254396170377731], "bboxes": [[193.77687072753906, 221.43722534179688, 581.2576904296875, 526.191162109375], [0.0, 335.6656494140625, 796.52392578125, 799.1444091796875], [82.35751342773438, 231.93902587890625, 636.14794921875, 694.3745727539062]]}