{"labels": [0], "scores": [0.9547471404075623], "bboxes": [[113.34466552734375, 152.14132690429688, 666.5236206054688, 736.135009765625]]}