{"labels": [0, 0, 0], "scores": [0.9941131472587585, 0.9870614409446716, 0.9776362776756287], "bboxes": [[230.44552612304688, 63.17869567871094, 575.89501953125, 427.909912109375], [50.69297790527344, 336.8933410644531, 399.67535400390625, 700.9068603515625], [373.5150451660156, 385.0374755859375, 752.3006591796875, 776.9290771484375]]}