{"labels": [0], "scores": [0.9994990825653076], "bboxes": [[10.505126953125, 43.4473876953125, 770.68212890625, 789.8677978515625]]}