{"labels": [0, 0, 0], "scores": [0.9638535380363464, 0.9527509212493896, 0.819517970085144], "bboxes": [[47.37530517578125, 246.7042694091797, 440.0772705078125, 667.11083984375], [481.4100646972656, 118.07955932617188, 722.1032104492188, 777.906005859375], [486.34552001953125, 457.446533203125, 720.3311157226562, 754.0133056640625]]}