{"labels": [0], "scores": [0.9926422238349915], "bboxes": [[242.91891479492188, 186.4822998046875, 530.891845703125, 800.0]]}