{"labels": [0], "scores": [0.9927424192428589], "bboxes": [[155.17910766601562, 21.813232421875, 659.761474609375, 793.100341796875]]}