{"labels": [0, 0], "scores": [0.9962893724441528, 0.9303334355354309], "bboxes": [[0.445831298828125, 157.32899475097656, 783.3514404296875, 579.7927856445312], [138.47113037109375, 513.2130737304688, 672.5399780273438, 599.3442993164062]]}