{"labels": [0, 0, 0], "scores": [0.9759958386421204, 0.6449544429779053, 0.13588491082191467], "bboxes": [[203.0410614013672, 282.4097900390625, 554.3204956054688, 751.336181640625], [270.20880126953125, 11.623771667480469, 421.85479736328125, 194.18621826171875], [598.7855224609375, 378.64813232421875, 800.0, 572.6557006835938]]}