{"labels": [0], "scores": [0.9891049265861511], "bboxes": [[199.8568878173828, 54.08465576171875, 579.1754150390625, 776.0957641601562]]}