{"labels": [0], "scores": [0.9986969828605652], "bboxes": [[201.00894165039062, 32.27490234375, 588.0828857421875, 782.5579833984375]]}