{"labels": [0, 0, 0], "scores": [0.9687784314155579, 0.7115751504898071, 0.09434349089860916], "bboxes": [[169.54385375976562, 220.56439208984375, 772.90673828125, 553.60205078125], [40.365753173828125, 237.0583953857422, 343.0828857421875, 561.04248046875], [195.15646362304688, 243.79554748535156, 338.3893127441406, 531.0330810546875]]}