{"labels": [0, 0, 0, 0, 0], "scores": [0.9940643906593323, 0.971947968006134, 0.9433352947235107, 0.7916136384010315, 0.14153026044368744], "bboxes": [[16.63470458984375, 372.61236572265625, 785.9164428710938, 727.7827758789062], [216.59303283691406, 32.09939193725586, 297.60174560546875, 132.10140991210938], [191.0299072265625, 125.81937408447266, 300.2337951660156, 255.97616577148438], [280.01806640625, 65.23309326171875, 416.24371337890625, 238.1993408203125], [188.105712890625, 55.96595764160156, 422.2490234375, 259.69598388671875]]}