{"labels": [0, 0], "scores": [0.9993457198143005, 0.29548409581184387], "bboxes": [[57.74692916870117, 173.04164123535156, 626.975341796875, 626.8140258789062], [0.0, 583.8422241210938, 213.79408264160156, 861.0985107421875]]}