{"labels": [0, 0], "scores": [0.9905845522880554, 0.12427618354558945], "bboxes": [[27.1546630859375, 84.8060302734375, 797.1137084960938, 797.24267578125], [0.0, 6.435028076171875, 681.933837890625, 535.8907470703125]]}