{"labels": [0, 0, 0], "scores": [0.9943085312843323, 0.9798468351364136, 0.26728835701942444], "bboxes": [[29.547698974609375, 292.19342041015625, 457.0997619628906, 677.8661499023438], [399.2718505859375, 227.22189331054688, 769.1697998046875, 724.2872314453125], [46.2266845703125, 231.8697052001953, 762.7449951171875, 716.7440795898438]]}