{"labels": [0], "scores": [0.9956348538398743], "bboxes": [[1.4736251831054688, 29.83633041381836, 693.653564453125, 826.2012329101562]]}