{"labels": [0, 0, 0, 0], "scores": [0.9976438879966736, 0.22755376994609833, 0.2006445974111557, 0.185945063829422], "bboxes": [[143.98831176757812, 111.7291259765625, 609.1630859375, 793.0127563476562], [22.877159118652344, 733.551025390625, 222.90731811523438, 851.9691162109375], [445.5614013671875, 693.0738525390625, 627.6207275390625, 851.1401977539062], [326.76947021484375, 102.47203826904297, 378.66131591796875, 143.90310668945312]]}