{"labels": [0, 0, 0, 0, 0, 0, 0, 0, 0, 0, 0, 0, 0, 0], "scores": [0.8467040657997131, 0.8304957747459412, 0.5764501690864563, 0.4976122975349426, 0.40909528732299805, 0.37575578689575195, 0.35720497369766235, 0.21322447061538696, 0.115345299243927, 0.11221250891685486, 0.07947263866662979, 0.06813029199838638, 0.06577050685882568, 0.06420214474201202], "bboxes": [[81.61053466796875, 599.025146484375, 221.30291748046875, 722.0599365234375], [49.121612548828125, 61.679351806640625, 323.83758544921875, 326.74053955078125], [236.4694366455078, 529.80615234375, 414.46368408203125, 666.279541015625], [166.2393341064453, 505.3336181640625, 351.286376953125, 634.9571533203125], [377.55694580078125, 237.9296417236328, 522.4036865234375, 405.1622314453125], [266.376953125, 240.74705505371094, 699.5924682617188, 606.8084106445312], [107.4146728515625, 299.476318359375, 763.9298095703125, 699.5746459960938], [4.389606475830078, 599.3184814453125, 131.74191284179688, 709.4849853515625], [207.711181640625, 481.3145751953125, 761.9829711914062, 665.656005859375], [21.3511962890625, 482.24420166015625, 800.0, 773.2199096679688], [79.88381958007812, 598.3548583984375, 715.0147705078125, 742.1201171875], [80.37565612792969, 572.8773803710938, 431.37091064453125, 731.2814331054688], [308.5724182128906, 237.13766479492188, 618.9986572265625, 478.0971984863281], [25.6895751953125, 32.56585693359375, 706.7607421875, 561.3882446289062]]}