{"labels": [0], "scores": [0.998772919178009], "bboxes": [[194.46481323242188, 49.98333740234375, 600.352783203125, 729.8765258789062]]}