{"labels": [0, 0], "scores": [0.9919775724411011, 0.18522214889526367], "bboxes": [[208.0860595703125, 175.9183349609375, 735.9358520507812, 796.4397583007812], [105.68096923828125, 238.64297485351562, 536.9602661132812, 783.6378173828125]]}