{"labels": [0], "scores": [0.9988273978233337], "bboxes": [[34.536956787109375, 169.22201538085938, 771.6402587890625, 631.2227783203125]]}