{"labels": [0, 0, 0], "scores": [0.9921945333480835, 0.9843331575393677, 0.8357678651809692], "bboxes": [[303.40728759765625, 123.43571472167969, 562.1124877929688, 301.58917236328125], [323.7381591796875, 300.88909912109375, 496.89056396484375, 717.7052612304688], [0.0, 113.92173767089844, 306.02850341796875, 511.68304443359375]]}