{"labels": [0, 0], "scores": [0.9945129156112671, 0.215596541762352], "bboxes": [[120.89495849609375, 5.07977294921875, 682.3908081054688, 575.0702514648438], [86.631103515625, 172.89117431640625, 684.8448486328125, 796.9005737304688]]}