{"labels": [0, 0], "scores": [0.9561046361923218, 0.13078470528125763], "bboxes": [[0.0, 51.068450927734375, 800.0, 734.8583984375], [15.912841796875, 577.459228515625, 118.67532348632812, 776.626953125]]}