{"labels": [0], "scores": [0.9991490840911865], "bboxes": [[80.07022094726562, 33.28338623046875, 716.837158203125, 765.1822509765625]]}