{"labels": [0], "scores": [0.9961418509483337], "bboxes": [[176.20803833007812, 15.231563568115234, 519.6492919921875, 809.3114624023438]]}