{"labels": [0, 0, 0, 0, 0, 0, 0, 0, 0, 0, 0, 0], "scores": [0.955345094203949, 0.9172506928443909, 0.8680358529090881, 0.6671777963638306, 0.6411808133125305, 0.5728151202201843, 0.44935452938079834, 0.26884037256240845, 0.1648949533700943, 0.09567389637231827, 0.05624838173389435, 0.050703734159469604], "bboxes": [[27.592208862304688, 22.117454528808594, 260.7259521484375, 230.09854125976562], [60.9334716796875, 52.09527587890625, 771.0686645507812, 763.6564331054688], [0.35955047607421875, 137.8746337890625, 104.56935119628906, 359.9367980957031], [67.59705352783203, 219.30648803710938, 303.7497863769531, 517.795654296875], [574.589111328125, 332.5712890625, 797.9476318359375, 635.1251220703125], [231.6778564453125, 51.38805389404297, 498.57855224609375, 302.9559631347656], [151.72024536132812, 400.51019287109375, 641.67919921875, 756.8942260742188], [228.96829223632812, 66.12399291992188, 754.7313232421875, 541.7430419921875], [291.334716796875, 183.69305419921875, 665.9888305664062, 475.84600830078125], [442.84832763671875, 139.84835815429688, 707.3285522460938, 394.4563293457031], [156.94398498535156, 433.0050048828125, 410.65362548828125, 752.806396484375], [415.9835205078125, 143.3325653076172, 722.5772705078125, 603.1171875]]}