{"labels": [0], "scores": [0.9903918504714966], "bboxes": [[222.30308532714844, 127.699462890625, 674.837646484375, 693.2667846679688]]}