{"labels": [0], "scores": [0.9989161491394043], "bboxes": [[42.553802490234375, 125.46719360351562, 760.0489501953125, 659.591796875]]}