{"labels": [0, 0], "scores": [0.986208438873291, 0.05818500742316246], "bboxes": [[152.73599243164062, 58.989990234375, 536.9810791015625, 665.169677734375], [0.0, 590.8941650390625, 800.0, 792.7353515625]]}