{"labels": [0, 0, 0, 0, 0, 0], "scores": [0.9724221229553223, 0.9673734903335571, 0.8956419229507446, 0.6455392241477966, 0.4024461507797241, 0.26503780484199524], "bboxes": [[16.683609008789062, 325.6707763671875, 288.6221923828125, 800.0], [499.69512939453125, 323.3720703125, 576.6582641601562, 798.5369873046875], [217.49798583984375, 94.97232055664062, 607.7206420898438, 800.0], [238.95753479003906, 107.4545669555664, 614.820068359375, 346.66290283203125], [654.1173706054688, 369.2337341308594, 731.8693237304688, 748.4542236328125], [38.38165283203125, 204.97589111328125, 459.99383544921875, 796.9044189453125]]}