{"labels": [0], "scores": [0.9953609108924866], "bboxes": [[103.20407104492188, 36.8720703125, 712.0396728515625, 738.656494140625]]}