{"labels": [0], "scores": [0.9981971383094788], "bboxes": [[23.412322998046875, 99.6151123046875, 773.0869140625, 773.1964721679688]]}