{"labels": [0], "scores": [0.9985313415527344], "bboxes": [[133.653564453125, 113.04937744140625, 705.1471557617188, 782.5184326171875]]}