{"labels": [0], "scores": [0.9945371747016907], "bboxes": [[145.500732421875, 164.3838348388672, 695.81201171875, 567.368896484375]]}