{"labels": [0], "scores": [0.9968326687812805], "bboxes": [[254.06617736816406, 10.330474853515625, 547.8848266601562, 793.6195068359375]]}