{"labels": [0, 0, 0], "scores": [0.9831992983818054, 0.5202915072441101, 0.2923060953617096], "bboxes": [[105.16690063476562, 303.45965576171875, 775.4534912109375, 702.8517456054688], [138.5070037841797, 221.21929931640625, 578.9332885742188, 405.74981689453125], [135.113037109375, 38.38948059082031, 636.7483520507812, 469.757568359375]]}