{"labels": [0, 0], "scores": [0.9973071813583374, 0.11243515461683273], "bboxes": [[0.0, 169.21401977539062, 787.1197509765625, 770.845703125], [0.0, 198.69711303710938, 34.10237503051758, 254.84625244140625]]}