{"labels": [0], "scores": [0.9985804557800293], "bboxes": [[5.502227783203125, 264.06689453125, 800.0, 565.8223266601562]]}