{"labels": [0], "scores": [0.9984744191169739], "bboxes": [[154.18878173828125, 67.42471313476562, 645.7778930664062, 760.294677734375]]}