{"labels": [0], "scores": [0.9962867498397827], "bboxes": [[186.35714721679688, 143.344482421875, 571.336181640625, 685.9718627929688]]}