{"labels": [0, 0, 0, 0], "scores": [0.9962486624717712, 0.9933410286903381, 0.9901277422904968, 0.3358393907546997], "bboxes": [[283.4210510253906, 149.90248107910156, 502.7111511230469, 483.8492431640625], [10.4840087890625, 391.88494873046875, 351.746826171875, 715.6596069335938], [496.90655517578125, 225.13917541503906, 787.3228149414062, 586.5494384765625], [1.022369384765625, 91.30412292480469, 313.6024169921875, 454.31585693359375]]}