{"labels": [0, 0, 0, 0], "scores": [0.8688981533050537, 0.7245124578475952, 0.5091018676757812, 0.5012423396110535], "bboxes": [[32.91546630859375, 232.47366333007812, 761.2061767578125, 772.742431640625], [463.91937255859375, 266.5627746582031, 762.5210571289062, 647.18798828125], [28.535934448242188, 513.7606201171875, 462.6568603515625, 758.7530517578125], [203.1630096435547, 1.9354248046875, 662.4591674804688, 462.9781494140625]]}