{"labels": [0, 0, 0, 0, 0, 0, 0], "scores": [0.9103127121925354, 0.6984075903892517, 0.34743303060531616, 0.3262385129928589, 0.15351390838623047, 0.0764443501830101, 0.062262214720249176], "bboxes": [[0.0, 104.4776611328125, 654.6597900390625, 690.3245849609375], [329.62481689453125, 179.5237274169922, 603.7347412109375, 653.211669921875], [418.8538513183594, 540.0928344726562, 632.5573120117188, 696.2913208007812], [177.43429565429688, 131.05328369140625, 340.5801696777344, 642.7250366210938], [66.779296875, 99.49392700195312, 407.10211181640625, 659.2646484375], [626.5736694335938, 376.0792236328125, 782.1653442382812, 632.6338500976562], [271.6915283203125, 218.31822204589844, 449.443115234375, 656.1815795898438]]}