{"labels": [0, 0], "scores": [0.988827109336853, 0.977876603603363], "bboxes": [[170.74908447265625, 233.7201690673828, 708.264404296875, 707.3964233398438], [80.34913635253906, 98.78610229492188, 552.6121826171875, 529.2353515625]]}