{"labels": [0], "scores": [0.9987786412239075], "bboxes": [[31.66998291015625, 227.95223999023438, 780.5508422851562, 652.2305908203125]]}