{"labels": [0, 0, 0], "scores": [0.9944902658462524, 0.9216644167900085, 0.14051394164562225], "bboxes": [[142.75289916992188, 162.90939331054688, 523.908447265625, 539.4022216796875], [121.69961547851562, 448.2265930175781, 636.9351806640625, 737.17431640625], [115.680908203125, 222.2027587890625, 705.1200561523438, 740.1257934570312]]}