{"labels": [0, 0], "scores": [0.9922716617584229, 0.10708789527416229], "bboxes": [[55.59906005859375, 163.8914794921875, 727.2481079101562, 800.0], [108.31021118164062, 369.26226806640625, 599.2398681640625, 766.8866577148438]]}