{"labels": [0, 0, 0, 0, 0, 0, 0, 0, 0, 0, 0, 0, 0], "scores": [0.9813433289527893, 0.9640626311302185, 0.9529004096984863, 0.8961080312728882, 0.8750486969947815, 0.8563547730445862, 0.6560860276222229, 0.6183674335479736, 0.5753228664398193, 0.20538809895515442, 0.17626121640205383, 0.0683051198720932, 0.05762019753456116], "bboxes": [[51.98680114746094, 338.031494140625, 286.77227783203125, 515.9677124023438], [20.64495849609375, 507.6654357910156, 288.94635009765625, 744.5403442382812], [254.05075073242188, 607.85791015625, 520.34130859375, 778.992919921875], [164.67745971679688, 210.35577392578125, 392.0531921386719, 343.24188232421875], [502.3359375, 479.6978454589844, 773.8193359375, 669.4464111328125], [279.77484130859375, 363.69146728515625, 521.8289184570312, 536.0071411132812], [138.2882537841797, 5.26629638671875, 406.1290283203125, 201.05714416503906], [472.15789794921875, 223.66278076171875, 674.7046508789062, 347.04534912109375], [516.2904052734375, 326.121337890625, 765.7017822265625, 506.7421875], [433.7735290527344, 59.22282409667969, 651.1932983398438, 346.28436279296875], [504.40997314453125, 295.59368896484375, 777.1616821289062, 679.5709838867188], [0.0, 6.888458251953125, 800.0, 766.6431884765625], [271.89556884765625, 313.06060791015625, 774.2207641601562, 742.9465942382812]]}