{"labels": [0], "scores": [0.9977113008499146], "bboxes": [[64.89364624023438, 88.07916259765625, 738.4302978515625, 744.0687866210938]]}