{"labels": [0], "scores": [0.9920365810394287], "bboxes": [[211.19326782226562, 0.28619384765625, 560.28271484375, 790.7742919921875]]}