{"labels": [0], "scores": [0.9932809472084045], "bboxes": [[285.53759765625, 59.38568115234375, 472.73095703125, 759.5166625976562]]}