{"labels": [0], "scores": [0.9977453351020813], "bboxes": [[36.926727294921875, 87.8087158203125, 726.7596435546875, 705.1461791992188]]}