{"labels": [0, 0, 0, 0], "scores": [0.999234676361084, 0.6966569423675537, 0.1908542513847351, 0.07443081587553024], "bboxes": [[45.173095703125, 167.509765625, 770.4271240234375, 693.8692626953125], [528.2175903320312, 69.384033203125, 783.1012573242188, 420.832275390625], [533.0795288085938, 79.03237915039062, 780.5446166992188, 207.99981689453125], [44.22624206542969, 414.45245361328125, 173.19078063964844, 538.667236328125]]}