{"labels": [0], "scores": [0.9996488094329834], "bboxes": [[34.475955963134766, 5.476707458496094, 639.2442016601562, 884.9472045898438]]}