{"labels": [0, 0, 0, 0], "scores": [0.9949865341186523, 0.20459236204624176, 0.14977039396762848, 0.06723529100418091], "bboxes": [[72.28268432617188, 0.0, 738.1414794921875, 789.0857543945312], [78.09274291992188, 421.03570556640625, 387.0379638671875, 746.8461303710938], [53.5164794921875, 57.869140625, 456.989013671875, 732.0715942382812], [203.21316528320312, 485.4886169433594, 546.7196044921875, 787.8514404296875]]}