{"labels": [0], "scores": [0.9984733462333679], "bboxes": [[93.63705444335938, 115.5450439453125, 704.27783203125, 698.0057983398438]]}