{"labels": [0], "scores": [0.9973113536834717], "bboxes": [[117.80496215820312, 55.924774169921875, 715.4071044921875, 776.815673828125]]}