{"labels": [0, 0, 0], "scores": [0.9923872947692871, 0.07396133244037628, 0.06861504167318344], "bboxes": [[3.979278564453125, 180.03549194335938, 781.943359375, 756.623779296875], [230.13442993164062, 326.86956787109375, 778.93017578125, 725.9515991210938], [0.0, 458.23101806640625, 795.5872192382812, 793.8045043945312]]}