{"labels": [0], "scores": [0.9969148635864258], "bboxes": [[41.53982925415039, 103.96077728271484, 637.6251831054688, 807.0549926757812]]}