{"labels": [0], "scores": [0.9898526072502136], "bboxes": [[380.6263122558594, 19.62744140625, 455.2504577636719, 789.977783203125]]}