{"labels": [0], "scores": [0.9984145164489746], "bboxes": [[159.78732299804688, 122.9764404296875, 694.69140625, 718.5098266601562]]}