{"labels": [0, 0], "scores": [0.9965884685516357, 0.05610791966319084], "bboxes": [[0.0, 126.47531127929688, 698.1502685546875, 736.4815063476562], [430.2194519042969, 107.58277893066406, 693.12353515625, 726.263427734375]]}