{"labels": [0, 0, 0], "scores": [0.9970324039459229, 0.17644061148166656, 0.0940374806523323], "bboxes": [[27.09710693359375, 76.63604736328125, 782.8901977539062, 743.4305419921875], [50.24537658691406, 420.8101806640625, 420.60516357421875, 649.5008544921875], [43.779693603515625, 408.35699462890625, 619.6982421875, 733.6054077148438]]}