{"labels": [0, 0, 0, 0, 0], "scores": [0.957084059715271, 0.46732521057128906, 0.4052504897117615, 0.3576394319534302, 0.11127898097038269], "bboxes": [[247.80233764648438, 66.4954833984375, 777.797119140625, 774.2994995117188], [0.0, 252.1768035888672, 302.4530334472656, 739.6622924804688], [2.12017822265625, 103.73963928222656, 256.32135009765625, 275.14031982421875], [378.66217041015625, 70.6485366821289, 510.59942626953125, 238.06253051757812], [279.769775390625, 185.523193359375, 699.7243041992188, 435.23590087890625]]}