{"labels": [0], "scores": [0.9982119798660278], "bboxes": [[70.92086791992188, 314.05279541015625, 729.14013671875, 619.1051635742188]]}