{"labels": [0], "scores": [0.9984435439109802], "bboxes": [[61.053070068359375, 235.7885284423828, 736.9266357421875, 564.7628173828125]]}