{"labels": [0, 0, 0, 0], "scores": [0.8694079518318176, 0.6991838812828064, 0.23781079053878784, 0.10985102504491806], "bboxes": [[368.2572326660156, 342.8248291015625, 580.874267578125, 619.8570556640625], [160.01162719726562, 231.13499450683594, 583.47802734375, 630.764404296875], [161.04791259765625, 23.372711181640625, 697.1166381835938, 717.6429443359375], [168.2251434326172, 20.883323669433594, 412.99560546875, 223.53167724609375]]}