{"labels": [0, 0, 0, 0, 0, 0, 0, 0, 0, 0], "scores": [0.9548012614250183, 0.9315120577812195, 0.8663812279701233, 0.8604164719581604, 0.4698284864425659, 0.16711147129535675, 0.12608551979064941, 0.12362772226333618, 0.0803944393992424, 0.07086070626974106], "bboxes": [[241.07484436035156, 59.087493896484375, 464.892578125, 595.223876953125], [207.55694580078125, 600.5674438476562, 798.5144653320312, 793.3632202148438], [16.125213623046875, 68.74334716796875, 232.8213348388672, 591.653564453125], [482.0106506347656, 73.20364379882812, 675.0662841796875, 591.3218994140625], [50.60676574707031, 728.1035766601562, 189.4127197265625, 799.1869506835938], [77.00965881347656, 78.32876586914062, 188.1953887939453, 563.7342529296875], [110.55755615234375, 55.1134033203125, 608.9352416992188, 609.7138061523438], [526.5433349609375, 100.46800231933594, 638.3250732421875, 531.2750244140625], [60.79638671875, 74.59231567382812, 389.2839660644531, 601.56298828125], [569.9595947265625, 110.03794860839844, 796.20068359375, 370.3787841796875]]}