{"labels": [0], "scores": [0.9995703101158142], "bboxes": [[27.129730224609375, 0.0, 770.89599609375, 799.304443359375]]}