{"labels": [0, 0], "scores": [0.9902230501174927, 0.09154154360294342], "bboxes": [[150.18545532226562, 162.65835571289062, 657.2957763671875, 773.6239013671875], [293.24822998046875, 192.37831115722656, 584.0643920898438, 697.1478881835938]]}