{"labels": [0], "scores": [0.9975008368492126], "bboxes": [[0.0, 13.091033935546875, 719.2467041015625, 796.1563720703125]]}