{"labels": [0, 0, 0, 0], "scores": [0.9924031496047974, 0.9876219630241394, 0.14443351328372955, 0.056457921862602234], "bboxes": [[415.813720703125, 286.46270751953125, 794.7257080078125, 680.791259765625], [0.0, 315.70050048828125, 401.2906494140625, 682.2150268554688], [7.805511474609375, 42.584259033203125, 732.863037109375, 671.172607421875], [143.8807373046875, 286.783935546875, 740.358642578125, 679.7142333984375]]}