{"labels": [0], "scores": [0.9977288842201233], "bboxes": [[89.57421875, 113.87619018554688, 692.07080078125, 706.8116455078125]]}