{"labels": [0, 0, 0, 0, 0, 0, 0], "scores": [0.8585377335548401, 0.390030175447464, 0.09033003449440002, 0.08275526762008667, 0.07089990377426147, 0.06749559193849564, 0.06239035353064537], "bboxes": [[282.3944091796875, 155.05526733398438, 498.514892578125, 550.6222534179688], [39.14778518676758, 312.53863525390625, 386.3072509765625, 780.2459106445312], [89.96331787109375, 149.88063049316406, 489.4789733886719, 655.42431640625], [69.42642211914062, 447.0093994140625, 614.8760986328125, 885.246826171875], [159.58201599121094, 416.3848571777344, 398.8621520996094, 788.5342407226562], [244.79766845703125, 503.78607177734375, 395.8411865234375, 801.0989990234375], [124.4770278930664, 707.28515625, 353.15789794921875, 887.4317626953125]]}