{"labels": [0, 0, 0, 0, 0, 0, 0, 0, 0, 0, 0, 0, 0], "scores": [0.8775962591171265, 0.8735820055007935, 0.7335245013237, 0.653141975402832, 0.41917160153388977, 0.3566880524158478, 0.296095073223114, 0.21317559480667114, 0.17154395580291748, 0.14813905954360962, 0.14137287437915802, 0.13507287204265594, 0.07854165881872177], "bboxes": [[149.62416076660156, 107.95896911621094, 366.3685302734375, 360.566650390625], [432.1036682128906, 103.52034759521484, 682.9749145507812, 353.31781005859375], [20.603172302246094, 137.711181640625, 244.76077270507812, 488.720703125], [244.67160034179688, 308.5440673828125, 562.5540771484375, 792.2484130859375], [554.3461303710938, 115.04222106933594, 776.7263793945312, 383.8243408203125], [376.44122314453125, 594.0465087890625, 479.459228515625, 683.3277587890625], [55.474273681640625, 101.57774353027344, 364.1178894042969, 495.94757080078125], [72.40728759765625, 214.5364990234375, 658.333740234375, 792.09619140625], [252.09596252441406, 318.3343811035156, 563.2076416015625, 555.932861328125], [376.05975341796875, 37.33683776855469, 775.6788940429688, 385.3785400390625], [230.91554260253906, 18.101974487304688, 616.3167114257812, 529.5762939453125], [339.39166259765625, 0.0, 489.70989990234375, 394.41192626953125], [80.67788696289062, 312.859375, 374.3633728027344, 503.98126220703125]]}