{"labels": [0, 0], "scores": [0.9964936375617981, 0.14526745676994324], "bboxes": [[20.00993537902832, 137.90463256835938, 686.182373046875, 601.9404907226562], [13.49587345123291, 131.22610473632812, 360.4034423828125, 557.8775634765625]]}