{"labels": [0, 0, 0, 0], "scores": [0.9792503118515015, 0.8899299502372742, 0.3373860716819763, 0.1945338100194931], "bboxes": [[177.06983947753906, 103.23651123046875, 674.0004272460938, 713.222412109375], [17.117752075195312, 160.34268188476562, 470.15057373046875, 791.7628173828125], [431.62249755859375, 44.511322021484375, 796.8306274414062, 618.552734375], [14.989532470703125, 193.25616455078125, 300.6719665527344, 682.7991333007812]]}