{"labels": [0, 0, 0, 0], "scores": [0.9327903389930725, 0.7759084105491638, 0.28592079877853394, 0.05787791684269905], "bboxes": [[305.57513427734375, 256.08154296875, 659.4703979492188, 528.5957641601562], [48.50596237182617, 548.953369140625, 180.66311645507812, 690.2889404296875], [0.0, 0.0, 659.6045532226562, 610.1766967773438], [155.13796997070312, 132.57472229003906, 649.1820678710938, 528.280517578125]]}