{"labels": [0, 0], "scores": [0.992542028427124, 0.7955334186553955], "bboxes": [[30.157272338867188, 48.53165817260742, 622.8408203125, 660.864990234375], [77.44169616699219, 459.5654296875, 700.0, 895.68408203125]]}