{"labels": [0, 0], "scores": [0.9957939386367798, 0.9941600561141968], "bboxes": [[32.751922607421875, 361.62420654296875, 459.8345031738281, 576.971435546875], [256.1374206542969, 206.29116821289062, 783.29638671875, 491.5135192871094]]}