{"labels": [0, 0, 0, 0, 0, 0, 0, 0, 0, 0, 0], "scores": [0.7772406935691833, 0.5676168203353882, 0.566720724105835, 0.27689144015312195, 0.2680234909057617, 0.17214225232601166, 0.11646923422813416, 0.11567062139511108, 0.07446914166212082, 0.06852924823760986, 0.05762007087469101], "bboxes": [[31.65045166015625, 299.4436950683594, 768.3074340820312, 540.9602661132812], [70.94803619384766, 104.68196868896484, 233.43972778320312, 267.6671142578125], [324.31158447265625, 105.32251739501953, 502.440185546875, 262.9086608886719], [616.8872680664062, 362.5008850097656, 728.5250854492188, 515.6173095703125], [490.2892761230469, 360.6501770019531, 604.0429077148438, 512.4019775390625], [73.08821105957031, 599.2132568359375, 242.6006317138672, 774.0615234375], [323.8598327636719, 602.8812255859375, 460.8926696777344, 728.4359130859375], [582.5477294921875, 601.5528564453125, 706.40283203125, 764.144287109375], [581.9351806640625, 98.19364929199219, 708.0487060546875, 265.87542724609375], [76.75505065917969, 356.4879150390625, 233.2176055908203, 516.481689453125], [319.45947265625, 615.4083862304688, 528.7366333007812, 766.2769165039062]]}