{"labels": [0, 0, 0], "scores": [0.8929874300956726, 0.7353166937828064, 0.09964732080698013], "bboxes": [[46.97764587402344, 102.84793090820312, 353.96295166015625, 651.153076171875], [19.097320556640625, 53.630950927734375, 764.6192626953125, 743.076171875], [443.830810546875, 76.0166015625, 762.311767578125, 674.980224609375]]}