{"labels": [0, 0, 0, 0, 0, 0], "scores": [0.9581001996994019, 0.8104395866394043, 0.713785707950592, 0.16795003414154053, 0.07508540898561478, 0.056712597608566284], "bboxes": [[394.22955322265625, 36.542816162109375, 577.30419921875, 794.8646240234375], [41.41014099121094, 12.44525146484375, 440.5357666015625, 793.3623657226562], [575.086669921875, 591.6570434570312, 778.98974609375, 767.0154418945312], [552.56396484375, 362.4936218261719, 796.0106201171875, 764.20068359375], [596.680419921875, 378.4815673828125, 706.4588623046875, 621.0910034179688], [145.88441467285156, 197.446044921875, 405.40570068359375, 763.0759887695312]]}