{"labels": [0, 0, 0, 0], "scores": [0.9972334504127502, 0.16974981129169464, 0.1659255027770996, 0.1085556223988533], "bboxes": [[94.3446044921875, 67.56222534179688, 694.9421997070312, 749.5233154296875], [631.0552368164062, 576.8544311523438, 793.1671752929688, 740.8822631835938], [292.9138488769531, 0.0, 458.5674133300781, 72.96977233886719], [107.82145690917969, 242.03526306152344, 523.409912109375, 733.0746459960938]]}