{"labels": [0, 0], "scores": [0.9942939877510071, 0.05304509401321411], "bboxes": [[45.39460372924805, 253.76861572265625, 532.9857788085938, 884.3339233398438], [38.34992980957031, 730.2843017578125, 396.19854736328125, 896.0]]}