{"labels": [0], "scores": [0.9955686926841736], "bboxes": [[34.6424560546875, 220.43637084960938, 768.9171142578125, 760.9346923828125]]}