{"labels": [0], "scores": [0.9866915941238403], "bboxes": [[177.76126098632812, 164.7569580078125, 621.546142578125, 689.637939453125]]}