{"labels": [0, 0, 0, 0], "scores": [0.9957637786865234, 0.9937518239021301, 0.989456832408905, 0.9846212863922119], "bboxes": [[237.3280487060547, 118.29934692382812, 396.95574951171875, 646.3717041015625], [410.01141357421875, 131.389892578125, 568.8667602539062, 648.6898803710938], [66.69287109375, 118.15963745117188, 230.8758544921875, 651.687744140625], [584.2056274414062, 117.613525390625, 745.3074340820312, 653.354736328125]]}