{"labels": [0, 0], "scores": [0.9959688186645508, 0.06425318866968155], "bboxes": [[73.04376220703125, 191.82455444335938, 778.7675170898438, 647.0391845703125], [425.36920166015625, 193.07168579101562, 670.9011840820312, 458.9320983886719]]}