{"labels": [0], "scores": [0.9872063398361206], "bboxes": [[262.34918212890625, 113.1981201171875, 505.4683837890625, 674.7085571289062]]}