{"labels": [0], "scores": [0.9993588328361511], "bboxes": [[30.125396728515625, 31.789031982421875, 758.6639404296875, 752.1295166015625]]}