{"labels": [0], "scores": [0.9931400418281555], "bboxes": [[183.0909881591797, 23.4593505859375, 678.1564331054688, 798.14306640625]]}