{"labels": [0], "scores": [0.9919195175170898], "bboxes": [[86.49392700195312, 108.3397216796875, 764.391357421875, 687.7544555664062]]}