{"labels": [0], "scores": [0.9992293119430542], "bboxes": [[187.83348083496094, 232.618408203125, 573.4830322265625, 791.5416259765625]]}