{"labels": [0], "scores": [0.9971122741699219], "bboxes": [[0.0, 54.04376220703125, 799.4764404296875, 745.843017578125]]}