{"labels": [0, 0, 0], "scores": [0.9948211908340454, 0.06365465372800827, 0.053108420222997665], "bboxes": [[185.65467834472656, 227.80078125, 639.4337158203125, 800.0], [162.28672790527344, 244.85972595214844, 344.31182861328125, 617.1748657226562], [178.40391540527344, 125.4262466430664, 314.446533203125, 206.31961059570312]]}