{"labels": [0, 0], "scores": [0.9951920509338379, 0.3405195474624634], "bboxes": [[153.47116088867188, 94.43099975585938, 539.0519409179688, 876.8880004882812], [469.1604309082031, 593.2440795898438, 678.01025390625, 768.9093017578125]]}