{"labels": [0], "scores": [0.9973485469818115], "bboxes": [[266.19305419921875, 3.329681396484375, 525.121826171875, 799.1278076171875]]}