{"labels": [0], "scores": [0.9969133138656616], "bboxes": [[41.264862060546875, 239.9602508544922, 751.423095703125, 659.1728515625]]}