{"labels": [0], "scores": [0.9986671209335327], "bboxes": [[57.388702392578125, 57.411102294921875, 725.9473876953125, 757.660400390625]]}