{"labels": [0, 0, 0], "scores": [0.882930338382721, 0.867134690284729, 0.4292086660861969], "bboxes": [[147.7684326171875, 59.25677490234375, 445.730712890625, 564.4122924804688], [406.12579345703125, 111.63272094726562, 687.6471557617188, 682.615966796875], [129.48883056640625, 76.76434326171875, 654.3319091796875, 718.635498046875]]}