{"labels": [0, 0, 0, 0, 0], "scores": [0.9890880584716797, 0.4293402135372162, 0.14541871845722198, 0.13261063396930695, 0.07275432348251343], "bboxes": [[152.73385620117188, 96.5377197265625, 672.39990234375, 701.3952026367188], [544.5773315429688, 62.11500549316406, 794.9954223632812, 333.59423828125], [0.0, 250.62059020996094, 79.35726928710938, 376.78912353515625], [167.35670471191406, 101.57771301269531, 415.22808837890625, 501.9560546875], [235.94224548339844, 358.76605224609375, 661.9391479492188, 701.8358764648438]]}