{"labels": [0, 0, 0, 0, 0], "scores": [0.9760638475418091, 0.12718871235847473, 0.10397816449403763, 0.05840236321091652, 0.056221216917037964], "bboxes": [[110.72775268554688, 45.58172607421875, 694.2716064453125, 766.2073364257812], [238.6617889404297, 511.87017822265625, 501.5360107421875, 755.5839233398438], [162.77713012695312, 45.37471008300781, 687.406494140625, 436.0987548828125], [397.315185546875, 522.8279418945312, 586.3016967773438, 737.1290893554688], [198.64874267578125, 365.22662353515625, 652.1353759765625, 757.6133422851562]]}