{"labels": [0, 0], "scores": [0.9898290038108826, 0.09340078383684158], "bboxes": [[253.2194366455078, 133.22653198242188, 564.8908081054688, 752.445556640625], [328.6620178222656, 48.99132537841797, 476.2837829589844, 174.08663940429688]]}