{"labels": [0], "scores": [0.9952062964439392], "bboxes": [[141.9624786376953, 67.71566772460938, 615.6607666015625, 773.5543212890625]]}