{"labels": [0], "scores": [0.9988968372344971], "bboxes": [[59.80010986328125, 90.7440185546875, 799.7061767578125, 713.4910278320312]]}