{"labels": [0], "scores": [0.9976487755775452], "bboxes": [[66.0777587890625, 46.14874267578125, 725.279541015625, 774.534423828125]]}