{"labels": [0], "scores": [0.9979446530342102], "bboxes": [[180.1353759765625, 74.9466552734375, 634.3193359375, 712.037353515625]]}