{"labels": [0, 0], "scores": [0.968388557434082, 0.8904662728309631], "bboxes": [[258.0824890136719, 533.1552734375, 535.3037109375, 756.8555908203125], [259.2483825683594, 222.86941528320312, 649.4700927734375, 745.4232177734375]]}