{"labels": [0, 0, 0, 0], "scores": [0.9541934728622437, 0.555178165435791, 0.1563936024904251, 0.1030116081237793], "bboxes": [[74.19467163085938, 176.11764526367188, 758.431640625, 732.8734130859375], [11.070747375488281, 219.4639434814453, 231.84542846679688, 729.2706909179688], [269.69769287109375, 145.71914672851562, 365.770263671875, 230.25198364257812], [25.588836669921875, 174.71304321289062, 442.5012512207031, 749.095458984375]]}