{"labels": [0, 0], "scores": [0.9976535439491272, 0.5961864590644836], "bboxes": [[0.0, 0.0, 672.9412841796875, 800.0], [567.2228393554688, 0.0, 786.0693969726562, 800.0]]}