{"labels": [0], "scores": [0.9836807250976562], "bboxes": [[185.5467987060547, 206.4122314453125, 665.8572998046875, 784.3954467773438]]}