{"labels": [0], "scores": [0.9975597858428955], "bboxes": [[54.594940185546875, 211.70327758789062, 736.4049072265625, 587.897216796875]]}