{"labels": [0], "scores": [0.9992819428443909], "bboxes": [[107.07345581054688, 52.451812744140625, 700.070068359375, 772.01611328125]]}