{"labels": [0], "scores": [0.9962953925132751], "bboxes": [[154.467529296875, 212.39508056640625, 561.9190673828125, 845.1220703125]]}