{"labels": [0, 0], "scores": [0.9981452226638794, 0.12506669759750366], "bboxes": [[127.95797729492188, 45.58233642578125, 640.4764404296875, 745.2550659179688], [0.0, 255.38890075683594, 137.21278381347656, 525.3177490234375]]}