{"labels": [0, 0], "scores": [0.9981439113616943, 0.23721344769001007], "bboxes": [[0.0, 88.39776611328125, 795.1605224609375, 735.7017822265625], [285.18609619140625, 1.9097137451171875, 796.7494506835938, 260.14910888671875]]}