{"labels": [0], "scores": [0.9968865513801575], "bboxes": [[86.59475708007812, 95.4593505859375, 682.813720703125, 758.7711791992188]]}