{"labels": [0], "scores": [0.9978729486465454], "bboxes": [[164.00299072265625, 244.08059692382812, 648.7159423828125, 770.4776611328125]]}