{"labels": [0], "scores": [0.9956199526786804], "bboxes": [[102.8978271484375, 124.3076171875, 674.3807983398438, 701.295654296875]]}