{"labels": [0, 0, 0], "scores": [0.9919762015342712, 0.9851226210594177, 0.8278391361236572], "bboxes": [[291.7162780761719, 65.36618041992188, 508.1560974121094, 749.4232177734375], [535.5167236328125, 191.062255859375, 719.914306640625, 737.8734130859375], [80.4726333618164, 325.440673828125, 239.53570556640625, 551.7194213867188]]}