{"labels": [0, 0, 0, 0, 0, 0], "scores": [0.943924605846405, 0.7634419202804565, 0.5730496644973755, 0.2577463686466217, 0.15420827269554138, 0.0681263729929924], "bboxes": [[9.299713134765625, 117.60551452636719, 569.408447265625, 497.76019287109375], [138.81689453125, 292.15594482421875, 752.6513061523438, 770.8482055664062], [539.7730712890625, 250.6433563232422, 768.732666015625, 447.99395751953125], [167.55099487304688, 344.2022705078125, 719.63037109375, 592.7555541992188], [12.752044677734375, 1.6044845581054688, 348.3376770019531, 181.5657958984375], [346.79400634765625, 563.1593017578125, 800.0, 796.330078125]]}