{"labels": [0, 0, 0, 0, 0, 0, 0, 0, 0, 0, 0], "scores": [0.9543083310127258, 0.8378819823265076, 0.7724393606185913, 0.7126837968826294, 0.6137317419052124, 0.37540361285209656, 0.348412424325943, 0.26297205686569214, 0.22056107223033905, 0.11737611144781113, 0.10008116811513901], "bboxes": [[326.79248046875, 212.53099060058594, 653.044189453125, 549.497802734375], [191.1302032470703, 525.5734252929688, 457.45989990234375, 701.7422485351562], [22.08740234375, 144.3716278076172, 598.27734375, 613.0245971679688], [47.20403289794922, 173.53662109375, 264.58758544921875, 322.2809143066406], [489.7808532714844, 412.9839782714844, 727.052490234375, 626.7874755859375], [136.52198791503906, 384.02960205078125, 364.5322265625, 585.9837036132812], [107.33000183105469, 170.14242553710938, 428.77099609375, 586.2152099609375], [0.0, 329.637939453125, 175.77833557128906, 600.88134765625], [0.0, 294.39892578125, 220.96340942382812, 460.97381591796875], [435.4449768066406, 260.01800537109375, 725.38671875, 622.6544189453125], [238.1492919921875, 148.78842163085938, 516.2265625, 517.6829833984375]]}