{"labels": [0], "scores": [0.996953010559082], "bboxes": [[60.12152099609375, 152.49639892578125, 735.3176879882812, 680.1200561523438]]}