{"labels": [0], "scores": [0.9981552958488464], "bboxes": [[141.57928466796875, 32.737030029296875, 662.782958984375, 783.8564453125]]}