{"labels": [0, 0], "scores": [0.994269609451294, 0.5474014282226562], "bboxes": [[0.0, 98.38522338867188, 800.0, 707.8681640625], [495.3171691894531, 522.533935546875, 794.1649169921875, 727.0460205078125]]}