{"labels": [0, 0, 0], "scores": [0.9829975366592407, 0.862339437007904, 0.071415975689888], "bboxes": [[60.30108642578125, 326.8133544921875, 391.7524719238281, 731.2369384765625], [402.29290771484375, 142.28826904296875, 744.8245239257812, 733.7372436523438], [414.75994873046875, 409.59832763671875, 725.4512329101562, 724.4948120117188]]}