{"labels": [0, 0, 0, 0, 0], "scores": [0.984650194644928, 0.7057048678398132, 0.34048348665237427, 0.3378776013851166, 0.05365646630525589], "bboxes": [[100.978271484375, 240.64581298828125, 701.7108764648438, 538.6879272460938], [526.6434936523438, 287.2032165527344, 707.1279907226562, 530.5637817382812], [462.15679931640625, 445.0244140625, 521.12939453125, 510.04248046875], [237.96240234375, 352.0111999511719, 435.63873291015625, 483.6055603027344], [452.12664794921875, 336.59637451171875, 529.7721557617188, 516.9334106445312]]}