{"labels": [0], "scores": [0.9997273087501526], "bboxes": [[22.79730224609375, 15.8834228515625, 788.0564575195312, 789.2870483398438]]}