{"labels": [0, 0, 0, 0, 0, 0], "scores": [0.9757224917411804, 0.5322514772415161, 0.3795875012874603, 0.29823967814445496, 0.21128377318382263, 0.14256331324577332], "bboxes": [[204.7362060546875, 70.17324829101562, 787.2373046875, 779.0882568359375], [33.05865478515625, 433.9161376953125, 308.4032897949219, 725.1492919921875], [525.0103149414062, 659.3675537109375, 780.5834350585938, 796.35400390625], [159.37794494628906, 100.4887466430664, 399.70098876953125, 319.0278625488281], [6.6717681884765625, 121.65689086914062, 438.0924072265625, 732.652587890625], [11.496536254882812, 104.95761108398438, 359.60699462890625, 331.94573974609375]]}