{"labels": [0, 0], "scores": [0.9848767518997192, 0.10643772035837173], "bboxes": [[166.6705780029297, 213.7466583251953, 565.3473510742188, 825.9619750976562], [484.31329345703125, 163.4874267578125, 620.9713745117188, 355.28021240234375]]}