{"labels": [0, 0, 0], "scores": [0.9785475730895996, 0.2025461345911026, 0.05775817856192589], "bboxes": [[154.29095458984375, 100.45584106445312, 726.7028198242188, 641.6593017578125], [133.5901336669922, 501.4825744628906, 606.62646484375, 695.4005737304688], [136.609619140625, 309.5452575683594, 670.9249267578125, 696.5810546875]]}