{"labels": [0, 0], "scores": [0.9939403533935547, 0.08150187134742737], "bboxes": [[174.05540466308594, 88.841064453125, 637.3201904296875, 468.26336669921875], [111.31808471679688, 417.44140625, 672.344970703125, 739.48046875]]}