{"labels": [0], "scores": [0.9980753660202026], "bboxes": [[1.957733154296875, 173.9599151611328, 780.06005859375, 633.6124267578125]]}