{"labels": [0], "scores": [0.9978437423706055], "bboxes": [[95.87969970703125, 117.22259521484375, 609.8776245117188, 621.7941284179688]]}