{"labels": [0, 0], "scores": [0.9955567717552185, 0.07854504138231277], "bboxes": [[14.92547607421875, 55.2044677734375, 800.0, 761.1691284179688], [296.4697265625, 334.4842529296875, 799.1729736328125, 800.0]]}