{"labels": [0], "scores": [0.9970716238021851], "bboxes": [[79.8870849609375, 124.11676025390625, 651.7503662109375, 772.2962036132812]]}