{"labels": [0], "scores": [0.9978415966033936], "bboxes": [[266.2772216796875, 3.235198974609375, 540.1734619140625, 778.86279296875]]}