{"labels": [0], "scores": [0.9989390969276428], "bboxes": [[6.431976318359375, 111.82095336914062, 786.474853515625, 698.2813720703125]]}