{"labels": [0], "scores": [0.9987646341323853], "bboxes": [[98.11038208007812, 238.6199493408203, 704.67431640625, 564.64892578125]]}