{"labels": [0, 0, 0], "scores": [0.9663541316986084, 0.8061702251434326, 0.1449335217475891], "bboxes": [[350.782958984375, 160.93997192382812, 689.0313720703125, 563.0966796875], [0.0, 125.51638793945312, 745.7503662109375, 593.820068359375], [7.281585693359375, 145.31024169921875, 426.5315856933594, 543.2172241210938]]}