{"labels": [0], "scores": [0.9976149797439575], "bboxes": [[53.30987548828125, 223.082275390625, 759.2150268554688, 650.8638916015625]]}