{"labels": [0, 0], "scores": [0.9948779344558716, 0.08144889026880264], "bboxes": [[11.8309326171875, 228.88140869140625, 791.6740112304688, 645.8355102539062], [120.61654663085938, 426.0944519042969, 699.9539794921875, 482.4659118652344]]}