{"labels": [0, 0, 0, 0, 0, 0, 0, 0, 0, 0, 0, 0, 0], "scores": [0.9901803731918335, 0.8129746317863464, 0.5523406267166138, 0.4769849181175232, 0.4608621299266815, 0.44875600934028625, 0.41661617159843445, 0.357175350189209, 0.21664494276046753, 0.16194355487823486, 0.10660600662231445, 0.08724931627511978, 0.0819627121090889], "bboxes": [[78.98342895507812, 304.23382568359375, 750.2010498046875, 677.888427734375], [91.78578186035156, 25.328479766845703, 198.90187072753906, 144.03355407714844], [348.6701354980469, 23.308982849121094, 457.5982360839844, 146.40533447265625], [478.3392639160156, 145.36355590820312, 586.6661376953125, 300.2408752441406], [307.0973815917969, 437.8872375488281, 496.1759338378906, 646.0437622070312], [478.0076599121094, 23.50643539428711, 586.31396484375, 145.6055450439453], [220.43081665039062, 162.80477905273438, 328.4449768066406, 294.6275329589844], [220.4495849609375, 21.263389587402344, 328.521728515625, 153.1868896484375], [88.91034698486328, 140.5963592529297, 202.166748046875, 294.76971435546875], [602.4576416015625, 141.190185546875, 717.8270263671875, 294.0911560058594], [606.0654296875, 30.34905242919922, 716.5538330078125, 188.1787109375], [90.53784942626953, 33.49836730957031, 200.87112426757812, 250.02381896972656], [345.96124267578125, 144.54920959472656, 461.09503173828125, 302.10986328125]]}