{"labels": [0], "scores": [0.9976916313171387], "bboxes": [[201.85601806640625, 0.0, 598.2843627929688, 800.0]]}