{"labels": [0, 0, 0], "scores": [0.995913565158844, 0.8643825650215149, 0.05860865116119385], "bboxes": [[5.70550537109375, 329.5914611816406, 790.8011474609375, 753.3765869140625], [29.952598571777344, 198.10507202148438, 161.855224609375, 379.6242980957031], [354.1496887207031, 1.8153839111328125, 577.4364624023438, 104.44519805908203]]}