{"labels": [0], "scores": [0.9995434880256653], "bboxes": [[37.07526779174805, 62.49851989746094, 657.4243774414062, 830.8148193359375]]}