{"labels": [0], "scores": [0.9992833733558655], "bboxes": [[6.622039794921875, 48.443756103515625, 795.7073974609375, 800.0]]}