{"labels": [0, 0, 0, 0, 0, 0], "scores": [0.9725048542022705, 0.7655735611915588, 0.5213750600814819, 0.41441914439201355, 0.18034371733665466, 0.11304719746112823], "bboxes": [[206.9674072265625, 149.58404541015625, 493.25946044921875, 468.1219482421875], [484.41522216796875, 308.8246154785156, 799.4395141601562, 647.7115478515625], [18.474884033203125, 390.98248291015625, 342.4635314941406, 722.2291870117188], [20.54534912109375, 208.59713745117188, 467.0736999511719, 713.339599609375], [0.0, 139.04556274414062, 800.0, 718.542724609375], [367.359130859375, 173.05108642578125, 786.3548583984375, 652.4893798828125]]}