{"labels": [0, 0, 0, 0], "scores": [0.9758098721504211, 0.8926291465759277, 0.8491275310516357, 0.6185073852539062], "bboxes": [[45.82867431640625, 311.36767578125, 759.6470336914062, 764.2135009765625], [115.51529693603516, 81.68636322021484, 292.48712158203125, 310.188720703125], [0.3495330810546875, 392.8667907714844, 217.86061096191406, 587.088623046875], [335.1884765625, 31.22801971435547, 438.56707763671875, 258.7199401855469]]}