{"labels": [0, 0, 0, 0, 0, 0, 0, 0, 0, 0, 0], "scores": [0.9708290696144104, 0.9585718512535095, 0.9573898911476135, 0.8256521821022034, 0.31164512038230896, 0.17380493879318237, 0.0675445944070816, 0.0643019899725914, 0.058515310287475586, 0.05744300037622452, 0.05168953165411949], "bboxes": [[10.042816162109375, 119.97439575195312, 326.72467041015625, 779.391845703125], [225.59043884277344, 311.500244140625, 424.03436279296875, 774.1690673828125], [471.7817077636719, 168.36782836914062, 776.5760498046875, 757.38134765625], [407.3245849609375, 327.6228942871094, 541.9091186523438, 629.199462890625], [416.52716064453125, 491.5386962890625, 541.234375, 734.802734375], [120.8348159790039, 354.24609375, 306.9630126953125, 771.65869140625], [473.25714111328125, 178.93333435058594, 775.4712524414062, 458.65863037109375], [248.1468963623047, 328.54754638671875, 443.1895751953125, 589.6770629882812], [417.7522277832031, 486.9283752441406, 534.61767578125, 584.150390625], [543.89111328125, 477.48211669921875, 692.166748046875, 740.3207397460938], [14.419219970703125, 120.33424377441406, 348.74505615234375, 454.6513671875]]}