{"labels": [0, 0, 0, 0, 0, 0, 0], "scores": [0.8674742579460144, 0.6526996493339539, 0.17528384923934937, 0.16653293371200562, 0.09418126195669174, 0.06736201792955399, 0.05602855235338211], "bboxes": [[249.94598388671875, 300.77093505859375, 644.146728515625, 733.7412719726562], [254.40728759765625, 299.6966552734375, 446.98553466796875, 602.4602661132812], [449.5393981933594, 309.9862060546875, 629.3255615234375, 744.1751708984375], [0.0, 517.3668212890625, 293.8140869140625, 800.0], [2.151397705078125, 137.5567626953125, 659.21142578125, 800.0], [95.71212768554688, 304.71392822265625, 451.6019592285156, 678.8262939453125], [12.009048461914062, 0.0, 320.21728515625, 449.94281005859375]]}