{"labels": [0], "scores": [0.998522937297821], "bboxes": [[27.740875244140625, 233.0748748779297, 781.325927734375, 534.1212768554688]]}