{"labels": [0, 0, 0], "scores": [0.9914275407791138, 0.9888966083526611, 0.3913588523864746], "bboxes": [[7.546844482421875, 396.649169921875, 455.0428161621094, 769.804443359375], [470.170654296875, 42.12725830078125, 794.40625, 559.3026733398438], [4.027984619140625, 96.65805053710938, 759.2874755859375, 764.7386474609375]]}