{"labels": [0, 0, 0, 0, 0, 0, 0, 0, 0, 0, 0], "scores": [0.8187479376792908, 0.5762447714805603, 0.5151379704475403, 0.5019844770431519, 0.3609974980354309, 0.27163368463516235, 0.18345379829406738, 0.15417316555976868, 0.08801619708538055, 0.08288991451263428, 0.07090014219284058], "bboxes": [[405.27825927734375, 121.27584838867188, 709.9411010742188, 219.36459350585938], [84.08610534667969, 366.1192626953125, 389.08514404296875, 467.03521728515625], [73.09019470214844, 118.77799987792969, 385.02301025390625, 221.12867736816406], [84.91995239257812, 497.17156982421875, 377.8325500488281, 600.6284790039062], [76.62721252441406, 240.0726318359375, 377.57135009765625, 340.56427001953125], [409.508544921875, 367.4991455078125, 711.3985595703125, 467.6717529296875], [410.22509765625, 243.11541748046875, 713.988037109375, 342.19970703125], [411.33148193359375, 494.57916259765625, 715.1754760742188, 599.9384155273438], [44.463836669921875, 62.88641357421875, 758.2410888671875, 710.1467895507812], [81.36190795898438, 626.771484375, 388.02764892578125, 728.652587890625], [55.941436767578125, 356.1344299316406, 721.598876953125, 478.4081726074219]]}