{"labels": [0], "scores": [0.9958558678627014], "bboxes": [[111.49148559570312, 88.47125244140625, 683.91455078125, 640.9688110351562]]}