{"labels": [0, 0, 0, 0], "scores": [0.9922482967376709, 0.9670971035957336, 0.3310491442680359, 0.15020938217639923], "bboxes": [[430.81427001953125, 104.07083129882812, 487.299560546875, 761.495361328125], [393.3303527832031, 132.31936645507812, 441.7845764160156, 740.7537841796875], [324.11505126953125, 127.4781494140625, 454.981689453125, 756.310302734375], [277.9848937988281, 18.081939697265625, 505.6396179199219, 779.74365234375]]}