{"labels": [0], "scores": [0.997611403465271], "bboxes": [[167.8786163330078, 62.4791259765625, 622.9993286132812, 690.7081909179688]]}