{"labels": [0], "scores": [0.9947622418403625], "bboxes": [[0.898101806640625, 147.4940185546875, 798.7823486328125, 638.1140747070312]]}