{"labels": [0], "scores": [0.9986298084259033], "bboxes": [[67.28665161132812, 228.57723999023438, 756.854248046875, 613.755859375]]}