{"labels": [0, 0, 0], "scores": [0.993973433971405, 0.9770786166191101, 0.07341182231903076], "bboxes": [[39.62773132324219, 69.42632293701172, 302.596923828125, 325.0655822753906], [234.0873565673828, 84.72573852539062, 733.0314331054688, 758.769775390625], [376.73223876953125, 87.76669311523438, 753.0308227539062, 516.01806640625]]}