{"labels": [0], "scores": [0.9975757002830505], "bboxes": [[0.0, 211.19558715820312, 797.41259765625, 553.3702392578125]]}