{"labels": [0, 0, 0, 0], "scores": [0.9851866364479065, 0.6374713778495789, 0.6001964807510376, 0.11775389313697815], "bboxes": [[244.76153564453125, 75.98422241210938, 800.0, 793.5970458984375], [24.875595092773438, 155.26107788085938, 342.3277587890625, 717.5318603515625], [32.36712646484375, 160.62030029296875, 319.91717529296875, 403.79705810546875], [90.5036392211914, 438.5535583496094, 267.9762268066406, 714.404541015625]]}