{"labels": [0], "scores": [0.9981634020805359], "bboxes": [[52.609649658203125, 176.75860595703125, 713.0228271484375, 622.5999145507812]]}