{"labels": [0], "scores": [0.991359531879425], "bboxes": [[280.428955078125, 8.4769287109375, 526.5582885742188, 792.2200927734375]]}