{"labels": [0], "scores": [0.9986151456832886], "bboxes": [[45.740081787109375, 40.34466552734375, 675.043701171875, 793.3165893554688]]}