{"labels": [0], "scores": [0.9969431757926941], "bboxes": [[138.25991821289062, 119.79415893554688, 590.9349365234375, 547.77099609375]]}