{"labels": [0, 0], "scores": [0.9939283132553101, 0.9711163640022278], "bboxes": [[11.256927490234375, 22.31072998046875, 640.446533203125, 733.3084106445312], [381.15771484375, 448.24884033203125, 773.5679931640625, 767.5061645507812]]}