{"labels": [0], "scores": [0.9989416003227234], "bboxes": [[69.72994995117188, 57.5445556640625, 733.0234375, 651.8040771484375]]}