{"labels": [0], "scores": [0.9981062412261963], "bboxes": [[1.6297607421875, 252.47116088867188, 793.556396484375, 745.578369140625]]}