{"labels": [0, 0, 0], "scores": [0.9912676215171814, 0.9897415637969971, 0.4185367524623871], "bboxes": [[394.16473388671875, 34.5496826171875, 629.0950927734375, 753.9259033203125], [60.70819854736328, 28.740951538085938, 322.8157653808594, 771.3287353515625], [407.4278564453125, 679.6069946289062, 558.4948120117188, 893.2828369140625]]}