{"labels": [0], "scores": [0.9968482851982117], "bboxes": [[163.47540283203125, 127.19921875, 632.5741577148438, 743.5645751953125]]}