{"labels": [0, 0], "scores": [0.9986003041267395, 0.3602283000946045], "bboxes": [[236.3809356689453, 163.45962524414062, 558.6822509765625, 800.0], [496.76239013671875, 490.08349609375, 798.5132446289062, 749.804931640625]]}