{"labels": [0, 0], "scores": [0.9981979727745056, 0.09689005464315414], "bboxes": [[52.623626708984375, 61.514862060546875, 740.7581787109375, 769.5858154296875], [56.716064453125, 430.6448669433594, 729.4317626953125, 754.32275390625]]}