{"labels": [0, 0], "scores": [0.9942858815193176, 0.14173929393291473], "bboxes": [[5.87591552734375, 55.036865234375, 793.8482666015625, 800.0], [143.02691650390625, 448.280029296875, 800.0, 800.0]]}