{"labels": [0, 0, 0], "scores": [0.9890861511230469, 0.984329879283905, 0.9090210199356079], "bboxes": [[86.69432067871094, 124.37751770019531, 432.671630859375, 446.15667724609375], [450.713623046875, 119.57203674316406, 788.65966796875, 444.10760498046875], [102.45059204101562, 533.726806640625, 635.7305908203125, 768.9298095703125]]}