{"labels": [0], "scores": [0.9981637597084045], "bboxes": [[37.780609130859375, 51.31103515625, 755.2813720703125, 755.0472412109375]]}