{"labels": [0, 0, 0], "scores": [0.9880582690238953, 0.9783000349998474, 0.15839840471744537], "bboxes": [[0.026611328125, 223.79598999023438, 800.0, 789.9593505859375], [0.0, 109.9781494140625, 463.18328857421875, 545.8779296875], [568.4213256835938, 128.17323303222656, 766.4365844726562, 320.8472900390625]]}