{"labels": [0, 0, 0, 0, 0, 0, 0, 0, 0, 0], "scores": [0.9758878350257874, 0.9710929989814758, 0.9568052291870117, 0.9171618223190308, 0.8380404710769653, 0.18883247673511505, 0.18212950229644775, 0.10047866404056549, 0.057089902460575104, 0.05301693081855774], "bboxes": [[412.0445251464844, 160.77671813964844, 605.481689453125, 436.29022216796875], [193.12660217285156, 164.91709899902344, 384.89642333984375, 433.58038330078125], [290.75238037109375, 447.9860534667969, 498.38726806640625, 732.0286865234375], [520.73828125, 451.4552001953125, 722.7559814453125, 730.76318359375], [71.79761505126953, 449.1802062988281, 273.72161865234375, 729.9764404296875], [147.0367431640625, 453.5348815917969, 219.53204345703125, 694.2965698242188], [580.80517578125, 454.2742004394531, 659.5626220703125, 685.1409912109375], [356.57373046875, 453.1688232421875, 444.6531982421875, 665.806884765625], [418.91290283203125, 183.35928344726562, 489.3299560546875, 423.1518859863281], [383.0718078613281, 455.739501953125, 427.2637634277344, 667.2796630859375]]}