{"labels": [0, 0], "scores": [0.9643991589546204, 0.5166448354721069], "bboxes": [[98.82794189453125, 75.06320190429688, 682.4006958007812, 736.1455078125], [97.95346069335938, 80.07398986816406, 587.0306396484375, 406.51544189453125]]}