{"labels": [0], "scores": [0.9682140946388245], "bboxes": [[251.66030883789062, 203.90631103515625, 505.5213317871094, 800.0]]}