{"labels": [0], "scores": [0.9990130662918091], "bboxes": [[86.9798583984375, 173.03582763671875, 753.4071044921875, 716.1128540039062]]}