{"labels": [0, 0], "scores": [0.9878486394882202, 0.3163512945175171], "bboxes": [[0.982818603515625, 222.59814453125, 800.0, 588.2847900390625], [396.2481689453125, 221.70433044433594, 800.0, 582.9404296875]]}