{"labels": [0], "scores": [0.995970606803894], "bboxes": [[36.260894775390625, 84.65252685546875, 715.0772705078125, 697.8006591796875]]}