{"labels": [0, 0], "scores": [0.9843717217445374, 0.41643112897872925], "bboxes": [[72.51922607421875, 147.08642578125, 709.6116943359375, 657.4569091796875], [217.73098754882812, 250.78335571289062, 557.927734375, 569.884521484375]]}