{"labels": [0, 0], "scores": [0.9900102019309998, 0.1539739966392517], "bboxes": [[19.868560791015625, 17.885986328125, 770.7918701171875, 792.9195556640625], [315.3646240234375, 38.060546875, 773.0791015625, 607.748779296875]]}