{"labels": [0], "scores": [0.9971434473991394], "bboxes": [[251.09373474121094, 63.51177978515625, 553.5140380859375, 786.7754516601562]]}