{"labels": [0], "scores": [0.9993318915367126], "bboxes": [[0.0, 164.9024658203125, 800.0, 735.860107421875]]}