{"labels": [0], "scores": [0.99947589635849], "bboxes": [[87.02778625488281, 91.00263977050781, 659.1634521484375, 786.3784790039062]]}