{"labels": [0], "scores": [0.9930552840232849], "bboxes": [[4.355804443359375, 145.30191040039062, 773.8140869140625, 798.5498046875]]}