{"labels": [0, 0], "scores": [0.9990184307098389, 0.24717096984386444], "bboxes": [[93.47727966308594, 55.434112548828125, 584.2085571289062, 747.0779418945312], [311.7982177734375, 0.0, 448.83966064453125, 58.282012939453125]]}