{"labels": [0], "scores": [0.998318076133728], "bboxes": [[256.8811340332031, 54.39752197265625, 556.990966796875, 776.5776977539062]]}