{"labels": [0], "scores": [0.9880871772766113], "bboxes": [[199.5742645263672, 42.58331298828125, 642.3469848632812, 761.0704956054688]]}