{"labels": [0, 0, 0], "scores": [0.9107106924057007, 0.45000317692756653, 0.23589444160461426], "bboxes": [[194.6018829345703, 97.66203308105469, 623.7249145507812, 486.3641357421875], [0.2603759765625, 621.016357421875, 800.0, 798.90625], [8.72314453125, 521.0148315429688, 271.35540771484375, 694.0911254882812]]}