{"labels": [0], "scores": [0.9952243566513062], "bboxes": [[149.0380096435547, 27.223175048828125, 511.679931640625, 706.59765625]]}