{"labels": [0, 0], "scores": [0.9887319803237915, 0.1381177008152008], "bboxes": [[72.93338012695312, 286.8787841796875, 648.6544189453125, 715.1636962890625], [299.2972717285156, 132.3675537109375, 622.251708984375, 453.87603759765625]]}