{"labels": [0], "scores": [0.9990659356117249], "bboxes": [[2.879302978515625, 66.4134521484375, 786.7886962890625, 797.332275390625]]}