{"labels": [0, 0, 0, 0], "scores": [0.973563551902771, 0.0716923400759697, 0.06343897432088852, 0.05590301379561424], "bboxes": [[233.6410369873047, 374.3441162109375, 612.5386352539062, 640.2632446289062], [79.43963623046875, 362.207275390625, 647.5048828125, 721.261474609375], [0.0, 5.829132080078125, 800.0, 800.0], [17.672607421875, 443.39300537109375, 786.8226318359375, 799.3255004882812]]}