{"labels": [0, 0], "scores": [0.9958189129829407, 0.05981368571519852], "bboxes": [[133.73831176757812, 33.353851318359375, 689.5130615234375, 789.3873291015625], [0.0, 199.93267822265625, 120.92634582519531, 450.7327880859375]]}