{"labels": [0, 0], "scores": [0.9984363913536072, 0.38696345686912537], "bboxes": [[139.44503784179688, 17.948806762695312, 607.131103515625, 443.2459716796875], [0.0, 427.3537292480469, 780.7222900390625, 800.0]]}