{"labels": [0, 0, 0], "scores": [0.9971400499343872, 0.3424750566482544, 0.2911370098590851], "bboxes": [[106.88679504394531, 188.5327606201172, 606.169189453125, 666.78173828125], [0.0, 422.58990478515625, 162.412841796875, 663.3357543945312], [562.2396240234375, 208.09361267089844, 615.6142578125, 262.5102233886719]]}