{"labels": [0, 0, 0], "scores": [0.9651488661766052, 0.5884185433387756, 0.5056134462356567], "bboxes": [[80.2152099609375, 249.46710205078125, 739.528076171875, 765.9541625976562], [77.11611938476562, 248.50071716308594, 396.5502624511719, 740.174072265625], [324.2858581542969, 404.9188232421875, 729.14599609375, 766.61328125]]}