{"labels": [0, 0, 0, 0, 0, 0, 0, 0, 0, 0], "scores": [0.9889716506004333, 0.9801944494247437, 0.9751458168029785, 0.9683948159217834, 0.37674805521965027, 0.30255624651908875, 0.11501234024763107, 0.08004946261644363, 0.06708221882581711, 0.06282967329025269], "bboxes": [[441.77740478515625, 578.211181640625, 742.0171508789062, 766.5428466796875], [519.3834838867188, 2.51763916015625, 777.9833374023438, 483.28741455078125], [31.884735107421875, 80.08390808105469, 372.8269348144531, 384.08447265625], [10.650192260742188, 444.0654602050781, 385.6339111328125, 757.1793212890625], [561.87109375, 595.0861206054688, 738.615966796875, 751.0343627929688], [49.55821990966797, 448.7088623046875, 229.40728759765625, 756.400146484375], [34.42327880859375, 86.95135498046875, 172.92816162109375, 303.1195373535156], [438.38763427734375, 576.0841064453125, 595.7953491210938, 773.9671630859375], [139.27096557617188, 459.03875732421875, 367.3735656738281, 708.5137329101562], [18.22429656982422, 447.978515625, 152.94992065429688, 731.4764404296875]]}