{"labels": [0], "scores": [0.9989582300186157], "bboxes": [[6.33349609375, 145.78411865234375, 780.0166015625, 799.6533203125]]}