{"labels": [0, 0, 0], "scores": [0.9897502064704895, 0.8906897902488708, 0.05288428068161011], "bboxes": [[106.02496337890625, 240.10438537597656, 420.5377197265625, 748.377685546875], [447.2037048339844, 249.7098388671875, 680.9291381835938, 608.1048583984375], [400.6592712402344, 217.09295654296875, 734.3782958984375, 760.4014282226562]]}