{"labels": [0, 0], "scores": [0.9976170659065247, 0.07939007878303528], "bboxes": [[29.943267822265625, 184.71585083007812, 544.9141845703125, 710.21044921875], [139.86282348632812, 236.99969482421875, 788.6524658203125, 706.8790893554688]]}