{"labels": [0, 0, 0, 0, 0], "scores": [0.8925109505653381, 0.8713188171386719, 0.6341601014137268, 0.2735634446144104, 0.09226258844137192], "bboxes": [[186.10374450683594, 145.87539672851562, 358.02874755859375, 378.6482849121094], [120.89385986328125, 203.11264038085938, 635.5025634765625, 732.5572509765625], [467.50811767578125, 234.38291931152344, 587.9511108398438, 367.02313232421875], [123.22221374511719, 3.08856201171875, 628.24462890625, 517.4987182617188], [203.88546752929688, 0.0, 563.2825927734375, 349.86517333984375]]}