{"labels": [0, 0, 0, 0, 0, 0, 0, 0], "scores": [0.9938037395477295, 0.9919368028640747, 0.9762208461761475, 0.9739351868629456, 0.9643651247024536, 0.958061933517456, 0.9551792740821838, 0.28628775477409363], "bboxes": [[273.7075500488281, 461.4622802734375, 323.6524963378906, 726.857177734375], [576.4205932617188, 6.323089599609375, 667.7064819335938, 800.0], [65.63335418701172, 463.91802978515625, 115.93175506591797, 748.1870727539062], [169.4104461669922, 465.2735595703125, 222.60899353027344, 745.6492919921875], [118.773193359375, 466.5482177734375, 169.92648315429688, 754.141845703125], [326.66156005859375, 463.6457824707031, 380.38665771484375, 745.82373046875], [226.19273376464844, 460.2900390625, 276.1131286621094, 753.47900390625], [384.7844543457031, 337.03497314453125, 510.4267272949219, 758.1488647460938]]}