{"labels": [0], "scores": [0.9941889047622681], "bboxes": [[118.32919311523438, 95.87646484375, 692.8447265625, 711.0531616210938]]}