{"labels": [0, 0, 0], "scores": [0.987709641456604, 0.13339973986148834, 0.056683674454689026], "bboxes": [[1.898193359375, 29.069000244140625, 800.0, 734.78076171875], [8.79522705078125, 6.2871246337890625, 780.3389282226562, 343.774169921875], [0.0, 76.13700866699219, 417.6705322265625, 249.58106994628906]]}