{"labels": [0, 0, 0], "scores": [0.9892866015434265, 0.2937973141670227, 0.07304417341947556], "bboxes": [[15.74334716796875, 328.71771240234375, 798.1439208984375, 533.453857421875], [14.9539794921875, 109.64909362792969, 792.7376708984375, 547.2792358398438], [122.2637939453125, 461.2926025390625, 183.18865966796875, 510.1429443359375]]}