{"labels": [0, 0], "scores": [0.9965498447418213, 0.9619333148002625], "bboxes": [[178.8742218017578, 24.940780639648438, 651.733154296875, 496.142822265625], [191.779541015625, 532.5189819335938, 630.6769409179688, 771.4378051757812]]}