{"labels": [0, 0, 0, 0, 0, 0], "scores": [0.9701293706893921, 0.9642759561538696, 0.9295523166656494, 0.4735759496688843, 0.3496200442314148, 0.062492482364177704], "bboxes": [[15.975685119628906, 181.67327880859375, 237.15020751953125, 384.24871826171875], [0.0, 14.3394775390625, 796.3678588867188, 788.70947265625], [229.44485473632812, 571.4915161132812, 424.9013977050781, 765.3671264648438], [407.9156494140625, 476.686767578125, 599.7485961914062, 667.68994140625], [570.1182861328125, 219.36782836914062, 784.6636962890625, 453.5444030761719], [309.875732421875, 264.1285400390625, 503.42572021484375, 461.9752197265625]]}