{"labels": [0], "scores": [0.9973313808441162], "bboxes": [[27.16033935546875, 189.615966796875, 669.2215576171875, 536.0824584960938]]}