{"labels": [0, 0, 0, 0, 0, 0], "scores": [0.985658586025238, 0.9565524458885193, 0.61659175157547, 0.41834354400634766, 0.329938143491745, 0.07750647515058517], "bboxes": [[197.54129028320312, 235.3363037109375, 790.64501953125, 780.0145874023438], [36.011322021484375, 242.92593383789062, 399.9725341796875, 635.64013671875], [178.91583251953125, 272.6679992675781, 422.2520751953125, 762.126953125], [385.3331604003906, 253.63473510742188, 654.6519775390625, 771.28857421875], [27.481460571289062, 237.73020935058594, 407.23858642578125, 390.3682861328125], [400.57037353515625, 240.609130859375, 784.9893188476562, 470.836669921875]]}