{"labels": [0], "scores": [0.9979062080383301], "bboxes": [[170.16909790039062, 0.0, 625.7606201171875, 800.0]]}