{"labels": [0], "scores": [0.9996886253356934], "bboxes": [[146.5011444091797, 40.4755859375, 613.3208618164062, 756.5032958984375]]}