{"labels": [0, 0], "scores": [0.9995200634002686, 0.23790006339550018], "bboxes": [[0.0, 6.409893035888672, 693.459716796875, 770.4174194335938], [22.911365509033203, 723.3345336914062, 670.3450927734375, 895.4580078125]]}