{"labels": [0], "scores": [0.9977502226829529], "bboxes": [[33.442138671875, 239.9302520751953, 768.9429931640625, 616.174072265625]]}