{"labels": [0, 0, 0, 0, 0], "scores": [0.9418162703514099, 0.9336064457893372, 0.9268675446510315, 0.3286694288253784, 0.11047619581222534], "bboxes": [[268.4112854003906, 527.706298828125, 525.0589599609375, 707.943359375], [0.8467483520507812, 532.8016357421875, 242.537353515625, 704.719482421875], [533.6063842773438, 534.7999267578125, 777.6118774414062, 708.6434326171875], [264.11248779296875, 2.6578903198242188, 527.45703125, 241.45877075195312], [0.0, 13.478607177734375, 800.0, 800.0]]}