{"labels": [0, 0, 0], "scores": [0.9222730994224548, 0.8496115207672119, 0.7796811461448669], "bboxes": [[12.822540283203125, 102.32670593261719, 396.3247985839844, 588.829345703125], [13.99517822265625, 109.57235717773438, 783.6312866210938, 754.270751953125], [231.60797119140625, 474.84918212890625, 781.8665771484375, 760.8489379882812]]}