{"labels": [0, 0], "scores": [0.9847635626792908, 0.2780463993549347], "bboxes": [[2.573974609375, 4.81536865234375, 593.8131103515625, 615.7213134765625], [196.77940368652344, 622.0777587890625, 392.1658935546875, 787.5869140625]]}