{"labels": [0, 0, 0, 0, 0, 0], "scores": [0.9961810111999512, 0.6799038648605347, 0.5310882925987244, 0.4192848801612854, 0.2504764497280121, 0.13295602798461914], "bboxes": [[218.11351013183594, 48.54425048828125, 486.57763671875, 750.6184692382812], [41.879417419433594, 521.175537109375, 235.46783447265625, 717.455322265625], [74.30755615234375, 527.556884765625, 110.20075988769531, 699.50732421875], [118.28662872314453, 527.4791870117188, 161.55975341796875, 694.8270874023438], [147.62777709960938, 525.1290893554688, 225.22860717773438, 710.0923461914062], [56.514774322509766, 524.2601318359375, 156.84103393554688, 710.4102783203125]]}