{"labels": [0, 0], "scores": [0.9725989699363708, 0.09691925346851349], "bboxes": [[174.38706970214844, 33.4320068359375, 655.3681030273438, 391.5423583984375], [71.44143676757812, 296.488037109375, 652.5506591796875, 790.9273681640625]]}