{"labels": [0], "scores": [0.9922884106636047], "bboxes": [[193.2296600341797, 111.14077758789062, 689.669189453125, 757.53173828125]]}