{"labels": [0], "scores": [0.9989268183708191], "bboxes": [[61.71868896484375, 53.2003173828125, 739.0919799804688, 740.2491455078125]]}