{"labels": [0], "scores": [0.9985914826393127], "bboxes": [[50.774383544921875, 320.96429443359375, 746.979736328125, 567.1213989257812]]}