{"labels": [0, 0, 0], "scores": [0.9931879043579102, 0.6413763165473938, 0.051747411489486694], "bboxes": [[22.67169189453125, 101.77560424804688, 766.2859497070312, 685.2615966796875], [501.4440002441406, 296.5455322265625, 766.1485595703125, 492.96435546875], [270.803466796875, 291.33953857421875, 761.6385498046875, 680.9512329101562]]}