{"labels": [0], "scores": [0.9954148530960083], "bboxes": [[48.93310546875, 282.276611328125, 709.7559814453125, 785.3160400390625]]}