{"labels": [0], "scores": [0.998505711555481], "bboxes": [[0.0, 104.866943359375, 800.0, 774.10205078125]]}