{"labels": [0], "scores": [0.9976887702941895], "bboxes": [[243.52801513671875, 13.6944580078125, 556.177978515625, 795.548095703125]]}