{"labels": [0, 0, 0, 0, 0, 0, 0], "scores": [0.9614699482917786, 0.2247256338596344, 0.08595002442598343, 0.08551359176635742, 0.07824640721082687, 0.06563660502433777, 0.0637703388929367], "bboxes": [[127.42181396484375, 154.396484375, 546.949951171875, 743.1891479492188], [132.88525390625, 654.4454345703125, 506.89111328125, 782.787109375], [439.1783752441406, 311.39990234375, 799.47998046875, 776.1072998046875], [243.62521362304688, 376.7613525390625, 539.7904052734375, 543.6549072265625], [213.76641845703125, 384.0741882324219, 530.6520385742188, 698.74853515625], [77.55886840820312, 381.46661376953125, 599.8228759765625, 794.8878784179688], [180.3976287841797, 260.75360107421875, 540.5498657226562, 536.5271606445312]]}