{"labels": [0, 0, 0], "scores": [0.985681414604187, 0.1336517333984375, 0.07300649583339691], "bboxes": [[73.3597412109375, 301.0079345703125, 694.42529296875, 687.3355102539062], [187.03021240234375, 101.0296630859375, 361.85009765625, 319.3793640136719], [0.0, 118.32202911376953, 159.81105041503906, 318.177001953125]]}