{"labels": [0], "scores": [0.9803526401519775], "bboxes": [[270.43603515625, 86.4161376953125, 551.597412109375, 703.1165771484375]]}