{"labels": [0, 0], "scores": [0.9933770298957825, 0.6285116672515869], "bboxes": [[189.08493041992188, 106.35537719726562, 717.8704833984375, 799.8724365234375], [528.164794921875, 50.30169677734375, 794.7333984375, 780.0654907226562]]}