{"labels": [0], "scores": [0.9967074394226074], "bboxes": [[112.75332641601562, 52.46954345703125, 677.603271484375, 685.006103515625]]}