{"labels": [0], "scores": [0.9991151690483093], "bboxes": [[26.1329345703125, 162.77992248535156, 776.9622192382812, 652.5001220703125]]}