{"labels": [0], "scores": [0.9955377578735352], "bboxes": [[46.356658935546875, 312.6331787109375, 743.2408447265625, 751.840087890625]]}