{"labels": [0, 0, 0, 0, 0], "scores": [0.9640699625015259, 0.9063432216644287, 0.7035422325134277, 0.059050045907497406, 0.05047444999217987], "bboxes": [[0.0, 19.49639892578125, 800.0, 773.543212890625], [351.7317810058594, 0.0955810546875, 748.2554931640625, 232.46177673339844], [0.0, 25.012054443359375, 421.33221435546875, 523.6273193359375], [11.549591064453125, 448.834228515625, 789.6138916015625, 798.33642578125], [164.5904541015625, 17.946212768554688, 763.7802124023438, 456.2401123046875]]}