{"labels": [0], "scores": [0.9967556595802307], "bboxes": [[223.03477478027344, 55.35565185546875, 524.5396118164062, 682.8067626953125]]}