{"labels": [0], "scores": [0.9995904564857483], "bboxes": [[0.0, 100.93136596679688, 799.9804077148438, 800.0]]}