{"labels": [0], "scores": [0.9986005425453186], "bboxes": [[180.1508331298828, 0.0, 620.6368408203125, 796.06201171875]]}