{"labels": [0], "scores": [0.9989104270935059], "bboxes": [[34.9071044921875, 213.6573486328125, 758.7451171875, 769.1354370117188]]}