{"labels": [0], "scores": [0.9994094371795654], "bboxes": [[0.0, 4.416259765625, 798.6611328125, 788.950927734375]]}