{"labels": [0], "scores": [0.9976354837417603], "bboxes": [[214.0758056640625, 52.295623779296875, 583.6286010742188, 747.1416015625]]}