{"labels": [0, 0, 0, 0], "scores": [0.9300572872161865, 0.873907744884491, 0.8262302875518799, 0.1868569701910019], "bboxes": [[10.0966796875, 335.2891540527344, 256.4229431152344, 624.78662109375], [245.3968963623047, 328.5565185546875, 529.3655395507812, 616.3623046875], [521.6841430664062, 336.3332824707031, 784.3833618164062, 631.052978515625], [78.85748291015625, 338.6778259277344, 768.9913330078125, 635.609619140625]]}