{"labels": [0], "scores": [0.9960178732872009], "bboxes": [[202.70697021484375, 114.29483032226562, 597.3607177734375, 684.8463134765625]]}