{"labels": [0, 0, 0, 0], "scores": [0.9963834285736084, 0.9949958324432373, 0.9909228682518005, 0.34687596559524536], "bboxes": [[26.169921875, 391.6562194824219, 561.3731689453125, 777.0826416015625], [31.145248413085938, 253.475341796875, 407.81982421875, 538.6817626953125], [388.71075439453125, 20.8419189453125, 790.3787231445312, 694.2527465820312], [93.2630615234375, 144.1988525390625, 670.4187622070312, 728.5890502929688]]}