{"labels": [0, 0], "scores": [0.9963235855102539, 0.6012641191482544], "bboxes": [[243.662109375, 279.5697937011719, 521.1744384765625, 590.192138671875], [187.303955078125, 651.001220703125, 494.4765625, 776.681884765625]]}