{"labels": [0], "scores": [0.9974172115325928], "bboxes": [[160.8137664794922, 32.071533203125, 644.2692260742188, 753.6497192382812]]}