{"labels": [0, 0], "scores": [0.9916483163833618, 0.23345626890659332], "bboxes": [[251.92636108398438, 73.62777709960938, 529.886962890625, 729.7769775390625], [260.26513671875, 68.60140991210938, 527.824462890625, 329.6349182128906]]}