{"labels": [0], "scores": [0.9984548091888428], "bboxes": [[23.399322509765625, 98.1685791015625, 800.0, 724.6604614257812]]}