{"labels": [0, 0, 0], "scores": [0.9709187746047974, 0.3156607747077942, 0.09605088084936142], "bboxes": [[144.57655334472656, 343.6047058105469, 441.39910888671875, 759.813720703125], [303.5406494140625, 176.87966918945312, 766.9293212890625, 758.5166015625], [5.339630126953125, 55.578369140625, 789.76318359375, 777.2930297851562]]}