{"labels": [0, 0, 0, 0, 0, 0, 0, 0, 0, 0, 0, 0], "scores": [0.9485130906105042, 0.6054851412773132, 0.5015736818313599, 0.30635473132133484, 0.2781035304069519, 0.1706576645374298, 0.16196703910827637, 0.14991283416748047, 0.12309755384922028, 0.08033622056245804, 0.0658046305179596, 0.06387048959732056], "bboxes": [[0.0, 41.23565673828125, 780.1470947265625, 742.5192260742188], [283.7147216796875, 451.74920654296875, 522.6401977539062, 603.3900756835938], [215.08819580078125, 356.66180419921875, 390.5120849609375, 523.1544799804688], [305.4502258300781, 268.56982421875, 499.5476379394531, 420.43829345703125], [4.53900146484375, 410.25225830078125, 758.2074584960938, 726.1078491210938], [189.03199768066406, 581.8299560546875, 403.3585205078125, 716.649169921875], [674.2766723632812, 298.7533264160156, 781.4606323242188, 393.0874328613281], [391.8368835449219, 354.40057373046875, 594.299072265625, 497.27557373046875], [3.63519287109375, 33.545074462890625, 696.1808471679688, 435.92010498046875], [386.5092468261719, 547.1353149414062, 596.6353149414062, 711.8601684570312], [681.2359008789062, 401.587158203125, 762.7935180664062, 482.392578125], [211.5399169921875, 316.96112060546875, 580.2074584960938, 526.6080322265625]]}