{"labels": [0, 0, 0], "scores": [0.9937170743942261, 0.24365338683128357, 0.19620539247989655], "bboxes": [[316.09063720703125, 51.396942138671875, 506.76318359375, 664.1995849609375], [0.0, 208.9481964111328, 141.25250244140625, 460.71209716796875], [598.619140625, 274.84307861328125, 800.0, 711.8094482421875]]}