{"labels": [0], "scores": [0.9961108565330505], "bboxes": [[66.69400024414062, 152.79345703125, 620.1585693359375, 615.6583862304688]]}