{"labels": [0, 0, 0], "scores": [0.9382359385490417, 0.3465847671031952, 0.15198683738708496], "bboxes": [[94.29556274414062, 232.87454223632812, 709.6396484375, 795.8822021484375], [397.0277099609375, 281.0168151855469, 572.0648803710938, 439.8940124511719], [167.44998168945312, 234.54525756835938, 620.5189208984375, 465.0868835449219]]}