{"labels": [0, 0, 0, 0, 0, 0], "scores": [0.8257501721382141, 0.20234717428684235, 0.09941322356462479, 0.09905789792537689, 0.07601671665906906, 0.06576119363307953], "bboxes": [[40.308319091796875, 364.87725830078125, 797.30908203125, 796.3075561523438], [54.49456787109375, 218.08465576171875, 779.7192993164062, 501.10955810546875], [343.0469970703125, 429.5508728027344, 782.747802734375, 794.50146484375], [37.34429931640625, 5.4883270263671875, 690.5601196289062, 326.80706787109375], [453.47930908203125, 0.0, 754.4171752929688, 302.4197692871094], [57.43641662597656, 459.911376953125, 507.9356689453125, 795.5428466796875]]}