{"labels": [0, 0], "scores": [0.9978930354118347, 0.0546080656349659], "bboxes": [[74.61883544921875, 124.037353515625, 738.4879760742188, 779.4569702148438], [459.2295837402344, 256.15753173828125, 680.1546630859375, 433.347412109375]]}