{"labels": [0], "scores": [0.995725154876709], "bboxes": [[207.10633850097656, 30.354461669921875, 586.7828979492188, 777.62158203125]]}