{"labels": [0, 0], "scores": [0.9961526989936829, 0.11939021944999695], "bboxes": [[0.0, 159.0863037109375, 797.59130859375, 800.0], [14.027740478515625, 132.15589904785156, 719.37939453125, 432.54754638671875]]}