{"labels": [0, 0], "scores": [0.9940018057823181, 0.06806310266256332], "bboxes": [[83.13067626953125, 91.91348266601562, 723.6375122070312, 678.8388671875], [284.97613525390625, 7.8286285400390625, 800.0, 519.467529296875]]}