{"labels": [0], "scores": [0.998433530330658], "bboxes": [[37.1314697265625, 217.44232177734375, 761.6482543945312, 634.6508178710938]]}