{"labels": [0], "scores": [0.9990480542182922], "bboxes": [[9.45794677734375, 29.429595947265625, 800.0, 782.002197265625]]}