{"labels": [0, 0], "scores": [0.9985318183898926, 0.061531051993370056], "bboxes": [[57.389007568359375, 74.11434936523438, 781.49072265625, 786.5855712890625], [58.67259216308594, 142.61688232421875, 309.62615966796875, 484.3387451171875]]}