{"labels": [0, 0], "scores": [0.9943289160728455, 0.9914923310279846], "bboxes": [[52.004547119140625, 38.344696044921875, 322.2510070800781, 656.94091796875], [474.23846435546875, 47.505828857421875, 770.4843139648438, 654.4853515625]]}