{"labels": [0], "scores": [0.9995274543762207], "bboxes": [[9.713104248046875, 44.39263916015625, 783.10498046875, 723.63232421875]]}