{"labels": [0, 0, 0], "scores": [0.9864991903305054, 0.9782394766807556, 0.07847960293292999], "bboxes": [[390.19915771484375, 326.48968505859375, 663.0523071289062, 526.2686767578125], [77.92001342773438, 370.4776916503906, 376.1068420410156, 593.1663818359375], [53.291961669921875, 258.52789306640625, 705.705078125, 652.34619140625]]}