{"labels": [0], "scores": [0.9985270500183105], "bboxes": [[241.29371643066406, 13.435821533203125, 593.3406982421875, 773.269287109375]]}