{"labels": [0], "scores": [0.9956812858581543], "bboxes": [[309.73260498046875, 0.0, 596.9871215820312, 696.5806884765625]]}