{"labels": [0], "scores": [0.9969630837440491], "bboxes": [[66.43630981445312, 46.077239990234375, 755.12939453125, 740.7662353515625]]}