{"labels": [0], "scores": [0.9979666471481323], "bboxes": [[78.6373291015625, 76.94610595703125, 709.0537109375, 758.1002807617188]]}