{"labels": [0, 0, 0], "scores": [0.9975547194480896, 0.3055945634841919, 0.09632232040166855], "bboxes": [[262.38153076171875, 135.38645935058594, 698.184814453125, 890.2001342773438], [0.0, 392.26885986328125, 297.8434753417969, 892.0618896484375], [0.0, 198.5574951171875, 242.5282745361328, 757.0779418945312]]}