{"labels": [0], "scores": [0.9982038736343384], "bboxes": [[91.99163818359375, 1.476715087890625, 711.1649169921875, 544.61572265625]]}