{"labels": [0], "scores": [0.9976400136947632], "bboxes": [[103.75930786132812, 28.377593994140625, 683.4666748046875, 800.0]]}