{"labels": [0], "scores": [0.9992355108261108], "bboxes": [[112.1370849609375, 0.0, 680.4912719726562, 797.3753662109375]]}