{"labels": [0], "scores": [0.9988490343093872], "bboxes": [[4.018463134765625, 172.91567993164062, 790.963134765625, 652.1005859375]]}