{"labels": [0, 0, 0], "scores": [0.9973775148391724, 0.3102045953273773, 0.0635911300778389], "bboxes": [[148.87112426757812, 274.1756896972656, 732.357666015625, 763.94677734375], [202.3194580078125, 0.0, 729.7250366210938, 417.9569091796875], [163.29830932617188, 262.6346435546875, 474.4386901855469, 730.68505859375]]}