{"labels": [0], "scores": [0.9890917539596558], "bboxes": [[160.633544921875, 190.77288818359375, 676.8841552734375, 697.654541015625]]}