{"labels": [0, 0], "scores": [0.9800731539726257, 0.8966156840324402], "bboxes": [[174.971923828125, 69.54011535644531, 685.9435424804688, 453.94622802734375], [34.314544677734375, 148.70184326171875, 639.125732421875, 734.74267578125]]}