{"labels": [0, 0], "scores": [0.9938462376594543, 0.992500364780426], "bboxes": [[445.455322265625, 28.392303466796875, 629.5438232421875, 789.85400390625], [151.8933563232422, 20.6583251953125, 413.2801513671875, 797.0384521484375]]}