{"labels": [0, 0, 0, 0], "scores": [0.995796799659729, 0.9601808786392212, 0.10475456714630127, 0.059222299605607986], "bboxes": [[0.0, 185.88885498046875, 342.7760925292969, 610.4742431640625], [449.18402099609375, 360.75341796875, 699.1416625976562, 666.375244140625], [329.11328125, 370.0785827636719, 634.664306640625, 894.6732177734375], [0.0, 117.00785827636719, 403.2469482421875, 890.9188842773438]]}