{"labels": [0], "scores": [0.999110758304596], "bboxes": [[8.583465576171875, 165.2278594970703, 787.6041259765625, 635.535888671875]]}