{"labels": [0], "scores": [0.9978122711181641], "bboxes": [[11.131674766540527, 162.81085205078125, 692.5684814453125, 538.9646606445312]]}