{"labels": [0, 0], "scores": [0.9966112971305847, 0.08271124958992004], "bboxes": [[5.3408966064453125, 281.23211669921875, 613.3975219726562, 896.0], [127.009765625, 166.1934814453125, 682.74755859375, 494.55731201171875]]}