{"labels": [0, 0, 0], "scores": [0.9988235831260681, 0.17286644876003265, 0.06326919049024582], "bboxes": [[185.1702423095703, 196.34304809570312, 477.15643310546875, 726.8410034179688], [67.76358795166016, 466.7452697753906, 156.32464599609375, 556.4563598632812], [462.62347412109375, 617.199951171875, 699.7574462890625, 896.0]]}