{"labels": [0, 0, 0, 0], "scores": [0.9704288244247437, 0.8978777527809143, 0.6909912824630737, 0.21768337488174438], "bboxes": [[160.49237060546875, 389.8310546875, 656.2576293945312, 717.6275634765625], [136.29238891601562, 122.04196166992188, 653.6591796875, 669.915283203125], [310.95751953125, 102.78717041015625, 650.4700317382812, 482.6680908203125], [2.6116485595703125, 139.23634338378906, 463.26666259765625, 515.6007690429688]]}