{"labels": [0, 0], "scores": [0.991183876991272, 0.14981135725975037], "bboxes": [[258.0027160644531, 231.99313354492188, 547.8099365234375, 747.624267578125], [609.6654663085938, 564.2290649414062, 665.6062622070312, 694.4816284179688]]}