{"labels": [0], "scores": [0.9927063584327698], "bboxes": [[292.5777587890625, 61.79345703125, 504.4029541015625, 751.4236450195312]]}