{"labels": [0, 0], "scores": [0.9859894514083862, 0.24181747436523438], "bboxes": [[123.9205322265625, 52.040435791015625, 624.9524536132812, 800.0], [198.89190673828125, 375.4034423828125, 631.1829833984375, 800.0]]}