{"labels": [0, 0, 0, 0, 0, 0, 0, 0], "scores": [0.8762975335121155, 0.8714762330055237, 0.8622143864631653, 0.6699668765068054, 0.25713980197906494, 0.1639864444732666, 0.15677312016487122, 0.13170282542705536], "bboxes": [[66.22821044921875, 191.47808837890625, 478.2529296875, 730.5133056640625], [457.6947937011719, 187.94818115234375, 797.2181396484375, 550.6957397460938], [408.19012451171875, 409.88531494140625, 756.5928344726562, 778.4266967773438], [83.62413024902344, 179.67840576171875, 451.9827880859375, 377.072998046875], [366.25714111328125, 84.37619018554688, 782.9535522460938, 659.787109375], [152.27545166015625, 296.1470642089844, 737.6448364257812, 762.7645263671875], [509.6732177734375, 190.89857482910156, 709.1424560546875, 378.4127197265625], [83.20918273925781, 305.128173828125, 454.24505615234375, 599.864013671875]]}