{"labels": [0], "scores": [0.9772735238075256], "bboxes": [[188.58633422851562, 157.18521118164062, 542.247314453125, 794.05517578125]]}