{"labels": [0, 0], "scores": [0.9928880333900452, 0.16598261892795563], "bboxes": [[204.10609436035156, 47.31403350830078, 487.62396240234375, 783.5874633789062], [193.07354736328125, 607.57470703125, 394.5994873046875, 888.70361328125]]}