{"labels": [0, 0, 0, 0], "scores": [0.9986523985862732, 0.3252998888492584, 0.0773729681968689, 0.06602183729410172], "bboxes": [[50.30595779418945, 30.966663360595703, 696.4541015625, 788.87255859375], [111.72808837890625, 689.8322143554688, 588.2073364257812, 892.1041259765625], [470.02874755859375, 456.16375732421875, 527.7540893554688, 531.9036254882812], [92.14950561523438, 530.2320556640625, 576.7737426757812, 877.45166015625]]}