{"labels": [0, 0], "scores": [0.9967177510261536, 0.20076614618301392], "bboxes": [[15.640289306640625, 14.764984130859375, 722.2542724609375, 787.220703125], [18.166519165039062, 236.65594482421875, 512.96435546875, 787.8637084960938]]}