{"labels": [0, 0, 0], "scores": [0.9214274287223816, 0.3800313472747803, 0.2539907693862915], "bboxes": [[7.803314208984375, 303.6435546875, 722.198974609375, 795.715087890625], [5.082366943359375, 149.60797119140625, 794.0069580078125, 480.14996337890625], [3.5670318603515625, 328.63348388671875, 354.64105224609375, 786.8735961914062]]}