{"labels": [0], "scores": [0.9957203269004822], "bboxes": [[75.95391845703125, 136.25753784179688, 724.3856811523438, 681.7847900390625]]}