{"labels": [0, 0, 0, 0], "scores": [0.9931156039237976, 0.13176138699054718, 0.12262309342622757, 0.05346943810582161], "bboxes": [[129.3018798828125, 0.521942138671875, 678.6337890625, 800.0], [216.71109008789062, 390.30841064453125, 668.94677734375, 778.7302856445312], [132.9634552001953, 6.0454254150390625, 615.138671875, 460.13177490234375], [349.2686767578125, 471.91851806640625, 655.0929565429688, 734.4437866210938]]}