{"labels": [0], "scores": [0.9974489808082581], "bboxes": [[135.31356811523438, 138.40145874023438, 651.848388671875, 718.274169921875]]}