{"labels": [0, 0], "scores": [0.9522597789764404, 0.6649044156074524], "bboxes": [[49.629302978515625, 55.81610107421875, 792.5284423828125, 792.6113891601562], [77.2020263671875, 228.81085205078125, 739.317626953125, 484.23455810546875]]}