{"labels": [0, 0, 0], "scores": [0.9961001873016357, 0.24418798089027405, 0.11728015542030334], "bboxes": [[3.615020751953125, 312.6858825683594, 759.3941650390625, 535.2777709960938], [0.0, 438.43084716796875, 793.3143310546875, 793.0194702148438], [134.5542449951172, 472.54559326171875, 339.5533447265625, 612.3013305664062]]}