{"labels": [0, 0, 0, 0], "scores": [0.9303149580955505, 0.5433796048164368, 0.2694539427757263, 0.15667632222175598], "bboxes": [[111.14715576171875, 235.19287109375, 529.58642578125, 631.6771850585938], [554.0834350585938, 99.63227844238281, 798.2153930664062, 362.54791259765625], [58.72918701171875, 99.27777099609375, 779.7364501953125, 650.8612060546875], [123.22782897949219, 493.5460205078125, 193.6422576904297, 576.50048828125]]}