{"labels": [0], "scores": [0.9994305968284607], "bboxes": [[1.752375602722168, 112.21258544921875, 691.1189575195312, 621.2852172851562]]}