{"labels": [0, 0, 0], "scores": [0.9653626084327698, 0.9609566926956177, 0.5303918123245239], "bboxes": [[402.0396728515625, 252.1188201904297, 724.8358154296875, 666.9945068359375], [96.61380004882812, 351.8901672363281, 453.4217224121094, 718.5919189453125], [128.373779296875, 254.54592895507812, 709.9577026367188, 713.8214111328125]]}