{"labels": [0, 0], "scores": [0.9909853935241699, 0.9835329055786133], "bboxes": [[113.37922668457031, 32.02105712890625, 496.70574951171875, 792.8801879882812], [488.3322448730469, 110.313232421875, 670.764892578125, 789.9773559570312]]}