{"labels": [0, 0, 0], "scores": [0.9706217050552368, 0.44456741213798523, 0.10297536849975586], "bboxes": [[15.5831298828125, 35.740020751953125, 759.66845703125, 737.863525390625], [358.8307800292969, 106.90008544921875, 752.7127685546875, 684.6275024414062], [19.57373046875, 14.504837036132812, 758.5516357421875, 353.087158203125]]}