{"labels": [0, 0], "scores": [0.9956963062286377, 0.3825611174106598], "bboxes": [[19.142822265625, 255.84048461914062, 800.0, 555.955810546875], [21.364639282226562, 255.3412628173828, 388.0665283203125, 557.1593627929688]]}