{"labels": [0, 0, 0, 0, 0], "scores": [0.9440352916717529, 0.8738939166069031, 0.36299562454223633, 0.2090853452682495, 0.1591019481420517], "bboxes": [[180.3389892578125, 237.64572143554688, 724.5498657226562, 734.76953125], [18.08416748046875, 221.43649291992188, 396.7061462402344, 798.74755859375], [532.8955078125, 261.8956604003906, 788.41015625, 657.840576171875], [275.80218505859375, 0.93310546875, 568.115478515625, 147.9983673095703], [411.06597900390625, 233.0228271484375, 705.4633178710938, 640.5338134765625]]}