{"labels": [0, 0, 0, 0, 0], "scores": [0.9917077422142029, 0.7996450662612915, 0.1582689881324768, 0.14087584614753723, 0.06341399252414703], "bboxes": [[267.7774658203125, 5.83624267578125, 795.284423828125, 593.9008178710938], [30.16143798828125, 567.4208984375, 261.4912109375, 789.92431640625], [108.64114379882812, 78.12850952148438, 720.7496337890625, 772.3839111328125], [58.14020919799805, 582.7730102539062, 178.8928680419922, 779.3063354492188], [120.80796813964844, 11.492034912109375, 502.413330078125, 667.681884765625]]}