{"labels": [0, 0], "scores": [0.8579844832420349, 0.2480591982603073], "bboxes": [[153.55255126953125, 15.208892822265625, 785.3242797851562, 772.0394287109375], [149.1108856201172, 103.5919189453125, 591.1027221679688, 646.173583984375]]}