{"labels": [0, 0], "scores": [0.9972792267799377, 0.8376358151435852], "bboxes": [[165.26675415039062, 90.68327331542969, 466.4193115234375, 751.7359619140625], [457.224609375, 190.98826599121094, 698.5458984375, 881.2261352539062]]}