{"labels": [0], "scores": [0.9979937076568604], "bboxes": [[87.44842529296875, 140.92648315429688, 707.6087036132812, 703.4984130859375]]}