{"labels": [0], "scores": [0.9973587393760681], "bboxes": [[4.4466552734375, 116.42420959472656, 792.7620849609375, 568.0056762695312]]}