{"labels": [0], "scores": [0.9970340728759766], "bboxes": [[0.0, 60.070220947265625, 541.011962890625, 800.0]]}