{"labels": [0], "scores": [0.9989913105964661], "bboxes": [[71.34378051757812, 85.79623413085938, 722.6175537109375, 731.0635986328125]]}