{"labels": [0, 0], "scores": [0.9770308136940002, 0.05296491086483002], "bboxes": [[17.34130859375, 276.0791015625, 797.3087158203125, 790.74072265625], [0.0, 151.47581481933594, 758.4908447265625, 552.809326171875]]}