{"labels": [0], "scores": [0.9992073178291321], "bboxes": [[70.3126220703125, 124.20208740234375, 722.9838256835938, 704.1214599609375]]}