{"labels": [0, 0], "scores": [0.9933998584747314, 0.5783262848854065], "bboxes": [[70.59886169433594, 112.92298889160156, 682.083251953125, 771.7275390625], [9.645641326904297, 136.4836883544922, 294.9116516113281, 775.5632934570312]]}