{"labels": [0], "scores": [0.9986103773117065], "bboxes": [[77.04852294921875, 72.87875366210938, 725.515869140625, 758.568115234375]]}