{"labels": [0], "scores": [0.9973092079162598], "bboxes": [[206.98489379882812, 260.498291015625, 593.181884765625, 748.5487060546875]]}