{"labels": [0], "scores": [0.9992595314979553], "bboxes": [[79.85873413085938, 61.165863037109375, 791.3951416015625, 748.1822509765625]]}