{"labels": [0], "scores": [0.9967073202133179], "bboxes": [[87.91278076171875, 94.41854858398438, 783.172119140625, 691.1378173828125]]}