{"labels": [0], "scores": [0.996557354927063], "bboxes": [[101.71875, 288.55255126953125, 607.1392211914062, 692.2098999023438]]}