{"labels": [0], "scores": [0.9980371594429016], "bboxes": [[71.63473510742188, 114.056640625, 642.432373046875, 648.7091674804688]]}