{"labels": [0, 0, 0], "scores": [0.9928745031356812, 0.9915056824684143, 0.9898277521133423], "bboxes": [[421.2737731933594, 119.57671356201172, 775.864013671875, 329.7532958984375], [26.53515625, 102.98777770996094, 395.7007141113281, 327.3682861328125], [224.19180297851562, 444.3690185546875, 575.230224609375, 685.298828125]]}