{"labels": [0], "scores": [0.9986138343811035], "bboxes": [[155.59219360351562, 180.93869018554688, 565.0126342773438, 855.5379638671875]]}