{"labels": [0, 0], "scores": [0.9784265756607056, 0.1506943255662918], "bboxes": [[242.54678344726562, 11.23583984375, 555.2679443359375, 800.0], [401.0238037109375, 292.1776123046875, 518.05517578125, 711.3748168945312]]}