{"labels": [0, 0, 0], "scores": [0.9970570802688599, 0.12664440274238586, 0.05558105930685997], "bboxes": [[91.093994140625, 0.0, 707.1279907226562, 795.813720703125], [167.4932403564453, 640.6827392578125, 267.79217529296875, 732.7069091796875], [94.14193725585938, 78.21438598632812, 356.2657775878906, 718.9620361328125]]}