{"labels": [0], "scores": [0.9989686012268066], "bboxes": [[28.689422607421875, 186.7806396484375, 758.604736328125, 648.9093627929688]]}