{"labels": [0, 0, 0, 0, 0], "scores": [0.9933497309684753, 0.948494017124176, 0.8808378577232361, 0.07886497676372528, 0.0538131408393383], "bboxes": [[18.80718994140625, 9.886688232421875, 786.4495849609375, 759.2794189453125], [183.17691040039062, 307.5355224609375, 391.6453552246094, 737.534912109375], [43.62024688720703, 592.5792236328125, 213.79849243164062, 769.2388916015625], [24.7423095703125, 24.247589111328125, 783.0543212890625, 358.7741394042969], [80.36338806152344, 284.53741455078125, 506.46539306640625, 759.5280151367188]]}