{"labels": [0, 0], "scores": [0.9955222606658936, 0.5199184417724609], "bboxes": [[186.45904541015625, 206.7689666748047, 607.3011474609375, 704.0720825195312], [267.5679931640625, 673.7322387695312, 547.0189208984375, 799.2927856445312]]}