{"labels": [0, 0, 0, 0], "scores": [0.9276087284088135, 0.8862019777297974, 0.5131981372833252, 0.15314291417598724], "bboxes": [[70.87814331054688, 228.00567626953125, 448.2697448730469, 626.4773559570312], [334.6819152832031, 170.30654907226562, 760.4295654296875, 602.42138671875], [46.5555419921875, 81.46624755859375, 748.39208984375, 637.8935546875], [23.27752685546875, 0.0, 507.53826904296875, 556.4448852539062]]}