{"labels": [0, 0, 0, 0, 0, 0, 0, 0, 0], "scores": [0.9889031052589417, 0.5589929819107056, 0.5329519510269165, 0.4639938771724701, 0.33769381046295166, 0.33547332882881165, 0.13661077618598938, 0.1273367553949356, 0.09673957526683807], "bboxes": [[4.67840576171875, 229.0244598388672, 244.7945098876953, 722.9412841796875], [537.8532104492188, 261.1817932128906, 616.9894409179688, 361.7410583496094], [320.30145263671875, 411.6427001953125, 475.29730224609375, 541.4776611328125], [677.5086059570312, 196.87734985351562, 757.8131713867188, 357.8658752441406], [343.99951171875, 580.31396484375, 459.79644775390625, 686.2623291015625], [68.64859008789062, 72.77471923828125, 788.012939453125, 739.8435668945312], [541.6788330078125, 409.0126953125, 609.245849609375, 543.1967163085938], [661.4457397460938, 573.8876953125, 777.6282348632812, 690.197265625], [683.2435302734375, 388.6246337890625, 752.5899658203125, 554.7255249023438]]}