{"labels": [0], "scores": [0.9980789422988892], "bboxes": [[30.538177490234375, 150.2530517578125, 766.0767822265625, 513.6974487304688]]}