{"labels": [0], "scores": [0.9979221224784851], "bboxes": [[23.35137939453125, 96.0892333984375, 761.6644897460938, 614.7374267578125]]}