{"labels": [0], "scores": [0.9961599111557007], "bboxes": [[17.91900634765625, 118.38189697265625, 764.6394653320312, 761.3009033203125]]}