{"labels": [0], "scores": [0.9987183809280396], "bboxes": [[96.80184936523438, 151.27703857421875, 758.8466796875, 666.4368286132812]]}