{"labels": [0], "scores": [0.9586727619171143], "bboxes": [[306.40350341796875, 28.9681396484375, 477.78826904296875, 772.6151733398438]]}