{"labels": [0, 0, 0, 0, 0], "scores": [0.9956104159355164, 0.9952647686004639, 0.98698890209198, 0.9695581197738647, 0.11500508338212967], "bboxes": [[215.3524169921875, 275.7021484375, 467.1314697265625, 558.2783203125], [347.864501953125, 272.5029296875, 632.9448852539062, 499.6932373046875], [103.36264038085938, 305.66973876953125, 353.5433654785156, 591.030029296875], [504.25262451171875, 252.0758819580078, 733.4806518554688, 429.63275146484375], [158.92445373535156, 270.98370361328125, 645.6463623046875, 543.0415649414062]]}