{"labels": [0], "scores": [0.9984922409057617], "bboxes": [[6.13482666015625, 130.6890869140625, 796.8447265625, 667.9952392578125]]}