{"labels": [0, 0, 0, 0, 0, 0, 0, 0, 0, 0, 0, 0, 0, 0, 0, 0], "scores": [0.8845365047454834, 0.4734080731868744, 0.3970412015914917, 0.35104042291641235, 0.31585583090782166, 0.19820228219032288, 0.1851077675819397, 0.17535129189491272, 0.16975875198841095, 0.14410802721977234, 0.13439615070819855, 0.1220826655626297, 0.07392022013664246, 0.06721536070108414, 0.0606306716799736, 0.05825503543019295], "bboxes": [[70.11503601074219, 2.085540771484375, 200.10533142089844, 277.074462890625], [190.8660888671875, 627.33349609375, 295.4429016113281, 788.963134765625], [395.8043518066406, 72.29468536376953, 490.5788879394531, 270.1610107421875], [2.7822418212890625, 77.84820556640625, 116.53797912597656, 283.6016540527344], [0.0, 255.95970153808594, 430.78424072265625, 719.6529541015625], [384.1224365234375, 453.2067565917969, 794.739013671875, 797.5164794921875], [147.58204650878906, 120.10681915283203, 263.82550048828125, 297.9645690917969], [488.51470947265625, 462.11700439453125, 770.9797973632812, 593.7937622070312], [0.0, 277.29150390625, 377.1993103027344, 529.485107421875], [82.38197326660156, 420.40362548828125, 403.06927490234375, 708.9368286132812], [666.9005126953125, 89.08293914794922, 784.4954833984375, 214.78155517578125], [232.95919799804688, 96.94041442871094, 396.7073059082031, 411.31549072265625], [103.98869323730469, 113.60784912109375, 389.626953125, 476.16961669921875], [394.1708984375, 588.7081909179688, 530.1880493164062, 794.5501098632812], [581.7656860351562, 89.48826599121094, 772.0538940429688, 311.88153076171875], [145.54312133789062, 84.87086486816406, 322.0668029785156, 366.7218017578125]]}