{"labels": [0], "scores": [0.9988127946853638], "bboxes": [[4.633087158203125, 116.15963745117188, 795.860107421875, 756.4676513671875]]}