{"labels": [0, 0, 0], "scores": [0.993463933467865, 0.20824916660785675, 0.15567149221897125], "bboxes": [[136.03829956054688, 210.1699676513672, 565.9066772460938, 768.9501342773438], [210.8656463623047, 610.63427734375, 479.88623046875, 896.0], [269.03472900390625, 0.0, 427.5445861816406, 120.65560913085938]]}