{"labels": [0], "scores": [0.997708797454834], "bboxes": [[15.629730224609375, 237.2534637451172, 784.75732421875, 559.8305053710938]]}