{"labels": [0, 0], "scores": [0.9627581238746643, 0.3972925543785095], "bboxes": [[115.63568115234375, 10.189910888671875, 707.1340942382812, 787.0599365234375], [256.08587646484375, 33.00146484375, 521.637451171875, 670.1102905273438]]}