{"labels": [0, 0], "scores": [0.9977280497550964, 0.1702958643436432], "bboxes": [[66.6270751953125, 134.27923583984375, 600.2464599609375, 771.9528198242188], [491.33404541015625, 58.88849639892578, 713.8351440429688, 304.9881896972656]]}