{"labels": [0, 0, 0, 0], "scores": [0.8584269285202026, 0.4535583257675171, 0.11457603424787521, 0.08577319979667664], "bboxes": [[105.26419067382812, 53.457000732421875, 800.0, 786.9498291015625], [0.0, 52.471466064453125, 504.5286865234375, 438.79046630859375], [162.64605712890625, 277.982421875, 596.6303100585938, 792.9405517578125], [435.4719543457031, 69.62832641601562, 800.0, 635.45263671875]]}