{"labels": [0, 0], "scores": [0.8822247982025146, 0.2367396354675293], "bboxes": [[77.17364501953125, 192.14413452148438, 733.3076171875, 628.024169921875], [0.675994873046875, 281.67596435546875, 785.418212890625, 786.4144897460938]]}