{"labels": [0], "scores": [0.9981428384780884], "bboxes": [[185.95965576171875, 13.4486083984375, 588.2969360351562, 777.2734375]]}