{"labels": [0, 0, 0, 0, 0, 0, 0, 0, 0], "scores": [0.8174160718917847, 0.7909774780273438, 0.7541162967681885, 0.7472120523452759, 0.3016928732395172, 0.18991662561893463, 0.17958246171474457, 0.1375601440668106, 0.09426615387201309], "bboxes": [[277.9832458496094, 257.50262451171875, 469.8180236816406, 412.1534423828125], [161.43106079101562, 466.2665100097656, 341.11358642578125, 797.3277587890625], [350.1938171386719, 226.60302734375, 516.0841064453125, 399.0855712890625], [272.774169921875, 33.12518310546875, 726.0699462890625, 524.5628051757812], [132.96542358398438, 25.613861083984375, 729.230224609375, 800.0], [276.742431640625, 162.01904296875, 693.8882446289062, 402.5406494140625], [519.8121337890625, 165.63131713867188, 693.9503173828125, 350.4653015136719], [379.9296875, 63.42411804199219, 717.11328125, 359.3516845703125], [274.973876953125, 280.5152587890625, 391.38604736328125, 409.468017578125]]}