{"labels": [0, 0], "scores": [0.9976945519447327, 0.06922144442796707], "bboxes": [[128.53114318847656, 0.0, 700.0, 891.4536743164062], [120.65404510498047, 455.8832702636719, 438.3410339355469, 768.6969604492188]]}