{"labels": [0, 0, 0, 0, 0, 0, 0], "scores": [0.9982446432113647, 0.39364612102508545, 0.3653549253940582, 0.07610764354467392, 0.07246388494968414, 0.06622099876403809, 0.054674532264471054], "bboxes": [[63.221771240234375, 101.85205078125, 322.4870910644531, 800.0], [543.1156005859375, 650.1219482421875, 633.5244140625, 777.4813232421875], [394.77740478515625, 549.7459106445312, 657.5740356445312, 649.7738647460938], [662.982666015625, 671.70166015625, 764.7208251953125, 754.2166748046875], [666.5958251953125, 561.406494140625, 764.1290283203125, 639.6102294921875], [416.8533020019531, 646.9358520507812, 436.7269592285156, 765.7671508789062], [126.56173706054688, 18.226104736328125, 789.279296875, 800.0]]}