{"labels": [0], "scores": [0.9922088384628296], "bboxes": [[208.29095458984375, 74.56512451171875, 624.852294921875, 590.6949462890625]]}