{"labels": [0, 0], "scores": [0.9956024885177612, 0.21886880695819855], "bboxes": [[26.5023193359375, 89.0526123046875, 753.9656982421875, 780.4255981445312], [419.593505859375, 57.269500732421875, 772.2274169921875, 781.255859375]]}