{"labels": [0, 0], "scores": [0.9326434135437012, 0.7918959856033325], "bboxes": [[0.710723876953125, 112.50048828125, 791.8043212890625, 675.3292236328125], [202.5792999267578, 223.59274291992188, 591.975830078125, 597.626953125]]}