{"labels": [0, 0, 0, 0, 0, 0], "scores": [0.993134617805481, 0.988146185874939, 0.9839828014373779, 0.19711288809776306, 0.11016152799129486, 0.05592995136976242], "bboxes": [[7.70037841796875, 113.03314208984375, 796.7557983398438, 777.9827270507812], [88.90303802490234, 123.35211944580078, 219.779541015625, 241.837158203125], [177.65762329101562, 97.9163818359375, 318.7469177246094, 211.81048583984375], [110.54948425292969, 99.09803771972656, 285.36029052734375, 221.8233184814453], [71.5067138671875, 324.931640625, 728.9050903320312, 685.79150390625], [137.01840209960938, 369.9712829589844, 534.7803955078125, 660.57421875]]}