{"labels": [0], "scores": [0.9991699457168579], "bboxes": [[3.406463623046875, 142.01483154296875, 795.8177490234375, 697.9551391601562]]}