{"labels": [0, 0], "scores": [0.9980060458183289, 0.07383085042238235], "bboxes": [[109.03662109375, 7.735260009765625, 586.8301391601562, 733.767578125], [73.52711486816406, 600.4501953125, 204.5102996826172, 800.0]]}