{"labels": [0, 0], "scores": [0.9756141901016235, 0.08593809604644775], "bboxes": [[186.621337890625, 362.060791015625, 627.4857788085938, 662.298095703125], [161.96746826171875, 27.131591796875, 629.1930541992188, 706.4011840820312]]}