{"labels": [0], "scores": [0.9988885521888733], "bboxes": [[12.0404052734375, 88.55612182617188, 773.3409423828125, 779.088134765625]]}