{"labels": [0, 0, 0, 0, 0, 0, 0, 0, 0, 0], "scores": [0.9913359880447388, 0.9775671362876892, 0.8453541994094849, 0.7709555625915527, 0.6092395186424255, 0.30751413106918335, 0.2653186321258545, 0.20365053415298462, 0.096389040350914, 0.07141176611185074], "bboxes": [[63.31178283691406, 103.83692932128906, 344.84771728515625, 327.55010986328125], [473.36474609375, 171.36456298828125, 721.917236328125, 522.5591430664062], [251.14297485351562, 583.114013671875, 374.0398254394531, 702.440185546875], [214.7928924560547, 516.2844848632812, 305.08087158203125, 641.4724731445312], [544.9921875, 578.99462890625, 699.4674072265625, 753.4808349609375], [18.420852661132812, 497.63616943359375, 373.8427734375, 681.0387573242188], [24.343017578125, 556.4876098632812, 146.36293029785156, 669.6469116210938], [53.28666687011719, 129.69546508789062, 242.8374786376953, 274.2345275878906], [139.64932250976562, 503.8069152832031, 206.65447998046875, 626.0606079101562], [0.0, 86.64712524414062, 733.13916015625, 765.06640625]]}