{"labels": [0, 0, 0, 0, 0, 0, 0, 0, 0, 0, 0, 0, 0, 0, 0, 0, 0, 0, 0, 0, 0, 0, 0, 0, 0, 0, 0, 0, 0, 0, 0, 0, 0, 0, 0, 0, 0], "scores": [0.9940130114555359, 0.9939804077148438, 0.9930354952812195, 0.9929249286651611, 0.9920762777328491, 0.9912050366401672, 0.991075873374939, 0.990646481513977, 0.989909291267395, 0.9887047410011292, 0.9884912967681885, 0.9877685904502869, 0.9861490726470947, 0.985840916633606, 0.9853787422180176, 0.9853701591491699, 0.9837834239006042, 0.9834644794464111, 0.9831675887107849, 0.9827050566673279, 0.9814854860305786, 0.9814774394035339, 0.9789327383041382, 0.976751983165741, 0.9766228199005127, 0.9757105708122253, 0.9732585549354553, 0.9568383097648621, 0.9464643001556396, 0.9361469745635986, 0.9302460551261902, 0.8831579685211182, 0.8376651406288147, 0.8258510828018188, 0.5597256422042847, 0.22462107241153717, 0.0501510389149189], "bboxes": [[202.21420288085938, 377.1353454589844, 283.2742004394531, 441.9211730957031], [354.0805358886719, 458.6773681640625, 417.8826599121094, 544.2715454101562], [105.17341613769531, 374.9552001953125, 191.23597717285156, 484.96136474609375], [188.13552856445312, 193.58615112304688, 254.78506469726562, 279.45050048828125], [105.4540023803711, 283.7555847167969, 175.81365966796875, 370.0455017089844], [464.3792724609375, 203.97250366210938, 528.152099609375, 283.3322448730469], [375.44720458984375, 375.01934814453125, 449.4022216796875, 437.73406982421875], [607.4249267578125, 447.3848571777344, 667.916259765625, 526.8170166015625], [183.59344482421875, 285.86370849609375, 249.65713500976562, 369.511962890625], [290.0096130371094, 376.1092224121094, 369.0426330566406, 440.6485290527344], [82.99751281738281, 203.36831665039062, 174.3673858642578, 275.9981689453125], [456.4214782714844, 374.9610900878906, 513.36767578125, 455.3768005371094], [6.278621673583984, 378.2698974609375, 100.24005126953125, 448.42498779296875], [671.0350341796875, 367.6600341796875, 724.848876953125, 439.0035400390625], [7.4776763916015625, 299.4888000488281, 97.74869537353516, 372.0467224121094], [616.96826171875, 371.4135437011719, 666.1837158203125, 444.3429870605469], [528.0947875976562, 450.9779968261719, 607.1218872070312, 551.651123046875], [519.48193359375, 369.2891540527344, 609.78564453125, 453.0792541503906], [258.29925537109375, 289.2887268066406, 358.13623046875, 372.1270446777344], [433.68701171875, 305.8673400878906, 504.260009765625, 369.3518371582031], [261.77484130859375, 173.38018798828125, 354.95343017578125, 283.7164001464844], [358.6970520019531, 199.897216796875, 453.4341735839844, 283.3165283203125], [424.1947937011719, 457.9559326171875, 520.2695922851562, 539.0719604492188], [366.4222412109375, 290.6112976074219, 425.1639404296875, 366.7372741699219], [106.682861328125, 490.8993225097656, 195.2471923828125, 561.2274169921875], [672.1217651367188, 445.988037109375, 740.5347290039062, 505.63330078125], [587.8997192382812, 302.5458984375, 655.3502807617188, 362.1064453125], [509.6385192871094, 303.008056640625, 579.332763671875, 367.29437255859375], [660.4808959960938, 204.66943359375, 727.3075561523438, 264.38861083984375], [207.93702697753906, 448.98095703125, 347.5201416015625, 575.3846435546875], [725.94970703125, 368.32275390625, 794.11279296875, 428.16375732421875], [660.8644409179688, 263.8951110839844, 725.8816528320312, 362.9555358886719], [726.2315063476562, 302.78533935546875, 794.8121948242188, 364.40350341796875], [529.2969970703125, 184.25387573242188, 655.412109375, 300.1318054199219], [4.316925048828125, 598.033447265625, 800.0, 800.0], [0.0, 46.3265380859375, 800.0, 767.0045166015625], [393.3831481933594, 294.35382080078125, 482.3702697753906, 371.00634765625]]}