{"labels": [0, 0, 0, 0], "scores": [0.8528866767883301, 0.28463661670684814, 0.12810343503952026, 0.05081085488200188], "bboxes": [[509.35546875, 252.4636688232422, 656.48828125, 698.3900146484375], [0.0, 162.9404296875, 753.1267700195312, 775.449462890625], [594.53857421875, 359.59014892578125, 656.8419189453125, 669.2090454101562], [315.43463134765625, 228.54373168945312, 693.6683349609375, 749.827392578125]]}