{"labels": [0, 0, 0, 0, 0, 0], "scores": [0.99430251121521, 0.9146166443824768, 0.912186324596405, 0.7460910677909851, 0.7450568079948425, 0.21294310688972473], "bboxes": [[333.99407958984375, 136.99838256835938, 796.8213500976562, 704.878173828125], [37.12123107910156, 499.6807861328125, 247.9565887451172, 646.00439453125], [235.48275756835938, 479.4273986816406, 380.4626770019531, 667.0684814453125], [35.9132080078125, 361.5478210449219, 249.12380981445312, 513.0887451171875], [77.09868621826172, 65.40515899658203, 290.1510009765625, 308.947509765625], [31.014114379882812, 366.906005859375, 259.75494384765625, 640.629638671875]]}