{"labels": [0, 0], "scores": [0.9961122870445251, 0.19415287673473358], "bboxes": [[222.8638916015625, 85.45307922363281, 705.99365234375, 563.7015380859375], [0.0, 498.3330993652344, 800.0, 800.0]]}