{"labels": [0, 0, 0, 0], "scores": [0.9602594971656799, 0.5426996350288391, 0.3303978443145752, 0.1442801058292389], "bboxes": [[0.8179931640625, 111.9249267578125, 799.4118041992188, 677.0970458984375], [4.61285400390625, 101.98806762695312, 369.28887939453125, 652.6466064453125], [405.89764404296875, 135.28363037109375, 785.5801391601562, 664.0028076171875], [201.8985595703125, 135.91317749023438, 564.1721801757812, 653.6348876953125]]}