{"labels": [0], "scores": [0.9990233182907104], "bboxes": [[0.0, 140.62142944335938, 800.0, 739.6573486328125]]}