{"labels": [0, 0], "scores": [0.934762179851532, 0.9288244247436523], "bboxes": [[76.44796752929688, 71.65863037109375, 751.1712646484375, 668.7754516601562], [274.0810546875, 417.4167175292969, 642.7821655273438, 797.145751953125]]}