{"labels": [0, 0, 0, 0, 0, 0, 0, 0], "scores": [0.9510374665260315, 0.9309366941452026, 0.9294524788856506, 0.9025730490684509, 0.0783315896987915, 0.0708613246679306, 0.0638960599899292, 0.05129608139395714], "bboxes": [[190.20680236816406, 94.99974060058594, 634.7396850585938, 523.6991577148438], [56.26148986816406, 214.71682739257812, 97.76277160644531, 509.6784973144531], [191.01058959960938, 335.3339538574219, 610.4407958984375, 738.2528076171875], [655.2777099609375, 110.72323608398438, 795.245361328125, 745.584716796875], [0.0, 547.200439453125, 159.23728942871094, 734.1063232421875], [352.6858215332031, 522.9859008789062, 444.9299621582031, 711.9806518554688], [1.3591461181640625, 108.49554443359375, 120.91929626464844, 194.9246826171875], [158.60125732421875, 6.2326202392578125, 296.6874084472656, 147.36090087890625]]}