{"labels": [0], "scores": [0.9972695708274841], "bboxes": [[184.2040557861328, 102.6146240234375, 587.3662109375, 731.12109375]]}