{"labels": [0, 0, 0, 0], "scores": [0.9976119995117188, 0.34003689885139465, 0.1204431876540184, 0.09104377776384354], "bboxes": [[0.0, 254.72100830078125, 741.82080078125, 800.0], [407.58831787109375, 198.42884826660156, 787.4555053710938, 386.86212158203125], [450.73382568359375, 138.00155639648438, 794.1941528320312, 266.0853271484375], [653.94921875, 203.40109252929688, 800.0, 387.2901916503906]]}