{"labels": [0, 0, 0, 0, 0, 0], "scores": [0.9944437146186829, 0.9909488558769226, 0.9778825640678406, 0.9691445231437683, 0.9415639638900757, 0.13123659789562225], "bboxes": [[385.9910583496094, 325.4891662597656, 741.47900390625, 800.0], [128.8870086669922, 249.954833984375, 473.22857666015625, 691.4859008789062], [0.0, 187.19261169433594, 254.3651123046875, 564.7327880859375], [402.1718444824219, 50.08143615722656, 707.3172607421875, 414.27630615234375], [200.3888397216797, 16.156829833984375, 484.19976806640625, 303.97003173828125], [613.0463256835938, 78.43840026855469, 800.0, 447.5904541015625]]}