{"labels": [0, 0, 0], "scores": [0.8753232955932617, 0.39189574122428894, 0.059382736682891846], "bboxes": [[166.02899169921875, 52.913482666015625, 566.5930786132812, 780.2578125], [57.082176208496094, 118.91738891601562, 301.3459167480469, 632.9764404296875], [163.9691619873047, 300.4124755859375, 452.28155517578125, 766.30126953125]]}