{"labels": [0], "scores": [0.9990973472595215], "bboxes": [[9.820587158203125, 312.64581298828125, 800.0, 548.376708984375]]}