{"labels": [0], "scores": [0.988341748714447], "bboxes": [[301.9438171386719, 58.240203857421875, 438.1561584472656, 695.375732421875]]}