{"labels": [0], "scores": [0.9973827004432678], "bboxes": [[235.42666625976562, 173.2840576171875, 591.1383056640625, 735.4009399414062]]}