{"labels": [0, 0, 0, 0, 0, 0], "scores": [0.9691044688224792, 0.8794165253639221, 0.4371170997619629, 0.23417901992797852, 0.1332019716501236, 0.06871744245290756], "bboxes": [[471.2286682128906, 94.92373657226562, 670.1959838867188, 272.746826171875], [32.56159973144531, 292.2139587402344, 446.6287841796875, 696.2098388671875], [422.5119934082031, 283.76287841796875, 639.7747192382812, 665.2086791992188], [242.86126708984375, 300.800048828125, 619.4395141601562, 681.98193359375], [332.1811218261719, 355.50750732421875, 549.0211181640625, 659.1133422851562], [23.7991943359375, 404.3387145996094, 788.6258544921875, 761.03125]]}