{"labels": [0, 0, 0, 0, 0], "scores": [0.992567777633667, 0.9889662861824036, 0.9798941016197205, 0.19405515491962433, 0.12146594375371933], "bboxes": [[197.37200927734375, 273.375244140625, 586.6517333984375, 682.8125610351562], [455.4905090332031, 238.88595581054688, 769.2535400390625, 575.3341064453125], [19.173965454101562, 203.71664428710938, 339.03875732421875, 565.11181640625], [311.9617614746094, 255.85768127441406, 670.4058837890625, 606.87841796875], [133.80662536621094, 270.438232421875, 438.07476806640625, 617.1575317382812]]}