{"labels": [0, 0, 0, 0, 0, 0, 0, 0, 0], "scores": [0.9736484289169312, 0.9570307731628418, 0.8300100564956665, 0.45583856105804443, 0.2358391284942627, 0.0942472591996193, 0.06989040225744247, 0.05305488780140877, 0.05034877732396126], "bboxes": [[163.7502899169922, 429.83251953125, 564.7958984375, 704.1116943359375], [306.1447448730469, 313.5137939453125, 784.2093505859375, 642.3695068359375], [4.2209625244140625, 0.0, 349.638671875, 145.71194458007812], [534.2557373046875, 0.0964813232421875, 788.67529296875, 198.24929809570312], [146.30496215820312, 198.912109375, 759.3779296875, 710.3471069335938], [127.27224731445312, 66.54818725585938, 534.39111328125, 649.42333984375], [202.8831787109375, 338.479248046875, 607.4039916992188, 643.8057861328125], [139.51522827148438, 443.0882568359375, 795.93505859375, 797.796142578125], [532.563720703125, 0.2326202392578125, 771.2984619140625, 89.62893676757812]]}