{"labels": [0], "scores": [0.9963977336883545], "bboxes": [[32.504730224609375, 90.92184448242188, 720.098876953125, 706.408935546875]]}