{"labels": [0], "scores": [0.9946452379226685], "bboxes": [[153.85409545898438, 89.997314453125, 786.486083984375, 788.69287109375]]}