{"labels": [0], "scores": [0.9978646636009216], "bboxes": [[13.203125, 154.35791015625, 767.819580078125, 742.8648071289062]]}