{"labels": [0], "scores": [0.9982648491859436], "bboxes": [[157.43435668945312, 71.50827026367188, 644.4486083984375, 729.1527099609375]]}