{"labels": [0, 0], "scores": [0.9952876567840576, 0.0500284805893898], "bboxes": [[22.10296630859375, 1.097625732421875, 794.1148071289062, 755.750244140625], [8.58740234375, 216.34625244140625, 528.01904296875, 777.3120727539062]]}