{"labels": [0, 0, 0], "scores": [0.977516770362854, 0.973373532295227, 0.10617881268262863], "bboxes": [[380.4609375, 196.2594757080078, 758.2301025390625, 518.1923217773438], [47.122833251953125, 215.6154022216797, 422.1972351074219, 598.6716918945312], [42.9090576171875, 192.7089385986328, 777.4176025390625, 674.3671875]]}