{"labels": [0, 0, 0], "scores": [0.8251640796661377, 0.33171021938323975, 0.13109570741653442], "bboxes": [[233.89111328125, 51.478912353515625, 568.9617919921875, 526.430908203125], [2.809967041015625, 589.0014038085938, 537.9891357421875, 799.4292602539062], [123.96205139160156, 37.56500244140625, 616.5676879882812, 716.0020751953125]]}