{"labels": [0], "scores": [0.9979311227798462], "bboxes": [[22.957855224609375, 391.87310791015625, 771.2481689453125, 674.2000122070312]]}