{"labels": [0, 0], "scores": [0.8333242535591125, 0.12296930700540543], "bboxes": [[275.1507263183594, 201.5509033203125, 690.6153564453125, 739.5321044921875], [51.665557861328125, 13.7613525390625, 348.9620361328125, 513.952880859375]]}