{"labels": [0, 0, 0], "scores": [0.9777462482452393, 0.7224196195602417, 0.0800972506403923], "bboxes": [[33.35089111328125, 66.33206176757812, 725.0997314453125, 800.0], [401.82928466796875, 64.66314697265625, 717.2514038085938, 797.8203125], [36.75196838378906, 315.0565185546875, 506.0340576171875, 793.281005859375]]}