{"labels": [0, 0, 0, 0, 0, 0], "scores": [0.9722849130630493, 0.2583897113800049, 0.22777001559734344, 0.2129954844713211, 0.11990353465080261, 0.07720769941806793], "bboxes": [[0.167755126953125, 38.05810546875, 737.018310546875, 607.2830810546875], [491.7414855957031, 495.5733642578125, 775.1641845703125, 726.4366455078125], [227.78041076660156, 528.3696899414062, 516.4226684570312, 782.8261108398438], [178.84927368164062, 304.8902587890625, 788.750732421875, 793.5791015625], [511.8099670410156, 327.5745544433594, 798.4566650390625, 538.6795043945312], [465.941162109375, 333.81756591796875, 800.0, 723.8269653320312]]}