{"labels": [0], "scores": [0.9990977048873901], "bboxes": [[36.1497802734375, 256.6858215332031, 766.8644409179688, 641.5660400390625]]}