{"labels": [0, 0, 0, 0], "scores": [0.9913888573646545, 0.9778579473495483, 0.8510879278182983, 0.1719282567501068], "bboxes": [[268.2515563964844, 251.1336669921875, 800.0, 792.3309326171875], [213.50054931640625, 0.0, 798.39794921875, 331.95928955078125], [0.0, 42.227020263671875, 390.9617614746094, 785.4791259765625], [89.62445068359375, 0.0, 790.3651733398438, 743.524169921875]]}