{"labels": [0], "scores": [0.9951377511024475], "bboxes": [[0.0, 30.437591552734375, 800.0, 751.1883544921875]]}