{"labels": [0, 0], "scores": [0.9619711637496948, 0.7900187373161316], "bboxes": [[349.8699951171875, 224.71875, 746.1876220703125, 550.8367919921875], [23.037353515625, 207.04505920410156, 761.81103515625, 564.651611328125]]}