{"labels": [0], "scores": [0.9996379613876343], "bboxes": [[65.70306396484375, 7.3502197265625, 734.1008911132812, 800.0]]}