{"labels": [0, 0, 0], "scores": [0.994892954826355, 0.9801904559135437, 0.08132684975862503], "bboxes": [[412.5827941894531, 7.4541015625, 659.8718872070312, 731.5401000976562], [251.74948120117188, 241.02566528320312, 395.2518005371094, 706.7916259765625], [449.46881103515625, 15.963531494140625, 610.5309448242188, 548.7791748046875]]}