{"labels": [0, 0, 0], "scores": [0.995596706867218, 0.9726884365081787, 0.2259100377559662], "bboxes": [[306.2052917480469, 86.85859680175781, 696.3795776367188, 868.5828857421875], [0.0, 15.790481567382812, 214.6372528076172, 801.3316650390625], [13.9547119140625, 39.36602783203125, 605.6525268554688, 834.103759765625]]}