{"labels": [0, 0, 0], "scores": [0.9862448573112488, 0.6798738241195679, 0.07718190550804138], "bboxes": [[6.937530517578125, 118.26644897460938, 749.35986328125, 700.888916015625], [476.3321533203125, 122.28413391113281, 779.78369140625, 376.91064453125], [33.74226379394531, 256.67132568359375, 543.6102294921875, 676.9547729492188]]}