{"labels": [0], "scores": [0.9970556497573853], "bboxes": [[121.7689208984375, 180.36175537109375, 669.1219482421875, 780.4100341796875]]}