{"labels": [0], "scores": [0.9971833825111389], "bboxes": [[105.60604858398438, 149.3848876953125, 682.6114501953125, 738.6654052734375]]}