{"labels": [0], "scores": [0.9993450045585632], "bboxes": [[11.338134765625, 241.65884399414062, 799.2213134765625, 633.3507080078125]]}