{"labels": [0], "scores": [0.9981696605682373], "bboxes": [[117.40380859375, 137.22564697265625, 695.2796020507812, 668.106201171875]]}