{"labels": [0, 0, 0, 0, 0], "scores": [0.7347736358642578, 0.564468502998352, 0.555321216583252, 0.12406008690595627, 0.11038917303085327], "bboxes": [[155.19989013671875, 257.6755065917969, 718.638427734375, 776.1162109375], [227.9586944580078, 300.46728515625, 620.8492431640625, 615.4961547851562], [475.4743957519531, 438.4658508300781, 648.1962280273438, 705.310302734375], [238.76239013671875, 280.2652587890625, 443.85589599609375, 600.9439086914062], [472.36334228515625, 444.56103515625, 797.9223022460938, 728.712646484375]]}