{"labels": [0], "scores": [0.9964625239372253], "bboxes": [[47.360015869140625, 30.380340576171875, 728.1961669921875, 788.1025390625]]}