{"labels": [0], "scores": [0.9990988969802856], "bboxes": [[0.0, 284.84979248046875, 796.357666015625, 657.0518188476562]]}