{"labels": [0], "scores": [0.9955523610115051], "bboxes": [[6.04931640625, 40.79364013671875, 781.1177368164062, 786.5726928710938]]}