{"labels": [0], "scores": [0.9927178621292114], "bboxes": [[55.07940673828125, 208.09364318847656, 747.6812744140625, 658.689208984375]]}