{"labels": [0, 0, 0, 0, 0], "scores": [0.9898696541786194, 0.6393654942512512, 0.37894657254219055, 0.3059329092502594, 0.11263387650251389], "bboxes": [[274.499267578125, 72.06771850585938, 631.945068359375, 773.398193359375], [7.22186279296875, 500.0947265625, 280.47088623046875, 764.64111328125], [537.5814819335938, 633.855224609375, 795.9342651367188, 798.7850341796875], [51.87739562988281, 508.3033142089844, 188.5012969970703, 742.8087158203125], [125.80859375, 519.859375, 179.09954833984375, 742.9232177734375]]}