{"labels": [0, 0], "scores": [0.9842010140419006, 0.9104307889938354], "bboxes": [[97.75567626953125, 370.8367919921875, 693.1935424804688, 752.2088623046875], [152.70236206054688, 48.081817626953125, 693.3670654296875, 441.19610595703125]]}