{"labels": [0, 0, 0], "scores": [0.9922515749931335, 0.5161495208740234, 0.09733564406633377], "bboxes": [[63.39459228515625, 282.13446044921875, 765.7763061523438, 770.9431762695312], [51.952911376953125, 198.55828857421875, 404.830810546875, 461.85797119140625], [454.7673645019531, 3.4571533203125, 742.5166015625, 379.2886047363281]]}