{"labels": [0], "scores": [0.998489260673523], "bboxes": [[94.49298095703125, 300.3307189941406, 718.1646728515625, 524.8878173828125]]}