{"labels": [0, 0], "scores": [0.9938752055168152, 0.07758349925279617], "bboxes": [[255.41490173339844, 108.46437072753906, 580.9075927734375, 482.9112548828125], [0.0, 0.0, 112.23455810546875, 604.427490234375]]}