{"labels": [0, 0], "scores": [0.9980543851852417, 0.07591727375984192], "bboxes": [[0.0, 322.70947265625, 800.0, 570.048828125], [0.0, 2.13140869140625, 800.0, 600.5391845703125]]}