{"labels": [0, 0, 0, 0], "scores": [0.9901309013366699, 0.9888120889663696, 0.9863582253456116, 0.09903229773044586], "bboxes": [[158.54910278320312, 118.05536651611328, 499.4159851074219, 346.9698791503906], [49.30360412597656, 322.7429504394531, 452.4979248046875, 661.977783203125], [387.03753662109375, 197.36997985839844, 745.4127807617188, 581.9219360351562], [66.1973876953125, 156.46759033203125, 592.9503173828125, 644.4874267578125]]}