{"labels": [0, 0, 0], "scores": [0.9813485741615295, 0.30297529697418213, 0.19808019697666168], "bboxes": [[163.65557861328125, 70.55401611328125, 679.8161010742188, 776.14013671875], [182.7896728515625, 79.10260009765625, 530.6935424804688, 564.7607421875], [210.46499633789062, 468.85205078125, 723.9449462890625, 783.286865234375]]}