{"labels": [0, 0, 0], "scores": [0.972952663898468, 0.3913402259349823, 0.05570771545171738], "bboxes": [[178.95298767089844, 45.409088134765625, 658.7774658203125, 777.2408447265625], [11.033828735351562, 53.37310791015625, 459.9766845703125, 571.9446411132812], [0.0, 147.60726928710938, 299.56646728515625, 544.7178955078125]]}