{"labels": [0], "scores": [0.9971219897270203], "bboxes": [[1.566558837890625, 357.49188232421875, 800.0, 729.5762329101562]]}