{"labels": [0, 0], "scores": [0.9962884187698364, 0.9924089908599854], "bboxes": [[261.83935546875, 139.99990844726562, 418.422607421875, 274.63714599609375], [322.88897705078125, 289.76434326171875, 671.3154907226562, 796.4824829101562]]}