{"labels": [0, 0, 0], "scores": [0.98099285364151, 0.6211518049240112, 0.13648763298988342], "bboxes": [[0.0, 60.781219482421875, 800.0, 756.29638671875], [138.97525024414062, 42.91802978515625, 774.01123046875, 350.1902770996094], [598.9536743164062, 34.80572509765625, 790.4193725585938, 320.36895751953125]]}