{"labels": [0], "scores": [0.9979846477508545], "bboxes": [[158.10572814941406, 66.47079467773438, 638.4235229492188, 728.796875]]}