{"labels": [0, 0], "scores": [0.9921085238456726, 0.06322022527456284], "bboxes": [[0.0, 148.28480529785156, 697.5020141601562, 753.0789184570312], [97.47710418701172, 416.1923522949219, 689.48095703125, 732.7888793945312]]}