{"labels": [0, 0], "scores": [0.9965541362762451, 0.9759902358055115], "bboxes": [[0.0, 229.3103485107422, 431.02093505859375, 799.6555786132812], [396.5102233886719, 300.42388916015625, 700.0, 796.0728149414062]]}