{"labels": [0, 0, 0, 0, 0, 0, 0, 0, 0, 0, 0, 0, 0, 0, 0, 0], "scores": [0.9909303784370422, 0.9471104145050049, 0.8747400045394897, 0.8374093770980835, 0.795219898223877, 0.7826271057128906, 0.756845235824585, 0.739288866519928, 0.6724554896354675, 0.570223331451416, 0.3633747398853302, 0.3092576563358307, 0.2836346924304962, 0.251092791557312, 0.07324951887130737, 0.05757230520248413], "bboxes": [[25.8575439453125, 136.16848754882812, 800.0, 795.151611328125], [220.64637756347656, 535.61962890625, 287.4317626953125, 630.5008544921875], [495.2218017578125, 159.66683959960938, 668.276123046875, 287.34234619140625], [12.361495971679688, 335.0296325683594, 299.33807373046875, 551.8404541015625], [274.6800537109375, 492.9508056640625, 339.969970703125, 581.1019287109375], [287.0899353027344, 575.3038940429688, 354.7528381347656, 671.8284301757812], [324.2078857421875, 451.22882080078125, 388.8299560546875, 544.2899169921875], [403.9710388183594, 495.840576171875, 466.7364196777344, 590.0311279296875], [346.9918212890625, 534.8513793945312, 412.59881591796875, 630.4373168945312], [667.0436401367188, 216.57302856445312, 792.7041625976562, 339.9751892089844], [467.8454284667969, 341.5891418457031, 564.675537109375, 422.6879577636719], [284.5777282714844, 372.87451171875, 394.1163024902344, 431.69805908203125], [273.48858642578125, 295.22906494140625, 401.465087890625, 388.93316650390625], [373.518310546875, 210.04090881347656, 502.75396728515625, 341.89617919921875], [395.62939453125, 285.0558776855469, 488.04986572265625, 327.0590515136719], [486.7315673828125, 450.03271484375, 597.888671875, 542.843994140625]]}