{"labels": [0], "scores": [0.9987723231315613], "bboxes": [[25.732696533203125, 115.53741455078125, 794.179443359375, 708.681640625]]}