{"labels": [0, 0], "scores": [0.9964534044265747, 0.07584748417139053], "bboxes": [[201.8839111328125, 192.04135131835938, 590.1492919921875, 739.4659423828125], [684.7315673828125, 3.325653076171875, 799.98828125, 708.468017578125]]}