{"labels": [0, 0, 0], "scores": [0.9961984753608704, 0.9346480965614319, 0.4180338978767395], "bboxes": [[142.63902282714844, 217.92694091796875, 601.1201782226562, 597.4817504882812], [139.6838836669922, 528.096923828125, 517.8147583007812, 828.1173706054688], [14.235993385314941, 537.1657104492188, 129.13818359375, 860.1023559570312]]}