{"labels": [0], "scores": [0.9976550340652466], "bboxes": [[98.1597900390625, 24.450897216796875, 702.563720703125, 776.63623046875]]}