{"labels": [0, 0, 0], "scores": [0.9966922998428345, 0.6953651309013367, 0.5366458892822266], "bboxes": [[68.5113525390625, 39.3345947265625, 683.5899047851562, 775.7130126953125], [492.0355224609375, 515.0281982421875, 800.0, 775.7618408203125], [0.0, 429.96783447265625, 311.115966796875, 730.1627807617188]]}