{"labels": [0], "scores": [0.9988757967948914], "bboxes": [[110.065185546875, 0.0, 715.8353881835938, 800.0]]}