{"labels": [0], "scores": [0.9967098236083984], "bboxes": [[76.21432495117188, 305.1738586425781, 704.369873046875, 747.5455322265625]]}