{"labels": [0], "scores": [0.9986823201179504], "bboxes": [[15.092498779296875, 240.2962646484375, 774.84619140625, 685.3998413085938]]}