{"labels": [0, 0, 0], "scores": [0.9942944645881653, 0.9866712689399719, 0.33542072772979736], "bboxes": [[76.52493286132812, 114.30302429199219, 744.0252685546875, 379.36676025390625], [75.30325317382812, 408.9775085449219, 733.25634765625, 679.713623046875], [167.3759765625, 262.6514587402344, 253.5191650390625, 346.7417907714844]]}