{"labels": [0], "scores": [0.9992702603340149], "bboxes": [[0.0, 3.80682373046875, 791.78369140625, 784.692138671875]]}