{"labels": [0], "scores": [0.995550274848938], "bboxes": [[221.36383056640625, 5.751577377319336, 488.0500793457031, 679.581787109375]]}