{"labels": [0], "scores": [0.9968975782394409], "bboxes": [[214.84217834472656, 48.5111083984375, 619.0921630859375, 777.5674438476562]]}