{"labels": [0, 0], "scores": [0.9480298757553101, 0.6050207018852234], "bboxes": [[45.934539794921875, 99.8634033203125, 741.8651123046875, 759.6400756835938], [185.49024963378906, 146.1703338623047, 619.7421875, 655.2623901367188]]}