{"labels": [0], "scores": [0.9896107912063599], "bboxes": [[0.0, 94.71896362304688, 800.0, 721.4256591796875]]}