{"labels": [0, 0, 0, 0, 0], "scores": [0.9958305954933167, 0.49366894364356995, 0.36312422156333923, 0.13999150693416595, 0.07422029227018356], "bboxes": [[0.556671142578125, 191.93621826171875, 786.29541015625, 760.8203125], [174.38267517089844, 149.01541137695312, 638.5233154296875, 362.3296813964844], [444.68914794921875, 0.1927642822265625, 776.0253295898438, 101.99239349365234], [90.68136596679688, 158.54714965820312, 753.438232421875, 529.82177734375], [715.720947265625, 182.50192260742188, 798.3702392578125, 359.5311584472656]]}