{"labels": [0, 0], "scores": [0.9939941763877869, 0.8784048557281494], "bboxes": [[184.1493377685547, 196.927978515625, 464.38299560546875, 766.84521484375], [459.5343017578125, 367.794921875, 642.2119140625, 707.6524658203125]]}