{"labels": [0], "scores": [0.9914225935935974], "bboxes": [[259.2934875488281, 106.08309936523438, 514.5883178710938, 711.691650390625]]}