{"labels": [0], "scores": [0.9960002303123474], "bboxes": [[33.828582763671875, 104.11581420898438, 724.5994873046875, 700.1121826171875]]}