{"labels": [0, 0, 0, 0], "scores": [0.8646697998046875, 0.7932795286178589, 0.41680383682250977, 0.10309137403964996], "bboxes": [[116.26461791992188, 355.64697265625, 709.6505126953125, 724.38330078125], [438.32318115234375, 359.3294677734375, 689.2338256835938, 727.7264404296875], [73.468505859375, 3.680938720703125, 608.850341796875, 624.7578125], [116.08381652832031, 531.0797729492188, 468.130859375, 721.8973999023438]]}