{"labels": [0, 0, 0, 0], "scores": [0.997331976890564, 0.3485247790813446, 0.10206454247236252, 0.07541270554065704], "bboxes": [[37.220184326171875, 321.60821533203125, 762.106689453125, 658.8768920898438], [162.4771728515625, 231.3721923828125, 637.8526611328125, 396.80987548828125], [117.98153686523438, 236.42190551757812, 710.217529296875, 516.186767578125], [461.6227111816406, 17.73186492919922, 587.8463745117188, 170.36981201171875]]}