{"labels": [0, 0], "scores": [0.9932617545127869, 0.07741392403841019], "bboxes": [[364.853515625, 36.659332275390625, 785.8028564453125, 782.622802734375], [521.7830810546875, 50.92840576171875, 729.91943359375, 736.5012817382812]]}