{"labels": [0, 0], "scores": [0.9981091022491455, 0.11113034933805466], "bboxes": [[6.487060546875, 0.0, 800.0, 800.0], [160.24783325195312, 1.7850341796875, 800.0, 367.58892822265625]]}