{"labels": [0], "scores": [0.9986650943756104], "bboxes": [[2.445648193359375, 192.95834350585938, 796.5538330078125, 606.7227783203125]]}