{"labels": [0], "scores": [0.9956240057945251], "bboxes": [[0.0, 283.30718994140625, 793.8616943359375, 547.5297241210938]]}