{"labels": [0, 0, 0, 0, 0, 0, 0, 0, 0], "scores": [0.977027177810669, 0.9749132394790649, 0.6817246079444885, 0.6240215301513672, 0.5690878629684448, 0.3241150975227356, 0.19188238680362701, 0.14524227380752563, 0.06629752367734909], "bboxes": [[47.382659912109375, 462.4500732421875, 224.33602905273438, 670.4263916015625], [119.1087875366211, 174.9981689453125, 186.33828735351562, 280.5948486328125], [567.1558227539062, 481.07684326171875, 766.9091186523438, 648.4589233398438], [384.5068359375, 265.1866149902344, 508.2445068359375, 321.8547058105469], [326.6454162597656, 251.2105712890625, 439.7181091308594, 295.287109375], [291.6903991699219, 191.7018280029297, 504.2633972167969, 298.64520263671875], [314.7301330566406, 505.9828796386719, 471.5439147949219, 668.296142578125], [283.78704833984375, 231.8919677734375, 388.9617919921875, 272.565185546875], [5.66912841796875, 54.483795166015625, 800.0, 726.177734375]]}