{"labels": [0, 0, 0], "scores": [0.9970152378082275, 0.4714803695678711, 0.3873346745967865], "bboxes": [[9.98028564453125, 1.39007568359375, 695.2664184570312, 792.4713134765625], [531.5054321289062, 249.88137817382812, 793.1284790039062, 392.9548034667969], [493.97784423828125, 250.88076782226562, 799.9299926757812, 786.2994384765625]]}