{"labels": [0], "scores": [0.9987674951553345], "bboxes": [[58.1182861328125, 111.01641845703125, 741.9103393554688, 679.8292236328125]]}