{"labels": [0], "scores": [0.9977933168411255], "bboxes": [[28.39349365234375, 0.0, 760.2623901367188, 800.0]]}