{"labels": [0, 0, 0], "scores": [0.9968187808990479, 0.9293777346611023, 0.896396815776825], "bboxes": [[156.60150146484375, 226.86062622070312, 560.57470703125, 747.1153564453125], [522.4805908203125, 218.00442504882812, 796.9403076171875, 749.29931640625], [0.0, 224.4007568359375, 292.3583984375, 736.9671020507812]]}