{"labels": [0], "scores": [0.9980306029319763], "bboxes": [[213.72479248046875, 26.348052978515625, 594.5733032226562, 772.8052978515625]]}