{"labels": [0, 0, 0], "scores": [0.9955223798751831, 0.09580947458744049, 0.07516592741012573], "bboxes": [[265.23638916015625, 107.40753173828125, 568.9345092773438, 787.1200561523438], [450.90325927734375, 668.334716796875, 520.935302734375, 786.61474609375], [269.408447265625, 114.97848510742188, 563.30322265625, 455.0390930175781]]}