{"labels": [0], "scores": [0.9959325194358826], "bboxes": [[157.59579467773438, 254.19578552246094, 635.3758544921875, 727.9326171875]]}