{"labels": [0, 0], "scores": [0.9905552268028259, 0.25568443536758423], "bboxes": [[27.47662353515625, 264.547607421875, 783.4332885742188, 721.48388671875], [149.85394287109375, 166.44619750976562, 623.9017944335938, 452.4520568847656]]}