{"labels": [0, 0, 0, 0, 0], "scores": [0.9822981357574463, 0.8413625955581665, 0.19667820632457733, 0.1698426455259323, 0.059644125401973724], "bboxes": [[187.24456787109375, 321.5094909667969, 673.3649291992188, 635.4033203125], [96.8585205078125, 291.48455810546875, 404.0572509765625, 492.13201904296875], [111.49900817871094, 301.18682861328125, 449.4359130859375, 619.5874633789062], [360.4451904296875, 193.11367797851562, 543.0499267578125, 361.0006408691406], [121.54220581054688, 297.15142822265625, 565.6337890625, 783.3699340820312]]}