{"labels": [0, 0, 0, 0, 0, 0, 0, 0, 0, 0, 0, 0], "scores": [0.90982586145401, 0.4055710434913635, 0.3714308440685272, 0.35016030073165894, 0.233507439494133, 0.21831265091896057, 0.19411545991897583, 0.17292571067810059, 0.1287573128938675, 0.12854093313217163, 0.12777398526668549, 0.05572708696126938], "bboxes": [[90.47113037109375, 33.003509521484375, 617.7679443359375, 557.5330810546875], [113.79296875, 251.37742614746094, 573.466064453125, 541.3563842773438], [347.3803405761719, 180.61492919921875, 588.2902221679688, 348.34222412109375], [422.76263427734375, 443.39996337890625, 727.6128540039062, 761.8139038085938], [477.73260498046875, 3.700347900390625, 795.5645141601562, 578.7054443359375], [245.7943572998047, 500.13446044921875, 443.68896484375, 651.7194213867188], [4.5574951171875, 0.0, 751.8605346679688, 793.6072998046875], [503.1448974609375, 278.47821044921875, 798.0303955078125, 529.87109375], [249.91897583007812, 40.834625244140625, 622.890380859375, 336.8647766113281], [521.8550415039062, 7.360565185546875, 794.9105834960938, 341.09759521484375], [1.092254638671875, 430.5933837890625, 496.4818420410156, 784.335693359375], [432.9403076171875, 563.1856079101562, 597.9027099609375, 752.4795532226562]]}