{"labels": [0, 0], "scores": [0.9978582262992859, 0.05900655686855316], "bboxes": [[39.85162353515625, 263.6807861328125, 749.57421875, 763.7601318359375], [138.42190551757812, 271.3912658691406, 726.947021484375, 556.5174560546875]]}