{"labels": [0], "scores": [0.9997009038925171], "bboxes": [[21.941089630126953, 51.55442428588867, 669.5152587890625, 838.6948852539062]]}