{"labels": [0, 0, 0, 0, 0], "scores": [0.9707053899765015, 0.6427189111709595, 0.5699760913848877, 0.5521293878555298, 0.0876079797744751], "bboxes": [[36.786712646484375, 107.261474609375, 648.394287109375, 797.7576293945312], [347.1572265625, 145.66860961914062, 800.0, 642.5633544921875], [519.5137939453125, 12.199424743652344, 762.5819091796875, 179.75613403320312], [0.0, 0.0, 412.4827880859375, 318.1323547363281], [42.363487243652344, 400.1250915527344, 222.42794799804688, 788.8504638671875]]}