{"labels": [0, 0], "scores": [0.9843201637268066, 0.37091439962387085], "bboxes": [[148.54798889160156, 242.38751220703125, 594.8809204101562, 773.0314331054688], [344.70623779296875, 211.28189086914062, 563.3895263671875, 538.79931640625]]}