{"labels": [0, 0, 0, 0], "scores": [0.969359815120697, 0.11543285846710205, 0.07139329612255096, 0.050920747220516205], "bboxes": [[353.3573303222656, 44.694305419921875, 458.0771789550781, 779.6746826171875], [0.0, 36.8486328125, 420.4635925292969, 767.8145141601562], [108.67570495605469, 15.905303955078125, 609.2626953125, 798.264404296875], [467.1217041015625, 0.32830810546875, 799.449462890625, 750.9029541015625]]}