{"labels": [0], "scores": [0.9995986819267273], "bboxes": [[0.0, 2.57879638671875, 800.0, 800.0]]}