{"labels": [0, 0, 0, 0, 0], "scores": [0.9382966160774231, 0.20564746856689453, 0.18430162966251373, 0.15167763829231262, 0.05216151848435402], "bboxes": [[67.0140380859375, 46.035491943359375, 710.14501953125, 713.48583984375], [266.21124267578125, 56.6143798828125, 557.9237670898438, 568.7069091796875], [18.792724609375, 151.09075927734375, 514.66943359375, 651.4802856445312], [259.0461120605469, 545.4113159179688, 430.9494934082031, 748.7816772460938], [337.76611328125, 87.34028625488281, 729.215576171875, 590.5525512695312]]}