{"labels": [0, 0, 0, 0], "scores": [0.9960479140281677, 0.4635225832462311, 0.1145009770989418, 0.061953090131282806], "bboxes": [[86.47067260742188, 102.94729614257812, 728.5634765625, 750.5980224609375], [224.94432067871094, 102.37353515625, 421.03375244140625, 439.9283447265625], [93.34971618652344, 108.64472961425781, 442.921630859375, 543.7489013671875], [84.08648681640625, 298.44403076171875, 543.7193603515625, 753.6648559570312]]}