{"labels": [0, 0, 0, 0, 0], "scores": [0.9304589033126831, 0.851100504398346, 0.6915054321289062, 0.41154590249061584, 0.12378500401973724], "bboxes": [[102.62939453125, 128.14743041992188, 728.2958984375, 765.3839111328125], [48.393585205078125, 36.55564880371094, 729.4041748046875, 341.56622314453125], [349.0572814941406, 102.15878295898438, 716.5797119140625, 350.8680114746094], [56.63043212890625, 212.29266357421875, 493.65411376953125, 751.3041381835938], [275.8914489746094, 293.983154296875, 672.4608154296875, 766.4400634765625]]}