{"labels": [0], "scores": [0.9973621964454651], "bboxes": [[33.552947998046875, 151.82272338867188, 750.790283203125, 586.0963134765625]]}