{"labels": [0], "scores": [0.9979845285415649], "bboxes": [[215.69232177734375, 24.35607147216797, 506.21746826171875, 874.4080810546875]]}