{"labels": [0], "scores": [0.9779035449028015], "bboxes": [[200.5342559814453, 108.33294677734375, 552.1746826171875, 650.3389892578125]]}