{"labels": [0], "scores": [0.9992857575416565], "bboxes": [[16.480316162109375, 173.4952850341797, 787.481689453125, 660.2696533203125]]}