{"labels": [0], "scores": [0.9991610050201416], "bboxes": [[0.0, 75.082275390625, 800.0, 760.147216796875]]}