{"labels": [0, 0], "scores": [0.9972053170204163, 0.9772247672080994], "bboxes": [[144.86477661132812, 123.42355346679688, 732.2099609375, 771.6798095703125], [0.0, 143.67486572265625, 249.69650268554688, 694.3480834960938]]}