{"labels": [0], "scores": [0.9966525435447693], "bboxes": [[11.5472412109375, 124.12527465820312, 786.4813232421875, 636.52880859375]]}