{"labels": [0, 0, 0, 0], "scores": [0.9932803511619568, 0.4897848665714264, 0.20483846962451935, 0.08710216730833054], "bboxes": [[97.11798095703125, 74.15093994140625, 723.4364013671875, 728.9822998046875], [634.238037109375, 485.4163513183594, 696.8963623046875, 554.626953125], [349.03564453125, 112.09884643554688, 662.2112426757812, 718.3265380859375], [106.14317321777344, 122.464111328125, 388.842041015625, 726.3701782226562]]}