{"labels": [0, 0], "scores": [0.9985987544059753, 0.2114255726337433], "bboxes": [[96.80352783203125, 170.41476440429688, 659.2485961914062, 788.908203125], [295.0894775390625, 0.0, 518.0769653320312, 126.26544189453125]]}