{"labels": [0, 0, 0, 0], "scores": [0.9797715544700623, 0.29457294940948486, 0.17033110558986664, 0.0737624540925026], "bboxes": [[151.45437622070312, 276.93841552734375, 670.1114501953125, 559.614990234375], [45.166717529296875, 8.620269775390625, 793.57177734375, 445.7167053222656], [2.936248779296875, 0.0, 351.49462890625, 335.5951843261719], [141.23635864257812, 294.8704833984375, 437.2003479003906, 520.634521484375]]}