{"labels": [0], "scores": [0.9987441301345825], "bboxes": [[113.55722045898438, 100.44439697265625, 675.3641357421875, 683.2642211914062]]}