{"labels": [0], "scores": [0.9971081614494324], "bboxes": [[0.960235595703125, 92.82797241210938, 779.5849609375, 702.173828125]]}