{"labels": [0, 0], "scores": [0.9748854041099548, 0.8046428561210632], "bboxes": [[26.79986572265625, 49.8828125, 773.1197509765625, 782.9293212890625], [0.0, 312.4423828125, 496.451416015625, 797.4088134765625]]}