{"labels": [0, 0, 0, 0, 0], "scores": [0.9934518337249756, 0.9716058969497681, 0.20244795083999634, 0.07078056037425995, 0.05219573155045509], "bboxes": [[7.164794921875, 429.576416015625, 512.288330078125, 781.7305908203125], [276.51202392578125, 40.42413330078125, 777.9636840820312, 770.1940307617188], [116.43655395507812, 364.63543701171875, 726.91064453125, 768.1203002929688], [1.479827880859375, 50.104827880859375, 616.250244140625, 800.0], [299.59912109375, 51.55934143066406, 773.5518798828125, 427.76593017578125]]}