{"labels": [0], "scores": [0.99909508228302], "bboxes": [[10.855316162109375, 113.01626586914062, 773.089111328125, 644.871826171875]]}