{"labels": [0], "scores": [0.9977647066116333], "bboxes": [[125.26484680175781, 84.78079223632812, 602.3724975585938, 750.708984375]]}