{"labels": [0, 0, 0, 0, 0], "scores": [0.9677910804748535, 0.4520834684371948, 0.3682696223258972, 0.35147199034690857, 0.08139017224311829], "bboxes": [[14.256378173828125, 12.152618408203125, 775.2890625, 755.0142822265625], [342.2286682128906, 81.11807250976562, 759.7630615234375, 777.1607666015625], [24.298553466796875, 1.730743408203125, 385.4291076660156, 720.927490234375], [299.2801513671875, 178.9355010986328, 508.9691162109375, 674.9033203125], [374.81109619140625, 175.51901245117188, 619.15771484375, 696.9991455078125]]}