{"labels": [0, 0, 0, 0, 0, 0], "scores": [0.996887743473053, 0.9461768269538879, 0.8081122040748596, 0.19427871704101562, 0.18174615502357483, 0.16803131997585297], "bboxes": [[100.60409545898438, 227.53875732421875, 671.71044921875, 720.6172485351562], [0.0, 116.92611694335938, 115.75444793701172, 604.9244384765625], [83.10057067871094, 1.2664947509765625, 593.6650390625, 217.43943786621094], [704.6508178710938, 163.1417236328125, 798.3275756835938, 348.41571044921875], [603.5537719726562, 1.3043212890625, 796.5623168945312, 211.65924072265625], [244.02224731445312, 0.0, 795.373046875, 419.1233215332031]]}