{"labels": [0], "scores": [0.9960299134254456], "bboxes": [[215.94573974609375, 126.8851318359375, 613.7302856445312, 701.3436279296875]]}