{"labels": [0, 0, 0], "scores": [0.9755017757415771, 0.39978885650634766, 0.0511196032166481], "bboxes": [[88.21670532226562, 39.37711715698242, 677.98291015625, 692.0789184570312], [25.13477325439453, 36.213478088378906, 578.3824462890625, 456.2743835449219], [255.77517700195312, 131.53196716308594, 520.6236572265625, 670.0480346679688]]}