{"labels": [0, 0], "scores": [0.9956306219100952, 0.33247795701026917], "bboxes": [[34.0306396484375, 71.62872314453125, 603.2010498046875, 715.18408203125], [346.1273193359375, 13.527923583984375, 778.4266357421875, 708.1697998046875]]}