{"labels": [0], "scores": [0.9948840737342834], "bboxes": [[105.37930297851562, 174.8160400390625, 380.3853454589844, 748.739013671875]]}