{"labels": [0], "scores": [0.9984411597251892], "bboxes": [[98.32506561279297, 212.36056518554688, 528.23193359375, 870.6620483398438]]}