{"labels": [0], "scores": [0.9995021820068359], "bboxes": [[12.309173583984375, 55.495849609375, 781.7999267578125, 754.3514404296875]]}