{"labels": [0, 0, 0, 0], "scores": [0.9828329682350159, 0.9610134959220886, 0.4872415363788605, 0.07578828185796738], "bboxes": [[221.70330810546875, 484.4691162109375, 674.9705810546875, 626.0484619140625], [212.00071716308594, 286.73138427734375, 691.0426635742188, 435.060302734375], [217.84121704101562, 89.04145050048828, 693.4488525390625, 445.08856201171875], [142.44973754882812, 513.5989990234375, 167.77944946289062, 620.9549560546875]]}