{"labels": [0, 0, 0, 0], "scores": [0.9355556964874268, 0.7505786418914795, 0.64837646484375, 0.31462255120277405], "bboxes": [[56.105316162109375, 61.878936767578125, 774.724853515625, 750.4654541015625], [1.6692657470703125, 142.4296875, 389.97906494140625, 752.901123046875], [389.226318359375, 445.769287109375, 784.152099609375, 727.7230224609375], [326.9467468261719, 328.0157470703125, 724.08935546875, 704.5137939453125]]}