{"labels": [0, 0], "scores": [0.9964141845703125, 0.9948036074638367], "bboxes": [[27.868057250976562, 360.10150146484375, 434.160888671875, 757.5993041992188], [343.3040771484375, 134.6522216796875, 765.3271484375, 717.10595703125]]}