{"labels": [0], "scores": [0.9993333220481873], "bboxes": [[75.26278686523438, 100.24404907226562, 736.330322265625, 749.0679931640625]]}