{"labels": [0, 0, 0, 0, 0, 0], "scores": [0.782274067401886, 0.6096194982528687, 0.2619829773902893, 0.20837722718715668, 0.16362164914608002, 0.10041676461696625], "bboxes": [[138.11761474609375, 333.6642150878906, 679.5869750976562, 695.264892578125], [25.045196533203125, 635.1580200195312, 754.8873291015625, 794.4509887695312], [246.49156188964844, 322.73663330078125, 548.7342529296875, 643.9446411132812], [19.01397705078125, 426.5797119140625, 745.3448486328125, 786.6978759765625], [61.84254455566406, 325.41790771484375, 482.0994873046875, 651.3880004882812], [237.73980712890625, 328.9228515625, 466.98321533203125, 539.0286254882812]]}