{"labels": [0], "scores": [0.9870972633361816], "bboxes": [[196.03927612304688, 28.88592529296875, 645.8408203125, 645.1630249023438]]}