{"labels": [0, 0, 0], "scores": [0.9358752965927124, 0.8438295125961304, 0.09479374438524246], "bboxes": [[421.9923095703125, 254.10629272460938, 667.062255859375, 540.9588623046875], [157.02737426757812, 250.79629516601562, 402.0895690917969, 540.8441162109375], [158.9693603515625, 246.2073516845703, 654.5449829101562, 546.10791015625]]}