{"labels": [0], "scores": [0.9975173473358154], "bboxes": [[150.15139770507812, 14.091110229492188, 558.9356079101562, 896.0]]}