{"labels": [0], "scores": [0.9990271329879761], "bboxes": [[40.45623779296875, 212.71780395507812, 774.8264770507812, 734.785400390625]]}