{"labels": [0], "scores": [0.9994916915893555], "bboxes": [[65.00578308105469, 69.80424499511719, 626.122314453125, 841.8086547851562]]}