{"labels": [0], "scores": [0.998245358467102], "bboxes": [[171.296875, 83.17706298828125, 627.9842529296875, 753.6956787109375]]}