{"labels": [0, 0, 0, 0, 0], "scores": [0.848601222038269, 0.6965538263320923, 0.5663012862205505, 0.06989172846078873, 0.059308525174856186], "bboxes": [[125.86904907226562, 220.31361389160156, 644.6339111328125, 565.0521850585938], [12.60992431640625, 217.23538208007812, 760.1781616210938, 752.5179443359375], [690.4317626953125, 222.70315551757812, 800.0, 446.1504821777344], [107.56024169921875, 201.83322143554688, 726.7604370117188, 340.8791809082031], [567.49609375, 224.73751831054688, 731.4149169921875, 340.8683776855469]]}