{"labels": [0, 0], "scores": [0.9903095364570618, 0.0884193703532219], "bboxes": [[23.78802490234375, 62.722442626953125, 740.5170288085938, 708.7877197265625], [233.28887939453125, 316.0909423828125, 780.8170776367188, 714.6719970703125]]}