{"labels": [0, 0, 0, 0], "scores": [0.9369100332260132, 0.9284120798110962, 0.4580341875553131, 0.1260424107313156], "bboxes": [[189.54537963867188, 38.431671142578125, 629.841064453125, 792.6851806640625], [519.8988647460938, 169.22186279296875, 701.2421264648438, 569.2456665039062], [292.51251220703125, 287.4774169921875, 613.5775756835938, 793.72802734375], [194.96006774902344, 227.3656463623047, 464.695556640625, 715.4031982421875]]}