{"labels": [0, 0, 0, 0, 0, 0, 0], "scores": [0.6926036477088928, 0.5555022358894348, 0.4936085343360901, 0.16420988738536835, 0.11322318762540817, 0.07860284298658371, 0.06551825255155563], "bboxes": [[107.77947998046875, 20.583099365234375, 711.93798828125, 771.3668212890625], [270.94873046875, 88.80624389648438, 406.46038818359375, 400.8790588378906], [151.06082153320312, 68.23684692382812, 402.1533508300781, 504.0749206542969], [153.6141357421875, 589.7197265625, 280.60040283203125, 742.1502685546875], [237.84637451171875, 46.28131103515625, 657.4690551757812, 431.35052490234375], [97.73117065429688, 566.55859375, 606.824951171875, 757.3436279296875], [212.23001098632812, 82.25018310546875, 338.3979187011719, 508.5474853515625]]}