{"labels": [0], "scores": [0.9992877840995789], "bboxes": [[65.44805908203125, 28.976318359375, 722.2144775390625, 786.8200073242188]]}