{"labels": [0], "scores": [0.9982884526252747], "bboxes": [[163.87503051757812, 143.84423828125, 727.64013671875, 721.5999145507812]]}