{"labels": [0], "scores": [0.9983276724815369], "bboxes": [[0.0, 229.09608459472656, 800.0, 654.5416870117188]]}