{"labels": [0], "scores": [0.9970316886901855], "bboxes": [[0.0, 65.04638671875, 800.0, 739.7496948242188]]}