{"labels": [0, 0, 0, 0, 0, 0], "scores": [0.85106360912323, 0.4868040978908539, 0.2104630023241043, 0.16541442275047302, 0.09726069867610931, 0.05861913412809372], "bboxes": [[15.193023681640625, 153.69247436523438, 797.290771484375, 787.0504150390625], [220.3348388671875, 178.15658569335938, 370.8314208984375, 300.82403564453125], [142.45965576171875, 251.934814453125, 768.0311889648438, 606.3516235351562], [269.7879638671875, 387.068603515625, 325.29730224609375, 504.8463134765625], [62.19868469238281, 236.9872283935547, 196.8431854248047, 610.9266967773438], [339.35552978515625, 256.8227233886719, 658.6187744140625, 587.8468017578125]]}