{"labels": [0, 0], "scores": [0.9870297312736511, 0.6628284454345703], "bboxes": [[6.44024658203125, 154.34829711914062, 495.0762023925781, 778.00146484375], [113.53073120117188, 16.2178955078125, 776.9393310546875, 679.1641235351562]]}