{"labels": [0, 0, 0, 0], "scores": [0.9584943056106567, 0.8656931519508362, 0.6597712635993958, 0.29705581068992615], "bboxes": [[416.91143798828125, 64.9615478515625, 795.6283569335938, 788.25341796875], [0.0, 4.2686767578125, 788.173583984375, 704.83251953125], [5.0412445068359375, 593.6345825195312, 459.0615234375, 793.4132690429688], [317.31781005859375, 10.791450500488281, 550.7498168945312, 262.2575988769531]]}