{"labels": [0], "scores": [0.9914585947990417], "bboxes": [[138.42990112304688, 240.10797119140625, 640.9736328125, 784.9666137695312]]}