{"labels": [0, 0, 0, 0, 0, 0], "scores": [0.9902870655059814, 0.971204936504364, 0.9034098982810974, 0.903323769569397, 0.35315823554992676, 0.07287536561489105], "bboxes": [[483.4146728515625, 0.0, 799.92919921875, 395.0632629394531], [499.6091613769531, 405.06103515625, 795.6539306640625, 786.70068359375], [51.99574279785156, 482.0828857421875, 351.30157470703125, 800.0], [105.37567138671875, 92.64251708984375, 398.9488220214844, 590.4093627929688], [130.7154083251953, 250.48776245117188, 324.81549072265625, 387.8195495605469], [54.606781005859375, 219.63543701171875, 384.1287841796875, 795.306396484375]]}