{"labels": [0, 0, 0], "scores": [0.9993007183074951, 0.2682736814022064, 0.07198453694581985], "bboxes": [[156.73550415039062, 27.361328125, 744.90771484375, 794.4427490234375], [0.0, 122.26177978515625, 206.22036743164062, 523.9450073242188], [307.3177795410156, 578.5275268554688, 488.4430236816406, 632.7693481445312]]}