{"labels": [0, 0, 0, 0, 0, 0, 0, 0, 0], "scores": [0.9092291593551636, 0.28835833072662354, 0.2585814893245697, 0.1222979798913002, 0.09142626076936722, 0.056634895503520966, 0.05308423936367035, 0.051735036075115204, 0.05032786354422569], "bboxes": [[80.03463745117188, 31.771881103515625, 796.505126953125, 448.8479919433594], [46.7232666015625, 66.43505859375, 800.0, 786.0357666015625], [327.399658203125, 147.79086303710938, 506.32537841796875, 344.44403076171875], [120.30731201171875, 422.2352294921875, 796.716796875, 779.8038330078125], [504.9654541015625, 230.57318115234375, 796.055908203125, 381.15179443359375], [416.49090576171875, 92.43168640136719, 780.3027954101562, 386.22845458984375], [519.4682006835938, 102.5614013671875, 694.8363647460938, 307.34222412109375], [268.42449951171875, 410.07977294921875, 371.140625, 647.1250610351562], [426.9518737792969, 431.8593444824219, 614.88525390625, 742.8477783203125]]}