{"labels": [0], "scores": [0.9975659847259521], "bboxes": [[201.5796356201172, 0.0, 578.0077514648438, 798.9804077148438]]}