{"labels": [0, 0, 0], "scores": [0.890873372554779, 0.352529376745224, 0.18492551147937775], "bboxes": [[0.0, 206.79742431640625, 765.6168823242188, 792.3594970703125], [18.42931365966797, 244.57078552246094, 227.34085083007812, 391.8287353515625], [303.4811096191406, 208.7144775390625, 786.424560546875, 564.580810546875]]}