{"labels": [0, 0], "scores": [0.9929359555244446, 0.14438681304454803], "bboxes": [[201.19146728515625, 18.820056915283203, 513.7876586914062, 800.6600341796875], [281.83587646484375, 715.4017944335938, 433.97137451171875, 893.0155639648438]]}