{"labels": [0, 0], "scores": [0.9461933970451355, 0.3839893639087677], "bboxes": [[124.4678955078125, 237.93191528320312, 735.423828125, 737.01953125], [121.99162292480469, 455.85528564453125, 602.3633422851562, 747.7151489257812]]}