{"labels": [0, 0, 0], "scores": [0.9962120056152344, 0.4437522888183594, 0.1232648566365242], "bboxes": [[53.7237548828125, 5.687774658203125, 786.9874877929688, 781.312255859375], [323.06427001953125, 250.75732421875, 786.8948364257812, 783.946044921875], [49.611351013183594, 533.5255126953125, 272.62115478515625, 775.4154052734375]]}