{"labels": [0], "scores": [0.9979279041290283], "bboxes": [[32.428070068359375, 109.4742431640625, 787.365234375, 652.4512939453125]]}