{"labels": [0, 0], "scores": [0.9877057671546936, 0.14556311070919037], "bboxes": [[64.45388793945312, 185.01373291015625, 683.1607666015625, 700.8212890625], [447.27032470703125, 289.7384033203125, 740.8381958007812, 646.7559814453125]]}