{"labels": [0], "scores": [0.9981065988540649], "bboxes": [[59.84588623046875, 195.23046875, 741.21630859375, 785.7713012695312]]}