{"labels": [0], "scores": [0.9992576241493225], "bboxes": [[75.81640625, 25.374603271484375, 740.8388061523438, 758.438232421875]]}