{"labels": [0, 0, 0], "scores": [0.9812420606613159, 0.9413882493972778, 0.060597773641347885], "bboxes": [[102.63645935058594, 0.8829345703125, 401.69268798828125, 784.5263061523438], [302.45404052734375, 2.49493408203125, 693.6322631835938, 767.4563598632812], [556.4268798828125, 37.70440673828125, 701.2117919921875, 712.2567749023438]]}