{"labels": [0], "scores": [0.9829744696617126], "bboxes": [[120.5238037109375, 118.95700073242188, 662.661865234375, 721.1820068359375]]}