{"labels": [0], "scores": [0.9996267557144165], "bboxes": [[20.03668212890625, 37.624481201171875, 778.9152221679688, 780.0936279296875]]}