{"labels": [0], "scores": [0.9992744326591492], "bboxes": [[46.09130859375, 108.13327026367188, 757.0770263671875, 690.299560546875]]}