{"labels": [0], "scores": [0.9977766871452332], "bboxes": [[48.2493896484375, 54.0953369140625, 741.3671264648438, 727.7971801757812]]}