{"labels": [0, 0, 0, 0], "scores": [0.9059725999832153, 0.35356664657592773, 0.11376705765724182, 0.0895867869257927], "bboxes": [[83.31668090820312, 430.09039306640625, 632.7742919921875, 786.1317749023438], [326.2547607421875, 68.93897247314453, 641.3828125, 315.7323913574219], [70.51998901367188, 95.11062622070312, 647.277099609375, 783.2010498046875], [75.71443176269531, 418.35565185546875, 338.00518798828125, 611.8930053710938]]}