{"labels": [0, 0], "scores": [0.9960075616836548, 0.9948598146438599], "bboxes": [[0.0, 282.46405029296875, 356.659423828125, 689.0653686523438], [323.2127990722656, 206.93344116210938, 698.0537109375, 716.4351806640625]]}