{"labels": [0, 0, 0, 0, 0], "scores": [0.9816142320632935, 0.9317702054977417, 0.8133320808410645, 0.07337621599435806, 0.06177527830004692], "bboxes": [[289.1143493652344, 284.4457092285156, 535.5694580078125, 655.716796875], [26.04132080078125, 303.43670654296875, 299.7491760253906, 677.758056640625], [510.9352111816406, 280.1865234375, 775.3330078125, 639.2933959960938], [0.4136810302734375, 0.0, 169.55615234375, 203.61622619628906], [525.4213256835938, 304.3403015136719, 715.8462524414062, 529.842041015625]]}