{"labels": [0], "scores": [0.9927914142608643], "bboxes": [[4.351287841796875, 97.54931640625, 742.663818359375, 721.2418212890625]]}