{"labels": [0, 0, 0, 0, 0], "scores": [0.9910666346549988, 0.9904290437698364, 0.40816035866737366, 0.0722939744591713, 0.06387718766927719], "bboxes": [[6.2373199462890625, 214.68502807617188, 459.9041748046875, 743.1221923828125], [377.07684326171875, 213.6859130859375, 777.5745239257812, 785.1604614257812], [240.19442749023438, 487.81414794921875, 500.3266906738281, 778.8099975585938], [171.21847534179688, 350.4456787109375, 632.740234375, 786.9639892578125], [394.08197021484375, 514.4063110351562, 797.5050659179688, 780.7196655273438]]}