{"labels": [0], "scores": [0.963667631149292], "bboxes": [[243.2756805419922, 75.67507934570312, 607.6885375976562, 800.0]]}