{"labels": [0], "scores": [0.9979438185691833], "bboxes": [[166.3771514892578, 5.269364833831787, 536.7373046875, 701.1713256835938]]}