{"labels": [0], "scores": [0.9931220412254333], "bboxes": [[58.907073974609375, 74.06387329101562, 661.0924072265625, 666.2835693359375]]}