{"labels": [0, 0, 0, 0], "scores": [0.9565353989601135, 0.41807126998901367, 0.21783055365085602, 0.07776904106140137], "bboxes": [[221.2564697265625, 286.8515625, 743.69921875, 718.5321655273438], [199.71408081054688, 292.74298095703125, 751.5487060546875, 415.884765625], [205.91050720214844, 300.2931823730469, 502.91851806640625, 418.6057434082031], [612.28076171875, 324.538818359375, 756.8138427734375, 422.40484619140625]]}