{"labels": [0], "scores": [0.998407781124115], "bboxes": [[128.62631225585938, 110.21554565429688, 800.0, 665.7677001953125]]}