{"labels": [0], "scores": [0.9975795149803162], "bboxes": [[166.12054443359375, 217.26193237304688, 558.007568359375, 813.435546875]]}