{"labels": [0], "scores": [0.998730480670929], "bboxes": [[21.774505615234375, 189.03726196289062, 788.2562255859375, 694.2213134765625]]}