{"labels": [0], "scores": [0.9991580247879028], "bboxes": [[25.974578857421875, 184.75953674316406, 776.1864013671875, 552.9094848632812]]}