{"labels": [0, 0], "scores": [0.998079776763916, 0.41760510206222534], "bboxes": [[0.0, 194.8416748046875, 792.0975341796875, 774.9013671875], [260.50970458984375, 1.2650299072265625, 515.386474609375, 223.2850799560547]]}