{"labels": [0, 0, 0, 0, 0, 0], "scores": [0.9702832102775574, 0.23626047372817993, 0.10850987583398819, 0.0845554992556572, 0.061778370290994644, 0.05641398951411247], "bboxes": [[66.4083251953125, 32.7950439453125, 693.391357421875, 763.4404296875], [267.77734375, 383.1759033203125, 520.4273071289062, 778.8707275390625], [87.8127670288086, 66.4842529296875, 319.4427795410156, 328.9676208496094], [200.406005859375, 97.0567626953125, 405.384765625, 495.59429931640625], [194.414794921875, 43.49566650390625, 670.369873046875, 458.0091552734375], [238.57485961914062, 185.24935913085938, 619.435302734375, 767.028564453125]]}