{"labels": [0], "scores": [0.9991397857666016], "bboxes": [[11.803558349609375, 102.9097900390625, 781.826171875, 704.551513671875]]}