{"labels": [0], "scores": [0.9954408407211304], "bboxes": [[304.6924133300781, 13.233062744140625, 526.0142822265625, 792.4766845703125]]}