{"labels": [0, 0, 0, 0, 0, 0], "scores": [0.9909238219261169, 0.9680823683738708, 0.8863546848297119, 0.8064468502998352, 0.2838420271873474, 0.05638978257775307], "bboxes": [[400.67132568359375, 105.63032531738281, 670.6369018554688, 338.5069580078125], [53.082244873046875, 228.2371063232422, 545.2266845703125, 625.7925415039062], [472.738037109375, 326.2984924316406, 756.00244140625, 625.8515625], [19.682586669921875, 35.20130920410156, 439.86090087890625, 493.5347900390625], [7.4874267578125, 65.18087768554688, 697.488525390625, 632.383056640625], [390.6719970703125, 118.48167419433594, 686.7625732421875, 510.0836181640625]]}