{"labels": [0, 0, 0, 0], "scores": [0.947777509689331, 0.4567710757255554, 0.09562999755144119, 0.05245969071984291], "bboxes": [[270.9249267578125, 7.023590087890625, 430.968505859375, 734.6800537109375], [233.563232421875, 0.0, 758.640869140625, 800.0], [320.532470703125, 356.0849914550781, 776.502197265625, 788.049072265625], [270.22808837890625, 10.924713134765625, 429.6053466796875, 326.5235595703125]]}