{"labels": [0], "scores": [0.9990257024765015], "bboxes": [[2.510986328125, 110.37387084960938, 782.761474609375, 766.73779296875]]}