{"labels": [0, 0, 0, 0], "scores": [0.9852514266967773, 0.4430183172225952, 0.08900967985391617, 0.06489980965852737], "bboxes": [[79.86990356445312, 25.73291015625, 790.2119140625, 785.6525268554688], [65.31033325195312, 532.3278198242188, 787.63232421875, 784.7362670898438], [105.11360931396484, 18.466644287109375, 360.22735595703125, 735.491455078125], [108.56504821777344, 17.050796508789062, 346.33905029296875, 372.01593017578125]]}