{"labels": [0], "scores": [0.9969720840454102], "bboxes": [[83.8362045288086, 206.31642150878906, 543.0155639648438, 862.6104736328125]]}