{"labels": [0], "scores": [0.9968781471252441], "bboxes": [[87.36318969726562, 183.5002899169922, 613.79345703125, 689.6309204101562]]}