{"labels": [0], "scores": [0.9981940388679504], "bboxes": [[49.254486083984375, 312.02239990234375, 748.8221435546875, 689.4161376953125]]}