{"labels": [0, 0, 0], "scores": [0.9961460828781128, 0.13119913637638092, 0.09580530226230621], "bboxes": [[52.47511291503906, 103.90411376953125, 648.5503540039062, 701.0042724609375], [0.0, 576.889892578125, 523.4202880859375, 896.0], [346.81689453125, 87.39830017089844, 375.8430480957031, 123.20885467529297]]}