{"labels": [0], "scores": [0.9990585446357727], "bboxes": [[0.0, 6.647216796875, 800.0, 800.0]]}