{"labels": [0], "scores": [0.9966011047363281], "bboxes": [[6.658721923828125, 17.757965087890625, 724.12109375, 596.528564453125]]}