{"labels": [0], "scores": [0.9986082911491394], "bboxes": [[47.91064453125, 116.02780151367188, 769.263671875, 773.4398193359375]]}