{"labels": [0, 0, 0, 0, 0], "scores": [0.9932262301445007, 0.8103642463684082, 0.09708445519208908, 0.053096503019332886, 0.05248665809631348], "bboxes": [[2.726806640625, 139.533935546875, 789.5380249023438, 757.4747314453125], [109.09642028808594, 74.44491577148438, 366.9454345703125, 377.1615905761719], [309.1519470214844, 123.22807312011719, 695.35986328125, 375.93792724609375], [73.37142944335938, 261.3338623046875, 584.46337890625, 704.4409790039062], [389.6741943359375, 160.97528076171875, 773.76025390625, 746.3267211914062]]}