{"labels": [0, 0], "scores": [0.9901087284088135, 0.05704464018344879], "bboxes": [[124.04656982421875, 123.211181640625, 651.7318115234375, 735.4346313476562], [265.4131164550781, 133.83091735839844, 629.906005859375, 416.58599853515625]]}