{"labels": [0], "scores": [0.9991342425346375], "bboxes": [[1.291168212890625, 317.61749267578125, 789.4254150390625, 599.9078369140625]]}