{"labels": [0], "scores": [0.9988676309585571], "bboxes": [[132.98532104492188, 0.0, 658.42236328125, 794.0442504882812]]}