{"labels": [0], "scores": [0.9964854717254639], "bboxes": [[122.52700805664062, 112.9373779296875, 649.33837890625, 741.620849609375]]}