{"labels": [0], "scores": [0.9990389347076416], "bboxes": [[161.6149444580078, 79.91436767578125, 659.633056640625, 759.7277221679688]]}