{"labels": [0, 0, 0, 0, 0, 0, 0, 0, 0, 0, 0, 0], "scores": [0.8638716340065002, 0.857526957988739, 0.801209568977356, 0.7650982737541199, 0.3535822331905365, 0.2745586633682251, 0.10000346601009369, 0.09479039907455444, 0.07810516655445099, 0.05866300314664841, 0.05262814089655876, 0.05243019014596939], "bboxes": [[241.33840942382812, 114.47036743164062, 584.854736328125, 591.0540771484375], [222.33245849609375, 358.5623779296875, 371.607421875, 615.1817626953125], [427.8917236328125, 241.58810424804688, 760.478759765625, 521.6119384765625], [0.489166259765625, 335.6476745605469, 290.7069091796875, 610.608154296875], [501.91851806640625, 447.8424377441406, 800.0, 678.4869384765625], [190.8108367919922, 308.14697265625, 542.639892578125, 605.18798828125], [230.4368438720703, 120.42909240722656, 570.1644897460938, 177.54689025878906], [460.52032470703125, 326.80511474609375, 785.7094116210938, 633.7285766601562], [24.458465576171875, 144.51124572753906, 735.206298828125, 627.5774536132812], [242.847412109375, 223.42483520507812, 583.383544921875, 303.1685485839844], [231.60899353027344, 116.7618408203125, 571.4005737304688, 236.51754760742188], [305.0919189453125, 497.33172607421875, 535.6907958984375, 590.8093872070312]]}