{"labels": [0, 0, 0], "scores": [0.9947630763053894, 0.10882041603326797, 0.10866248607635498], "bboxes": [[243.8597869873047, 182.34732055664062, 687.220703125, 757.8258056640625], [307.3473205566406, 546.8422241210938, 598.408935546875, 751.6962280273438], [0.0363311767578125, 186.13552856445312, 198.96688842773438, 792.6658935546875]]}