{"labels": [0], "scores": [0.9994087219238281], "bboxes": [[14.192047119140625, 86.30535888671875, 766.8880615234375, 736.3279418945312]]}