{"labels": [0], "scores": [0.9975554943084717], "bboxes": [[137.78216552734375, 96.68057250976562, 701.5979614257812, 615.4300537109375]]}