{"labels": [0, 0, 0], "scores": [0.9866820573806763, 0.1844302862882614, 0.09598663449287415], "bboxes": [[145.78363037109375, 180.2261962890625, 788.9432373046875, 794.696044921875], [9.303695678710938, 125.0516357421875, 413.17388916015625, 800.0], [0.0, 174.13015747070312, 85.00820922851562, 537.34033203125]]}