{"labels": [0, 0, 0, 0, 0, 0], "scores": [0.9255720973014832, 0.5056506991386414, 0.27436450123786926, 0.15770094096660614, 0.11050995439291, 0.053409043699502945], "bboxes": [[44.149810791015625, 52.173858642578125, 782.55419921875, 722.2728271484375], [300.216552734375, 469.6179504394531, 751.748291015625, 713.6874389648438], [21.957992553710938, 43.081512451171875, 414.9066162109375, 693.84912109375], [290.1932373046875, 71.24160766601562, 592.0266723632812, 702.9991455078125], [22.703903198242188, 551.0877075195312, 340.1490478515625, 698.3298950195312], [176.64039611816406, 557.6194458007812, 252.7458038330078, 630.8423461914062]]}