{"labels": [0], "scores": [0.9982578158378601], "bboxes": [[14.7825927734375, 119.80575561523438, 729.2838134765625, 742.1470947265625]]}