{"labels": [0], "scores": [0.9984899759292603], "bboxes": [[91.67276000976562, 3.524261474609375, 720.1884765625, 797.513427734375]]}