{"labels": [0], "scores": [0.9982783794403076], "bboxes": [[183.9653778076172, 117.05557250976562, 580.8455200195312, 777.051025390625]]}