{"labels": [0, 0, 0, 0], "scores": [0.9918283224105835, 0.33290472626686096, 0.24807730317115784, 0.10236756503582001], "bboxes": [[0.0, 0.0, 693.0264892578125, 896.0], [0.45378875732421875, 10.599735260009766, 581.3125610351562, 540.6050415039062], [579.2112426757812, 42.591270446777344, 697.2677612304688, 394.6308288574219], [1.6112518310546875, 503.185791015625, 698.1994018554688, 889.77001953125]]}