{"labels": [0, 0, 0, 0], "scores": [0.9934923052787781, 0.985041081905365, 0.9821328520774841, 0.05574927479028702], "bboxes": [[335.0693054199219, 31.160385131835938, 472.9580383300781, 494.36004638671875], [145.80291748046875, 165.65420532226562, 313.4156188964844, 750.337158203125], [514.7806396484375, 114.67129516601562, 676.2874755859375, 679.3922119140625], [142.36471557617188, 26.848480224609375, 676.793701171875, 754.7454833984375]]}