{"labels": [0, 0, 0], "scores": [0.9964331388473511, 0.07340274751186371, 0.07218467444181442], "bboxes": [[65.70962524414062, 0.08229827880859375, 642.030517578125, 751.269775390625], [218.07577514648438, 668.4776611328125, 365.9572448730469, 842.18505859375], [382.32659912109375, 119.45159912109375, 638.3230590820312, 758.0601806640625]]}