{"labels": [0, 0], "scores": [0.9949774146080017, 0.12059033662080765], "bboxes": [[98.28665161132812, 146.60369873046875, 792.744873046875, 576.0225219726562], [298.72381591796875, 491.2333068847656, 636.564453125, 589.3208618164062]]}