{"labels": [0, 0], "scores": [0.9869071245193481, 0.9531822204589844], "bboxes": [[105.84259033203125, 268.910400390625, 694.212158203125, 736.4002685546875], [144.203857421875, 74.84431457519531, 633.771484375, 524.7106323242188]]}