{"labels": [0], "scores": [0.9961602687835693], "bboxes": [[259.8694763183594, 13.077423095703125, 577.3226318359375, 793.7952880859375]]}