{"labels": [0], "scores": [0.953286349773407], "bboxes": [[246.5089874267578, 94.5963134765625, 736.0835571289062, 658.161865234375]]}