{"labels": [0], "scores": [0.9783510565757751], "bboxes": [[0.04266357421875, 137.73440551757812, 794.3818969726562, 564.201904296875]]}