{"labels": [0, 0, 0, 0], "scores": [0.9812036156654358, 0.2505059540271759, 0.08823709934949875, 0.0663486197590828], "bboxes": [[131.52447509765625, 282.2684326171875, 692.0808715820312, 722.1888427734375], [114.59758758544922, 294.6148681640625, 343.23486328125, 559.6986694335938], [216.81907653808594, 297.78546142578125, 551.0449829101562, 581.7222900390625], [288.0052490234375, 321.585693359375, 630.7327880859375, 668.7894287109375]]}