{"labels": [0, 0, 0, 0, 0, 0, 0], "scores": [0.9716066718101501, 0.9567261338233948, 0.9232928156852722, 0.8550563454627991, 0.817091703414917, 0.3279392719268799, 0.08861333131790161], "bboxes": [[513.483642578125, 88.2374267578125, 680.18310546875, 783.1771240234375], [0.0, 311.2161865234375, 63.0711669921875, 408.07257080078125], [66.63671875, 334.5875549316406, 154.49624633789062, 409.5129089355469], [0.0, 405.6967468261719, 65.42280578613281, 499.8668518066406], [0.0, 531.2850341796875, 469.42822265625, 741.1953125], [16.87942123413086, 247.6049346923828, 88.35163879394531, 308.9487609863281], [29.283966064453125, 52.80096435546875, 675.0709228515625, 798.6024780273438]]}