{"labels": [0], "scores": [0.9879453182220459], "bboxes": [[209.36972045898438, 44.487457275390625, 446.9565734863281, 646.29833984375]]}