{"labels": [0, 0], "scores": [0.9901466965675354, 0.08006120473146439], "bboxes": [[76.8123779296875, 109.49264526367188, 767.912353515625, 763.452880859375], [10.5782470703125, 44.90679931640625, 550.3674926757812, 588.8574829101562]]}