{"labels": [0], "scores": [0.9985960125923157], "bboxes": [[8.36248779296875, 42.74371337890625, 791.8646240234375, 771.1927490234375]]}