{"labels": [0, 0], "scores": [0.9976924657821655, 0.9835188984870911], "bboxes": [[46.7794189453125, 205.47381591796875, 382.1746520996094, 732.426025390625], [543.040283203125, 171.87290954589844, 765.9210205078125, 548.723876953125]]}