{"labels": [0, 0], "scores": [0.9917049407958984, 0.06996993720531464], "bboxes": [[168.63368225097656, 30.101409912109375, 593.8386840820312, 782.62890625], [370.3675231933594, 26.891876220703125, 583.228759765625, 761.0155029296875]]}