{"labels": [0], "scores": [0.9982191920280457], "bboxes": [[231.047607421875, 25.6087646484375, 573.0184326171875, 698.75]]}