{"labels": [0], "scores": [0.9987208247184753], "bboxes": [[175.44094848632812, 88.86587524414062, 720.99169921875, 747.8994140625]]}