{"labels": [0], "scores": [0.9990993738174438], "bboxes": [[84.81430053710938, 121.76809692382812, 740.1683349609375, 760.5125732421875]]}