{"labels": [0], "scores": [0.9993600249290466], "bboxes": [[149.54666137695312, 13.574920654296875, 676.7843017578125, 800.0]]}