{"labels": [0, 0], "scores": [0.984398365020752, 0.17930826544761658], "bboxes": [[73.21871948242188, 104.40029907226562, 729.701171875, 496.7355651855469], [78.80632019042969, 122.21340942382812, 441.79547119140625, 469.6651306152344]]}