{"labels": [0], "scores": [0.9987145662307739], "bboxes": [[74.64620971679688, 29.26861572265625, 749.193115234375, 774.6820068359375]]}