{"labels": [0, 0, 0, 0], "scores": [0.9973975419998169, 0.5895863771438599, 0.5832988619804382, 0.1407148838043213], "bboxes": [[8.245574951171875, 123.98843383789062, 446.2684020996094, 771.5518798828125], [641.1776733398438, 488.432373046875, 771.2973022460938, 652.71484375], [470.6218566894531, 472.6846923828125, 546.679931640625, 665.157958984375], [582.1284790039062, 542.27783203125, 648.4266967773438, 645.733154296875]]}