{"labels": [0], "scores": [0.9974986910820007], "bboxes": [[116.54183959960938, 135.04202270507812, 748.5699462890625, 688.0799560546875]]}