{"labels": [0, 0, 0, 0], "scores": [0.9834663271903992, 0.9595170021057129, 0.11111009120941162, 0.07015448808670044], "bboxes": [[4.263427734375, 149.51791381835938, 399.5689697265625, 760.3299560546875], [430.7883605957031, 190.58279418945312, 732.5482177734375, 594.1993408203125], [576.5903930664062, 213.54049682617188, 733.5513305664062, 584.0235595703125], [37.901611328125, 143.22686767578125, 728.4202880859375, 782.4774780273438]]}