{"labels": [0, 0, 0], "scores": [0.9880651831626892, 0.9122442603111267, 0.11426082253456116], "bboxes": [[12.748779296875, 220.4469451904297, 390.16656494140625, 609.5389404296875], [298.8485107421875, 363.3435974121094, 792.809326171875, 610.2374877929688], [115.90899658203125, 214.95223999023438, 782.3251953125, 620.9239501953125]]}