{"labels": [0], "scores": [0.9994140863418579], "bboxes": [[43.89068603515625, 67.59304809570312, 739.9894409179688, 675.5548095703125]]}