{"labels": [0, 0, 0, 0, 0, 0, 0, 0], "scores": [0.9178363084793091, 0.9161127209663391, 0.6228570342063904, 0.21447789669036865, 0.1894255429506302, 0.11956080794334412, 0.09463941305875778, 0.07404641807079315], "bboxes": [[0.0, 0.0, 799.9065551757812, 796.065185546875], [203.90380859375, 193.4966278076172, 375.47222900390625, 355.78302001953125], [215.98902893066406, 337.25726318359375, 381.18023681640625, 521.6539916992188], [280.9870300292969, 90.42678833007812, 400.7254333496094, 189.622802734375], [369.9865417480469, 146.64752197265625, 612.7230834960938, 674.077880859375], [371.91143798828125, 398.50164794921875, 555.9218139648438, 676.7599487304688], [204.48004150390625, 153.87120056152344, 418.44891357421875, 536.392822265625], [351.97222900390625, 98.73147583007812, 783.7252807617188, 749.5843505859375]]}