{"labels": [0], "scores": [0.9968327879905701], "bboxes": [[248.0855255126953, 99.13504028320312, 584.162353515625, 795.6993408203125]]}