{"labels": [0, 0], "scores": [0.9951596856117249, 0.20345823466777802], "bboxes": [[118.2607421875, 115.98150634765625, 709.6039428710938, 715.3651123046875], [74.47447204589844, 368.21630859375, 327.4151611328125, 729.869873046875]]}