{"labels": [0, 0], "scores": [0.9953624606132507, 0.7201845645904541], "bboxes": [[14.7203369140625, 24.53155517578125, 785.6637573242188, 646.7315673828125], [592.9830932617188, 292.0429382324219, 787.1753540039062, 553.9090576171875]]}