{"labels": [0], "scores": [0.9948409199714661], "bboxes": [[207.41012573242188, 253.29449462890625, 555.5506591796875, 671.2513427734375]]}