{"labels": [0], "scores": [0.9985264539718628], "bboxes": [[50.76506042480469, 209.14508056640625, 534.3863525390625, 884.4334716796875]]}