{"labels": [0], "scores": [0.9982782602310181], "bboxes": [[5.5113525390625, 192.31491088867188, 796.596923828125, 675.5831298828125]]}