{"labels": [0, 0, 0, 0], "scores": [0.9927380681037903, 0.9096364974975586, 0.44677454233169556, 0.3970257043838501], "bboxes": [[0.0, 208.65818786621094, 785.3706665039062, 697.0274047851562], [641.1580810546875, 0.0, 796.287353515625, 484.6542663574219], [2.8550872802734375, 171.29949951171875, 504.70965576171875, 602.9174194335938], [328.7867431640625, 2.3517837524414062, 740.773681640625, 191.74688720703125]]}