{"labels": [0], "scores": [0.984607994556427], "bboxes": [[248.74989318847656, 256.5871887207031, 588.0833129882812, 785.4365234375]]}