{"labels": [0], "scores": [0.9990560412406921], "bboxes": [[38.091888427734375, 152.42401123046875, 776.271240234375, 733.2584228515625]]}