{"labels": [0], "scores": [0.9977689981460571], "bboxes": [[20.898040771484375, 53.95916748046875, 795.0384521484375, 794.6024169921875]]}