{"labels": [0], "scores": [0.9991692304611206], "bboxes": [[84.13632202148438, 79.612548828125, 743.71142578125, 771.8652954101562]]}