{"labels": [0, 0], "scores": [0.9960634112358093, 0.07887858152389526], "bboxes": [[27.46142578125, 235.17335510253906, 766.8748779296875, 633.326904296875], [23.976028442382812, 385.8307800292969, 523.6065673828125, 615.6532592773438]]}