{"labels": [0, 0], "scores": [0.9982914328575134, 0.1406615823507309], "bboxes": [[187.6563720703125, 178.11758422851562, 507.0917663574219, 751.1434936523438], [546.9972534179688, 571.531982421875, 699.5473022460938, 836.8280029296875]]}