{"labels": [0, 0, 0, 0, 0], "scores": [0.9983610510826111, 0.9322426915168762, 0.690656840801239, 0.5908580422401428, 0.46044665575027466], "bboxes": [[235.21372985839844, 243.916748046875, 701.9569091796875, 800.0], [0.0, 417.03558349609375, 236.98388671875, 703.6035766601562], [0.0, 125.31668090820312, 216.94985961914062, 433.6813049316406], [229.10244750976562, 0.0, 528.644775390625, 253.21990966796875], [581.431396484375, 361.3267517089844, 799.9410400390625, 721.627197265625]]}