{"labels": [0, 0, 0, 0, 0, 0, 0, 0], "scores": [0.9373177886009216, 0.5634425282478333, 0.4414406418800354, 0.3582670986652374, 0.32136446237564087, 0.21261624991893768, 0.09612532705068588, 0.05136464536190033], "bboxes": [[205.96453857421875, 529.762939453125, 703.2261352539062, 750.2142333984375], [23.349456787109375, 21.60968017578125, 608.2960205078125, 708.7554321289062], [39.641998291015625, 99.23246765136719, 353.73553466796875, 592.228515625], [204.80850219726562, 533.99560546875, 457.0941467285156, 751.271728515625], [419.5513916015625, 568.12060546875, 692.2198486328125, 748.2281494140625], [190.11859130859375, 28.44354248046875, 348.641357421875, 575.6052856445312], [183.997802734375, 245.04217529296875, 698.994873046875, 714.5573120117188], [262.09417724609375, 47.344390869140625, 558.7100830078125, 607.636474609375]]}