{"labels": [0], "scores": [0.9934694766998291], "bboxes": [[62.79534912109375, 107.24917602539062, 745.3858032226562, 701.399658203125]]}