{"labels": [0], "scores": [0.9970676302909851], "bboxes": [[99.48385620117188, 152.84446716308594, 706.9984130859375, 622.984619140625]]}