{"labels": [0], "scores": [0.9965631365776062], "bboxes": [[37.14825439453125, 58.94427490234375, 731.3641357421875, 730.3554077148438]]}