{"labels": [0, 0, 0, 0, 0], "scores": [0.9134820699691772, 0.8241891860961914, 0.7721840739250183, 0.4352510869503021, 0.06909101456403732], "bboxes": [[23.188308715820312, 122.8621826171875, 308.95947265625, 712.7901611328125], [291.8997802734375, 120.44778442382812, 564.3192138671875, 699.283447265625], [516.162353515625, 129.13796997070312, 770.6605224609375, 687.826171875], [198.94039916992188, 112.28225708007812, 760.759521484375, 732.513916015625], [298.86773681640625, 318.1549987792969, 546.603271484375, 631.453125]]}