{"labels": [0], "scores": [0.9987800717353821], "bboxes": [[61.35723876953125, 128.14401245117188, 707.3741455078125, 687.59765625]]}