{"labels": [0], "scores": [0.9984139204025269], "bboxes": [[120.30813598632812, 101.070068359375, 674.1053466796875, 682.1485595703125]]}