{"labels": [0, 0], "scores": [0.9423204064369202, 0.13493898510932922], "bboxes": [[226.36801147460938, 249.66098022460938, 502.9826354980469, 653.6336669921875], [264.1550598144531, 7.153083801269531, 493.1855773925781, 211.426513671875]]}