{"labels": [0], "scores": [0.999790608882904], "bboxes": [[35.4215087890625, 39.19110107421875, 771.5692138671875, 766.1478881835938]]}