{"labels": [0, 0, 0, 0, 0], "scores": [0.9839224815368652, 0.4556647539138794, 0.1250303089618683, 0.10895096510648727, 0.07143612205982208], "bboxes": [[116.59603118896484, 170.652099609375, 247.9901123046875, 685.6804809570312], [462.9107666015625, 200.2790069580078, 492.19000244140625, 311.1170959472656], [660.7696533203125, 591.0928955078125, 710.9603271484375, 679.03369140625], [447.0141906738281, 579.66748046875, 520.4583129882812, 692.3662109375], [619.7342529296875, 200.419189453125, 718.0533447265625, 310.8305358886719]]}