{"labels": [0, 0], "scores": [0.9971082806587219, 0.26793333888053894], "bboxes": [[93.57345581054688, 176.68096923828125, 704.7633056640625, 762.0015258789062], [455.7851867675781, 0.0, 697.7088012695312, 433.8785400390625]]}