{"labels": [0, 0, 0], "scores": [0.9929530024528503, 0.30738142132759094, 0.1529465913772583], "bboxes": [[229.52017211914062, 12.393798828125, 545.4736328125, 422.2276916503906], [124.73519897460938, 402.439697265625, 695.1798095703125, 794.27783203125], [110.27444458007812, 14.56585693359375, 708.90869140625, 800.0]]}