{"labels": [0, 0], "scores": [0.9900714159011841, 0.9722865223884583], "bboxes": [[425.0882568359375, 273.723876953125, 775.880126953125, 698.4744873046875], [25.391815185546875, 252.2746124267578, 403.3783264160156, 710.8493041992188]]}