{"labels": [0], "scores": [0.9985235333442688], "bboxes": [[95.86785888671875, 369.902587890625, 714.2501220703125, 581.1500244140625]]}