{"labels": [0], "scores": [0.9930030703544617], "bboxes": [[161.36846923828125, 66.72506713867188, 639.79345703125, 761.28466796875]]}