{"labels": [0, 0, 0, 0, 0], "scores": [0.9824990034103394, 0.9725120663642883, 0.9684901237487793, 0.30285540223121643, 0.07744494080543518], "bboxes": [[254.7222442626953, 136.6605987548828, 529.8577880859375, 407.76885986328125], [11.637666702270508, 283.2409973144531, 329.9679260253906, 642.8010864257812], [329.9253845214844, 193.6828155517578, 691.4505615234375, 637.762451171875], [311.8067932128906, 148.6592254638672, 618.7438354492188, 465.1897888183594], [84.42322540283203, 105.66071319580078, 671.4905395507812, 652.1196899414062]]}