{"labels": [0], "scores": [0.996875524520874], "bboxes": [[118.5731201171875, 8.662109375, 666.54296875, 794.8460693359375]]}