{"labels": [0], "scores": [0.9933306574821472], "bboxes": [[138.62844848632812, 72.5604248046875, 634.310546875, 752.3797607421875]]}