{"labels": [0], "scores": [0.9996658563613892], "bboxes": [[12.7891845703125, 11.605072021484375, 800.0, 800.0]]}