{"labels": [0, 0], "scores": [0.9982132911682129, 0.05590546876192093], "bboxes": [[28.360260009765625, 177.99171447753906, 766.6448974609375, 659.2153930664062], [344.3838195800781, 203.54678344726562, 485.9437561035156, 346.4502868652344]]}