{"labels": [0], "scores": [0.9977164268493652], "bboxes": [[280.385986328125, 48.829803466796875, 528.1802978515625, 782.5155029296875]]}