{"labels": [0], "scores": [0.9419388771057129], "bboxes": [[133.993408203125, 53.884490966796875, 682.992919921875, 655.9281005859375]]}