{"labels": [0, 0, 0], "scores": [0.9948421120643616, 0.9422087669372559, 0.16325372457504272], "bboxes": [[139.82321166992188, 81.68534851074219, 669.296142578125, 584.3408813476562], [284.9198303222656, 659.0042724609375, 381.5978088378906, 779.33544921875], [193.1211700439453, 390.604736328125, 594.64111328125, 763.1865234375]]}