{"labels": [0, 0, 0, 0, 0], "scores": [0.754356324672699, 0.6373056769371033, 0.13846462965011597, 0.074762724339962, 0.06336753815412521], "bboxes": [[270.730224609375, 0.1611480712890625, 558.2032470703125, 215.2900848388672], [55.722808837890625, 438.75543212890625, 620.7786865234375, 795.0834350585938], [477.47125244140625, 395.119873046875, 797.2428588867188, 800.0], [16.423919677734375, 1.914154052734375, 723.40966796875, 800.0], [223.21694946289062, 304.13330078125, 790.486572265625, 800.0]]}