{"labels": [0, 0, 0], "scores": [0.9910655617713928, 0.8955298662185669, 0.4577174484729767], "bboxes": [[0.0, 202.67352294921875, 299.9914245605469, 726.956298828125], [422.27923583984375, 222.08946228027344, 697.1561279296875, 708.6998901367188], [419.7542724609375, 545.99169921875, 622.8793334960938, 723.55224609375]]}