{"labels": [0], "scores": [0.9948440790176392], "bboxes": [[2.612396240234375, 8.305755615234375, 719.1572265625, 780.01611328125]]}