{"labels": [0], "scores": [0.9986134767532349], "bboxes": [[211.4486541748047, 105.82498168945312, 592.0613403320312, 693.652587890625]]}