{"labels": [0, 0], "scores": [0.9862538576126099, 0.11064011603593826], "bboxes": [[86.90396118164062, 62.381805419921875, 761.150390625, 735.258544921875], [416.70257568359375, 119.36947631835938, 764.6299438476562, 755.55859375]]}