{"labels": [0, 0], "scores": [0.9939677715301514, 0.064417265355587], "bboxes": [[13.665435791015625, 212.20806884765625, 778.890869140625, 800.0], [260.2462158203125, 106.31480407714844, 569.652587890625, 452.8018798828125]]}