{"labels": [0], "scores": [0.9995697140693665], "bboxes": [[16.127410888671875, 88.8785400390625, 797.84423828125, 704.7042236328125]]}