{"labels": [0, 0, 0, 0], "scores": [0.9476130604743958, 0.8006020784378052, 0.13525895774364471, 0.08238762617111206], "bboxes": [[379.9916076660156, 53.242889404296875, 490.3932800292969, 752.6134033203125], [0.0, 2.774261474609375, 499.6824951171875, 774.4893798828125], [645.522216796875, 130.48040771484375, 797.72509765625, 738.2404174804688], [365.2462463378906, 28.70965576171875, 635.7279052734375, 762.409912109375]]}