{"labels": [0], "scores": [0.9980863332748413], "bboxes": [[118.0447998046875, 0.0, 680.6165771484375, 800.0]]}