{"labels": [0, 0, 0, 0, 0], "scores": [0.9668708443641663, 0.656390905380249, 0.6468877196311951, 0.6448600888252258, 0.2006579041481018], "bboxes": [[177.37484741210938, 30.188247680664062, 734.47021484375, 470.55474853515625], [556.9654541015625, 481.03045654296875, 743.3133544921875, 800.0], [219.4112548828125, 629.3851928710938, 393.4764404296875, 750.1536254882812], [47.757957458496094, 579.5303955078125, 246.71194458007812, 744.7379150390625], [1.1207275390625, 307.3992919921875, 759.0556030273438, 787.0513916015625]]}