{"labels": [0, 0], "scores": [0.990031361579895, 0.05230136960744858], "bboxes": [[34.75018310546875, 182.1888885498047, 754.4586791992188, 653.966796875], [58.634521484375, 463.4180908203125, 716.859619140625, 619.53125]]}