{"labels": [0], "scores": [0.998824417591095], "bboxes": [[44.1361083984375, 197.5903778076172, 763.7382202148438, 574.2672729492188]]}