{"labels": [0, 0, 0, 0], "scores": [0.9904041290283203, 0.6396253108978271, 0.10724126547574997, 0.05927705392241478], "bboxes": [[186.49200439453125, 35.333251953125, 578.2178344726562, 422.87890625], [240.56764221191406, 651.294189453125, 461.7012939453125, 891.7927856445312], [181.6081085205078, 23.71560287475586, 608.669189453125, 756.9651489257812], [247.62713623046875, 620.7509765625, 399.36407470703125, 805.8804321289062]]}