{"labels": [0, 0], "scores": [0.9888668656349182, 0.33211737871170044], "bboxes": [[127.74435424804688, 62.12908935546875, 670.9525146484375, 785.5927734375], [382.80712890625, 240.6685791015625, 791.865234375, 795.52783203125]]}