{"labels": [0, 0], "scores": [0.9975036978721619, 0.10345310717821121], "bboxes": [[74.85720825195312, 167.74415588378906, 721.9404296875, 640.40087890625], [164.5030059814453, 395.7132263183594, 405.47418212890625, 436.7301330566406]]}