{"labels": [0, 0], "scores": [0.992010235786438, 0.9163364171981812], "bboxes": [[129.72247314453125, 123.70208740234375, 708.48291015625, 626.566162109375], [313.17291259765625, 503.6612243652344, 586.076416015625, 717.9161376953125]]}