{"labels": [0, 0, 0, 0, 0, 0], "scores": [0.9846261143684387, 0.587697446346283, 0.5649124979972839, 0.198666051030159, 0.07025577127933502, 0.059520602226257324], "bboxes": [[220.83433532714844, 122.1666259765625, 565.156005859375, 626.5403442382812], [156.9224090576172, 590.6378173828125, 317.3291015625, 787.6044921875], [16.9788818359375, 115.63693237304688, 320.3697509765625, 293.4401550292969], [192.95355224609375, 125.72454833984375, 748.9074096679688, 757.3485717773438], [534.7595825195312, 128.6020050048828, 556.9806518554688, 150.83827209472656], [482.7353515625, 10.059158325195312, 797.560302734375, 350.962890625]]}