{"labels": [0], "scores": [0.9982481002807617], "bboxes": [[127.87525939941406, 12.355316162109375, 637.7155151367188, 786.7998046875]]}