{"labels": [0, 0], "scores": [0.9920549392700195, 0.24299117922782898], "bboxes": [[56.183807373046875, 187.72463989257812, 755.1434326171875, 619.877685546875], [349.2596130371094, 232.73574829101562, 720.01416015625, 567.30517578125]]}