{"labels": [0], "scores": [0.9981071949005127], "bboxes": [[213.77450561523438, 62.313629150390625, 574.3302001953125, 779.27099609375]]}