{"labels": [0, 0, 0], "scores": [0.9224205017089844, 0.4147060513496399, 0.20369957387447357], "bboxes": [[188.98890686035156, 11.057708740234375, 603.54150390625, 747.4693603515625], [193.103271484375, 367.0357666015625, 604.4107666015625, 733.01708984375], [311.7821044921875, 19.624649047851562, 537.3360595703125, 432.623291015625]]}