{"labels": [0, 0, 0, 0, 0, 0, 0, 0, 0, 0, 0, 0], "scores": [0.9634820222854614, 0.9384012222290039, 0.9367300868034363, 0.9219288229942322, 0.9014358520507812, 0.8968847393989563, 0.8846244812011719, 0.8658202886581421, 0.8556520938873291, 0.8350582718849182, 0.7507641315460205, 0.12660615146160126], "bboxes": [[609.2352905273438, 261.26324462890625, 775.9481811523438, 431.7474365234375], [418.2438049316406, 78.47199249267578, 583.2952270507812, 253.34295654296875], [19.073402404785156, 255.92315673828125, 188.77224731445312, 431.69061279296875], [216.89476013183594, 77.35054779052734, 383.5042724609375, 251.99432373046875], [18.18346405029297, 433.2633972167969, 188.72088623046875, 611.2233276367188], [184.41436767578125, 235.79855346679688, 622.9093627929688, 691.2120361328125], [608.323486328125, 435.374267578125, 774.635986328125, 610.0799560546875], [21.895797729492188, 82.96854400634766, 186.84426879882812, 254.51101684570312], [609.12646484375, 73.8753433227539, 774.570068359375, 249.77337646484375], [607.5109252929688, 612.6454467773438, 773.3101196289062, 788.0226440429688], [23.054351806640625, 617.4761352539062, 187.16490173339844, 786.8207397460938], [221.78207397460938, 613.2891235351562, 386.7910461425781, 785.5303344726562]]}