{"labels": [0, 0, 0, 0], "scores": [0.9559178948402405, 0.49972984194755554, 0.19103875756263733, 0.10886343568563461], "bboxes": [[286.9681091308594, 264.16845703125, 475.7873229980469, 716.8179931640625], [245.01341247558594, 182.3328857421875, 557.073974609375, 733.661376953125], [200.1732177734375, 112.64605712890625, 466.06829833984375, 381.9295654296875], [285.6593017578125, 110.10347747802734, 438.499267578125, 241.34490966796875]]}