{"labels": [0, 0], "scores": [0.9930869936943054, 0.05159728601574898], "bboxes": [[0.0, 192.0159912109375, 796.4490356445312, 728.090087890625], [210.959228515625, 130.55538940429688, 376.9083251953125, 430.7446594238281]]}