{"labels": [0, 0], "scores": [0.929396390914917, 0.8487157225608826], "bboxes": [[189.10304260253906, 45.71820068359375, 607.0748291015625, 785.019775390625], [197.695068359375, 32.9503173828125, 596.454833984375, 419.29364013671875]]}