{"labels": [0], "scores": [0.9979214072227478], "bboxes": [[12.15045166015625, 149.19924926757812, 799.8221435546875, 738.306884765625]]}