{"labels": [0, 0, 0], "scores": [0.9878242015838623, 0.09361450374126434, 0.07339286804199219], "bboxes": [[0.0, 168.76348876953125, 686.9520263671875, 881.1835327148438], [223.8646697998047, 114.57403564453125, 686.72119140625, 462.1160583496094], [405.438720703125, 606.1021728515625, 608.3706665039062, 803.3047485351562]]}