{"labels": [0, 0, 0, 0, 0], "scores": [0.9934397339820862, 0.47139450907707214, 0.2040887027978897, 0.08168511092662811, 0.0522579587996006], "bboxes": [[43.737945556640625, 134.43099975585938, 655.888916015625, 793.7203369140625], [298.1745910644531, 95.15229797363281, 436.1380920410156, 465.5941162109375], [425.5218811035156, 149.1003875732422, 611.4280395507812, 626.8274536132812], [284.65960693359375, 97.6593017578125, 606.8848266601562, 607.6443481445312], [82.54150390625, 122.60081481933594, 451.94580078125, 525.080078125]]}