{"labels": [0, 0, 0, 0, 0, 0, 0, 0], "scores": [0.9893391728401184, 0.3381718695163727, 0.17352934181690216, 0.1499621868133545, 0.12806814908981323, 0.11387895047664642, 0.06852748245000839, 0.051571402698755264], "bboxes": [[304.7906799316406, 304.04638671875, 493.2160339355469, 751.437255859375], [529.0723266601562, 304.93890380859375, 658.3244018554688, 431.37579345703125], [128.84300231933594, 629.6552124023438, 260.3787841796875, 760.0862426757812], [145.83319091796875, 324.26275634765625, 243.84283447265625, 421.26824951171875], [130.87374877929688, 471.35260009765625, 252.1053466796875, 590.5265502929688], [533.7840576171875, 468.95257568359375, 656.13330078125, 591.9585571289062], [170.87506103515625, 271.8507995605469, 645.8863525390625, 757.395263671875], [0.0, 20.469451904296875, 800.0, 793.421630859375]]}