{"labels": [0, 0, 0, 0, 0, 0, 0, 0, 0], "scores": [0.9923703670501709, 0.9861441850662231, 0.718193769454956, 0.5443568825721741, 0.4101406931877136, 0.23032605648040771, 0.12879322469234467, 0.10198485851287842, 0.0935952365398407], "bboxes": [[141.942626953125, 0.4886322021484375, 394.8272705078125, 416.4752197265625], [416.19219970703125, 15.204513549804688, 665.9530639648438, 414.7198486328125], [445.4020690917969, 410.90673828125, 655.06005859375, 637.1435546875], [108.72549438476562, 385.46282958984375, 671.4107666015625, 772.4933471679688], [93.55642700195312, 407.44525146484375, 401.0288391113281, 763.6292114257812], [418.9038391113281, 412.14312744140625, 710.7696533203125, 752.4199829101562], [74.30770874023438, 111.17959594726562, 749.243408203125, 764.8291015625], [173.13400268554688, 4.6704864501953125, 640.1080322265625, 433.13006591796875], [161.92945861816406, 422.40069580078125, 353.62164306640625, 688.2802124023438]]}