{"labels": [0], "scores": [0.997895359992981], "bboxes": [[64.90069580078125, 62.0478515625, 694.5306396484375, 765.5424194335938]]}