{"labels": [0], "scores": [0.9898778796195984], "bboxes": [[186.86842346191406, 410.3424072265625, 583.2047119140625, 787.1923828125]]}