{"labels": [0, 0, 0, 0, 0, 0], "scores": [0.967657208442688, 0.5871421694755554, 0.24023829400539398, 0.22953343391418457, 0.2110583335161209, 0.05761885270476341], "bboxes": [[316.1962890625, 187.97378540039062, 737.48974609375, 650.8572998046875], [8.86126708984375, 319.42266845703125, 440.0611877441406, 775.7127075195312], [11.912132263183594, 85.45314025878906, 190.73129272460938, 356.111083984375], [136.53726196289062, 229.58831787109375, 721.66796875, 800.0], [348.8788146972656, 346.869873046875, 744.60302734375, 791.937744140625], [308.89385986328125, 172.64430236816406, 608.9844970703125, 532.6222534179688]]}