{"labels": [0], "scores": [0.9969581365585327], "bboxes": [[182.33984375, 249.95108032226562, 613.2529296875, 629.598876953125]]}