{"labels": [0, 0, 0], "scores": [0.9747722148895264, 0.13708817958831787, 0.13338573276996613], "bboxes": [[108.59788513183594, 11.650521278381348, 586.15478515625, 696.4097900390625], [218.31336975097656, 79.81993865966797, 342.49267578125, 663.0718994140625], [431.6150207519531, 157.56997680664062, 529.3438720703125, 621.6363525390625]]}