{"labels": [0], "scores": [0.9979039430618286], "bboxes": [[168.23829650878906, 91.6876220703125, 605.867431640625, 759.6199951171875]]}