{"labels": [0], "scores": [0.9980785846710205], "bboxes": [[87.48306274414062, 56.969024658203125, 715.550537109375, 671.8284912109375]]}