{"labels": [0], "scores": [0.9972445964813232], "bboxes": [[86.20147705078125, 114.79730224609375, 718.8461303710938, 777.6324462890625]]}