{"labels": [0, 0, 0, 0, 0, 0, 0, 0, 0], "scores": [0.997209370136261, 0.7683613300323486, 0.5597578883171082, 0.4664975106716156, 0.24233192205429077, 0.12469609826803207, 0.07972003519535065, 0.06470424681901932, 0.05321074649691582], "bboxes": [[124.86358642578125, 306.236328125, 712.4393310546875, 669.302734375], [260.51104736328125, 99.12297058105469, 540.0240478515625, 392.53814697265625], [107.70989227294922, 155.6332244873047, 309.3264465332031, 459.9769287109375], [149.79119873046875, 106.97511291503906, 683.7158203125, 457.0030517578125], [517.6959838867188, 152.43600463867188, 619.3602905273438, 389.9130554199219], [471.2406005859375, 140.18467712402344, 684.261474609375, 407.468505859375], [168.82110595703125, 152.06515502929688, 270.70355224609375, 447.1983337402344], [544.9752197265625, 521.676025390625, 652.2457275390625, 627.36865234375], [173.10581970214844, 522.3444213867188, 308.922119140625, 645.1818237304688]]}