{"labels": [0, 0, 0, 0, 0, 0], "scores": [0.9835308194160461, 0.9688242077827454, 0.8926584720611572, 0.7040442824363708, 0.5875483155250549, 0.07016647607088089], "bboxes": [[7.77215576171875, 193.37843322753906, 306.5265197753906, 482.450927734375], [290.56414794921875, 310.98468017578125, 587.0894165039062, 609.3211059570312], [48.585479736328125, 488.56695556640625, 343.0544128417969, 782.5950317382812], [537.52880859375, 144.6513214111328, 798.8984375, 436.931640625], [232.7948760986328, 13.97369384765625, 544.1449584960938, 319.95965576171875], [5.2003173828125, 0.0, 494.5808410644531, 303.6697082519531]]}