{"labels": [0, 0], "scores": [0.997847318649292, 0.05178052559494972], "bboxes": [[105.57373046875, 153.971435546875, 765.5521850585938, 722.8929443359375], [42.144744873046875, 215.75137329101562, 328.3415222167969, 623.0714111328125]]}