{"labels": [0, 0], "scores": [0.9907926917076111, 0.22321364283561707], "bboxes": [[45.081695556640625, 131.6981964111328, 756.4830322265625, 634.578857421875], [48.15565490722656, 387.67266845703125, 540.141845703125, 644.8939819335938]]}