{"labels": [0], "scores": [0.998836100101471], "bboxes": [[3.551788330078125, 218.07940673828125, 793.765380859375, 674.4751586914062]]}