{"labels": [0, 0, 0, 0, 0], "scores": [0.970927894115448, 0.26922309398651123, 0.1949235051870346, 0.06926264613866806, 0.056766483932733536], "bboxes": [[428.8742980957031, 275.12652587890625, 744.8392333984375, 748.0693359375], [0.6067733764648438, 509.38787841796875, 201.59539794921875, 659.9511108398438], [257.5193786621094, 54.5989990234375, 716.68603515625, 750.398681640625], [0.0, 0.0, 628.2437744140625, 607.4910888671875], [0.0, 498.0462951660156, 606.2626953125, 788.47021484375]]}