{"labels": [0], "scores": [0.9987791180610657], "bboxes": [[150.59194946289062, 32.386322021484375, 612.4571533203125, 784.6856689453125]]}