{"labels": [0, 0], "scores": [0.9889461398124695, 0.0568363294005394], "bboxes": [[101.04067993164062, 163.0859375, 696.113525390625, 769.1324462890625], [151.29640197753906, 56.031578063964844, 586.1229858398438, 234.5767822265625]]}