{"labels": [0, 0], "scores": [0.9988252520561218, 0.2121766358613968], "bboxes": [[0.0, 28.72370147705078, 700.0, 883.1917724609375], [47.541969299316406, 5.146753311157227, 677.5076904296875, 232.9368133544922]]}