{"labels": [0], "scores": [0.9696050882339478], "bboxes": [[428.23785400390625, 127.90892028808594, 722.3666381835938, 604.7971801757812]]}