{"labels": [0], "scores": [0.9979382157325745], "bboxes": [[8.707061767578125, 149.1591796875, 795.0379638671875, 639.334716796875]]}