{"labels": [0, 0, 0], "scores": [0.9672173261642456, 0.22890645265579224, 0.07436714321374893], "bboxes": [[147.2959442138672, 240.45655822753906, 530.0289916992188, 601.8301391601562], [136.0279541015625, 287.909423828125, 522.7476196289062, 855.8237915039062], [242.85400390625, 232.19326782226562, 402.083740234375, 327.8971862792969]]}