{"labels": [0, 0], "scores": [0.9913138747215271, 0.11703303456306458], "bboxes": [[108.19822692871094, 233.9961700439453, 577.7167358398438, 763.6944580078125], [176.7733154296875, 603.64990234375, 466.14312744140625, 893.8549194335938]]}