{"labels": [0, 0, 0, 0, 0], "scores": [0.9855788946151733, 0.3233128786087036, 0.30013883113861084, 0.09571380913257599, 0.07974474132061005], "bboxes": [[0.0, 14.302459716796875, 789.5299682617188, 799.1597900390625], [363.7906494140625, 16.180267333984375, 799.008056640625, 602.57861328125], [85.01409912109375, 266.363037109375, 360.3552551269531, 511.01519775390625], [0.0, 148.85763549804688, 434.532470703125, 800.0], [0.9911651611328125, 73.06814575195312, 373.29180908203125, 484.8154602050781]]}