{"labels": [0, 0, 0], "scores": [0.9927064776420593, 0.9825952053070068, 0.07347451150417328], "bboxes": [[98.31573486328125, 21.5802001953125, 480.96588134765625, 781.7982177734375], [467.45867919921875, 180.88397216796875, 706.7138061523438, 780.4992065429688], [137.6858367919922, 280.8434143066406, 199.6515655517578, 562.3480224609375]]}