{"labels": [0, 0], "scores": [0.9976977705955505, 0.09721608459949493], "bboxes": [[125.88922119140625, 127.30673217773438, 565.1453247070312, 871.2424926757812], [635.7039794921875, 684.707763671875, 700.0, 826.22216796875]]}