{"labels": [0], "scores": [0.9949920773506165], "bboxes": [[274.8998107910156, 213.0076904296875, 799.0863037109375, 675.233154296875]]}