{"labels": [0], "scores": [0.9961495399475098], "bboxes": [[236.130859375, 3.89691162109375, 560.2147216796875, 791.09814453125]]}