{"labels": [0, 0], "scores": [0.9654492735862732, 0.37269067764282227], "bboxes": [[260.9442138671875, 134.273681640625, 546.7523193359375, 737.6231689453125], [313.57293701171875, 353.9634094238281, 523.77392578125, 730.820556640625]]}