{"labels": [0], "scores": [0.9992823004722595], "bboxes": [[204.87783813476562, 2.353790283203125, 669.2032470703125, 791.7720947265625]]}