{"labels": [0, 0, 0, 0, 0, 0, 0], "scores": [0.9975094795227051, 0.9883960485458374, 0.9321997165679932, 0.19557307660579681, 0.16902492940425873, 0.16548453271389008, 0.07497367262840271], "bboxes": [[123.98074340820312, 41.494903564453125, 526.28759765625, 289.2643127441406], [437.9322814941406, 492.6322326660156, 611.9902954101562, 663.9277954101562], [591.044921875, 512.3909912109375, 789.2379150390625, 754.017822265625], [24.508209228515625, 222.64376831054688, 657.7061767578125, 791.205322265625], [426.16680908203125, 487.4346008300781, 769.2196655273438, 726.10888671875], [265.27099609375, 383.4190979003906, 797.0460205078125, 791.058837890625], [86.83122253417969, 250.67323303222656, 455.74285888671875, 683.0939331054688]]}