{"labels": [0, 0], "scores": [0.9934170246124268, 0.9642702341079712], "bboxes": [[512.1915283203125, 161.24948120117188, 667.0875244140625, 769.6890869140625], [316.85821533203125, 102.521728515625, 528.420654296875, 776.8245239257812]]}