{"labels": [0, 0, 0, 0, 0], "scores": [0.9938865303993225, 0.5597795248031616, 0.43878957629203796, 0.0728478655219078, 0.05150851979851723], "bboxes": [[165.60000610351562, 40.8734130859375, 350.9823913574219, 735.5771484375], [331.4774169921875, 317.5791320800781, 551.6483154296875, 710.2314453125], [304.15655517578125, 171.42318725585938, 783.2369995117188, 732.864501953125], [40.72423553466797, 175.92572021484375, 261.147705078125, 715.20166015625], [81.44650268554688, 239.08731079101562, 171.54034423828125, 523.846435546875]]}