{"labels": [0], "scores": [0.9985917210578918], "bboxes": [[7.93548583984375, 140.21163940429688, 792.3134155273438, 651.19970703125]]}