{"labels": [0, 0], "scores": [0.99824059009552, 0.22774051129817963], "bboxes": [[56.001983642578125, 167.94383239746094, 744.90576171875, 572.669189453125], [75.20855712890625, 649.57275390625, 180.44058227539062, 746.4246826171875]]}