{"labels": [0], "scores": [0.9980975985527039], "bboxes": [[6.245452880859375, 243.83987426757812, 796.83984375, 560.4833984375]]}