{"labels": [0], "scores": [0.9994425177574158], "bboxes": [[33.464080810546875, 33.993438720703125, 785.3492431640625, 770.7432861328125]]}