{"labels": [0], "scores": [0.9974613189697266], "bboxes": [[78.21841430664062, 132.47799682617188, 753.4224853515625, 689.857177734375]]}