{"labels": [0, 0, 0, 0, 0, 0, 0, 0, 0, 0], "scores": [0.9658435583114624, 0.9003605842590332, 0.4565706253051758, 0.23493072390556335, 0.15524692833423615, 0.11006459593772888, 0.10945619642734528, 0.06760237365961075, 0.061798762530088425, 0.05452054366469383], "bboxes": [[366.9793701171875, 165.1322479248047, 667.6910400390625, 610.9157104492188], [492.1669006347656, 189.29148864746094, 762.4981689453125, 623.4929809570312], [274.6595764160156, 150.29055786132812, 506.2127990722656, 590.3741455078125], [448.5025939941406, 184.29669189453125, 527.14794921875, 613.786376953125], [6.9830322265625, 139.50198364257812, 772.9641723632812, 722.599365234375], [20.304595947265625, 427.5165710449219, 395.4423522949219, 630.0635375976562], [357.272705078125, 630.5299682617188, 423.25653076171875, 684.9241333007812], [385.22235107421875, 166.9392547607422, 471.0245361328125, 599.3947143554688], [336.22296142578125, 164.15933227539062, 404.2579345703125, 570.3863525390625], [460.0455322265625, 177.53431701660156, 590.2921142578125, 614.66748046875]]}