{"labels": [0], "scores": [0.9992017149925232], "bboxes": [[0.0, 0.0, 798.009033203125, 800.0]]}