{"labels": [0], "scores": [0.9983683228492737], "bboxes": [[35.017791748046875, 60.088134765625, 740.9169921875, 660.7275390625]]}