{"labels": [0], "scores": [0.9998075366020203], "bboxes": [[0.0, 23.581153869628906, 700.0, 877.9223022460938]]}