{"labels": [0], "scores": [0.9986640214920044], "bboxes": [[31.6865234375, 306.26934814453125, 765.2319946289062, 632.5908813476562]]}