{"labels": [0], "scores": [0.9983876943588257], "bboxes": [[104.36547088623047, 214.4351043701172, 479.59051513671875, 886.4525146484375]]}