{"labels": [0, 0], "scores": [0.9919344186782837, 0.16809511184692383], "bboxes": [[100.18145751953125, 145.00387573242188, 658.226806640625, 786.9222412109375], [283.4569091796875, 16.909423828125, 558.7544555664062, 442.4284973144531]]}