{"labels": [0, 0, 0, 0, 0, 0], "scores": [0.8558936715126038, 0.5642907023429871, 0.2025071233510971, 0.12220773100852966, 0.0947742611169815, 0.08597704768180847], "bboxes": [[0.0, 0.0, 800.0, 800.0], [8.710372924804688, 79.79736328125, 452.58453369140625, 792.2999267578125], [412.932373046875, 398.0934753417969, 533.7044677734375, 506.1833801269531], [4.71673583984375, 408.96575927734375, 419.7111511230469, 798.6192016601562], [567.1387329101562, 526.1583862304688, 626.9271850585938, 692.8723754882812], [421.30596923828125, 259.26263427734375, 555.8928833007812, 433.0726318359375]]}