{"labels": [0], "scores": [0.9980269074440002], "bboxes": [[174.12351989746094, 38.52558135986328, 523.2683715820312, 896.0]]}