{"labels": [0], "scores": [0.9986178874969482], "bboxes": [[54.08488082885742, 3.687117338180542, 638.6681518554688, 702.0]]}