{"labels": [0], "scores": [0.9989084005355835], "bboxes": [[0.0, 274.42828369140625, 800.0, 758.2079467773438]]}