{"labels": [0, 0], "scores": [0.9950479865074158, 0.9931468367576599], "bboxes": [[418.6088562011719, 146.50973510742188, 617.204345703125, 760.1895751953125], [183.6532440185547, 159.23379516601562, 387.645751953125, 763.301513671875]]}