{"labels": [0], "scores": [0.9954083561897278], "bboxes": [[118.57424926757812, 125.56753540039062, 673.06005859375, 694.28173828125]]}