{"labels": [0, 0, 0, 0], "scores": [0.9899439811706543, 0.371870219707489, 0.3365611135959625, 0.07979036122560501], "bboxes": [[25.55499267578125, 359.1062316894531, 762.3405151367188, 666.807373046875], [175.0941925048828, 0.0, 654.1798706054688, 461.6735534667969], [0.0, 456.7405700683594, 758.4075927734375, 785.793212890625], [7.6673583984375, 66.9583740234375, 773.5321044921875, 687.1254272460938]]}