{"labels": [0], "scores": [0.9990261793136597], "bboxes": [[83.83285522460938, 88.05136108398438, 739.52490234375, 720.1319580078125]]}