{"labels": [0], "scores": [0.9976902008056641], "bboxes": [[156.79373168945312, 226.91571044921875, 551.67236328125, 770.2601928710938]]}