{"labels": [0, 0], "scores": [0.9966013431549072, 0.4301735758781433], "bboxes": [[100.87692260742188, 66.606201171875, 679.3916015625, 768.5659790039062], [105.56107330322266, 202.74949645996094, 286.4325256347656, 460.29669189453125]]}