{"labels": [0, 0, 0, 0, 0], "scores": [0.9826689958572388, 0.32838132977485657, 0.20952080190181732, 0.11066228896379471, 0.1071915328502655], "bboxes": [[43.66339111328125, 60.22637939453125, 799.5359497070312, 651.7932739257812], [395.8631591796875, 161.29556274414062, 798.2071533203125, 632.53466796875], [62.34527587890625, 95.32235717773438, 509.9666748046875, 471.9330749511719], [54.70372772216797, 129.64651489257812, 262.2253112792969, 469.5737609863281], [0.0, 194.9641571044922, 434.2420959472656, 646.1693115234375]]}