{"labels": [0, 0, 0, 0, 0], "scores": [0.8861205577850342, 0.4640492796897888, 0.40124690532684326, 0.22497253119945526, 0.11781921982765198], "bboxes": [[1.61517333984375, 521.5488891601562, 795.5672607421875, 687.7306518554688], [143.29263305664062, 1.5952224731445312, 341.57171630859375, 233.677490234375], [469.0117492675781, 48.955970764160156, 673.2509765625, 288.4660949707031], [0.0, 299.80047607421875, 795.1307373046875, 691.1534423828125], [247.71231079101562, 338.3338623046875, 533.987548828125, 535.1557006835938]]}