{"labels": [0], "scores": [0.9989827275276184], "bboxes": [[120.99917602539062, 73.16552734375, 693.5550537109375, 709.912841796875]]}