{"labels": [0, 0], "scores": [0.9957483410835266, 0.0913253128528595], "bboxes": [[24.30853271484375, 49.772216796875, 777.2205810546875, 789.9212646484375], [27.84271240234375, 55.76727294921875, 448.8941650390625, 641.4016723632812]]}