{"labels": [0, 0], "scores": [0.9906456470489502, 0.649870753288269], "bboxes": [[210.74307250976562, 17.665679931640625, 608.044189453125, 425.1390380859375], [0.0, 341.12744140625, 797.6485595703125, 800.0]]}