{"labels": [0, 0], "scores": [0.992497980594635, 0.9898513555526733], "bboxes": [[463.1262512207031, 91.8489761352539, 697.002197265625, 329.27764892578125], [113.683837890625, 8.936920166015625, 336.7017822265625, 645.29443359375]]}