{"labels": [0, 0, 0], "scores": [0.9489439725875854, 0.6707212924957275, 0.28423237800598145], "bboxes": [[308.09442138671875, 37.81365966796875, 599.9843139648438, 561.0827026367188], [354.80712890625, 609.232177734375, 466.3939208984375, 683.3250732421875], [353.7980651855469, 484.297119140625, 478.0157165527344, 685.1866455078125]]}