{"labels": [0], "scores": [0.9995781779289246], "bboxes": [[8.226676940917969, 75.99813842773438, 688.9808349609375, 855.0550537109375]]}