{"labels": [0, 0, 0], "scores": [0.9626584053039551, 0.14120431244373322, 0.05509287491440773], "bboxes": [[113.55276489257812, 104.4510498046875, 702.6397705078125, 694.8997192382812], [132.49514770507812, 97.96672058105469, 654.0435791015625, 221.6739959716797], [617.8267211914062, 132.0858154296875, 701.5269165039062, 684.3015747070312]]}