{"labels": [0], "scores": [0.9983589053153992], "bboxes": [[62.86846923828125, 311.169189453125, 730.4368286132812, 665.9763793945312]]}