{"labels": [0], "scores": [0.9983747005462646], "bboxes": [[29.238372802734375, 215.40342712402344, 767.929443359375, 577.7207641601562]]}