{"labels": [0, 0], "scores": [0.992039680480957, 0.14577029645442963], "bboxes": [[13.235855102539062, 83.73672485351562, 387.29425048828125, 742.673095703125], [21.98101806640625, 50.22320556640625, 789.9053955078125, 770.3574829101562]]}