{"labels": [0], "scores": [0.9990742206573486], "bboxes": [[0.0, 11.995697021484375, 799.552001953125, 748.8408203125]]}