{"labels": [0], "scores": [0.9949276447296143], "bboxes": [[197.08676147460938, 3.900177001953125, 611.424072265625, 797.478515625]]}