{"labels": [0, 0], "scores": [0.9958784580230713, 0.6921009421348572], "bboxes": [[202.18223571777344, 156.783447265625, 614.9166870117188, 766.591796875], [280.3916931152344, 679.8191528320312, 552.80029296875, 800.0]]}