{"labels": [0, 0, 0], "scores": [0.988353431224823, 0.16276665031909943, 0.0929151326417923], "bboxes": [[54.188079833984375, 84.88638305664062, 761.7552490234375, 788.593017578125], [25.067535400390625, 0.0, 423.7978210449219, 800.0], [29.454238891601562, 0.0, 184.25010681152344, 762.3828735351562]]}