{"labels": [0], "scores": [0.9984540939331055], "bboxes": [[60.58282470703125, 216.9661407470703, 751.3015747070312, 619.3781127929688]]}