{"labels": [0], "scores": [0.9994955062866211], "bboxes": [[59.15838623046875, 5.9759521484375, 743.2708740234375, 794.122802734375]]}