{"labels": [0], "scores": [0.9968416690826416], "bboxes": [[148.4610595703125, 152.10452270507812, 661.531982421875, 704.02392578125]]}