{"labels": [0, 0, 0, 0, 0, 0, 0, 0, 0, 0, 0, 0, 0, 0, 0, 0, 0, 0, 0, 0, 0, 0, 0, 0, 0], "scores": [0.9347047805786133, 0.8713642358779907, 0.862496018409729, 0.8604224920272827, 0.8572896718978882, 0.8054563403129578, 0.7967477440834045, 0.766857922077179, 0.7387685775756836, 0.716367781162262, 0.7092621326446533, 0.6994910836219788, 0.6802312135696411, 0.6014825105667114, 0.5967294573783875, 0.5890315771102905, 0.5831173062324524, 0.5233927369117737, 0.5217651724815369, 0.4705418050289154, 0.4524432122707367, 0.4169025123119354, 0.35204148292541504, 0.30862101912498474, 0.24558109045028687], "bboxes": [[537.74169921875, 249.48817443847656, 655.716064453125, 372.0005798339844], [143.48707580566406, 248.72471618652344, 263.9364013671875, 370.79010009765625], [7.941322326660156, 248.84385681152344, 134.13055419921875, 372.57586669921875], [404.60357666015625, 248.7194061279297, 527.064453125, 370.68450927734375], [272.7620849609375, 249.6458282470703, 395.6502685546875, 372.0993957519531], [537.4430541992188, 395.6259460449219, 658.2911987304688, 518.1109619140625], [533.8485107421875, 103.48333740234375, 657.8763427734375, 227.82772827148438], [667.4352416992188, 246.5897216796875, 791.8676147460938, 376.23968505859375], [273.0278015136719, 557.3148193359375, 396.1568298339844, 657.9022216796875], [6.805633544921875, 539.9572143554688, 132.0477294921875, 670.0443725585938], [535.0951538085938, 551.8158569335938, 654.8706665039062, 669.3898315429688], [139.77532958984375, 97.79794311523438, 264.9936828613281, 226.58395385742188], [403.3958740234375, 102.36627197265625, 525.747314453125, 226.95269775390625], [406.80303955078125, 396.24365234375, 524.0794677734375, 518.4658813476562], [411.38555908203125, 543.7368774414062, 523.4588012695312, 673.2236938476562], [5.984855651855469, 101.27308654785156, 135.21392822265625, 227.81275939941406], [143.93048095703125, 395.88458251953125, 262.39825439453125, 518.4817504882812], [273.7505187988281, 393.37823486328125, 395.2949523925781, 519.607177734375], [273.33056640625, 100.99470520019531, 397.494140625, 226.71693420410156], [666.272216796875, 103.07487487792969, 791.671875, 228.15296936035156], [666.78955078125, 397.11517333984375, 788.25634765625, 519.108642578125], [7.056362152099609, 395.3497619628906, 131.0979461669922, 518.6048583984375], [0.0, 5.356048583984375, 800.0, 800.0], [668.562744140625, 551.2250366210938, 787.02685546875, 665.9226684570312], [144.62095642089844, 546.6368408203125, 265.2725830078125, 671.7779541015625]]}