{"labels": [0, 0, 0], "scores": [0.9795001745223999, 0.7191359996795654, 0.10833883285522461], "bboxes": [[64.34481811523438, 279.5164794921875, 451.9240417480469, 782.8453369140625], [289.1258544921875, 139.41702270507812, 710.6539916992188, 697.680419921875], [449.24639892578125, 162.05679321289062, 673.0014038085938, 679.609130859375]]}