{"labels": [0, 0], "scores": [0.9940913319587708, 0.46779143810272217], "bboxes": [[165.5736083984375, 244.79278564453125, 665.7254028320312, 789.3746948242188], [3.32366943359375, 238.899169921875, 470.850341796875, 800.0]]}