{"labels": [0, 0, 0], "scores": [0.9546452164649963, 0.9504739046096802, 0.5536407232284546], "bboxes": [[381.46185302734375, 44.883026123046875, 772.1510620117188, 639.748046875], [39.65367126464844, 245.3497314453125, 417.56524658203125, 772.5674438476562], [51.958648681640625, 37.68719482421875, 743.2119140625, 761.3228759765625]]}