{"labels": [0], "scores": [0.9977023005485535], "bboxes": [[120.12419891357422, 5.20233678817749, 584.7537231445312, 696.7238159179688]]}