{"labels": [0, 0, 0], "scores": [0.9958819150924683, 0.9952109456062317, 0.9842535257339478], "bboxes": [[72.43094635009766, 110.6556396484375, 278.1020812988281, 387.1805419921875], [272.9798278808594, 193.90159606933594, 513.56640625, 507.7255859375], [479.62353515625, 317.2315673828125, 793.4384765625, 720.373779296875]]}