{"labels": [0, 0, 0], "scores": [0.9754668474197388, 0.18626415729522705, 0.05669242516160011], "bboxes": [[176.5891876220703, 142.6680908203125, 604.5410766601562, 742.5341186523438], [173.7667999267578, 488.61859130859375, 607.261474609375, 729.3279418945312], [0.0, 0.0, 161.16900634765625, 661.7957763671875]]}