{"labels": [0], "scores": [0.9970270991325378], "bboxes": [[277.6874694824219, 91.33819580078125, 537.1842041015625, 722.1146850585938]]}