{"labels": [0, 0], "scores": [0.9845829010009766, 0.31127840280532837], "bboxes": [[238.95004272460938, 117.03685760498047, 488.86639404296875, 855.2025146484375], [241.53988647460938, 111.75970458984375, 490.2117614746094, 474.91864013671875]]}