{"labels": [0, 0], "scores": [0.998357355594635, 0.11007601767778397], "bboxes": [[160.4092254638672, 216.9581756591797, 649.03564453125, 701.1243896484375], [10.759529113769531, 3.7811431884765625, 242.444091796875, 211.8898162841797]]}