{"labels": [0], "scores": [0.9981666803359985], "bboxes": [[61.801544189453125, 240.75704956054688, 713.666259765625, 579.83935546875]]}