{"labels": [0, 0, 0], "scores": [0.992938756942749, 0.9919277429580688, 0.06494946032762527], "bboxes": [[390.0340881347656, 254.03956604003906, 732.3857421875, 588.3427734375], [41.67987060546875, 283.5679016113281, 365.21881103515625, 603.787841796875], [78.55322265625, 251.6961212158203, 712.9442138671875, 605.56787109375]]}