{"labels": [0], "scores": [0.995635449886322], "bboxes": [[122.02389526367188, 309.17718505859375, 705.5025634765625, 526.3289794921875]]}