{"labels": [0, 0, 0, 0, 0], "scores": [0.9791739583015442, 0.9566474556922913, 0.9122234582901001, 0.5815839767456055, 0.08744753897190094], "bboxes": [[275.7051696777344, 9.33526611328125, 579.36328125, 800.0], [64.21712493896484, 408.05535888671875, 272.0824890136719, 793.0695190429688], [536.5875244140625, 557.8078002929688, 788.116455078125, 792.4013061523438], [311.15716552734375, 18.440765380859375, 543.7864379882812, 498.7189025878906], [101.4437255859375, 0.0, 705.535888671875, 800.0]]}