{"labels": [0], "scores": [0.9974806904792786], "bboxes": [[209.23658752441406, 336.89947509765625, 621.6842041015625, 734.7457885742188]]}