{"labels": [0], "scores": [0.99830162525177], "bboxes": [[1.622467041015625, 31.505767822265625, 790.077880859375, 800.0]]}