{"labels": [0, 0], "scores": [0.9900645613670349, 0.5540962219238281], "bboxes": [[221.31118774414062, 46.537628173828125, 575.367919921875, 524.99365234375], [360.9910888671875, 657.666015625, 510.55108642578125, 793.420654296875]]}