{"labels": [0], "scores": [0.9986365437507629], "bboxes": [[0.0, 253.95066833496094, 800.0, 559.6500244140625]]}