{"labels": [0, 0, 0, 0, 0, 0, 0], "scores": [0.9041723608970642, 0.6230899691581726, 0.1962653547525406, 0.1131070926785469, 0.08540085703134537, 0.07749363034963608, 0.05977873504161835], "bboxes": [[45.23358154296875, 336.4659118652344, 732.513671875, 604.6656494140625], [438.2645568847656, 351.9525146484375, 644.6422729492188, 475.071533203125], [70.55032348632812, 276.07928466796875, 195.711181640625, 463.33306884765625], [158.92031860351562, 452.80389404296875, 242.28143310546875, 531.6207275390625], [627.1807861328125, 386.33563232421875, 735.6307373046875, 586.6119384765625], [108.33114624023438, 480.67236328125, 226.57745361328125, 604.6732177734375], [607.8275756835938, 44.679046630859375, 800.0, 577.6658935546875]]}