{"labels": [0], "scores": [0.9941496849060059], "bboxes": [[146.62718200683594, 143.19338989257812, 551.8807373046875, 858.7443237304688]]}