{"labels": [0], "scores": [0.9993361830711365], "bboxes": [[92.70022583007812, 24.742095947265625, 739.98681640625, 797.076171875]]}