{"labels": [0, 0, 0, 0], "scores": [0.9845458269119263, 0.9814673066139221, 0.9644367098808289, 0.06948313117027283], "bboxes": [[169.65077209472656, 130.72116088867188, 394.08587646484375, 685.08251953125], [381.4378662109375, 131.42889404296875, 607.1903686523438, 687.205810546875], [313.79705810546875, 155.21141052246094, 452.1600341796875, 662.0573120117188], [186.7448272705078, 124.92086791992188, 586.5010375976562, 687.8345947265625]]}