{"labels": [0, 0], "scores": [0.9978058934211731, 0.9931214451789856], "bboxes": [[20.310760498046875, 91.132080078125, 544.97021484375, 723.8736572265625], [542.4912109375, 120.21487426757812, 776.041259765625, 733.005859375]]}