{"labels": [0, 0, 0], "scores": [0.9891684055328369, 0.8343803286552429, 0.12803485989570618], "bboxes": [[107.71188354492188, 36.901214599609375, 790.5523681640625, 799.1583251953125], [0.0, 45.890655517578125, 429.4576416015625, 792.873291015625], [360.22052001953125, 550.0239868164062, 558.8826904296875, 738.1348266601562]]}