{"labels": [0, 0, 0, 0, 0, 0, 0], "scores": [0.9955659508705139, 0.5193403959274292, 0.38791823387145996, 0.2461877465248108, 0.12073597311973572, 0.06943494081497192, 0.06073927879333496], "bboxes": [[25.953277587890625, 184.17396545410156, 728.6947021484375, 549.2191772460938], [575.487060546875, 614.7547607421875, 793.214111328125, 703.212646484375], [25.359130859375, 8.460693359375, 643.1290283203125, 344.2934875488281], [0.5396804809570312, 662.5359497070312, 205.63906860351562, 769.6526489257812], [737.3342895507812, 472.2304992675781, 799.4253540039062, 573.7008056640625], [655.25439453125, 454.22113037109375, 748.7828369140625, 561.3356323242188], [6.989898681640625, 301.749267578125, 742.4400634765625, 694.0928344726562]]}