{"labels": [0, 0, 0, 0, 0, 0], "scores": [0.7433977127075195, 0.2813863158226013, 0.15196500718593597, 0.14784552156925201, 0.14429111778736115, 0.07129650563001633], "bboxes": [[163.95140075683594, 207.77801513671875, 667.643798828125, 383.44573974609375], [153.26031494140625, 194.6541748046875, 685.2230224609375, 537.7490234375], [393.6448669433594, 558.0052490234375, 509.9590148925781, 715.635498046875], [442.4855041503906, 449.74200439453125, 696.6891479492188, 522.0588989257812], [57.2720947265625, 468.56341552734375, 771.26806640625, 779.0261840820312], [108.35868835449219, 493.6893310546875, 530.7192993164062, 725.060302734375]]}