{"labels": [0], "scores": [0.9994831085205078], "bboxes": [[17.694183349609375, 165.115966796875, 768.1832275390625, 693.5733032226562]]}