{"labels": [0], "scores": [0.9972910284996033], "bboxes": [[143.0059814453125, 28.717559814453125, 643.0167236328125, 783.2171630859375]]}