{"labels": [0], "scores": [0.9978436231613159], "bboxes": [[8.623748779296875, 232.1057891845703, 704.4859619140625, 690.7913208007812]]}