{"labels": [0, 0, 0, 0], "scores": [0.9938434362411499, 0.9389134049415588, 0.16932055354118347, 0.07039397209882736], "bboxes": [[70.07685852050781, 182.3065185546875, 432.91290283203125, 743.4957275390625], [469.20068359375, 111.43902587890625, 700.934326171875, 450.50555419921875], [513.8736572265625, 429.91064453125, 638.873291015625, 721.0394287109375], [362.0846252441406, 601.227294921875, 420.9071960449219, 733.4359130859375]]}