{"labels": [0], "scores": [0.9973753690719604], "bboxes": [[190.2603302001953, 222.71810913085938, 584.6585693359375, 858.3500366210938]]}