{"labels": [0], "scores": [0.9990406632423401], "bboxes": [[12.5496826171875, 124.10931396484375, 794.5591430664062, 699.3914794921875]]}