{"labels": [0, 0, 0], "scores": [0.9957570433616638, 0.9917171597480774, 0.072296641767025], "bboxes": [[230.73211669921875, 204.68272399902344, 533.8716430664062, 692.561767578125], [303.5462341308594, 650.6917114257812, 539.8116455078125, 757.5531616210938], [666.5474243164062, 220.12623596191406, 681.3956909179688, 255.79823303222656]]}