{"labels": [0], "scores": [0.9981594681739807], "bboxes": [[8.830413818359375, 140.68112182617188, 798.397705078125, 709.0595703125]]}