{"labels": [0], "scores": [0.9922788143157959], "bboxes": [[26.51348876953125, 38.45208740234375, 769.4519653320312, 767.7146606445312]]}