{"labels": [0], "scores": [0.9975626468658447], "bboxes": [[275.1543273925781, 85.4776611328125, 505.1780090332031, 736.0380249023438]]}