{"labels": [0], "scores": [0.9953012466430664], "bboxes": [[122.50808715820312, 38.4505615234375, 705.242431640625, 723.3395385742188]]}