{"labels": [0, 0, 0, 0, 0, 0, 0, 0, 0], "scores": [0.9863048791885376, 0.9737921953201294, 0.9290692210197449, 0.9279835224151611, 0.7936878800392151, 0.7750985622406006, 0.6467720866203308, 0.6178544759750366, 0.08954455703496933], "bboxes": [[135.4991455078125, 169.92935180664062, 305.591796875, 398.4314880371094], [179.33383178710938, 198.58096313476562, 349.4491271972656, 429.9136657714844], [187.06752014160156, 573.5586547851562, 294.28155517578125, 759.6749877929688], [571.7844848632812, 170.16580200195312, 652.8432006835938, 444.9668273925781], [489.7007141113281, 535.5675048828125, 536.3587646484375, 770.8392333984375], [89.90689849853516, 533.7814331054688, 136.85589599609375, 771.4046020507812], [275.14495849609375, 565.1853637695312, 363.16357421875, 729.9253540039062], [592.3492431640625, 575.129638671875, 723.9993896484375, 759.2542724609375], [429.05401611328125, 167.44923400878906, 686.7562866210938, 443.66302490234375]]}