{"labels": [0, 0], "scores": [0.995554506778717, 0.3410370647907257], "bboxes": [[157.40469360351562, 37.26555252075195, 542.5645141601562, 733.452392578125], [174.5651397705078, 713.1585083007812, 438.8616638183594, 885.0548706054688]]}