{"labels": [0], "scores": [0.9983574748039246], "bboxes": [[0.0, 69.51971435546875, 798.5146484375, 800.0]]}