{"labels": [0], "scores": [0.9988541603088379], "bboxes": [[22.842071533203125, 379.21319580078125, 762.43798828125, 671.6166381835938]]}