{"labels": [0], "scores": [0.9979750514030457], "bboxes": [[156.1014404296875, 62.27685546875, 664.1922607421875, 786.310791015625]]}