{"labels": [0, 0, 0], "scores": [0.9566611051559448, 0.5468574166297913, 0.07582596689462662], "bboxes": [[108.46011352539062, 132.2023162841797, 533.0841064453125, 639.989990234375], [65.72586059570312, 74.216796875, 762.81982421875, 758.7601928710938], [373.83209228515625, 0.804718017578125, 794.4390258789062, 201.00230407714844]]}