{"labels": [0], "scores": [0.9964936375617981], "bboxes": [[108.45513916015625, 272.3174743652344, 624.6317138671875, 866.1663818359375]]}