{"labels": [0], "scores": [0.9969698786735535], "bboxes": [[129.001220703125, 151.29800415039062, 675.1882934570312, 686.990478515625]]}