{"labels": [0], "scores": [0.9987627267837524], "bboxes": [[10.4456787109375, 168.43978881835938, 795.153076171875, 768.631103515625]]}