{"labels": [0], "scores": [0.9983232617378235], "bboxes": [[36.272125244140625, 158.67938232421875, 770.050048828125, 685.2704467773438]]}