{"labels": [0, 0, 0, 0], "scores": [0.9967650175094604, 0.19525590538978577, 0.15792790055274963, 0.08877896517515182], "bboxes": [[171.92845153808594, 31.697921752929688, 599.9568481445312, 488.68182373046875], [25.1842041015625, 456.316162109375, 694.5215454101562, 800.0], [223.0524444580078, 458.36322021484375, 536.4834594726562, 644.3073120117188], [48.450836181640625, 79.86752319335938, 645.845458984375, 800.0]]}