{"labels": [0, 0, 0, 0, 0], "scores": [0.9805886149406433, 0.9693269729614258, 0.9487148523330688, 0.08211592584848404, 0.07015296816825867], "bboxes": [[134.6874542236328, 92.4189453125, 395.64788818359375, 406.0260009765625], [129.48464965820312, 423.72528076171875, 686.4730224609375, 800.0], [408.4226379394531, 93.37225341796875, 672.047119140625, 404.052734375], [333.1280517578125, 479.30804443359375, 397.56842041015625, 596.8513793945312], [98.77911376953125, 513.453125, 355.241455078125, 711.615478515625]]}