{"labels": [0, 0, 0], "scores": [0.981141209602356, 0.9646629691123962, 0.3440265655517578], "bboxes": [[368.6767578125, 375.036376953125, 772.7249755859375, 720.897216796875], [58.329010009765625, 253.1929473876953, 417.1647644042969, 717.6920166015625], [87.75527954101562, 246.69056701660156, 710.6422119140625, 723.0177612304688]]}