{"labels": [0, 0], "scores": [0.9517678618431091, 0.8927439451217651], "bboxes": [[0.0, 0.0, 800.0, 800.0], [268.34344482421875, 280.3017578125, 551.8930053710938, 564.0709228515625]]}