{"labels": [0], "scores": [0.99764484167099], "bboxes": [[56.84381103515625, 166.15438842773438, 713.55224609375, 664.5545654296875]]}