{"labels": [0, 0], "scores": [0.9963537454605103, 0.14476637542247772], "bboxes": [[91.89065551757812, 18.040496826171875, 707.7017822265625, 774.7225341796875], [541.5753784179688, 147.19256591796875, 749.4210815429688, 484.5699462890625]]}