{"labels": [0], "scores": [0.9950873255729675], "bboxes": [[187.0706329345703, 0.0, 605.959228515625, 800.0]]}