{"labels": [0, 0], "scores": [0.9954583644866943, 0.6592867970466614], "bboxes": [[264.8494873046875, 79.97503662109375, 767.006103515625, 752.86767578125], [80.78240966796875, 445.0198974609375, 225.77108764648438, 713.9012451171875]]}