{"labels": [0], "scores": [0.9991456270217896], "bboxes": [[0.0, 233.30128479003906, 800.0, 583.2496948242188]]}