{"labels": [0], "scores": [0.9994428753852844], "bboxes": [[7.891265869140625, 0.0, 800.0, 689.1900634765625]]}