{"labels": [0], "scores": [0.9993590712547302], "bboxes": [[124.0284423828125, 4.270294189453125, 671.0416259765625, 800.0]]}