{"labels": [0, 0, 0, 0], "scores": [0.9891250133514404, 0.9824851155281067, 0.9773114323616028, 0.5949110984802246], "bboxes": [[260.95367431640625, 158.19158935546875, 549.0980834960938, 638.7482299804688], [6.9542083740234375, 222.3485565185547, 272.39678955078125, 644.9425659179688], [511.4831848144531, 228.98458862304688, 795.7716064453125, 643.3118896484375], [381.26123046875, 194.8443603515625, 692.060546875, 639.0238647460938]]}