{"labels": [0, 0, 0], "scores": [0.9796947836875916, 0.8455216288566589, 0.06117730960249901], "bboxes": [[63.22857666015625, 11.46405029296875, 700.2559204101562, 758.6964111328125], [389.09344482421875, 376.0730285644531, 744.9091186523438, 737.0252685546875], [79.80024719238281, 330.882080078125, 451.5697021484375, 744.529296875]]}