{"labels": [0], "scores": [0.9611285328865051], "bboxes": [[197.21807861328125, 163.6999969482422, 709.7366333007812, 623.5028686523438]]}