{"labels": [0, 0], "scores": [0.9761960506439209, 0.9759392738342285], "bboxes": [[251.73472595214844, 98.31185913085938, 760.667236328125, 709.5948486328125], [28.193878173828125, 430.28466796875, 320.8907165527344, 610.84130859375]]}