{"labels": [0, 0, 0], "scores": [0.9540609121322632, 0.9538413286209106, 0.25731199979782104], "bboxes": [[140.57525634765625, 4.9818267822265625, 341.03717041015625, 494.47369384765625], [57.8974609375, 57.3751220703125, 628.0418090820312, 708.9553833007812], [94.89582824707031, 13.445709228515625, 422.26519775390625, 626.415771484375]]}