{"labels": [0], "scores": [0.9989590644836426], "bboxes": [[18.0230712890625, 132.16256713867188, 789.8239135742188, 711.28173828125]]}