{"labels": [0], "scores": [0.9981521964073181], "bboxes": [[15.603607177734375, 300.087646484375, 769.2330322265625, 667.7626953125]]}