{"labels": [0], "scores": [0.9686439633369446], "bboxes": [[263.1933898925781, 41.09197998046875, 496.5389709472656, 783.1959228515625]]}