{"labels": [0], "scores": [0.9995087385177612], "bboxes": [[0.0, 0.7082138061523438, 684.992919921875, 896.0]]}