{"labels": [0, 0, 0], "scores": [0.9971957206726074, 0.36439457535743713, 0.12634143233299255], "bboxes": [[61.643218994140625, 329.65362548828125, 751.0086669921875, 776.6334838867188], [314.7442626953125, 76.4664306640625, 646.4544677734375, 337.1646728515625], [74.44825744628906, 446.4348449707031, 545.740234375, 769.709228515625]]}