{"labels": [0, 0], "scores": [0.9890751242637634, 0.6915788054466248], "bboxes": [[210.6934356689453, 235.224609375, 556.5275268554688, 686.47412109375], [218.15692138671875, 362.5868835449219, 540.203369140625, 862.471435546875]]}