{"labels": [0], "scores": [0.9096813797950745], "bboxes": [[0.0, 177.43019104003906, 692.2426147460938, 661.3487548828125]]}