{"labels": [0], "scores": [0.9985352754592896], "bboxes": [[0.6627120971679688, 229.04318237304688, 660.5281372070312, 859.0574340820312]]}