{"labels": [0, 0], "scores": [0.9947492480278015, 0.3949415385723114], "bboxes": [[216.0850067138672, 127.78829956054688, 609.9200439453125, 738.23388671875], [263.9195556640625, 136.2118682861328, 566.9522094726562, 395.1346435546875]]}