{"labels": [0, 0], "scores": [0.9951795339584351, 0.30725011229515076], "bboxes": [[44.14447021484375, 169.3369598388672, 694.1923217773438, 655.3961181640625], [345.6553955078125, 311.911376953125, 800.0, 635.1724243164062]]}