{"labels": [0, 0, 0, 0], "scores": [0.749232828617096, 0.6608294248580933, 0.5508547425270081, 0.44792652130126953], "bboxes": [[124.57044219970703, 532.2910766601562, 333.1861572265625, 744.3593139648438], [232.4620819091797, 79.743408203125, 570.1102905273438, 473.5120849609375], [506.58343505859375, 209.531494140625, 694.8255004882812, 705.7386474609375], [141.53933715820312, 218.58709716796875, 700.89111328125, 724.1633911132812]]}