{"labels": [0, 0, 0, 0], "scores": [0.9027408361434937, 0.561957061290741, 0.10076677054166794, 0.07852067798376083], "bboxes": [[236.884033203125, 287.2855224609375, 622.24755859375, 670.8952026367188], [205.2421417236328, 244.088623046875, 448.133056640625, 656.6713256835938], [196.912109375, 356.84844970703125, 361.9490966796875, 662.6823120117188], [214.61978149414062, 251.42184448242188, 420.6012878417969, 459.6471252441406]]}