{"labels": [0], "scores": [0.9897168874740601], "bboxes": [[131.511474609375, 7.1717529296875, 687.090576171875, 769.3084716796875]]}