{"labels": [0], "scores": [0.9962814450263977], "bboxes": [[144.42979431152344, 290.7972412109375, 638.4202880859375, 541.4852905273438]]}