{"labels": [0], "scores": [0.9993268251419067], "bboxes": [[13.67767333984375, 209.53892517089844, 782.3982543945312, 649.3125]]}