{"labels": [0, 0, 0], "scores": [0.9782813787460327, 0.20641042292118073, 0.14573818445205688], "bboxes": [[115.14512634277344, 358.9388427734375, 594.41455078125, 779.3509521484375], [148.8648223876953, 45.414398193359375, 590.0469360351562, 678.3790283203125], [279.34234619140625, 0.0, 590.7431030273438, 508.497802734375]]}