{"labels": [0, 0, 0, 0, 0], "scores": [0.9982112646102905, 0.8363497257232666, 0.6323712468147278, 0.5534060001373291, 0.14029546082019806], "bboxes": [[0.0, 21.152435302734375, 758.1536865234375, 800.0], [691.0269165039062, 550.6491088867188, 773.7423706054688, 684.2083129882812], [584.248046875, 566.8442993164062, 688.7294921875, 704.8395385742188], [702.0537719726562, 349.68267822265625, 787.8816528320312, 465.3004150390625], [559.079345703125, 657.1636962890625, 653.9259033203125, 792.182861328125]]}