{"labels": [0, 0, 0], "scores": [0.9956762194633484, 0.12104915827512741, 0.0655335858464241], "bboxes": [[3.682403564453125, 50.592559814453125, 786.3800048828125, 698.8128662109375], [420.96099853515625, 441.7303161621094, 692.2123413085938, 743.9998779296875], [362.6463928222656, 220.7293701171875, 776.8797607421875, 750.25048828125]]}