{"labels": [0, 0], "scores": [0.9984458088874817, 0.10683842748403549], "bboxes": [[155.24363708496094, 216.19918823242188, 636.3809204101562, 441.5398254394531], [136.3700408935547, 211.39471435546875, 646.4735107421875, 785.934814453125]]}