{"labels": [0, 0, 0], "scores": [0.9859987497329712, 0.9055113196372986, 0.8887086510658264], "bboxes": [[28.880706787109375, 149.5963592529297, 754.8916015625, 606.0899047851562], [413.99853515625, 442.5658264160156, 797.152587890625, 698.764404296875], [21.098480224609375, 440.46380615234375, 408.1012878417969, 704.4424438476562]]}