{"labels": [0], "scores": [0.9983166456222534], "bboxes": [[168.93923950195312, 51.759002685546875, 669.813720703125, 667.275390625]]}