{"labels": [0, 0], "scores": [0.9922029972076416, 0.0619976632297039], "bboxes": [[60.827911376953125, 152.2333984375, 757.0546875, 716.4373779296875], [236.626220703125, 198.57638549804688, 556.7078857421875, 631.4483642578125]]}