{"labels": [0, 0, 0, 0, 0, 0, 0, 0, 0, 0, 0, 0, 0, 0, 0], "scores": [0.9449182152748108, 0.8708208203315735, 0.8193199634552002, 0.7631774544715881, 0.7623729705810547, 0.6658933162689209, 0.3562248647212982, 0.3105647563934326, 0.2554493844509125, 0.24714621901512146, 0.16980987787246704, 0.1474173218011856, 0.10176937282085419, 0.08800320327281952, 0.0517943874001503], "bboxes": [[113.59485626220703, 203.8358154296875, 365.004638671875, 446.67340087890625], [88.38538360595703, 431.30206298828125, 281.592041015625, 611.8075561523438], [229.46958923339844, 472.2083740234375, 455.63751220703125, 689.6712646484375], [56.333648681640625, 118.7628173828125, 727.9324951171875, 692.2720947265625], [409.28759765625, 13.921112060546875, 791.7808837890625, 472.8674621582031], [21.110794067382812, 272.1181640625, 191.09523010253906, 468.70098876953125], [430.8567810058594, 475.2983093261719, 635.9127197265625, 680.1672973632812], [281.7894287109375, 204.0208740234375, 683.651611328125, 505.33941650390625], [340.40472412109375, 172.92510986328125, 501.298828125, 292.88946533203125], [278.87713623046875, 274.6387939453125, 551.20703125, 496.2275390625], [496.1005554199219, 259.4176025390625, 707.82958984375, 445.2200927734375], [493.18017578125, 299.5171813964844, 658.1104736328125, 494.3609313964844], [542.2710571289062, 437.0687255859375, 705.3513793945312, 613.11279296875], [333.902099609375, 179.1409149169922, 583.5225219726562, 339.89996337890625], [16.45514678955078, 272.64300537109375, 261.2388916015625, 553.8239135742188]]}