{"labels": [0, 0, 0], "scores": [0.9656825065612793, 0.8295118808746338, 0.5681843757629395], "bboxes": [[166.61578369140625, 272.9942321777344, 789.2218017578125, 648.3143310546875], [10.191368103027344, 254.6138458251953, 195.26089477539062, 657.5848388671875], [135.1835174560547, 459.70831298828125, 253.39198303222656, 676.8776245117188]]}