{"labels": [0], "scores": [0.995818555355072], "bboxes": [[258.5267333984375, 59.63177490234375, 546.4302978515625, 729.4754028320312]]}