{"labels": [0, 0], "scores": [0.9791340827941895, 0.12771673500537872], "bboxes": [[10.917205810546875, 96.165283203125, 626.44970703125, 795.020751953125], [149.0174102783203, 131.00271606445312, 544.7349853515625, 591.298095703125]]}