{"labels": [0, 0, 0], "scores": [0.9785028696060181, 0.9738881587982178, 0.11524910479784012], "bboxes": [[256.37945556640625, 35.598541259765625, 738.59228515625, 483.7546081542969], [156.42568969726562, 399.32708740234375, 690.3477783203125, 727.3433227539062], [152.991455078125, 95.779541015625, 745.619873046875, 705.300048828125]]}