{"labels": [0], "scores": [0.9995530247688293], "bboxes": [[72.18883514404297, 48.84197235107422, 607.4728393554688, 856.2592163085938]]}