{"labels": [0], "scores": [0.9945517182350159], "bboxes": [[265.67608642578125, 94.03634643554688, 542.894287109375, 748.5596923828125]]}