{"labels": [0], "scores": [0.997760534286499], "bboxes": [[0.0, 172.23904418945312, 800.0, 778.059814453125]]}