{"labels": [0], "scores": [0.9964438080787659], "bboxes": [[80.64181518554688, 19.7674560546875, 736.4832763671875, 800.0]]}