{"labels": [0, 0], "scores": [0.9439604878425598, 0.3387409746646881], "bboxes": [[0.0, 15.3961181640625, 800.0, 757.9845581054688], [304.51910400390625, 89.36468505859375, 728.5039672851562, 749.6312866210938]]}