{"labels": [0], "scores": [0.9988717436790466], "bboxes": [[0.0, 37.75531005859375, 752.841796875, 788.4634399414062]]}