{"labels": [0], "scores": [0.9995015859603882], "bboxes": [[0.0, 147.09072875976562, 789.5274658203125, 668.1129150390625]]}