{"labels": [0, 0, 0], "scores": [0.9925560355186462, 0.17350433766841888, 0.0898846760392189], "bboxes": [[212.88699340820312, 43.10040283203125, 575.74169921875, 762.9131469726562], [614.5630493164062, 315.7797546386719, 750.9293823242188, 552.8900756835938], [652.3358764648438, 95.44467163085938, 795.0851440429688, 394.3445129394531]]}