{"labels": [0], "scores": [0.9989928603172302], "bboxes": [[33.943939208984375, 241.38331604003906, 749.5206298828125, 565.9420776367188]]}