{"labels": [0], "scores": [0.9981964230537415], "bboxes": [[145.73239135742188, 132.84075927734375, 693.883056640625, 680.60791015625]]}