{"labels": [0, 0], "scores": [0.9993902444839478, 0.08817756175994873], "bboxes": [[9.954498291015625, 298.8446044921875, 772.93017578125, 779.0003662109375], [333.38531494140625, 108.38992309570312, 452.03271484375, 355.27703857421875]]}