{"labels": [0, 0], "scores": [0.9967922568321228, 0.1728331297636032], "bboxes": [[33.006683349609375, 143.81307983398438, 752.11279296875, 765.7918701171875], [416.4761962890625, 44.55189514160156, 515.7184448242188, 199.97007751464844]]}