{"labels": [0, 0], "scores": [0.9745810627937317, 0.7532582879066467], "bboxes": [[293.2073669433594, 249.100830078125, 692.7415771484375, 775.999267578125], [246.84083557128906, 60.77284240722656, 666.1141967773438, 546.2754516601562]]}