{"labels": [0, 0], "scores": [0.9973136782646179, 0.7499629855155945], "bboxes": [[345.90478515625, 42.053466796875, 704.279052734375, 739.69091796875], [41.77607727050781, 591.3759765625, 345.82159423828125, 750.5997314453125]]}