{"labels": [0], "scores": [0.9974308609962463], "bboxes": [[136.4200439453125, 22.86688232421875, 688.2408447265625, 800.0]]}