{"labels": [0], "scores": [0.9968729615211487], "bboxes": [[237.95628356933594, 7.8651123046875, 555.772705078125, 800.0]]}