{"labels": [0, 0], "scores": [0.9877616167068481, 0.1204909011721611], "bboxes": [[3.807098388671875, 79.01953125, 800.0, 782.3587036132812], [173.17819213867188, 273.4749755859375, 500.2957458496094, 520.13037109375]]}