{"labels": [0, 0], "scores": [0.99556964635849, 0.9474110007286072], "bboxes": [[32.1138916015625, 138.61399841308594, 741.1524658203125, 508.7559814453125], [42.149444580078125, 251.9219207763672, 764.482177734375, 689.22021484375]]}