{"labels": [0], "scores": [0.9936631917953491], "bboxes": [[338.4017028808594, 17.262115478515625, 449.6919860839844, 787.6107177734375]]}