{"labels": [0], "scores": [0.9984897375106812], "bboxes": [[20.705657958984375, 112.19757080078125, 776.7568359375, 764.8986206054688]]}