{"labels": [0], "scores": [0.9977356195449829], "bboxes": [[60.76739501953125, 318.6641845703125, 710.9620361328125, 506.79022216796875]]}