{"labels": [0], "scores": [0.9708888530731201], "bboxes": [[142.27674865722656, 287.91680908203125, 629.4031982421875, 539.2898559570312]]}