{"labels": [0], "scores": [0.9985507130622864], "bboxes": [[0.0, 0.0, 793.01220703125, 797.8619384765625]]}