{"labels": [0, 0], "scores": [0.9941591024398804, 0.1105448305606842], "bboxes": [[110.0772705078125, 31.31573486328125, 688.112548828125, 747.5755004882812], [126.21109008789062, 432.72613525390625, 679.7451171875, 729.0457153320312]]}