{"labels": [0], "scores": [0.9979923963546753], "bboxes": [[7.3541259765625, 0.700653076171875, 797.963623046875, 800.0]]}