{"labels": [0, 0, 0, 0], "scores": [0.9878287315368652, 0.9499967098236084, 0.7132226228713989, 0.17011193931102753], "bboxes": [[97.72250366210938, 418.7961120605469, 753.1123046875, 747.8731689453125], [359.92108154296875, 97.58868408203125, 593.0440063476562, 483.901123046875], [129.85507202148438, 86.45091247558594, 392.4200744628906, 573.81689453125], [131.30926513671875, 88.031494140625, 661.3050537109375, 696.564697265625]]}