{"labels": [0], "scores": [0.9990503191947937], "bboxes": [[45.62432861328125, 68.94329833984375, 759.8523559570312, 724.0521850585938]]}