{"labels": [0, 0], "scores": [0.9970048069953918, 0.055871568620204926], "bboxes": [[73.55279541015625, 257.320068359375, 745.7500610351562, 602.206298828125], [0.0, 1.0741424560546875, 761.5140991210938, 329.3258056640625]]}