{"labels": [0], "scores": [0.9948965907096863], "bboxes": [[71.01229858398438, 191.65606689453125, 740.1622314453125, 705.0228271484375]]}