{"labels": [0, 0, 0, 0], "scores": [0.9255011081695557, 0.8546798229217529, 0.17154131829738617, 0.10096779465675354], "bboxes": [[314.7134704589844, 425.0968017578125, 798.7076416015625, 657.671142578125], [12.832733154296875, 406.68060302734375, 791.4835205078125, 752.9346313476562], [521.0313720703125, 289.9380187988281, 663.0736083984375, 464.4198913574219], [1.028472900390625, 367.306640625, 340.744140625, 544.7619018554688]]}