{"labels": [0], "scores": [0.9988136291503906], "bboxes": [[51.2935791015625, 113.46963500976562, 755.3287963867188, 626.037109375]]}