{"labels": [0, 0, 0, 0], "scores": [0.9894453883171082, 0.11299832165241241, 0.08044524490833282, 0.055023979395627975], "bboxes": [[0.0, 291.97607421875, 800.0, 705.0482177734375], [48.1090087890625, 292.05267333984375, 290.099365234375, 534.7172241210938], [457.058349609375, 283.60479736328125, 564.333984375, 422.59820556640625], [115.21754455566406, 713.6481323242188, 141.7083282470703, 727.0794067382812]]}