{"labels": [0], "scores": [0.9964731335639954], "bboxes": [[225.76202392578125, 2.8594970703125, 553.0335693359375, 800.0]]}