{"labels": [0], "scores": [0.9951891899108887], "bboxes": [[235.87744140625, 29.538219451904297, 558.0281372070312, 833.6592407226562]]}