{"labels": [0, 0, 0, 0], "scores": [0.9159812927246094, 0.4177265167236328, 0.12625907361507416, 0.05875133350491524], "bboxes": [[192.25706481933594, 40.777374267578125, 612.7626953125, 273.3280334472656], [193.82546997070312, 586.5203857421875, 647.0682373046875, 790.6136474609375], [8.701324462890625, 266.2176208496094, 761.476318359375, 794.427978515625], [392.450439453125, 415.209716796875, 534.70947265625, 552.6105346679688]]}