{"labels": [0], "scores": [0.9986240863800049], "bboxes": [[60.091094970703125, 157.24856567382812, 755.4464111328125, 656.3092041015625]]}