{"labels": [0, 0], "scores": [0.9960644841194153, 0.11471372842788696], "bboxes": [[18.870025634765625, 109.99868774414062, 791.3546142578125, 773.701904296875], [0.0, 578.600830078125, 690.6747436523438, 766.8721923828125]]}