{"labels": [0], "scores": [0.9985793828964233], "bboxes": [[108.05364990234375, 107.49951171875, 731.3759765625, 575.4517822265625]]}