{"labels": [0], "scores": [0.9989172220230103], "bboxes": [[2.3828125, 216.00326538085938, 791.4357299804688, 534.6107177734375]]}