{"labels": [0], "scores": [0.996816098690033], "bboxes": [[24.483795166015625, 285.3409729003906, 780.749755859375, 548.016845703125]]}