{"labels": [0, 0, 0, 0], "scores": [0.9505821466445923, 0.4913659989833832, 0.16970038414001465, 0.05655850097537041], "bboxes": [[36.62611389160156, 114.80361938476562, 352.9588623046875, 620.064453125], [220.15576171875, 124.35275268554688, 775.7848510742188, 627.0721435546875], [444.6009521484375, 123.27301025390625, 672.878662109375, 614.9916381835938], [319.10382080078125, 118.73097229003906, 597.18212890625, 610.751953125]]}