{"labels": [0, 0, 0, 0, 0, 0, 0], "scores": [0.9902910590171814, 0.7794966697692871, 0.12925751507282257, 0.08996709436178207, 0.06042260304093361, 0.058566778898239136, 0.05209953337907791], "bboxes": [[310.7148742675781, 196.8824005126953, 695.7796020507812, 606.6346435546875], [1.5963115692138672, 287.6234436035156, 403.5079345703125, 783.6798706054688], [58.65534973144531, 469.8558349609375, 377.1885070800781, 894.8758544921875], [142.50405883789062, 229.76425170898438, 616.6531372070312, 718.786376953125], [25.528234481811523, 276.7061462402344, 384.93035888671875, 564.2067260742188], [341.8094787597656, 633.4766235351562, 629.3857421875, 896.0], [255.48362731933594, 290.6664733886719, 678.0113525390625, 881.6517333984375]]}