{"labels": [0, 0, 0, 0], "scores": [0.9832756519317627, 0.5220144391059875, 0.12292459607124329, 0.07723964005708694], "bboxes": [[315.59942626953125, 317.665771484375, 795.6005249023438, 784.5390625], [0.589202880859375, 53.130340576171875, 732.037353515625, 774.5701904296875], [361.5923156738281, 69.86370086669922, 611.929931640625, 306.600341796875], [4.2596435546875, 202.2978515625, 417.397216796875, 770.8988037109375]]}