{"labels": [0, 0], "scores": [0.9817744493484497, 0.7843399047851562], "bboxes": [[45.883453369140625, 59.67156982421875, 597.5465087890625, 676.5110473632812], [487.34283447265625, 494.24896240234375, 760.9882202148438, 765.9473266601562]]}