{"labels": [0], "scores": [0.9984795451164246], "bboxes": [[180.86351013183594, 3.93365478515625, 669.1419677734375, 635.9020385742188]]}