{"labels": [0, 0], "scores": [0.9938696622848511, 0.49347639083862305], "bboxes": [[44.608001708984375, 17.5006103515625, 743.2906494140625, 796.2319946289062], [212.14266967773438, 1.84307861328125, 720.4490966796875, 542.396484375]]}