{"labels": [0, 0, 0, 0], "scores": [0.9916061162948608, 0.8147983551025391, 0.7535895109176636, 0.12707489728927612], "bboxes": [[17.37725830078125, 358.77325439453125, 448.1789245605469, 482.95806884765625], [457.5917053222656, 49.146728515625, 697.661376953125, 793.9932250976562], [36.497314453125, 42.973846435546875, 742.5693969726562, 800.0], [17.45574951171875, 452.64263916015625, 703.0760498046875, 796.6868286132812]]}