{"labels": [0, 0, 0, 0, 0], "scores": [0.9792440533638, 0.7962046265602112, 0.47835400700569153, 0.0823073759675026, 0.05813301354646683], "bboxes": [[87.74087524414062, 46.663360595703125, 719.8494873046875, 770.173583984375], [266.25408935546875, 570.2542114257812, 500.79315185546875, 800.0], [0.0, 561.890625, 249.48870849609375, 800.0], [478.002685546875, 602.3170166015625, 614.752197265625, 757.3980712890625], [392.86328125, 576.5143432617188, 609.1478881835938, 769.6113891601562]]}