{"labels": [0], "scores": [0.9986127614974976], "bboxes": [[0.0, 169.47628784179688, 796.224365234375, 711.183837890625]]}