{"labels": [0, 0, 0], "scores": [0.9961051940917969, 0.41874679923057556, 0.29607093334198], "bboxes": [[175.40969848632812, 202.2808074951172, 486.19110107421875, 774.7989501953125], [177.4498748779297, 696.2642211914062, 452.58721923828125, 852.0504150390625], [560.5103149414062, 24.23473358154297, 696.7290649414062, 460.2889404296875]]}