{"labels": [0], "scores": [0.9972026348114014], "bboxes": [[117.61727905273438, 153.76866149902344, 683.349853515625, 644.615966796875]]}