{"labels": [0, 0, 0, 0], "scores": [0.9660724401473999, 0.5812350511550903, 0.1300794631242752, 0.11179729551076889], "bboxes": [[182.6966552734375, 35.703216552734375, 800.0, 745.023681640625], [0.0, 11.821868896484375, 264.72576904296875, 716.6468505859375], [233.41226196289062, 4.1893157958984375, 796.0767822265625, 419.78192138671875], [40.1220817565918, 413.92193603515625, 119.62702941894531, 733.3441772460938]]}