{"labels": [0], "scores": [0.9986929297447205], "bboxes": [[202.3002471923828, 233.90838623046875, 616.2120361328125, 771.158935546875]]}