{"labels": [0], "scores": [0.9985499978065491], "bboxes": [[124.76864624023438, 125.01377868652344, 618.2216796875, 896.0]]}