{"labels": [0, 0], "scores": [0.9904994368553162, 0.9670007824897766], "bboxes": [[31.553985595703125, 128.0517120361328, 588.760009765625, 610.6015014648438], [536.7172241210938, 361.701904296875, 784.7105102539062, 543.2924194335938]]}