{"labels": [0, 0, 0, 0, 0, 0, 0, 0, 0], "scores": [0.9834455847740173, 0.9590011239051819, 0.9315064549446106, 0.9238364696502686, 0.8669180870056152, 0.7151654958724976, 0.47873663902282715, 0.14368504285812378, 0.06214598938822746], "bboxes": [[390.639892578125, 175.05975341796875, 797.18359375, 637.7890625], [250.8216094970703, 604.5241088867188, 665.7213134765625, 800.0], [2.46356201171875, 14.182586669921875, 442.9697570800781, 800.0], [1.8708114624023438, 459.3209228515625, 82.1765365600586, 800.0], [307.4471130371094, 0.0, 756.8282470703125, 172.6167449951172], [633.405029296875, 444.2437438964844, 800.0, 800.0], [0.0, 438.19329833984375, 419.95050048828125, 788.8318481445312], [680.778564453125, 0.0, 797.60546875, 378.6026611328125], [335.70086669921875, 8.712112426757812, 794.6936645507812, 331.86212158203125]]}