{"labels": [0], "scores": [0.9973153471946716], "bboxes": [[0.0, 0.0, 795.6757202148438, 800.0]]}