{"labels": [0], "scores": [0.9973959922790527], "bboxes": [[63.405548095703125, 83.01611328125, 753.9337158203125, 712.0147705078125]]}