{"labels": [0, 0, 0, 0], "scores": [0.9858942031860352, 0.3011045753955841, 0.1701589971780777, 0.16706061363220215], "bboxes": [[54.51483154296875, 309.870361328125, 758.623046875, 556.3230590820312], [48.759857177734375, 314.9421691894531, 200.3558349609375, 546.8753662109375], [177.7801055908203, 320.4329833984375, 299.9202575683594, 535.4142456054688], [58.48353576660156, 316.78875732421875, 401.35400390625, 544.2352905273438]]}