{"labels": [0], "scores": [0.9878332614898682], "bboxes": [[0.23779907822608948, 2.250361204147339, 698.3590087890625, 631.9818115234375]]}