{"labels": [0, 0], "scores": [0.9895121455192566, 0.23476542532444], "bboxes": [[0.0, 1.03399658203125, 800.0, 539.5371704101562], [1.041839599609375, 319.43017578125, 794.35595703125, 530.1272583007812]]}