{"labels": [0, 0, 0, 0], "scores": [0.9972833395004272, 0.9936313033103943, 0.9519748091697693, 0.08866527676582336], "bboxes": [[325.945068359375, 198.79656982421875, 574.6951293945312, 416.143310546875], [388.9193115234375, 561.5530395507812, 562.613525390625, 708.5381469726562], [166.697265625, 421.8052062988281, 400.9097900390625, 800.0], [297.44940185546875, 211.6689453125, 591.0200805664062, 762.1282348632812]]}