{"labels": [0, 0, 0], "scores": [0.990202009677887, 0.8409114480018616, 0.14595456421375275], "bboxes": [[255.79653930664062, 177.75338745117188, 608.1986083984375, 799.081787109375], [347.9620666503906, 476.4883728027344, 538.3394165039062, 798.9251708984375], [260.7342529296875, 182.3977508544922, 617.9261474609375, 489.94964599609375]]}