{"labels": [0], "scores": [0.9990566372871399], "bboxes": [[67.68304443359375, 117.6043701171875, 718.2951049804688, 739.217529296875]]}