{"labels": [0], "scores": [0.9988248944282532], "bboxes": [[37.8184814453125, 342.899169921875, 763.96728515625, 724.3941650390625]]}