{"labels": [0, 0, 0], "scores": [0.9959586262702942, 0.10257080942392349, 0.07838089764118195], "bboxes": [[86.99398040771484, 25.957763671875, 699.6424560546875, 740.9885864257812], [177.17041015625, 653.4564819335938, 291.7503967285156, 775.0370483398438], [159.7754669189453, 573.39599609375, 301.0623779296875, 810.8845825195312]]}