{"labels": [0], "scores": [0.9944447875022888], "bboxes": [[276.89947509765625, 49.5963134765625, 645.2097778320312, 744.6705322265625]]}