{"labels": [0, 0, 0, 0, 0], "scores": [0.8517737984657288, 0.6672336459159851, 0.5858542919158936, 0.34887146949768066, 0.21849213540554047], "bboxes": [[254.4224853515625, 29.958526611328125, 543.0292358398438, 272.6344299316406], [531.2064208984375, 419.12139892578125, 611.788330078125, 785.9066772460938], [302.7925109863281, 349.87237548828125, 491.9208679199219, 492.57049560546875], [11.00213623046875, 0.0, 746.27099609375, 800.0], [130.93524169921875, 553.7235717773438, 184.53451538085938, 664.9786987304688]]}