{"labels": [0, 0, 0], "scores": [0.9934638142585754, 0.7778271436691284, 0.2371036410331726], "bboxes": [[0.0, 0.0, 800.0, 773.871826171875], [0.0, 382.9249267578125, 797.6590576171875, 800.0], [0.0, 292.08734130859375, 325.2955322265625, 682.3436889648438]]}