{"labels": [0, 0], "scores": [0.9977298378944397, 0.9938238859176636], "bboxes": [[25.017578125, 176.7829132080078, 453.98760986328125, 632.3507690429688], [404.6282043457031, 154.8008270263672, 792.9229736328125, 624.8214111328125]]}