{"labels": [0], "scores": [0.9958522319793701], "bboxes": [[268.2591552734375, 43.96052551269531, 559.7506713867188, 831.6862182617188]]}