{"labels": [0, 0, 0, 0, 0, 0], "scores": [0.6340215802192688, 0.515663743019104, 0.24504275619983673, 0.2380954623222351, 0.13273514807224274, 0.07167800515890121], "bboxes": [[301.3448791503906, 163.7415313720703, 514.8076171875, 467.8507080078125], [274.7595520019531, 451.42218017578125, 487.5423278808594, 662.5767211914062], [264.7349853515625, 160.56581115722656, 534.0247192382812, 657.903076171875], [160.4339141845703, 425.9190979003906, 322.96588134765625, 617.3391723632812], [446.6415710449219, 434.7538757324219, 629.9332275390625, 618.7564086914062], [149.96807861328125, 313.368408203125, 618.7911987304688, 657.8330688476562]]}