{"labels": [0, 0, 0, 0, 0, 0, 0, 0, 0], "scores": [0.9977384805679321, 0.9931957721710205, 0.9888896942138672, 0.9809611439704895, 0.8457136750221252, 0.7543861865997314, 0.2583780884742737, 0.08770979195833206, 0.05685298144817352], "bboxes": [[208.9205780029297, 340.23773193359375, 498.72088623046875, 684.5499877929688], [486.7060241699219, 346.96282958984375, 782.0517578125, 669.23388671875], [157.96920776367188, 56.74461364746094, 437.7325744628906, 363.27276611328125], [437.6656799316406, 15.43756103515625, 719.0728759765625, 353.0091552734375], [0.0, 369.5642395019531, 215.93099975585938, 635.84228515625], [379.80084228515625, 507.4548034667969, 652.4900512695312, 754.56201171875], [756.3635864257812, 483.31854248046875, 800.0, 666.3721313476562], [719.6983642578125, 313.517822265625, 800.0, 523.0619506835938], [467.5635070800781, 447.9403076171875, 703.6131591796875, 749.1995849609375]]}