{"labels": [0], "scores": [0.9978488683700562], "bboxes": [[110.88458251953125, 200.00192260742188, 673.3319702148438, 764.265380859375]]}