{"labels": [0, 0, 0, 0], "scores": [0.9965130686759949, 0.9963866472244263, 0.986802875995636, 0.45517924427986145], "bboxes": [[234.10446166992188, 410.10260009765625, 647.5491943359375, 715.8604125976562], [305.85205078125, 30.305618286132812, 643.8858642578125, 400.6339111328125], [69.69134521484375, 244.12899780273438, 353.44537353515625, 470.0158996582031], [10.006065368652344, 463.37896728515625, 131.9591064453125, 800.0]]}