{"labels": [0], "scores": [0.9990148544311523], "bboxes": [[0.0, 122.46713256835938, 800.0, 711.5797119140625]]}