{"labels": [0], "scores": [0.9977335929870605], "bboxes": [[23.00714111328125, 272.3313293457031, 780.6897583007812, 573.418701171875]]}