{"labels": [0, 0], "scores": [0.9947720170021057, 0.1112922951579094], "bboxes": [[0.0, 154.93692016601562, 651.2965087890625, 888.214111328125], [146.18011474609375, 736.1500854492188, 243.03111267089844, 789.6303100585938]]}