{"labels": [0, 0, 0], "scores": [0.9925411939620972, 0.1146773025393486, 0.05190759897232056], "bboxes": [[18.452667236328125, 228.1084747314453, 793.89306640625, 667.8424682617188], [120.13201904296875, 390.8068542480469, 255.0313720703125, 506.4194030761719], [141.65838623046875, 151.86984252929688, 675.4540405273438, 417.7451477050781]]}