{"labels": [0], "scores": [0.9989612102508545], "bboxes": [[81.13888549804688, 17.84375, 746.3984375, 784.1141967773438]]}