{"labels": [0, 0, 0, 0], "scores": [0.8612716197967529, 0.822282612323761, 0.21796110272407532, 0.05719885602593422], "bboxes": [[107.88018798828125, 153.8977508544922, 406.48504638671875, 499.49688720703125], [205.26669311523438, 260.12908935546875, 660.780029296875, 671.4584350585938], [110.34889221191406, 85.22543334960938, 616.515380859375, 501.9079284667969], [356.497802734375, 357.1448669433594, 651.31103515625, 667.5706787109375]]}