{"labels": [0], "scores": [0.9923451542854309], "bboxes": [[284.92919921875, 89.03439331054688, 530.3211669921875, 722.46826171875]]}