{"labels": [0], "scores": [0.9983988404273987], "bboxes": [[0.0, 10.93597412109375, 794.6917724609375, 797.4192504882812]]}