{"labels": [0], "scores": [0.9992470741271973], "bboxes": [[36.83935546875, 97.15554809570312, 782.8624267578125, 761.7265625]]}