{"labels": [0, 0], "scores": [0.9979535341262817, 0.2162495255470276], "bboxes": [[143.26885986328125, 20.247116088867188, 661.729248046875, 353.99237060546875], [17.339202880859375, 346.00628662109375, 796.7950439453125, 799.9252319335938]]}