{"labels": [0, 0, 0], "scores": [0.9679728746414185, 0.770314633846283, 0.3065168559551239], "bboxes": [[0.0, 221.9176025390625, 757.836181640625, 800.0], [18.166778564453125, 227.98751831054688, 739.325439453125, 518.6326904296875], [144.86074829101562, 366.1446533203125, 752.7230224609375, 709.49072265625]]}