{"labels": [0], "scores": [0.9964051246643066], "bboxes": [[107.60707092285156, 200.12391662597656, 535.3424682617188, 843.78466796875]]}