{"labels": [0], "scores": [0.9967508316040039], "bboxes": [[245.68374633789062, 49.96795654296875, 552.2366943359375, 745.2322387695312]]}