{"labels": [0, 0, 0, 0, 0], "scores": [0.9641599655151367, 0.616381824016571, 0.21649225056171417, 0.17025430500507355, 0.06013816222548485], "bboxes": [[50.75775146484375, 110.83326721191406, 722.2757568359375, 578.4790649414062], [24.4207763671875, 226.0447998046875, 784.7546997070312, 795.7435302734375], [288.97796630859375, 147.01165771484375, 709.8560791015625, 485.73077392578125], [448.49786376953125, 398.966796875, 577.3407592773438, 794.5487060546875], [143.2936248779297, 114.25587463378906, 536.6075439453125, 458.73150634765625]]}