{"labels": [0], "scores": [0.9964463114738464], "bboxes": [[18.610992431640625, 0.0, 773.495849609375, 800.0]]}