{"labels": [0, 0, 0, 0], "scores": [0.911842405796051, 0.7445535659790039, 0.7237263321876526, 0.056703075766563416], "bboxes": [[62.478782653808594, 422.05126953125, 296.0035095214844, 750.90283203125], [394.7897644042969, 523.585205078125, 709.2137451171875, 744.2291259765625], [69.95254516601562, 403.31005859375, 699.3060302734375, 754.6234130859375], [31.805023193359375, 150.63494873046875, 622.80712890625, 702.4304809570312]]}