{"labels": [0, 0, 0], "scores": [0.989851713180542, 0.10218062251806259, 0.08698832243680954], "bboxes": [[13.335540771484375, 133.81967163085938, 788.033935546875, 740.759521484375], [0.0, 203.79087829589844, 74.07577514648438, 306.1986083984375], [108.35174560546875, 524.60009765625, 796.7657470703125, 788.0291748046875]]}