{"labels": [0], "scores": [0.9991661310195923], "bboxes": [[68.05157470703125, 36.889007568359375, 730.8275146484375, 754.7423095703125]]}