{"labels": [0], "scores": [0.9838051199913025], "bboxes": [[148.29409790039062, 164.0537109375, 694.302001953125, 629.1682739257812]]}