{"labels": [0], "scores": [0.9961739182472229], "bboxes": [[155.71261596679688, 2.499603271484375, 576.3033447265625, 800.0]]}