{"labels": [0, 0, 0, 0], "scores": [0.9771504402160645, 0.9462395906448364, 0.9151442050933838, 0.11014941334724426], "bboxes": [[151.7971954345703, 460.3953857421875, 313.96392822265625, 645.446044921875], [331.5547790527344, 504.36383056640625, 497.7334899902344, 691.2579956054688], [305.94293212890625, 166.96212768554688, 763.8981323242188, 691.5615234375], [338.9751892089844, 349.9720458984375, 706.6162109375, 676.2535400390625]]}