{"labels": [0], "scores": [0.9984762072563171], "bboxes": [[43.43560791015625, 127.04928588867188, 771.5175170898438, 679.8714599609375]]}