{"labels": [0, 0, 0, 0, 0, 0, 0, 0, 0, 0, 0, 0, 0, 0], "scores": [0.9813992381095886, 0.8192892670631409, 0.5681173801422119, 0.5495485663414001, 0.5043760538101196, 0.25120770931243896, 0.20285578072071075, 0.1840372383594513, 0.1495087593793869, 0.1265241503715515, 0.07250425964593887, 0.06492330878973007, 0.05846531316637993, 0.050787780433893204], "bboxes": [[10.0069580078125, 85.0155029296875, 798.7569580078125, 675.313232421875], [152.911865234375, 475.2526550292969, 381.5606689453125, 689.9780883789062], [125.69095611572266, 323.7848815917969, 321.7013244628906, 508.6152038574219], [493.86077880859375, 422.9393615722656, 730.6448364257812, 656.130859375], [25.41838836669922, 222.60665893554688, 202.20004272460938, 397.1080017089844], [262.54522705078125, 97.73665618896484, 572.4502563476562, 257.4462890625], [39.596282958984375, 118.62387084960938, 509.3199157714844, 546.57470703125], [32.38374328613281, 159.74624633789062, 278.9095458984375, 389.4892272949219], [300.727294921875, 319.42877197265625, 514.5529174804688, 570.6846313476562], [71.27410888671875, 153.7334442138672, 219.906005859375, 302.8536376953125], [351.8946533203125, 114.87971496582031, 788.0030517578125, 609.8407592773438], [297.7617492675781, 168.98422241210938, 620.2294921875, 567.794921875], [188.67062377929688, 185.03936767578125, 346.8195495605469, 321.374755859375], [73.89935302734375, 232.06414794921875, 339.0185852050781, 507.55194091796875]]}