{"labels": [0, 0], "scores": [0.9871610403060913, 0.18151187896728516], "bboxes": [[109.5684814453125, 73.7926025390625, 696.781982421875, 651.9547119140625], [278.81195068359375, 243.2028045654297, 691.0852661132812, 630.8565673828125]]}