{"labels": [0, 0, 0], "scores": [0.9912632703781128, 0.9772600531578064, 0.9724414944648743], "bboxes": [[502.3045959472656, 25.672882080078125, 601.8076171875, 756.2701416015625], [621.7250366210938, 22.541412353515625, 718.3506469726562, 760.1778564453125], [114.02841186523438, 428.1811828613281, 382.2855529785156, 681.7136840820312]]}