{"labels": [0], "scores": [0.9966133236885071], "bboxes": [[9.830169677734375, 100.64178466796875, 800.0, 613.88134765625]]}