{"labels": [0, 0, 0, 0], "scores": [0.9788380861282349, 0.9564424753189087, 0.1441161036491394, 0.12497007846832275], "bboxes": [[31.41119384765625, 114.66802978515625, 621.9920043945312, 657.7720947265625], [163.55056762695312, 197.42340087890625, 775.286865234375, 729.8771362304688], [292.2614440917969, 179.6200408935547, 669.6595458984375, 631.2294921875], [396.60919189453125, 254.49798583984375, 796.1270141601562, 695.5698852539062]]}