{"labels": [0, 0, 0, 0], "scores": [0.950598418712616, 0.9425362944602966, 0.3364664614200592, 0.12290623039007187], "bboxes": [[66.48794555664062, 136.28524780273438, 774.99951171875, 740.5035400390625], [38.027976989746094, 251.8485870361328, 289.62689208984375, 754.1458740234375], [522.4530029296875, 508.9031066894531, 743.696044921875, 750.345947265625], [572.643310546875, 289.77593994140625, 758.006591796875, 623.9196166992188]]}