{"labels": [0, 0, 0, 0], "scores": [0.9898262023925781, 0.10016349703073502, 0.05532947927713394, 0.052517473697662354], "bboxes": [[34.36279296875, 100.75607299804688, 773.2108154296875, 756.25732421875], [166.38116455078125, 139.1007080078125, 476.2564697265625, 733.5104370117188], [31.6075439453125, 198.68362426757812, 283.52001953125, 707.217529296875], [591.4027709960938, 84.12100219726562, 784.0477905273438, 740.7105712890625]]}