{"labels": [0, 0, 0, 0, 0, 0, 0], "scores": [0.9669854044914246, 0.5612047910690308, 0.53245609998703, 0.3437339961528778, 0.21354413032531738, 0.08651912957429886, 0.0652443990111351], "bboxes": [[28.565704345703125, 76.71627807617188, 269.0810546875, 708.4010009765625], [88.80630493164062, 45.035919189453125, 362.207275390625, 796.677001953125], [226.51339721679688, 50.461639404296875, 367.2854919433594, 760.6748046875], [326.1435546875, 38.85076904296875, 671.6900634765625, 604.4227905273438], [0.0, 548.9324340820312, 357.0166015625, 788.1626586914062], [0.0, 326.1561279296875, 367.05194091796875, 764.9495849609375], [13.712860107421875, 44.148345947265625, 613.9864501953125, 800.0]]}