{"labels": [0], "scores": [0.9963201284408569], "bboxes": [[110.3221435546875, 201.0127716064453, 582.656005859375, 671.7635498046875]]}