{"labels": [0, 0], "scores": [0.9910218119621277, 0.6080545783042908], "bboxes": [[118.56463623046875, 157.2201690673828, 757.2239379882812, 663.5957641601562], [67.79664611816406, 186.724853515625, 431.09405517578125, 646.0745849609375]]}