{"labels": [0], "scores": [0.9966996312141418], "bboxes": [[174.8352813720703, 11.4088134765625, 630.2327880859375, 798.7926025390625]]}