{"labels": [0], "scores": [0.9629027247428894], "bboxes": [[319.95745849609375, 20.374298095703125, 480.93780517578125, 781.741943359375]]}