{"labels": [0], "scores": [0.99920254945755], "bboxes": [[40.86468505859375, 53.155487060546875, 763.6597290039062, 800.0]]}