{"labels": [0], "scores": [0.998927891254425], "bboxes": [[102.9425048828125, 99.85507202148438, 694.109375, 692.5430908203125]]}