{"labels": [0, 0], "scores": [0.9969334602355957, 0.07311257719993591], "bboxes": [[103.26931762695312, 286.83648681640625, 716.196533203125, 743.5364379882812], [119.23353576660156, 313.13763427734375, 442.21917724609375, 471.5445556640625]]}