{"labels": [0], "scores": [0.9974879026412964], "bboxes": [[243.16177368164062, 91.13006591796875, 595.1435546875, 731.4024658203125]]}