{"labels": [0], "scores": [0.9561457633972168], "bboxes": [[171.58802795410156, 2.173126220703125, 616.2068481445312, 721.368408203125]]}