{"labels": [0, 0], "scores": [0.9917832612991333, 0.9233723878860474], "bboxes": [[219.3887939453125, 19.51885986328125, 425.6463623046875, 800.0], [424.4831237792969, 442.97119140625, 633.2420043945312, 792.070556640625]]}