{"labels": [0, 0, 0, 0], "scores": [0.924982488155365, 0.6480329036712646, 0.2509445250034332, 0.18836086988449097], "bboxes": [[24.4024658203125, 82.83132934570312, 792.388671875, 685.774658203125], [133.23428344726562, 370.66363525390625, 473.1380920410156, 650.2684936523438], [4.294708251953125, 326.69195556640625, 526.0946044921875, 708.3563842773438], [158.6123809814453, 108.83152770996094, 669.3629150390625, 461.13232421875]]}