{"labels": [0, 0, 0, 0], "scores": [0.9897943139076233, 0.8740137815475464, 0.6664766073226929, 0.2756195068359375], "bboxes": [[87.14825439453125, 172.6079559326172, 725.62353515625, 528.791015625], [424.1083984375, 0.6043777465820312, 578.5830688476562, 228.89083862304688], [89.9525146484375, 486.51422119140625, 710.09619140625, 771.9058227539062], [160.13742065429688, 30.830955505371094, 401.8653259277344, 250.83847045898438]]}