{"labels": [0], "scores": [0.9993359446525574], "bboxes": [[3.17041015625, 16.792694091796875, 783.41455078125, 787.031982421875]]}