{"labels": [0, 0], "scores": [0.9982014894485474, 0.053229011595249176], "bboxes": [[46.045989990234375, 228.61831665039062, 739.5147705078125, 777.944091796875], [52.327728271484375, 223.39028930664062, 546.7086181640625, 475.0772399902344]]}