{"labels": [0], "scores": [0.998706579208374], "bboxes": [[43.382476806640625, 101.52731323242188, 751.8714599609375, 782.063232421875]]}