{"labels": [0], "scores": [0.9986176490783691], "bboxes": [[0.0, 104.688232421875, 800.0, 645.2220458984375]]}