{"labels": [0], "scores": [0.9976536631584167], "bboxes": [[183.1370391845703, 73.98062133789062, 567.558837890625, 710.00732421875]]}