{"labels": [0], "scores": [0.9985563158988953], "bboxes": [[67.84225463867188, 185.18240356445312, 731.2210693359375, 607.6220703125]]}