{"labels": [0], "scores": [0.9905937314033508], "bboxes": [[76.90255737304688, 225.51669311523438, 746.8023681640625, 782.3441162109375]]}