{"labels": [0, 0, 0, 0], "scores": [0.9746156930923462, 0.962466299533844, 0.8552384376525879, 0.6748618483543396], "bboxes": [[154.4282684326172, 262.48590087890625, 393.72686767578125, 719.131103515625], [348.5834655761719, 161.35751342773438, 674.50537109375, 763.9354248046875], [413.08978271484375, 537.9992065429688, 689.9872436523438, 750.0808715820312], [158.04261779785156, 485.3934326171875, 398.9964599609375, 702.062255859375]]}