{"labels": [0, 0], "scores": [0.9480399489402771, 0.43133604526519775], "bboxes": [[194.24505615234375, 301.18829345703125, 604.4021606445312, 614.6867065429688], [22.879974365234375, 0.0, 788.022705078125, 800.0]]}