{"labels": [0], "scores": [0.9990519881248474], "bboxes": [[63.765594482421875, 127.34906005859375, 760.4288330078125, 653.8059692382812]]}