{"labels": [0, 0, 0, 0, 0], "scores": [0.9158197045326233, 0.694723904132843, 0.4476888179779053, 0.2357933223247528, 0.11323363333940506], "bboxes": [[105.5518798828125, 310.648193359375, 688.42138671875, 785.489501953125], [424.22247314453125, 432.3103332519531, 661.3161010742188, 772.780517578125], [118.1451416015625, 333.11151123046875, 399.1136474609375, 515.5736083984375], [120.3179931640625, 316.2844543457031, 624.3251953125, 549.0751342773438], [398.07220458984375, 455.8025207519531, 613.1553955078125, 679.2890625]]}