{"labels": [0, 0, 0], "scores": [0.9936895370483398, 0.9070133566856384, 0.07080695033073425], "bboxes": [[10.006378173828125, 251.4234161376953, 779.434326171875, 504.81365966796875], [53.42279052734375, 371.19732666015625, 788.432861328125, 685.0106811523438], [98.68853759765625, 383.0671691894531, 759.5380249023438, 507.0682067871094]]}