{"labels": [0], "scores": [0.9961504936218262], "bboxes": [[173.53256225585938, 272.8138427734375, 612.062255859375, 622.5078125]]}