{"labels": [0, 0], "scores": [0.9881540536880493, 0.9866594076156616], "bboxes": [[227.68264770507812, 238.1492919921875, 660.8818359375, 583.87939453125], [129.0955810546875, 328.23529052734375, 537.383544921875, 675.1060791015625]]}