{"labels": [0], "scores": [0.9971815347671509], "bboxes": [[129.351318359375, 135.08053588867188, 640.7959594726562, 744.7803955078125]]}