{"labels": [0, 0], "scores": [0.9830856323242188, 0.15082256495952606], "bboxes": [[82.15863037109375, 332.81378173828125, 703.5557250976562, 800.0], [402.3232421875, 196.88571166992188, 650.2681884765625, 387.3442077636719]]}