{"labels": [0, 0, 0, 0], "scores": [0.8196583986282349, 0.7212477326393127, 0.41517114639282227, 0.1299704760313034], "bboxes": [[352.0751953125, 93.33749389648438, 392.602783203125, 738.126708984375], [403.4695129394531, 9.46246337890625, 445.7211608886719, 793.5441284179688], [347.985107421875, 0.0, 449.94049072265625, 800.0], [328.12261962890625, 0.0, 536.2095336914062, 800.0]]}