{"labels": [0], "scores": [0.9969950914382935], "bboxes": [[253.99998474121094, 20.372039794921875, 523.50927734375, 797.236572265625]]}