{"labels": [0, 0], "scores": [0.995055079460144, 0.11613847315311432], "bboxes": [[145.412353515625, 86.32589721679688, 698.2288208007812, 673.546142578125], [1.006622314453125, 164.676025390625, 559.6077880859375, 800.0]]}