{"labels": [0], "scores": [0.995220959186554], "bboxes": [[181.35328674316406, 197.7451171875, 544.6123046875, 860.6439208984375]]}