{"labels": [0, 0], "scores": [0.9983602166175842, 0.9980467557907104], "bboxes": [[422.00616455078125, 221.0308837890625, 800.0, 753.9603881835938], [37.885162353515625, 220.4612274169922, 416.3084716796875, 677.7115478515625]]}