{"labels": [0, 0, 0], "scores": [0.9928602576255798, 0.09598669409751892, 0.05785162001848221], "bboxes": [[84.02716064453125, 380.4041748046875, 743.7587890625, 637.5848388671875], [105.67518615722656, 0.231475830078125, 472.00860595703125, 413.78790283203125], [51.804107666015625, 5.53668212890625, 636.2249755859375, 638.6752319335938]]}