{"labels": [0, 0, 0, 0, 0, 0, 0], "scores": [0.8135296702384949, 0.7471121549606323, 0.7383955717086792, 0.3623760938644409, 0.3491412401199341, 0.09925207495689392, 0.0887208953499794], "bboxes": [[529.0934448242188, 107.8948974609375, 731.9094848632812, 655.5530395507812], [380.47772216796875, 497.5657653808594, 556.8762817382812, 748.3018798828125], [558.3565673828125, 541.1619873046875, 783.9158935546875, 745.8717041015625], [391.62255859375, 103.37002563476562, 621.3604736328125, 702.5174560546875], [58.14530944824219, 559.1632690429688, 404.233154296875, 763.9953002929688], [0.0, 525.6893310546875, 759.1039428710938, 770.1719970703125], [40.76988983154297, 548.8582763671875, 257.56158447265625, 741.7672119140625]]}