{"labels": [0], "scores": [0.9956672191619873], "bboxes": [[321.2584228515625, 42.7510986328125, 487.83099365234375, 776.6685180664062]]}