{"labels": [0, 0, 0, 0], "scores": [0.9289727210998535, 0.7671107649803162, 0.7520660758018494, 0.05090981721878052], "bboxes": [[105.17462158203125, 152.2545928955078, 495.5796203613281, 816.4292602539062], [452.85382080078125, 236.29629516601562, 623.2062377929688, 566.3571166992188], [91.10773468017578, 591.41064453125, 475.64495849609375, 849.536376953125], [184.67552185058594, 6.297694206237793, 449.31121826171875, 206.73583984375]]}