{"labels": [0, 0, 0], "scores": [0.9916564226150513, 0.952621340751648, 0.07688409835100174], "bboxes": [[292.028564453125, 701.9327392578125, 495.829345703125, 789.7244873046875], [259.862060546875, 171.07998657226562, 529.2677001953125, 700.43994140625], [303.8404541015625, 503.0599365234375, 488.612548828125, 681.5025634765625]]}