{"labels": [0, 0, 0, 0, 0, 0, 0, 0, 0, 0, 0, 0, 0, 0, 0, 0, 0], "scores": [0.9375325441360474, 0.9316534996032715, 0.9136087894439697, 0.8822901844978333, 0.8746165037155151, 0.8703688383102417, 0.8481979370117188, 0.8079355955123901, 0.6279312968254089, 0.5823886394500732, 0.5799620151519775, 0.5429607033729553, 0.4852145314216614, 0.3451217710971832, 0.10565383732318878, 0.058377284556627274, 0.05185747146606445], "bboxes": [[628.7005615234375, 368.4457702636719, 775.4317626953125, 513.0213623046875], [474.0649719238281, 257.631591796875, 599.1949462890625, 386.41363525390625], [601.9708251953125, 254.97914123535156, 731.341796875, 386.7239990234375], [190.5440673828125, 372.7493591308594, 331.2694091796875, 516.3721923828125], [335.9092712402344, 271.3071594238281, 466.5721130371094, 384.1885681152344], [55.85675811767578, 221.4942169189453, 200.5921630859375, 503.11627197265625], [335.80657958984375, 372.3948669433594, 480.04095458984375, 517.376953125], [479.3044738769531, 371.65850830078125, 628.0382080078125, 515.6184692382812], [351.0052185058594, 174.57130432128906, 459.2076721191406, 281.7119140625], [3.073455810546875, 137.74974060058594, 785.70849609375, 563.8663330078125], [215.2393341064453, 262.7522277832031, 339.3193054199219, 385.8782653808594], [579.8218383789062, 167.40960693359375, 692.1488647460938, 280.24920654296875], [230.56959533691406, 181.6498565673828, 348.09906005859375, 280.5530090332031], [463.2483825683594, 175.22665405273438, 581.1630249023438, 278.73406982421875], [474.9814453125, 169.45693969726562, 682.1905517578125, 277.0181884765625], [198.62908935546875, 297.77191162109375, 338.17266845703125, 468.938232421875], [340.3817138671875, 304.7397155761719, 474.67315673828125, 469.9324645996094]]}