{"labels": [0], "scores": [0.998197615146637], "bboxes": [[13.029296875, 4.951568603515625, 778.0653076171875, 800.0]]}