{"labels": [0, 0, 0], "scores": [0.998450756072998, 0.9340550303459167, 0.05349774658679962], "bboxes": [[100.11416625976562, 142.50103759765625, 490.6607360839844, 689.2396240234375], [460.57135009765625, 43.998382568359375, 795.9480590820312, 719.6064453125], [98.053955078125, 112.0711669921875, 775.7556762695312, 746.099609375]]}