{"labels": [0, 0, 0, 0, 0, 0, 0, 0, 0, 0, 0, 0, 0, 0, 0, 0, 0, 0, 0, 0, 0], "scores": [0.8214602470397949, 0.7484192848205566, 0.7103386521339417, 0.5507754683494568, 0.4819866716861725, 0.35972756147384644, 0.33819469809532166, 0.2846086025238037, 0.2319803088903427, 0.2182914763689041, 0.13972970843315125, 0.12821170687675476, 0.12440858781337738, 0.11427901685237885, 0.09008772671222687, 0.06195613369345665, 0.05417240411043167, 0.05106203258037567, 0.05075937137007713, 0.05050528049468994, 0.05026166886091232], "bboxes": [[20.108184814453125, 69.01589965820312, 762.98193359375, 680.573486328125], [407.0016784667969, 99.43851470947266, 610.6773681640625, 291.65179443359375], [6.47003173828125, 59.32472229003906, 333.4088134765625, 330.33502197265625], [317.95648193359375, 56.97676086425781, 499.3489990234375, 180.90220642089844], [554.69189453125, 107.34210205078125, 797.9619140625, 425.6654052734375], [118.61678314208984, 480.2455139160156, 354.9876403808594, 690.3967895507812], [286.0585632324219, 156.41061401367188, 545.475341796875, 339.8404846191406], [0.34911346435546875, 329.741943359375, 169.48580932617188, 562.2332153320312], [113.51937866210938, 301.03643798828125, 431.2588195800781, 593.0529174804688], [2.741943359375, 180.25494384765625, 268.0660095214844, 329.68499755859375], [125.925537109375, 301.3592224121094, 623.9715576171875, 654.8184814453125], [1.7749481201171875, 298.4742431640625, 304.37811279296875, 561.35498046875], [278.948974609375, 73.35174560546875, 659.72998046875, 425.4164123535156], [498.654296875, 332.00836181640625, 727.5242919921875, 652.8440551757812], [0.0, 80.88648223876953, 51.64109802246094, 195.85479736328125], [302.1998291015625, 433.13641357421875, 540.6844482421875, 610.2405395507812], [289.0484619140625, 361.56439208984375, 699.5492553710938, 641.5062866210938], [288.9230651855469, 50.78802490234375, 515.68212890625, 253.6314697265625], [559.61572265625, 124.85118103027344, 693.1365966796875, 280.66729736328125], [127.73715209960938, 56.31126403808594, 594.9398193359375, 356.78424072265625], [4.2776336669921875, 79.42835998535156, 344.525634765625, 561.5310668945312]]}