{"labels": [0, 0, 0], "scores": [0.9984320998191833, 0.13488630950450897, 0.08717475086450577], "bboxes": [[64.73974609375, 0.2457122802734375, 628.822509765625, 348.92864990234375], [43.46795654296875, 13.096405029296875, 772.169677734375, 800.0], [112.21029663085938, 452.2167053222656, 788.4110107421875, 794.308349609375]]}