{"labels": [0, 0], "scores": [0.9973561763763428, 0.0717613622546196], "bboxes": [[120.72357177734375, 118.15512084960938, 766.0808715820312, 774.8714599609375], [28.06940460205078, 316.011474609375, 184.0174560546875, 694.0592651367188]]}