{"labels": [0, 0], "scores": [0.998826801776886, 0.9981257319450378], "bboxes": [[133.70452880859375, 48.16424560546875, 385.4140625, 759.6612548828125], [406.39129638671875, 47.0625, 660.8569946289062, 758.9635009765625]]}