{"labels": [0, 0], "scores": [0.9974415302276611, 0.21545158326625824], "bboxes": [[84.89517211914062, 319.9605712890625, 749.0640869140625, 799.5233154296875], [517.5907592773438, 424.1082763671875, 604.3759155273438, 468.78851318359375]]}