{"labels": [0, 0, 0, 0, 0], "scores": [0.9937233328819275, 0.2657516896724701, 0.1917228400707245, 0.12735027074813843, 0.12640714645385742], "bboxes": [[189.27999877929688, 273.1763000488281, 579.2552490234375, 828.26123046875], [209.5281524658203, 541.9317626953125, 533.9982299804688, 821.3502807617188], [361.08795166015625, 477.0947265625, 673.6364135742188, 836.1212158203125], [454.69024658203125, 487.533203125, 691.6768188476562, 735.989501953125], [197.18206787109375, 283.3216247558594, 556.0202026367188, 540.8711547851562]]}