{"labels": [0, 0, 0, 0, 0, 0], "scores": [0.9898320436477661, 0.8813480138778687, 0.5183877944946289, 0.3813428282737732, 0.12286922335624695, 0.05137685313820839], "bboxes": [[412.38946533203125, 154.97335815429688, 732.3789672851562, 365.3724060058594], [29.299819946289062, 497.1058044433594, 240.7830352783203, 740.4746704101562], [596.3341064453125, 490.59063720703125, 729.3919677734375, 790.3546752929688], [319.676513671875, 529.9151611328125, 485.2015380859375, 651.502685546875], [275.64410400390625, 447.909912109375, 529.8720092773438, 790.391357421875], [127.74932861328125, 436.1064758300781, 714.8438110351562, 797.1572265625]]}