{"labels": [0], "scores": [0.9769951105117798], "bboxes": [[195.73826599121094, 181.9901885986328, 701.8047485351562, 616.3045043945312]]}