{"labels": [0], "scores": [0.9991540908813477], "bboxes": [[0.0, 6.232666015625, 800.0, 790.55029296875]]}