{"labels": [0], "scores": [0.9927811026573181], "bboxes": [[57.10137939453125, 125.16412353515625, 745.9888916015625, 720.1713256835938]]}