{"labels": [0], "scores": [0.9880224466323853], "bboxes": [[144.626708984375, 87.71408081054688, 636.509521484375, 658.5328369140625]]}