{"labels": [0, 0], "scores": [0.9969339370727539, 0.1281450092792511], "bboxes": [[9.759613037109375, 227.1388702392578, 800.0, 558.6903076171875], [17.712432861328125, 233.73826599121094, 419.2611999511719, 555.1764526367188]]}