{"labels": [0, 0, 0, 0, 0, 0, 0, 0], "scores": [0.9744346737861633, 0.7640418410301208, 0.5576966404914856, 0.27380532026290894, 0.273690789937973, 0.21457871794700623, 0.102437824010849, 0.06206321716308594], "bboxes": [[210.21820068359375, 471.85687255859375, 796.4070434570312, 721.4039916992188], [585.7097778320312, 606.9974975585938, 702.7077026367188, 703.9069213867188], [557.1644287109375, 74.47782897949219, 796.009033203125, 545.4515380859375], [5.209808349609375, 327.8464050292969, 543.2940673828125, 700.47705078125], [0.0, 36.503326416015625, 796.955810546875, 722.943359375], [0.0, 1.67889404296875, 405.784423828125, 531.5586547851562], [0.0, 521.2033081054688, 800.0, 778.5010375976562], [1.5506439208984375, 325.1382751464844, 379.6539306640625, 568.27294921875]]}