{"labels": [0, 0, 0], "scores": [0.9932065010070801, 0.690315306186676, 0.21201029419898987], "bboxes": [[182.931640625, 202.1537322998047, 699.7772827148438, 422.79815673828125], [59.91131591796875, 433.930908203125, 642.4590454101562, 786.9736328125], [52.67620849609375, 216.28787231445312, 735.5149536132812, 759.9952392578125]]}