{"labels": [0], "scores": [0.9988021850585938], "bboxes": [[25.905426025390625, 0.0, 800.0, 800.0]]}