{"labels": [0], "scores": [0.9938115477561951], "bboxes": [[92.19073486328125, 196.94525146484375, 690.067626953125, 646.1718139648438]]}