{"labels": [0, 0], "scores": [0.9490233063697815, 0.09895136952400208], "bboxes": [[158.44459533691406, 257.14056396484375, 610.0492553710938, 700.3668212890625], [95.06298828125, 31.509979248046875, 687.5631103515625, 720.8043212890625]]}