{"labels": [0, 0, 0, 0, 0], "scores": [0.9826656579971313, 0.9305143356323242, 0.1434059590101242, 0.09543775022029877, 0.06477326154708862], "bboxes": [[35.843196868896484, 301.072265625, 332.983642578125, 896.0], [324.2645263671875, 217.2628936767578, 696.561767578125, 880.4154663085938], [131.795654296875, 236.21945190429688, 598.4105834960938, 896.0], [384.7206115722656, 452.987548828125, 664.9047241210938, 896.0], [69.34201049804688, 0.2757072448730469, 649.51416015625, 235.8768768310547]]}