{"labels": [0], "scores": [0.9981513619422913], "bboxes": [[122.80557250976562, 6.814453125, 698.4775390625, 800.0]]}