{"labels": [0, 0, 0, 0], "scores": [0.9910882711410522, 0.9855877161026001, 0.9703486561775208, 0.9632963538169861], "bboxes": [[435.6424560546875, 43.86555480957031, 739.7232666015625, 358.011474609375], [70.02464294433594, 31.101852416992188, 340.64691162109375, 384.8709716796875], [42.4285888671875, 449.20611572265625, 339.4294738769531, 748.2745971679688], [471.5350646972656, 433.7816467285156, 714.3356323242188, 757.60205078125]]}