{"labels": [0, 0], "scores": [0.99092698097229, 0.06496156752109528], "bboxes": [[58.900604248046875, 14.868682861328125, 703.957275390625, 794.0311279296875], [289.54278564453125, 120.76821899414062, 659.9404296875, 783.7239990234375]]}