{"labels": [0, 0, 0, 0, 0, 0], "scores": [0.8606677055358887, 0.6994155049324036, 0.5417298078536987, 0.42086416482925415, 0.0864672139286995, 0.07900037616491318], "bboxes": [[344.6316833496094, 209.6192169189453, 483.1471252441406, 404.46759033203125], [321.3607177734375, 320.874267578125, 386.95391845703125, 398.199462890625], [299.6371154785156, 382.1092529296875, 509.8179016113281, 664.605224609375], [38.42265319824219, 317.52056884765625, 265.852783203125, 679.8479614257812], [303.9198913574219, 236.3022918701172, 502.3541564941406, 601.6707763671875], [502.515625, 140.55174255371094, 551.797607421875, 295.26556396484375]]}