{"labels": [0, 0], "scores": [0.989565372467041, 0.5951570868492126], "bboxes": [[136.58877563476562, 110.02426147460938, 636.62841796875, 609.5609130859375], [255.94493103027344, 265.4178466796875, 729.559326171875, 767.78173828125]]}