{"labels": [0], "scores": [0.9961073994636536], "bboxes": [[0.0, 390.3440246582031, 800.0, 658.3582763671875]]}