{"labels": [0, 0], "scores": [0.9969272017478943, 0.13297121226787567], "bboxes": [[64.1046142578125, 95.516357421875, 710.6407470703125, 781.7003784179688], [306.947998046875, 29.62049102783203, 473.163818359375, 163.27444458007812]]}