{"labels": [0], "scores": [0.9973529577255249], "bboxes": [[80.882080078125, 166.53448486328125, 707.50390625, 633.0553588867188]]}