{"labels": [0], "scores": [0.9991539716720581], "bboxes": [[38.4395751953125, 240.01559448242188, 765.91455078125, 532.6009521484375]]}