{"labels": [0], "scores": [0.9986827969551086], "bboxes": [[0.0, 252.49771118164062, 800.0, 722.36572265625]]}