{"labels": [0], "scores": [0.9747138619422913], "bboxes": [[133.5269775390625, 103.00697326660156, 666.3660278320312, 525.9832153320312]]}