{"labels": [0], "scores": [0.9977418184280396], "bboxes": [[61.03812026977539, 93.26235961914062, 646.2138061523438, 699.7258911132812]]}