{"labels": [0, 0, 0, 0, 0], "scores": [0.9789895415306091, 0.9368698596954346, 0.4741692841053009, 0.11074903607368469, 0.060063667595386505], "bboxes": [[347.3830261230469, 273.90093994140625, 757.481689453125, 626.7465209960938], [102.69114685058594, 225.53567504882812, 526.5877075195312, 598.19384765625], [34.819244384765625, 176.826416015625, 736.9527587890625, 533.1477661132812], [33.11650085449219, 206.17515563964844, 306.67120361328125, 522.31884765625], [194.73141479492188, 183.26760864257812, 741.881103515625, 402.7724914550781]]}