{"labels": [0], "scores": [0.9903269410133362], "bboxes": [[241.6907196044922, 41.71453857421875, 532.0591430664062, 772.3900756835938]]}