{"labels": [0], "scores": [0.9966656565666199], "bboxes": [[83.59194946289062, 179.30929565429688, 752.9921875, 717.5511474609375]]}