{"labels": [0, 0], "scores": [0.9925405383110046, 0.09989815950393677], "bboxes": [[106.68374633789062, 344.76568603515625, 538.96240234375, 778.2568969726562], [262.60565185546875, 194.93051147460938, 772.9916381835938, 800.0]]}