{"labels": [0, 0], "scores": [0.9961658716201782, 0.36044320464134216], "bboxes": [[20.828460693359375, 282.30657958984375, 775.2689208984375, 692.1527099609375], [30.76275634765625, 622.22412109375, 654.782958984375, 699.5955810546875]]}