{"labels": [0, 0, 0, 0, 0], "scores": [0.92399662733078, 0.3063249886035919, 0.19914409518241882, 0.18829865753650665, 0.06079547852277756], "bboxes": [[8.94097900390625, 73.85433959960938, 761.6840209960938, 712.132568359375], [485.79791259765625, 247.234130859375, 638.2341918945312, 401.36865234375], [11.183624267578125, 74.64912414550781, 489.15838623046875, 561.3002319335938], [483.81414794921875, 407.19573974609375, 639.1172485351562, 564.5269165039062], [484.97723388671875, 77.59228515625, 639.1837768554688, 242.02377319335938]]}