{"labels": [0], "scores": [0.9973939657211304], "bboxes": [[0.0, 262.9472351074219, 796.8965454101562, 623.7864990234375]]}