{"labels": [0, 0, 0, 0], "scores": [0.976563572883606, 0.3894909918308258, 0.3502922058105469, 0.0685054138302803], "bboxes": [[20.332427978515625, 12.127655029296875, 784.7891845703125, 762.4678955078125], [11.319778442382812, 289.432861328125, 476.20208740234375, 793.79296875], [307.45001220703125, 29.775054931640625, 780.8927612304688, 584.692138671875], [149.10800170898438, 251.2978515625, 526.5897216796875, 660.6116333007812]]}