{"labels": [0], "scores": [0.9988034963607788], "bboxes": [[18.812152862548828, 48.98897171020508, 568.7054443359375, 813.6083984375]]}