{"labels": [0, 0], "scores": [0.983930766582489, 0.5784760117530823], "bboxes": [[90.2969970703125, 106.686279296875, 652.33837890625, 766.1491088867188], [87.68124389648438, 286.18756103515625, 419.4032897949219, 766.2249145507812]]}