{"labels": [0, 0, 0, 0, 0, 0, 0, 0], "scores": [0.985706627368927, 0.9318751692771912, 0.2047279328107834, 0.16835615038871765, 0.15198643505573273, 0.11001420766115189, 0.06853341311216354, 0.05092475190758705], "bboxes": [[0.0, 157.11041259765625, 376.5523681640625, 734.6641235351562], [185.94064331054688, 90.77053833007812, 741.0341796875, 670.9581298828125], [473.04962158203125, 355.3182373046875, 694.0220336914062, 615.6972045898438], [494.6177062988281, 258.016845703125, 795.713134765625, 509.50848388671875], [350.3529968261719, 126.31790161132812, 791.4443359375, 511.5749206542969], [172.42010498046875, 110.61102294921875, 423.92205810546875, 663.8452758789062], [334.670166015625, 236.05638122558594, 708.8470458984375, 606.4035034179688], [255.984130859375, 218.69534301757812, 571.29638671875, 653.24462890625]]}