{"labels": [0], "scores": [0.9962865114212036], "bboxes": [[98.6131591796875, 269.7013854980469, 604.6944580078125, 610.2626342773438]]}