{"labels": [0], "scores": [0.9976130723953247], "bboxes": [[15.61358642578125, 146.26275634765625, 743.9181518554688, 780.4624633789062]]}