{"labels": [0, 0, 0, 0, 0, 0], "scores": [0.9967272281646729, 0.9637641310691833, 0.6893565058708191, 0.6265321969985962, 0.1052950844168663, 0.054879430681467056], "bboxes": [[0.0680694580078125, 221.36215209960938, 433.936767578125, 712.6961669921875], [395.975341796875, 367.7076721191406, 616.103515625, 609.686767578125], [382.3971252441406, 173.72772216796875, 707.3736572265625, 488.2012939453125], [555.1006469726562, 367.3599548339844, 781.4500122070312, 590.832275390625], [314.5309143066406, 176.9193878173828, 771.3724365234375, 623.47509765625], [401.84722900390625, 182.54612731933594, 690.8934936523438, 348.4251708984375]]}