{"labels": [0], "scores": [0.9977686405181885], "bboxes": [[60.450531005859375, 210.01895141601562, 799.568115234375, 784.7977294921875]]}