{"labels": [0], "scores": [0.9911091327667236], "bboxes": [[191.49319458007812, 61.636566162109375, 545.8348388671875, 795.03173828125]]}