{"labels": [0, 0, 0, 0], "scores": [0.7373465299606323, 0.7330913543701172, 0.35118913650512695, 0.14245839416980743], "bboxes": [[470.9679870605469, 24.016571044921875, 797.772705078125, 800.0], [259.59326171875, 27.0980224609375, 528.065185546875, 761.7969970703125], [57.064849853515625, 0.0, 778.342529296875, 800.0], [38.15534973144531, 167.95272827148438, 284.69476318359375, 789.5865478515625]]}