{"labels": [0], "scores": [0.9997764229774475], "bboxes": [[0.0, 12.705352783203125, 795.54248046875, 791.0716552734375]]}