{"labels": [0, 0, 0], "scores": [0.9860042929649353, 0.8420485258102417, 0.2489369660615921], "bboxes": [[266.96563720703125, 177.4814453125, 621.46533203125, 800.0], [0.4161529541015625, 473.74322509765625, 465.97418212890625, 799.5067749023438], [143.57749938964844, 0.0, 332.86151123046875, 487.2935791015625]]}