{"labels": [0, 0, 0, 0], "scores": [0.9944578409194946, 0.9799373745918274, 0.087347112596035, 0.05629538744688034], "bboxes": [[181.61044311523438, 50.594024658203125, 322.308349609375, 745.15966796875], [499.25823974609375, 259.7230529785156, 651.3877563476562, 508.3054504394531], [148.33038330078125, 32.71044921875, 783.341796875, 785.3604125976562], [398.5970458984375, 61.84796142578125, 597.8513793945312, 319.1454162597656]]}