{"labels": [0], "scores": [0.998245120048523], "bboxes": [[5.889007568359375, 5.90716552734375, 788.1016845703125, 795.3294067382812]]}