{"labels": [0], "scores": [0.9840829968452454], "bboxes": [[159.2189483642578, 3.511993408203125, 651.3995971679688, 732.133056640625]]}