{"labels": [0], "scores": [0.9996477365493774], "bboxes": [[13.637481689453125, 35.403106689453125, 776.2919921875, 783.1834716796875]]}