{"labels": [0, 0, 0], "scores": [0.9534497261047363, 0.2318638563156128, 0.059613943099975586], "bboxes": [[47.3756103515625, 37.80810546875, 766.0042724609375, 800.0], [47.32456970214844, 168.83248901367188, 470.78961181640625, 791.58837890625], [314.1285705566406, 191.21176147460938, 749.8790283203125, 800.0]]}