{"labels": [0, 0, 0, 0, 0, 0, 0, 0], "scores": [0.9237704277038574, 0.9088911414146423, 0.6898486614227295, 0.6569514870643616, 0.5099799036979675, 0.3872721195220947, 0.20941796898841858, 0.10385654866695404], "bboxes": [[437.7796325683594, 72.68771362304688, 668.2884521484375, 611.5594482421875], [65.79824829101562, 75.30020141601562, 605.0321044921875, 608.52099609375], [513.8409423828125, 66.75875854492188, 797.6724853515625, 592.118408203125], [319.1454162597656, 82.94281005859375, 561.2063598632812, 603.0729370117188], [69.75896453857422, 88.53524780273438, 241.1229248046875, 578.46484375], [11.15679931640625, 69.16973876953125, 337.3835144042969, 589.5294799804688], [161.3714141845703, 80.382080078125, 420.51544189453125, 609.642333984375], [1.109039306640625, 78.27188110351562, 162.91737365722656, 576.705322265625]]}