{"labels": [0], "scores": [0.9955203533172607], "bboxes": [[271.445068359375, 7.00079345703125, 501.22894287109375, 796.0369873046875]]}