{"labels": [0], "scores": [0.9976790547370911], "bboxes": [[209.66732788085938, 66.11685180664062, 599.921630859375, 779.670654296875]]}