{"labels": [0], "scores": [0.9972869157791138], "bboxes": [[146.28872680664062, 144.46234130859375, 733.491943359375, 784.40234375]]}