{"labels": [0, 0, 0, 0, 0, 0], "scores": [0.9791346788406372, 0.9770079851150513, 0.8290330171585083, 0.47648152709007263, 0.39758479595184326, 0.10499396175146103], "bboxes": [[321.4697265625, 341.2548828125, 746.819580078125, 710.9981689453125], [173.031494140625, 322.14666748046875, 389.316162109375, 614.40966796875], [60.08899688720703, 304.2857666015625, 258.97119140625, 610.1206665039062], [335.48419189453125, 382.213134765625, 539.2986450195312, 667.2630615234375], [64.39350891113281, 306.31634521484375, 508.52960205078125, 650.700439453125], [259.8233642578125, 337.4635314941406, 477.3150634765625, 642.60400390625]]}