{"labels": [0, 0], "scores": [0.9966691136360168, 0.09986110031604767], "bboxes": [[143.647216796875, 142.6627197265625, 667.6888427734375, 675.0845336914062], [67.21854400634766, 40.658748626708984, 263.64520263671875, 149.27890014648438]]}