{"labels": [0], "scores": [0.9988419413566589], "bboxes": [[11.662811279296875, 2.00537109375, 798.4267578125, 744.6190185546875]]}