{"labels": [0, 0], "scores": [0.9955381155014038, 0.06582126766443253], "bboxes": [[217.90414428710938, 181.46881103515625, 590.3466796875, 737.0675659179688], [228.0342254638672, 210.79190063476562, 410.8887939453125, 717.951171875]]}