{"labels": [0, 0], "scores": [0.9837603569030762, 0.14829540252685547], "bboxes": [[296.41485595703125, 29.848297119140625, 752.7188110351562, 775.1871337890625], [310.6822204589844, 411.34991455078125, 735.4827880859375, 759.1765747070312]]}