{"labels": [0], "scores": [0.9970560073852539], "bboxes": [[204.2752685546875, 13.477447509765625, 604.6248779296875, 793.5465087890625]]}