{"labels": [0], "scores": [0.9982873797416687], "bboxes": [[58.347412109375, 305.975830078125, 704.5958862304688, 753.5115966796875]]}