{"labels": [0, 0], "scores": [0.9978836178779602, 0.9567492604255676], "bboxes": [[175.43646240234375, 23.721221923828125, 611.3782958984375, 296.7754211425781], [10.6099853515625, 338.8863525390625, 591.6713256835938, 800.0]]}