{"labels": [0, 0, 0, 0], "scores": [0.9960829019546509, 0.2877429127693176, 0.21232090890407562, 0.06845022737979889], "bboxes": [[235.46363830566406, 124.43838500976562, 537.5145263671875, 712.0263671875], [506.80316162109375, 167.7451629638672, 710.1792602539062, 470.93682861328125], [418.8692626953125, 163.954345703125, 721.655029296875, 704.9586791992188], [227.98342895507812, 270.5253601074219, 296.3780212402344, 332.1144104003906]]}