{"labels": [0], "scores": [0.997173547744751], "bboxes": [[56.602813720703125, 91.78607177734375, 729.215087890625, 725.0188598632812]]}