{"labels": [0], "scores": [0.9993535876274109], "bboxes": [[0.0, 13.009765625, 798.0281982421875, 800.0]]}