{"labels": [0, 0], "scores": [0.9744875431060791, 0.7188029289245605], "bboxes": [[90.46975708007812, 155.32412719726562, 774.727294921875, 563.53466796875], [0.08837890625, 330.65289306640625, 513.5325317382812, 630.3533935546875]]}