{"labels": [0, 0, 0, 0], "scores": [0.986650824546814, 0.13081617653369904, 0.07059019058942795, 0.05402800068259239], "bboxes": [[73.22824096679688, 101.4107666015625, 710.18310546875, 579.1117553710938], [264.6249694824219, 108.89794921875, 418.2777404785156, 256.123046875], [410.9078369140625, 158.79469299316406, 539.6747436523438, 310.896240234375], [537.7062377929688, 373.0213928222656, 672.7927856445312, 494.4189147949219]]}