{"labels": [0], "scores": [0.9897468090057373], "bboxes": [[292.91754150390625, 97.94027709960938, 508.12408447265625, 717.9544677734375]]}