{"labels": [0, 0, 0, 0], "scores": [0.9923223853111267, 0.9886399507522583, 0.9870806336402893, 0.9841623306274414], "bboxes": [[226.67156982421875, 102.5765380859375, 395.29266357421875, 709.3952026367188], [418.7989501953125, 101.48495483398438, 581.3352661132812, 723.5128173828125], [594.9766235351562, 106.4556884765625, 758.7791137695312, 725.7091674804688], [40.88507080078125, 92.1207275390625, 205.74691772460938, 709.3603515625]]}