{"labels": [0, 0, 0, 0, 0, 0, 0, 0, 0, 0], "scores": [0.9930243492126465, 0.9850268959999084, 0.9821224212646484, 0.9203029870986938, 0.9007740616798401, 0.3214799463748932, 0.1419774889945984, 0.08732753992080688, 0.05825776606798172, 0.05759132653474808], "bboxes": [[152.72286987304688, 358.42218017578125, 525.1446533203125, 737.0380249023438], [90.23590087890625, 57.19854736328125, 418.3278503417969, 391.0704345703125], [410.27166748046875, 203.40867614746094, 760.6956176757812, 566.2974243164062], [0.0, 0.0, 118.69308471679688, 302.24786376953125], [85.8160400390625, 1.4025077819824219, 356.956787109375, 84.299560546875], [0.0, 181.92420959472656, 271.65899658203125, 579.041015625], [19.10009765625, 89.14552307128906, 414.9404296875, 570.0663452148438], [91.31144714355469, 0.0, 364.513671875, 166.9322967529297], [1.613006591796875, 64.88619995117188, 167.53433227539062, 534.549560546875], [107.98721313476562, 85.72622680664062, 725.10400390625, 635.0615234375]]}