{"labels": [0], "scores": [0.9890419840812683], "bboxes": [[110.29995727539062, 123.51756286621094, 684.236572265625, 578.0966186523438]]}