{"labels": [0, 0, 0], "scores": [0.947984516620636, 0.9384312629699707, 0.08870059996843338], "bboxes": [[397.8055419921875, 222.99087524414062, 795.801513671875, 798.3648681640625], [13.9205322265625, 196.17385864257812, 716.9269409179688, 800.0], [7.0155792236328125, 208.92098999023438, 348.06793212890625, 797.9739990234375]]}