{"labels": [0, 0], "scores": [0.9944210648536682, 0.9831382036209106], "bboxes": [[281.7317199707031, 569.98193359375, 535.7609252929688, 687.10693359375], [334.9935607910156, 194.4503936767578, 565.6572265625, 474.80279541015625]]}