{"labels": [0, 0, 0, 0, 0, 0], "scores": [0.8808325529098511, 0.3154488801956177, 0.30976805090904236, 0.08536391705274582, 0.07929059118032455, 0.06821281462907791], "bboxes": [[362.1515197753906, 170.5723114013672, 547.26611328125, 508.3907470703125], [406.3428039550781, 700.4092407226562, 475.3562316894531, 774.5708618164062], [244.46493530273438, 345.0794372558594, 391.4718933105469, 591.462158203125], [388.8426818847656, 515.6738891601562, 488.4024963378906, 723.1640014648438], [277.7422790527344, 713.614501953125, 358.9353332519531, 766.3189697265625], [295.27032470703125, 161.4130859375, 544.2493286132812, 671.23779296875]]}