{"labels": [0, 0, 0], "scores": [0.9938356280326843, 0.978636622428894, 0.8671247959136963], "bboxes": [[222.06593322753906, 15.25531005859375, 552.625244140625, 530.6337280273438], [515.4468994140625, 426.4189147949219, 679.317626953125, 694.5545654296875], [236.08026123046875, 431.4944763183594, 550.660400390625, 783.1685791015625]]}