{"labels": [0, 0, 0, 0, 0, 0, 0, 0], "scores": [0.9950279593467712, 0.9928587675094604, 0.9418923258781433, 0.8213827013969421, 0.1402837485074997, 0.08224358409643173, 0.05860669165849686, 0.05583176016807556], "bboxes": [[179.26690673828125, 34.252655029296875, 272.2439270019531, 750.7813720703125], [507.6026611328125, 34.07281494140625, 593.6954345703125, 753.326171875], [290.4273681640625, 514.5744018554688, 345.52288818359375, 746.1129760742188], [431.5972595214844, 511.8520812988281, 482.5588684082031, 749.1939086914062], [54.66560363769531, 648.6599731445312, 190.78811645507812, 757.7081909179688], [487.5001220703125, 37.729736328125, 743.0621337890625, 764.2354125976562], [84.65503692626953, 34.251251220703125, 306.3646545410156, 760.54833984375], [593.609619140625, 645.0227661132812, 749.6517333984375, 749.0444946289062]]}