{"labels": [0, 0, 0, 0, 0, 0, 0], "scores": [0.9848161935806274, 0.9670764803886414, 0.6322165131568909, 0.5159009695053101, 0.27734580636024475, 0.20068955421447754, 0.09204116463661194], "bboxes": [[4.28399658203125, 201.5429229736328, 387.0122375488281, 547.3622436523438], [430.3092346191406, 213.12310791015625, 773.650146484375, 634.1624755859375], [140.30438232421875, 513.6217041015625, 358.95257568359375, 800.0], [454.50787353515625, 7.353302001953125, 640.8467407226562, 212.8687286376953], [441.7257385253906, 545.6752319335938, 667.9423217773438, 800.0], [434.7873229980469, 329.5185546875, 740.0340576171875, 796.6046142578125], [27.650588989257812, 29.8253173828125, 356.2030029296875, 235.75750732421875]]}