{"labels": [0, 0], "scores": [0.9928569793701172, 0.17632073163986206], "bboxes": [[131.25949096679688, 67.08917236328125, 685.7828369140625, 759.4983520507812], [186.45933532714844, 45.148223876953125, 575.9778442382812, 476.9505310058594]]}