{"labels": [0], "scores": [0.9990830421447754], "bboxes": [[222.3249969482422, 257.72540283203125, 656.6002807617188, 456.4127197265625]]}