{"labels": [0, 0], "scores": [0.9683854579925537, 0.8888728618621826], "bboxes": [[52.080291748046875, 325.47607421875, 717.1285400390625, 722.622802734375], [48.49481201171875, 57.99774169921875, 741.853271484375, 575.3604736328125]]}