{"labels": [0, 0], "scores": [0.98785001039505, 0.794022262096405], "bboxes": [[253.3380889892578, 332.3548278808594, 689.4159545898438, 549.5000610351562], [227.0, 242.34303283691406, 729.1603393554688, 290.09051513671875]]}