{"labels": [0], "scores": [0.9991946816444397], "bboxes": [[32.277587890625, 231.0547332763672, 775.82958984375, 517.9755859375]]}