{"labels": [0, 0, 0, 0, 0, 0, 0], "scores": [0.8505497574806213, 0.32626140117645264, 0.3044290840625763, 0.13091343641281128, 0.10562673956155777, 0.08877097815275192, 0.05770767852663994], "bboxes": [[400.6422119140625, 153.85646057128906, 681.8995361328125, 521.0050048828125], [156.0349884033203, 163.47640991210938, 439.58355712890625, 523.3551025390625], [74.765380859375, 93.046142578125, 718.3766479492188, 657.4730834960938], [232.0016632080078, 160.19369506835938, 431.496826171875, 399.4830017089844], [29.454025268554688, 145.71380615234375, 507.42449951171875, 800.0], [473.88330078125, 534.0120849609375, 626.512451171875, 720.270263671875], [445.31964111328125, 515.1690063476562, 701.0206909179688, 749.8399047851562]]}