{"labels": [0, 0, 0, 0, 0], "scores": [0.6758255362510681, 0.22868911921977997, 0.20539559423923492, 0.1873946487903595, 0.14276130497455597], "bboxes": [[0.0, 71.97125244140625, 799.2453002929688, 755.4351196289062], [0.0, 368.245361328125, 786.3617553710938, 715.048095703125], [268.9125061035156, 129.40521240234375, 373.9642639160156, 291.5195617675781], [537.8726806640625, 409.4858093261719, 658.6072998046875, 590.558837890625], [0.0, 3.75, 800.0, 437.45062255859375]]}