{"labels": [0], "scores": [0.999115526676178], "bboxes": [[2.637481689453125, 183.09542846679688, 800.0, 628.192138671875]]}