{"labels": [0, 0], "scores": [0.9970788955688477, 0.3192730247974396], "bboxes": [[60.319610595703125, 300.1885986328125, 710.4005126953125, 768.8310546875], [79.8121337890625, 324.33966064453125, 354.8567199707031, 693.8265380859375]]}