{"labels": [0, 0, 0], "scores": [0.9637346863746643, 0.9071206450462341, 0.14897982776165009], "bboxes": [[0.0, 58.642120361328125, 690.703857421875, 799.3841552734375], [594.4119873046875, 67.77841186523438, 792.61328125, 792.7890625], [389.7607421875, 89.8583984375, 795.7288818359375, 800.0]]}