{"labels": [0, 0, 0, 0, 0, 0, 0, 0], "scores": [0.9777016639709473, 0.9330565929412842, 0.9251745939254761, 0.9108196496963501, 0.5197367072105408, 0.3731595277786255, 0.2659492790699005, 0.1669626384973526], "bboxes": [[435.4844055175781, 179.3266143798828, 561.1165161132812, 378.25048828125], [220.6356201171875, 483.8997497558594, 390.378173828125, 651.3584594726562], [40.980201721191406, 163.93951416015625, 194.92929077148438, 380.400146484375], [228.32095336914062, 176.13839721679688, 385.1788635253906, 375.1590270996094], [413.61334228515625, 480.87469482421875, 580.787109375, 648.0162963867188], [58.92059326171875, 460.592529296875, 169.7148895263672, 681.7039794921875], [634.6768188476562, 172.55709838867188, 734.3218383789062, 379.5217590332031], [0.0, 73.29681396484375, 800.0, 782.3989868164062]]}