{"labels": [0, 0, 0, 0, 0, 0, 0, 0, 0, 0], "scores": [0.844885528087616, 0.8394538760185242, 0.7303313612937927, 0.6847029328346252, 0.6684489846229553, 0.6531984210014343, 0.542765736579895, 0.2085721343755722, 0.11673837155103683, 0.061358653008937836], "bboxes": [[560.3021850585938, 16.88153076171875, 769.9096069335938, 258.301025390625], [550.9366455078125, 284.8299865722656, 773.820068359375, 519.795654296875], [31.757362365722656, 544.8461303710938, 225.73916625976562, 791.8161010742188], [295.0533447265625, 267.0302734375, 515.661376953125, 522.3435668945312], [34.61650848388672, 262.93597412109375, 242.16497802734375, 517.4613647460938], [295.11822509765625, 534.2439575195312, 519.2843627929688, 790.4609985351562], [283.94580078125, 24.504966735839844, 509.34222412109375, 259.2652587890625], [275.1676025390625, 258.38348388671875, 769.7841796875, 521.8660888671875], [562.104736328125, 564.236328125, 796.623779296875, 798.207275390625], [216.31777954101562, 521.2970581054688, 744.4564208984375, 799.8639526367188]]}