{"labels": [0], "scores": [0.9938758015632629], "bboxes": [[220.51861572265625, 182.30960083007812, 565.8634033203125, 680.0008544921875]]}