{"labels": [0], "scores": [0.9956099390983582], "bboxes": [[218.27081298828125, 194.20355224609375, 583.9824829101562, 674.2268676757812]]}