{"labels": [0], "scores": [0.9981334805488586], "bboxes": [[40.8734130859375, 207.64956665039062, 750.7235107421875, 630.498779296875]]}