{"labels": [0], "scores": [0.9993883371353149], "bboxes": [[1.943450927734375, 14.3546142578125, 780.416259765625, 789.87548828125]]}