{"labels": [0], "scores": [0.9985285997390747], "bboxes": [[40.817840576171875, 116.73190307617188, 784.201416015625, 772.1285400390625]]}