{"labels": [0], "scores": [0.9999109506607056], "bboxes": [[14.808429718017578, 22.574108123779297, 674.8853149414062, 863.2005615234375]]}