{"labels": [0], "scores": [0.9979621171951294], "bboxes": [[0.0, 308.887451171875, 782.167236328125, 649.1257934570312]]}