{"labels": [0], "scores": [0.9953954815864563], "bboxes": [[203.4965362548828, 155.53070068359375, 491.2869873046875, 579.3136596679688]]}