{"labels": [0], "scores": [0.9961668848991394], "bboxes": [[130.78164672851562, 183.68783569335938, 646.3841552734375, 800.0]]}