{"labels": [0], "scores": [0.995495080947876], "bboxes": [[111.25741577148438, 163.07025146484375, 677.7181396484375, 619.5797729492188]]}