{"labels": [0], "scores": [0.9987581968307495], "bboxes": [[29.517578125, 209.09620666503906, 787.45263671875, 654.5848388671875]]}