{"labels": [0], "scores": [0.9988411068916321], "bboxes": [[51.9437255859375, 353.4363098144531, 753.2973022460938, 726.15234375]]}