{"labels": [0, 0], "scores": [0.9983262419700623, 0.07158434391021729], "bboxes": [[14.51523208618164, 178.00311279296875, 700.0, 896.0], [250.52896118164062, 585.14453125, 484.71868896484375, 891.7294921875]]}