{"labels": [0, 0], "scores": [0.9942664504051208, 0.5564183592796326], "bboxes": [[56.386322021484375, 58.30303955078125, 733.6624755859375, 735.1576538085938], [45.95030212402344, 253.82101440429688, 222.90455627441406, 413.6233825683594]]}