{"labels": [0, 0, 0, 0, 0], "scores": [0.9353145360946655, 0.8868468403816223, 0.7227174639701843, 0.3110679090023041, 0.05276019871234894], "bboxes": [[482.016845703125, 120.54330444335938, 800.0, 727.947998046875], [4.929656982421875, 294.95654296875, 524.11328125, 700.2825927734375], [95.30677795410156, 33.48561096191406, 565.83544921875, 414.112060546875], [42.64324951171875, 44.78411865234375, 609.6752319335938, 718.1385498046875], [94.83343505859375, 94.80525207519531, 364.6447448730469, 405.37896728515625]]}