{"labels": [0], "scores": [0.994653582572937], "bboxes": [[72.64935302734375, 229.9126434326172, 734.361572265625, 580.8245849609375]]}