{"labels": [0, 0, 0, 0], "scores": [0.9822916984558105, 0.9766361117362976, 0.963692307472229, 0.06738273054361343], "bboxes": [[88.68755340576172, 186.5382080078125, 250.89248657226562, 382.68194580078125], [337.0504150390625, 1.969207763671875, 703.5404052734375, 714.3756103515625], [52.902259826660156, 392.10296630859375, 280.16326904296875, 622.3898315429688], [415.8525390625, 4.9080963134765625, 702.6552734375, 452.01409912109375]]}