{"labels": [0], "scores": [0.9983552098274231], "bboxes": [[48.245941162109375, 355.74066162109375, 779.208984375, 735.1140747070312]]}