{"labels": [0, 0], "scores": [0.9977207779884338, 0.05882313475012779], "bboxes": [[0.0, 145.08956909179688, 786.8866577148438, 800.0], [64.66552734375, 430.4632568359375, 747.22998046875, 791.1932373046875]]}