{"labels": [0, 0, 0, 0], "scores": [0.8536841869354248, 0.7664616107940674, 0.45217522978782654, 0.4260130524635315], "bboxes": [[50.36335754394531, 355.052001953125, 290.6693115234375, 620.8475341796875], [235.3261260986328, 168.7742156982422, 718.2423095703125, 586.3995361328125], [295.38958740234375, 176.98509216308594, 589.374267578125, 502.8916015625], [20.92681884765625, 174.19793701171875, 776.0045776367188, 751.1264038085938]]}