{"labels": [0, 0], "scores": [0.9949432015419006, 0.08264928311109543], "bboxes": [[11.178070068359375, 107.1392822265625, 738.5882568359375, 678.5757446289062], [29.18511962890625, 118.04432678222656, 464.508056640625, 456.6881103515625]]}