{"labels": [0], "scores": [0.9601645469665527], "bboxes": [[269.7809143066406, 64.08937072753906, 431.31951904296875, 690.1915283203125]]}