{"labels": [0, 0, 0, 0, 0, 0, 0], "scores": [0.997331976890564, 0.9679982662200928, 0.9446479678153992, 0.7309762239456177, 0.5861104726791382, 0.44160059094429016, 0.05545491725206375], "bboxes": [[397.323486328125, 101.32389831542969, 767.6083984375, 454.71478271484375], [4.0710906982421875, 452.89312744140625, 395.71337890625, 754.1552124023438], [36.422393798828125, 170.9545440673828, 399.43829345703125, 344.06884765625], [399.96051025390625, 463.1343688964844, 600.817626953125, 784.070068359375], [409.5987548828125, 460.50543212890625, 780.2576904296875, 795.3538208007812], [460.46136474609375, 646.0784912109375, 796.0045776367188, 798.0135498046875], [371.41949462890625, 112.03726196289062, 782.8867797851562, 791.235595703125]]}