{"labels": [0, 0], "scores": [0.9962312579154968, 0.060126058757305145], "bboxes": [[31.307952880859375, 51.813079833984375, 781.1007080078125, 745.562744140625], [553.6409301757812, 456.2991943359375, 664.1035766601562, 552.1769409179688]]}