{"labels": [0, 0, 0, 0], "scores": [0.9873916506767273, 0.8531006574630737, 0.8074071407318115, 0.13051533699035645], "bboxes": [[202.75955200195312, 513.29833984375, 593.0367431640625, 694.032958984375], [46.61647033691406, 330.91961669921875, 269.054443359375, 647.2296752929688], [58.312744140625, 124.0831298828125, 760.0853881835938, 637.143310546875], [231.1504364013672, 309.61444091796875, 727.7952880859375, 655.2532958984375]]}