{"labels": [0], "scores": [0.9980328679084778], "bboxes": [[32.048187255859375, 21.80841064453125, 741.2254638671875, 792.4569091796875]]}