{"labels": [0], "scores": [0.9990506768226624], "bboxes": [[0.0, 217.83978271484375, 800.0, 703.4076538085938]]}