{"labels": [0], "scores": [0.9903117418289185], "bboxes": [[233.13978576660156, 0.0, 529.45654296875, 800.0]]}