{"labels": [0, 0], "scores": [0.9843847751617432, 0.38268420100212097], "bboxes": [[24.00738525390625, 110.32388305664062, 789.2218627929688, 701.7769775390625], [314.7286376953125, 127.18463134765625, 690.0988159179688, 640.4229736328125]]}