{"labels": [0, 0, 0, 0, 0, 0], "scores": [0.9435322284698486, 0.4579848349094391, 0.41204941272735596, 0.09440797567367554, 0.09400522708892822, 0.05309588834643364], "bboxes": [[219.92120361328125, 191.09671020507812, 774.7904663085938, 761.890869140625], [4.6452484130859375, 384.7444763183594, 211.99009704589844, 607.0775146484375], [137.387939453125, 15.342514038085938, 600.111083984375, 435.9735107421875], [0.165985107421875, 202.89541625976562, 570.8538818359375, 746.006591796875], [4.9381561279296875, 361.9088439941406, 346.66412353515625, 730.78173828125], [272.55194091796875, 217.36630249023438, 659.93701171875, 497.7504577636719]]}