{"labels": [0, 0], "scores": [0.9969262480735779, 0.9961457252502441], "bboxes": [[64.95753479003906, 50.854583740234375, 495.342529296875, 766.016357421875], [490.890380859375, 230.33966064453125, 722.4134521484375, 764.4976806640625]]}