{"labels": [0], "scores": [0.9989776611328125], "bboxes": [[70.08219909667969, 2.2906103134155273, 635.366455078125, 702.0]]}