{"labels": [0, 0], "scores": [0.9909555315971375, 0.9763561487197876], "bboxes": [[268.2635192871094, 83.70428466796875, 709.3013916015625, 777.4915161132812], [33.730682373046875, 353.69384765625, 223.91275024414062, 730.836669921875]]}