{"labels": [0], "scores": [0.9993791580200195], "bboxes": [[87.46682739257812, 157.26995849609375, 706.6318359375, 656.1101684570312]]}