{"labels": [0], "scores": [0.9924547672271729], "bboxes": [[175.1960906982422, 34.698333740234375, 654.8903198242188, 786.7464599609375]]}