{"labels": [0, 0, 0, 0], "scores": [0.9677962064743042, 0.9588404893875122, 0.4697723686695099, 0.052104633301496506], "bboxes": [[511.189453125, 182.74317932128906, 748.312255859375, 546.6767578125], [350.9426574707031, 215.5446014404297, 531.097900390625, 542.365478515625], [86.44119262695312, 199.5299072265625, 668.014404296875, 554.2559204101562], [582.1094360351562, 208.23150634765625, 696.8090209960938, 515.779052734375]]}