{"labels": [0, 0], "scores": [0.9918727278709412, 0.10833040624856949], "bboxes": [[209.5870819091797, 196.76507568359375, 592.23828125, 800.0], [76.23066711425781, 293.799072265625, 307.65606689453125, 798.82861328125]]}