{"labels": [0, 0, 0], "scores": [0.9731929302215576, 0.7294020056724548, 0.0954122543334961], "bboxes": [[25.776641845703125, 173.3268280029297, 776.037109375, 633.1991577148438], [18.115509033203125, 418.5536804199219, 767.2852783203125, 625.755615234375], [208.44473266601562, 176.31326293945312, 635.65185546875, 514.2471923828125]]}