{"labels": [0], "scores": [0.9981467723846436], "bboxes": [[88.86331176757812, 146.03663635253906, 745.1463623046875, 647.29345703125]]}