{"labels": [0], "scores": [0.9852520227432251], "bboxes": [[203.6659393310547, 88.79681396484375, 661.7313842773438, 751.647705078125]]}