{"labels": [0], "scores": [0.9973577857017517], "bboxes": [[197.63516235351562, 129.54916381835938, 548.8160400390625, 695.495361328125]]}