{"labels": [0, 0, 0, 0, 0, 0], "scores": [0.6987279653549194, 0.4916866421699524, 0.2892290949821472, 0.23958735167980194, 0.12132655829191208, 0.05080415681004524], "bboxes": [[313.7286682128906, 493.4591369628906, 525.0252075195312, 678.3765869140625], [272.8360900878906, 320.01959228515625, 416.1771545410156, 454.44830322265625], [10.254318237304688, 210.0731964111328, 489.483642578125, 662.0255126953125], [232.92343139648438, 318.1784973144531, 417.0428161621094, 531.6282958984375], [106.18014526367188, 307.8545227050781, 411.8808898925781, 562.8316650390625], [201.63739013671875, 305.80340576171875, 483.681396484375, 620.9788208007812]]}