{"labels": [0, 0], "scores": [0.9471614956855774, 0.5891047120094299], "bboxes": [[196.60055541992188, 152.1690673828125, 763.34765625, 768.65869140625], [60.06733703613281, 368.2068786621094, 401.15576171875, 754.0589599609375]]}