{"labels": [0, 0, 0, 0, 0], "scores": [0.9290554523468018, 0.34750744700431824, 0.30527716875076294, 0.09309688955545425, 0.08142074942588806], "bboxes": [[127.97740173339844, 107.38363647460938, 572.1961669921875, 335.16595458984375], [3.70147705078125, 307.60418701171875, 799.4808349609375, 618.3628540039062], [3.902099609375, 513.7191162109375, 786.4835205078125, 609.7056884765625], [557.2387084960938, 301.0718994140625, 709.8139038085938, 442.70880126953125], [0.0, 545.2935180664062, 800.0, 800.0]]}