{"labels": [0], "scores": [0.9984819293022156], "bboxes": [[27.4945068359375, 216.67445373535156, 776.4977416992188, 584.8027954101562]]}