{"labels": [0], "scores": [0.9950211048126221], "bboxes": [[142.20819091796875, 37.896942138671875, 645.1647338867188, 732.5067138671875]]}