{"labels": [0], "scores": [0.9977157115936279], "bboxes": [[65.8697509765625, 278.7853088378906, 736.71728515625, 604.1724853515625]]}