{"labels": [0, 0, 0, 0], "scores": [0.9961051940917969, 0.8097987174987793, 0.31794583797454834, 0.06281271576881409], "bboxes": [[119.30682373046875, 135.569091796875, 794.4281616210938, 766.5653686523438], [1.7519073486328125, 202.75604248046875, 277.4814453125, 535.2724609375], [11.543441772460938, 156.2066650390625, 481.175048828125, 635.891357421875], [0.0, 4.128387451171875, 750.2900390625, 284.4559020996094]]}