{"labels": [0, 0, 0, 0], "scores": [0.9706915020942688, 0.9578006863594055, 0.7751284837722778, 0.19548267126083374], "bboxes": [[259.8216247558594, 213.08901977539062, 492.3052673339844, 519.8038330078125], [256.2251281738281, 499.0892333984375, 519.4490966796875, 747.1500244140625], [18.730972290039062, 489.563232421875, 414.6009521484375, 773.384521484375], [342.541748046875, 477.39105224609375, 610.2677612304688, 791.1961059570312]]}