{"labels": [0, 0], "scores": [0.9943201541900635, 0.5952820181846619], "bboxes": [[163.6161651611328, 255.5731964111328, 515.8745727539062, 885.1594848632812], [0.4664726257324219, 0.0, 486.1221923828125, 896.0]]}