{"labels": [0], "scores": [0.9985901713371277], "bboxes": [[1.040374755859375, 89.40374755859375, 800.0, 717.9209594726562]]}