{"labels": [0, 0], "scores": [0.9940711855888367, 0.09213393926620483], "bboxes": [[8.60369873046875, 0.0, 800.0, 800.0], [0.0, 45.1258544921875, 398.1460266113281, 785.4031982421875]]}