{"labels": [0], "scores": [0.992668628692627], "bboxes": [[145.37554931640625, 203.58981323242188, 523.5971069335938, 896.0]]}