{"labels": [0], "scores": [0.9965985417366028], "bboxes": [[324.430419921875, 112.25140380859375, 542.4014892578125, 786.0016479492188]]}