{"labels": [0, 0], "scores": [0.9925526976585388, 0.6475905179977417], "bboxes": [[132.56033325195312, 2.11688232421875, 663.1304931640625, 794.5552368164062], [83.43565368652344, 17.710678100585938, 402.4674072265625, 520.71875]]}