{"labels": [0, 0, 0, 0, 0, 0, 0], "scores": [0.6833263039588928, 0.6058831810951233, 0.36734843254089355, 0.14619724452495575, 0.12116221338510513, 0.07775039225816727, 0.05355611816048622], "bboxes": [[9.009632110595703, 215.95716857910156, 121.61965942382812, 363.50860595703125], [131.66162109375, 0.0, 370.2347717285156, 654.6312866210938], [6.346305847167969, 343.82989501953125, 162.0224609375, 704.6102905273438], [5.683219909667969, 38.542152404785156, 115.17598724365234, 161.17428588867188], [99.05393981933594, 526.2432861328125, 287.54248046875, 665.5079345703125], [731.0675048828125, 95.37135314941406, 793.25537109375, 218.82566833496094], [80.29399108886719, 0.0, 524.9506225585938, 704.8289794921875]]}