{"labels": [0], "scores": [0.998274564743042], "bboxes": [[248.90696716308594, 8.268890380859375, 604.8528442382812, 782.4161376953125]]}