{"labels": [0, 0], "scores": [0.9984105825424194, 0.4704427421092987], "bboxes": [[120.2754898071289, 187.94125366210938, 536.2119750976562, 821.3172607421875], [219.02598571777344, 20.153051376342773, 484.75042724609375, 177.3583526611328]]}