{"labels": [0], "scores": [0.991671621799469], "bboxes": [[242.7828369140625, 199.9251708984375, 612.4700927734375, 786.134765625]]}