{"labels": [0], "scores": [0.9869662523269653], "bboxes": [[35.422119140625, 212.65135192871094, 778.5667724609375, 521.0576782226562]]}