{"labels": [0], "scores": [0.997666597366333], "bboxes": [[43.448883056640625, 83.96853637695312, 701.6942138671875, 680.9776611328125]]}