{"labels": [0], "scores": [0.9993206262588501], "bboxes": [[28.03607177734375, 62.1829833984375, 669.5007934570312, 789.7457885742188]]}