{"labels": [0], "scores": [0.9973906874656677], "bboxes": [[165.9107666015625, 0.0, 627.3715209960938, 800.0]]}