{"labels": [0], "scores": [0.9979945421218872], "bboxes": [[97.79955291748047, 82.73589324951172, 647.1892700195312, 640.1760864257812]]}