{"labels": [0, 0, 0, 0], "scores": [0.9843388795852661, 0.9748834371566772, 0.10991749167442322, 0.06906907260417938], "bboxes": [[3.060546875, 91.80789184570312, 788.2017822265625, 675.5665283203125], [536.1837158203125, 417.75811767578125, 771.954345703125, 697.3909301757812], [299.0899963378906, 418.0226135253906, 539.9603271484375, 662.9745483398438], [43.02728271484375, 302.302978515625, 785.4014892578125, 512.500732421875]]}