{"labels": [0], "scores": [0.9982731342315674], "bboxes": [[52.647186279296875, 5.438720703125, 731.9581298828125, 797.5452880859375]]}