{"labels": [0], "scores": [0.9942895174026489], "bboxes": [[164.22665405273438, 83.41641235351562, 784.1590576171875, 771.5980224609375]]}