{"labels": [0], "scores": [0.9984076619148254], "bboxes": [[226.9650421142578, 58.9720458984375, 610.9227294921875, 746.696044921875]]}