{"labels": [0], "scores": [0.9975932240486145], "bboxes": [[57.616546630859375, 183.38748168945312, 744.9171142578125, 695.8306884765625]]}