{"labels": [0, 0, 0, 0], "scores": [0.9860959649085999, 0.22091974318027496, 0.11094407737255096, 0.06580246984958649], "bboxes": [[85.77365112304688, 86.4720458984375, 670.6844482421875, 792.5072021484375], [112.08197021484375, 473.109375, 537.2249755859375, 690.9473876953125], [100.73141479492188, 399.1796875, 638.4681396484375, 749.3475341796875], [471.89697265625, 104.57427978515625, 685.3568115234375, 779.2199096679688]]}