{"labels": [0, 0, 0, 0, 0, 0], "scores": [0.5063230991363525, 0.44739431142807007, 0.16084975004196167, 0.13311438262462616, 0.11593691259622574, 0.07976086437702179], "bboxes": [[9.210968017578125, 132.68756103515625, 788.35888671875, 729.0802612304688], [52.39439392089844, 359.00927734375, 218.54490661621094, 514.8348388671875], [438.5680847167969, 397.4229431152344, 550.1779174804688, 466.8469543457031], [283.61383056640625, 537.005859375, 360.7041015625, 639.1790771484375], [433.9602966308594, 561.371826171875, 554.809814453125, 618.1995849609375], [57.80945587158203, 520.59423828125, 221.22140502929688, 681.168701171875]]}