{"labels": [0, 0], "scores": [0.9921229481697083, 0.2829609811306], "bboxes": [[12.12042236328125, 84.76980590820312, 785.0232543945312, 760.7620849609375], [0.0, 449.1168212890625, 735.9169921875, 770.5885009765625]]}