{"labels": [0], "scores": [0.999293327331543], "bboxes": [[6.53485107421875, 12.05316162109375, 767.9258422851562, 790.64501953125]]}