{"labels": [0, 0, 0, 0, 0, 0], "scores": [0.9812676906585693, 0.8719884157180786, 0.3965543508529663, 0.2398485690355301, 0.21628108620643616, 0.05009389668703079], "bboxes": [[0.0, 351.7611083984375, 238.41390991210938, 707.62451171875], [218.67044067382812, 354.11688232421875, 520.6666259765625, 693.8021850585938], [9.73272705078125, 106.50082397460938, 783.23583984375, 676.0296630859375], [111.9619140625, 303.66400146484375, 688.5317993164062, 707.1481323242188], [382.35333251953125, 285.28179931640625, 669.5685424804688, 685.6058349609375], [153.51339721679688, 377.1583557128906, 415.6725769042969, 717.9141845703125]]}