{"labels": [0, 0, 0, 0, 0], "scores": [0.9912642240524292, 0.750073254108429, 0.3629239499568939, 0.23674124479293823, 0.12069327384233475], "bboxes": [[51.4652099609375, 3.220784902572632, 698.9187622070312, 621.4002685546875], [295.3678894042969, 517.3821411132812, 408.81121826171875, 610.8472290039062], [133.22042846679688, 388.3623962402344, 469.1500244140625, 623.9005737304688], [62.97285079956055, 276.1816101074219, 491.43511962890625, 658.0260620117188], [194.22853088378906, 516.4756469726562, 295.4741516113281, 613.4862060546875]]}