{"labels": [0, 0, 0], "scores": [0.996052622795105, 0.4205063581466675, 0.13384976983070374], "bboxes": [[102.86813354492188, 311.999755859375, 790.0047607421875, 717.4117431640625], [0.0, 441.3202209472656, 635.714599609375, 800.0], [20.14825439453125, 31.41657257080078, 183.74951171875, 220.81967163085938]]}