{"labels": [0, 0, 0], "scores": [0.9860775470733643, 0.9760063886642456, 0.1526421159505844], "bboxes": [[224.34295654296875, 403.5232238769531, 800.0, 787.1162109375], [55.21946716308594, 43.64849853515625, 455.8189697265625, 769.0037841796875], [71.45785522460938, 93.37551879882812, 784.234375, 781.8104248046875]]}