{"labels": [0, 0], "scores": [0.9927207827568054, 0.7265140414237976], "bboxes": [[91.6038818359375, 64.64752197265625, 753.4952392578125, 671.0205688476562], [97.04425048828125, 48.82568359375, 469.34051513671875, 564.2399291992188]]}