{"labels": [0, 0, 0], "scores": [0.9746475219726562, 0.06780312210321426, 0.05358570069074631], "bboxes": [[64.5506591796875, 94.7421875, 653.8829956054688, 771.8623657226562], [57.221649169921875, 130.11666870117188, 398.209228515625, 726.7672119140625], [336.00592041015625, 103.957275390625, 794.9265747070312, 760.4359741210938]]}