{"labels": [0], "scores": [0.9986214637756348], "bboxes": [[47.738525390625, 178.90821838378906, 747.1126708984375, 627.5433959960938]]}