{"labels": [0, 0], "scores": [0.9943236112594604, 0.14385809004306793], "bboxes": [[87.74600219726562, 0.0, 623.7144775390625, 796.2700805664062], [90.7799072265625, 6.2601165771484375, 607.764892578125, 402.19384765625]]}