{"labels": [0, 0, 0], "scores": [0.9838671684265137, 0.5927947759628296, 0.29734915494918823], "bboxes": [[153.614501953125, 153.65464782714844, 587.3599853515625, 474.32305908203125], [163.95730590820312, 275.3079528808594, 800.0, 800.0], [391.59185791015625, 120.85271453857422, 665.0719604492188, 370.6982727050781]]}