{"labels": [0], "scores": [0.9815309047698975], "bboxes": [[6.5057373046875, 145.8219451904297, 781.9014282226562, 648.6709594726562]]}