{"labels": [0], "scores": [0.9939566850662231], "bboxes": [[207.80084228515625, 25.450103759765625, 530.86572265625, 792.6031494140625]]}