{"labels": [0, 0, 0, 0, 0, 0, 0], "scores": [0.9538937211036682, 0.9503670930862427, 0.6932821869850159, 0.2955392599105835, 0.2575168013572693, 0.12486981600522995, 0.08935962617397308], "bboxes": [[144.17567443847656, 457.52008056640625, 590.2825927734375, 631.6921997070312], [474.7855529785156, 268.6369323730469, 766.2550048828125, 625.5177001953125], [36.81396484375, 224.52603149414062, 310.51788330078125, 620.5341796875], [50.273681640625, 229.66836547851562, 582.498046875, 629.624267578125], [268.45306396484375, 295.0647888183594, 365.2342529296875, 471.7791442871094], [422.6888732910156, 266.6155700683594, 466.3495788574219, 467.6877136230469], [380.6162109375, 267.930908203125, 420.662353515625, 467.43951416015625]]}