{"labels": [0, 0], "scores": [0.9992561936378479, 0.28530651330947876], "bboxes": [[0.0, 10.436073303222656, 698.85400390625, 896.0], [22.038982391357422, 10.697494506835938, 627.702880859375, 490.821044921875]]}