{"labels": [0, 0, 0, 0, 0, 0, 0], "scores": [0.969037652015686, 0.9476420283317566, 0.433440238237381, 0.2596884071826935, 0.14614078402519226, 0.06461945921182632, 0.05878099054098129], "bboxes": [[301.4114685058594, 377.81243896484375, 749.5098876953125, 789.7716674804688], [8.885711669921875, 209.27322387695312, 302.03289794921875, 758.72119140625], [377.84246826171875, 147.2501983642578, 536.9794311523438, 388.94927978515625], [387.85931396484375, 609.6361083984375, 504.3006591796875, 721.4761962890625], [520.9948120117188, 14.883380889892578, 612.6936645507812, 94.337158203125], [1.740325927734375, 136.06234741210938, 751.4344482421875, 800.0], [636.0311889648438, 16.052928924560547, 727.9673461914062, 96.32929992675781]]}