{"labels": [0], "scores": [0.9925740957260132], "bboxes": [[114.74996948242188, 110.47006225585938, 673.945556640625, 602.2169189453125]]}