{"labels": [0], "scores": [0.9964113831520081], "bboxes": [[185.41636657714844, 276.27239990234375, 646.7578735351562, 746.0702514648438]]}