{"labels": [0, 0], "scores": [0.9975168704986572, 0.14092616736888885], "bboxes": [[366.4798889160156, 87.17459106445312, 673.22216796875, 599.9927978515625], [153.15902709960938, 650.9895629882812, 249.45611572265625, 732.2937622070312]]}