{"labels": [0, 0], "scores": [0.9696146845817566, 0.8691242337226868], "bboxes": [[244.50442504882812, 167.0677947998047, 683.45068359375, 485.31689453125], [22.958099365234375, 142.89584350585938, 720.5262451171875, 797.8006591796875]]}