{"labels": [0], "scores": [0.999206006526947], "bboxes": [[9.040679931640625, 70.69351196289062, 789.8076171875, 736.435546875]]}