{"labels": [0, 0], "scores": [0.9963573813438416, 0.7765368819236755], "bboxes": [[34.533782958984375, 8.53521728515625, 606.0550537109375, 745.2445678710938], [556.4423828125, 466.9902038574219, 777.9002685546875, 734.9710693359375]]}