{"labels": [0], "scores": [0.9982323050498962], "bboxes": [[136.63153076171875, 231.62506103515625, 640.8892211914062, 619.4849853515625]]}