{"labels": [0], "scores": [0.9985851049423218], "bboxes": [[49.4593505859375, 183.73385620117188, 759.5635375976562, 733.352294921875]]}