{"labels": [0, 0], "scores": [0.9976351261138916, 0.9920722842216492], "bboxes": [[368.8672180175781, 164.46527099609375, 560.7298583984375, 385.12628173828125], [298.1196594238281, 443.78936767578125, 531.5892333984375, 620.0654907226562]]}