{"labels": [0, 0, 0, 0, 0, 0, 0], "scores": [0.8495740294456482, 0.8180606365203857, 0.7677552700042725, 0.24720431864261627, 0.1822880506515503, 0.07122650742530823, 0.05021096393465996], "bboxes": [[483.0527038574219, 106.62747192382812, 678.568603515625, 760.7088623046875], [9.945892333984375, 297.97076416015625, 161.6536865234375, 800.0], [124.66548156738281, 44.616424560546875, 379.1326904296875, 782.32177734375], [114.40457153320312, 59.58404541015625, 678.7781982421875, 772.4036254882812], [589.5502319335938, 129.15869140625, 680.0911254882812, 747.1334838867188], [310.17034912109375, 81.37179565429688, 578.5234375, 749.7911376953125], [259.5634765625, 74.55819702148438, 372.110107421875, 780.1683349609375]]}