{"labels": [0], "scores": [0.9975789189338684], "bboxes": [[166.885986328125, 99.50674438476562, 600.8338623046875, 650.8857421875]]}