{"labels": [0, 0, 0, 0, 0, 0, 0], "scores": [0.9163756370544434, 0.89152991771698, 0.7535366415977478, 0.5492961406707764, 0.14580464363098145, 0.07593737542629242, 0.055429182946681976], "bboxes": [[475.51116943359375, 285.9454345703125, 561.2539672851562, 620.4632568359375], [233.78778076171875, 100.81826782226562, 354.78387451171875, 781.223876953125], [91.37480163574219, 120.14047241210938, 211.82228088378906, 800.0], [430.91790771484375, 283.8986511230469, 608.3021850585938, 619.24462890625], [236.18594360351562, 114.84223175048828, 351.1246032714844, 315.6763000488281], [93.97538757324219, 133.1771697998047, 205.5136260986328, 337.15911865234375], [112.42341613769531, 473.29815673828125, 196.98118591308594, 791.7098999023438]]}