{"labels": [0, 0, 0], "scores": [0.9943467974662781, 0.799217164516449, 0.29695725440979004], "bboxes": [[23.502410888671875, 278.53851318359375, 758.015869140625, 618.436279296875], [481.5596008300781, 144.65892028808594, 589.32763671875, 296.01324462890625], [102.62030029296875, 280.69390869140625, 659.2822265625, 495.13128662109375]]}