{"labels": [0], "scores": [0.9992955923080444], "bboxes": [[27.1267147064209, 11.240960121154785, 542.637939453125, 679.9755249023438]]}