{"labels": [0], "scores": [0.9989420771598816], "bboxes": [[16.855377197265625, 21.138092041015625, 798.3426513671875, 800.0]]}