{"labels": [0, 0, 0], "scores": [0.9788249135017395, 0.971337080001831, 0.5533485412597656], "bboxes": [[19.277862548828125, 35.66973876953125, 562.7291259765625, 548.4089965820312], [235.35098266601562, 320.1415710449219, 779.7183837890625, 706.779296875], [74.80972290039062, 75.58816528320312, 777.030029296875, 699.378173828125]]}