{"labels": [0, 0], "scores": [0.9952551126480103, 0.9916360378265381], "bboxes": [[41.13774108886719, 126.29446411132812, 449.95196533203125, 648.6138916015625], [392.296142578125, 153.62220764160156, 766.2576904296875, 653.9771728515625]]}