{"labels": [0], "scores": [0.9991714954376221], "bboxes": [[69.97064208984375, 4.27545166015625, 735.0208129882812, 800.0]]}