{"labels": [0], "scores": [0.9994572997093201], "bboxes": [[6.151824951171875, 81.06637573242188, 798.07568359375, 702.685302734375]]}