{"labels": [0], "scores": [0.9984385371208191], "bboxes": [[111.05525207519531, 261.391845703125, 611.0685424804688, 884.5475463867188]]}