{"labels": [0, 0, 0, 0, 0, 0, 0, 0, 0, 0, 0, 0], "scores": [0.7863528728485107, 0.7728522419929504, 0.7066300511360168, 0.7029619216918945, 0.6189143061637878, 0.46528160572052, 0.3177521526813507, 0.19226068258285522, 0.11021997034549713, 0.09429831802845001, 0.05509195104241371, 0.05160773918032646], "bboxes": [[0.75335693359375, 153.18405151367188, 728.5628662109375, 729.456298828125], [162.47012329101562, 139.26573181152344, 383.7982482910156, 399.74420166015625], [282.739990234375, 168.44635009765625, 697.6050415039062, 404.01202392578125], [490.085693359375, 586.824951171875, 800.0, 747.24267578125], [262.74835205078125, 399.69439697265625, 600.6536865234375, 660.9944458007812], [3.2252349853515625, 455.0356140136719, 258.548828125, 718.56787109375], [2.63446044921875, 136.4927978515625, 486.5545349121094, 575.1715698242188], [0.878265380859375, 239.79905700683594, 372.45989990234375, 504.39630126953125], [268.2415771484375, 233.91827392578125, 703.026123046875, 643.7891845703125], [412.1424560546875, 317.23663330078125, 791.0106201171875, 709.8750610351562], [145.54226684570312, 130.5662078857422, 565.93798828125, 468.69451904296875], [167.53028869628906, 672.0111083984375, 571.943603515625, 796.883544921875]]}