{"labels": [0, 0, 0, 0], "scores": [0.9953243732452393, 0.7889864444732666, 0.7276665568351746, 0.41995668411254883], "bboxes": [[13.972747802734375, 236.9462890625, 539.6219482421875, 750.1504516601562], [469.9786376953125, 429.09735107421875, 709.3475341796875, 791.2736206054688], [472.53076171875, 230.79141235351562, 751.3082275390625, 756.7471923828125], [512.192138671875, 219.2412567138672, 753.1297607421875, 517.74951171875]]}