{"labels": [0, 0], "scores": [0.9968480467796326, 0.09341530501842499], "bboxes": [[9.26015853881836, 211.74267578125, 555.0469360351562, 895.2687377929688], [370.9127197265625, 642.5789794921875, 488.58551025390625, 889.5457153320312]]}