{"labels": [0], "scores": [0.9957969188690186], "bboxes": [[35.229248046875, 220.71218872070312, 735.9993286132812, 616.6832275390625]]}