{"labels": [0, 0], "scores": [0.9841293096542358, 0.6691114902496338], "bboxes": [[128.5501708984375, 66.91519165039062, 684.6375122070312, 776.3533935546875], [456.20404052734375, 108.54302978515625, 633.2738647460938, 749.8203735351562]]}