{"labels": [0, 0], "scores": [0.9973174929618835, 0.227624773979187], "bboxes": [[13.48388671875, 20.05029296875, 785.1961669921875, 697.9232177734375], [465.2481689453125, 104.80131530761719, 796.76318359375, 541.4712524414062]]}