{"labels": [0, 0, 0, 0, 0], "scores": [0.9810047745704651, 0.9741011261940002, 0.17145054042339325, 0.09744212031364441, 0.09383431077003479], "bboxes": [[162.81640625, 146.82432556152344, 465.42340087890625, 464.42510986328125], [426.09393310546875, 168.2317657470703, 692.4773559570312, 610.3623657226562], [275.934326171875, 456.6515197753906, 412.33428955078125, 713.6793212890625], [167.41798400878906, 152.4095458984375, 593.4786987304688, 700.5653686523438], [196.27389526367188, 532.4825439453125, 410.8099670410156, 769.1815185546875]]}