{"labels": [0, 0, 0, 0], "scores": [0.9905863404273987, 0.11898241937160492, 0.05377256125211716, 0.05026867240667343], "bboxes": [[110.62356567382812, 186.53546142578125, 656.230224609375, 679.6884765625], [106.97116088867188, 169.80885314941406, 397.0326843261719, 391.4554443359375], [320.22894287109375, 247.59072875976562, 627.869384765625, 668.2322998046875], [113.96788024902344, 152.4576873779297, 417.7308349609375, 567.2122192382812]]}