{"labels": [0, 0, 0], "scores": [0.9686828851699829, 0.9093379378318787, 0.05546162277460098], "bboxes": [[46.28523254394531, 382.5496826171875, 418.745849609375, 755.397705078125], [392.57769775390625, 63.023101806640625, 764.4140014648438, 430.4919738769531], [17.05450439453125, 42.361358642578125, 781.2410278320312, 772.3880615234375]]}