{"labels": [0, 0, 0, 0, 0, 0, 0, 0, 0, 0, 0, 0, 0, 0, 0, 0, 0, 0, 0, 0, 0, 0], "scores": [0.993053138256073, 0.9766142964363098, 0.9673774838447571, 0.9321064949035645, 0.9310847520828247, 0.9289449453353882, 0.8111000061035156, 0.5115190148353577, 0.3852725625038147, 0.3659531772136688, 0.32147642970085144, 0.31682682037353516, 0.2985024154186249, 0.28854766488075256, 0.23182424902915955, 0.22940124571323395, 0.11386078596115112, 0.10063192993402481, 0.09907574206590652, 0.0986410453915596, 0.06773915886878967, 0.067295603454113], "bboxes": [[577.931396484375, 517.9881591796875, 783.1719970703125, 784.4434814453125], [482.1235656738281, 529.7285766601562, 663.8287353515625, 783.8302612304688], [373.82171630859375, 265.1837158203125, 652.3097534179688, 456.90753173828125], [317.5712890625, 351.8799133300781, 589.3598022460938, 547.100830078125], [255.4546661376953, 439.15576171875, 528.5953369140625, 636.6368408203125], [431.5005187988281, 169.656005859375, 722.889404296875, 355.93695068359375], [167.00274658203125, 193.5207977294922, 426.6541748046875, 376.23016357421875], [239.71249389648438, 94.33965301513672, 515.4771728515625, 272.03955078125], [132.07461547851562, 248.2627410888672, 389.6524353027344, 445.410400390625], [25.120208740234375, 205.03326416015625, 655.2962646484375, 780.201171875], [115.84820556640625, 357.5625, 564.1915283203125, 758.78369140625], [226.3668212890625, 485.76513671875, 528.6575927734375, 724.017333984375], [291.59332275390625, 39.30390930175781, 766.1405639648438, 440.348876953125], [80.25271606445312, 346.3370056152344, 373.8341979980469, 538.2012939453125], [82.24526977539062, 251.20980834960938, 508.5717468261719, 560.7564697265625], [236.57540893554688, 29.68121337890625, 704.9246826171875, 269.2708435058594], [239.52557373046875, 152.5809783935547, 645.309326171875, 586.0525512695312], [16.516342163085938, 420.5570373535156, 283.49560546875, 622.712646484375], [237.6942901611328, 119.50035095214844, 628.8304443359375, 328.04571533203125], [112.12077331542969, 142.29916381835938, 442.70513916015625, 482.3301696777344], [221.15264892578125, 40.2667236328125, 533.8987426757812, 392.7862243652344], [22.00775146484375, 47.342437744140625, 702.8234252929688, 592.6483154296875]]}