{"labels": [0, 0], "scores": [0.9689177870750427, 0.2723475992679596], "bboxes": [[148.69793701171875, 48.153778076171875, 672.0570068359375, 581.7982177734375], [169.19442749023438, 208.5237579345703, 650.422607421875, 483.96185302734375]]}