{"labels": [0], "scores": [0.9988439083099365], "bboxes": [[125.28656005859375, 7.174285888671875, 675.2411499023438, 794.6033935546875]]}