{"labels": [0], "scores": [0.9990591406822205], "bboxes": [[109.41171264648438, 133.7762451171875, 576.862548828125, 891.6995849609375]]}