{"labels": [0], "scores": [0.9992831349372864], "bboxes": [[5.375823974609375, 1.756805419921875, 792.173095703125, 743.39013671875]]}