{"labels": [0], "scores": [0.9979301691055298], "bboxes": [[131.02020263671875, 210.67755126953125, 544.2866821289062, 886.0618896484375]]}