{"labels": [0], "scores": [0.9990358352661133], "bboxes": [[0.0, 0.0, 800.0, 695.4838256835938]]}