{"labels": [0, 0, 0], "scores": [0.9297698736190796, 0.5751504302024841, 0.06400995701551437], "bboxes": [[161.99200439453125, 159.64923095703125, 751.9087524414062, 689.0338745117188], [163.75955200195312, 465.0494384765625, 750.600341796875, 703.7662353515625], [194.45989990234375, 209.79010009765625, 737.0257568359375, 471.6593017578125]]}