{"labels": [0], "scores": [0.9993471503257751], "bboxes": [[116.15042114257812, 32.518280029296875, 708.6312255859375, 775.2103271484375]]}