{"labels": [0], "scores": [0.9990465044975281], "bboxes": [[53.730712890625, 185.91212463378906, 750.3815307617188, 590.4548950195312]]}