{"labels": [0, 0, 0, 0, 0, 0, 0, 0], "scores": [0.9710155129432678, 0.906158983707428, 0.8407177925109863, 0.6870037317276001, 0.38171103596687317, 0.30429258942604065, 0.13169004023075104, 0.12691639363765717], "bboxes": [[391.6521301269531, 193.9063720703125, 580.4287109375, 752.6256103515625], [0.0, 479.9548034667969, 391.10101318359375, 668.2709350585938], [9.16546630859375, 612.9815063476562, 283.3659973144531, 789.7711791992188], [0.0, 253.73777770996094, 394.1611022949219, 674.7608032226562], [0.0, 350.9552307128906, 397.086669921875, 553.5294189453125], [740.652587890625, 484.57928466796875, 800.0, 708.2189331054688], [1.1393280029296875, 270.3463134765625, 364.357666015625, 498.474609375], [14.663223266601562, 561.5552368164062, 307.6356201171875, 720.9931030273438]]}