{"labels": [0, 0, 0, 0, 0, 0, 0, 0, 0], "scores": [0.9602872133255005, 0.9372421503067017, 0.9335089921951294, 0.8990811705589294, 0.8505710959434509, 0.6646668910980225, 0.5342133045196533, 0.1546563059091568, 0.08630121499300003], "bboxes": [[398.8647766113281, 83.7509536743164, 627.0142211914062, 309.1730041503906], [98.45608520507812, 84.26274108886719, 388.4823303222656, 340.37890625], [295.11407470703125, 218.40789794921875, 505.82177734375, 431.90411376953125], [478.78564453125, 284.2557373046875, 719.9754638671875, 537.675048828125], [124.52745819091797, 326.0100402832031, 344.1330261230469, 568.3938598632812], [314.0458984375, 345.48455810546875, 593.2826538085938, 625.0789184570312], [81.4552001953125, 72.82894897460938, 729.409423828125, 682.40380859375], [134.4669952392578, 142.935546875, 537.6635131835938, 554.7755737304688], [296.0645751953125, 212.11607360839844, 614.7002563476562, 560.83837890625]]}