{"labels": [0], "scores": [0.9980699419975281], "bboxes": [[195.86570739746094, 26.98468017578125, 598.3134765625, 774.4913940429688]]}