{"labels": [0], "scores": [0.9980225563049316], "bboxes": [[202.45989990234375, 62.86330795288086, 515.914794921875, 781.8626708984375]]}