{"labels": [0, 0, 0, 0, 0, 0, 0, 0, 0], "scores": [0.9697060585021973, 0.9029791951179504, 0.878387987613678, 0.43943971395492554, 0.29781028628349304, 0.25432854890823364, 0.243021622300148, 0.1043945923447609, 0.056666698306798935], "bboxes": [[67.052978515625, 80.77928161621094, 371.2685546875, 363.5283203125], [45.984130859375, 454.22674560546875, 752.8904418945312, 695.7778930664062], [375.0397033691406, 316.82623291015625, 744.878662109375, 505.85162353515625], [269.8526611328125, 285.5899353027344, 438.82098388671875, 523.7098388671875], [105.17239379882812, 28.208175659179688, 800.0, 349.36859130859375], [72.635009765625, 371.84881591796875, 179.8134307861328, 508.52587890625], [34.231109619140625, 229.1373748779297, 759.5313720703125, 734.7235107421875], [82.66981506347656, 289.3977966308594, 461.23406982421875, 533.1732177734375], [49.18818664550781, 333.7605285644531, 542.2220458984375, 613.5064697265625]]}