{"labels": [0, 0, 0, 0], "scores": [0.9330568909645081, 0.77132248878479, 0.08698096871376038, 0.08133871108293533], "bboxes": [[104.11964416503906, 237.73440551757812, 402.73175048828125, 632.4136962890625], [400.66302490234375, 182.301025390625, 673.6838989257812, 593.8655395507812], [231.81077575683594, 241.98223876953125, 393.015380859375, 467.0633544921875], [95.29411315917969, 174.7642364501953, 606.840576171875, 639.5797729492188]]}