{"labels": [0, 0, 0, 0, 0, 0, 0, 0], "scores": [0.9691774845123291, 0.9461625218391418, 0.8594961762428284, 0.6811793446540833, 0.38991662859916687, 0.06310562789440155, 0.05362933129072189, 0.05220848321914673], "bboxes": [[249.68943786621094, 233.79527282714844, 483.59857177734375, 520.0211181640625], [79.53359985351562, 225.99119567871094, 436.0992736816406, 506.3321533203125], [436.973876953125, 253.69369506835938, 732.567138671875, 495.2795104980469], [68.54571533203125, 218.42323303222656, 693.9449462890625, 539.0261840820312], [96.86139678955078, 261.13995361328125, 324.16436767578125, 461.6463623046875], [59.52459716796875, 339.2940673828125, 356.6399841308594, 541.9130249023438], [454.61016845703125, 254.08905029296875, 623.5873413085938, 438.4791259765625], [256.8609924316406, 255.06771850585938, 385.7792663574219, 512.764404296875]]}