{"labels": [0, 0, 0, 0], "scores": [0.9843593239784241, 0.8611289858818054, 0.30289947986602783, 0.06049127131700516], "bboxes": [[53.9534912109375, 49.82562255859375, 739.3226318359375, 764.0316162109375], [472.7062072753906, 489.04156494140625, 692.022216796875, 729.6880493164062], [526.669921875, 0.0, 800.0, 362.240234375], [103.46279907226562, 48.744842529296875, 637.6192626953125, 492.4255065917969]]}