{"labels": [0, 0, 0, 0, 0, 0, 0, 0, 0, 0], "scores": [0.9371236562728882, 0.7383493185043335, 0.4495370090007782, 0.23832841217517853, 0.1886570155620575, 0.18016177415847778, 0.16625086963176727, 0.11223464459180832, 0.10883451253175735, 0.0982474833726883], "bboxes": [[134.07821655273438, 23.770401000976562, 717.874267578125, 437.6065673828125], [546.3040771484375, 99.15298461914062, 722.9964599609375, 398.58343505859375], [143.79916381835938, 121.86105346679688, 386.1585388183594, 416.3999938964844], [231.728759765625, 99.70680236816406, 452.27081298828125, 389.46844482421875], [665.0267944335938, 394.9414978027344, 789.1592407226562, 621.6817016601562], [24.12054443359375, 0.0, 792.814453125, 800.0], [379.543701171875, 73.38575744628906, 612.6862182617188, 439.078125], [413.9873352050781, 223.97421264648438, 570.4176025390625, 440.6163635253906], [624.6683959960938, 564.0050659179688, 723.0702514648438, 763.5662231445312], [56.49897766113281, 284.95257568359375, 409.48724365234375, 586.0917358398438]]}