{"labels": [0, 0, 0], "scores": [0.7965275049209595, 0.7964290976524353, 0.10891937464475632], "bboxes": [[30.414215087890625, 140.97738647460938, 787.5548095703125, 798.5732421875], [181.17909240722656, 393.23944091796875, 468.33526611328125, 670.2495727539062], [173.23056030273438, 162.72080993652344, 681.5604248046875, 612.91650390625]]}