{"labels": [0], "scores": [0.997911274433136], "bboxes": [[14.06646728515625, 149.75357055664062, 799.3037719726562, 644.3165283203125]]}