{"labels": [0, 0, 0, 0], "scores": [0.9761739373207092, 0.9686245322227478, 0.46545928716659546, 0.10474933683872223], "bboxes": [[392.015625, 294.7374267578125, 584.035888671875, 737.91259765625], [76.10887145996094, 42.7454833984375, 367.42694091796875, 742.2174682617188], [580.7650146484375, 445.04168701171875, 683.96484375, 735.4367065429688], [66.18094635009766, 34.84149169921875, 261.0892028808594, 596.0280151367188]]}