{"labels": [0, 0, 0, 0, 0, 0, 0, 0, 0, 0, 0], "scores": [0.9853695631027222, 0.9448237419128418, 0.8909600377082825, 0.8367327451705933, 0.6625664234161377, 0.6424766182899475, 0.5899498462677002, 0.5031603574752808, 0.25370660424232483, 0.1534643918275833, 0.0807190090417862], "bboxes": [[100.57882690429688, 77.15399169921875, 410.2434997558594, 767.3869018554688], [513.2220458984375, 90.1975326538086, 597.1444091796875, 150.60891723632812], [486.025390625, 248.683837890625, 795.4620361328125, 773.62353515625], [403.93536376953125, 114.62860107421875, 485.71246337890625, 240.51959228515625], [492.9064025878906, 158.89564514160156, 615.7301025390625, 246.71803283691406], [400.83984375, 26.17483901977539, 483.48193359375, 86.76185607910156], [622.5177001953125, 21.69886016845703, 711.4169921875, 152.83795166015625], [620.770751953125, 174.7302703857422, 711.6199951171875, 245.6068878173828], [515.8031005859375, 22.098989486694336, 596.0303955078125, 81.98100280761719], [46.448631286621094, 54.710567474365234, 112.92443084716797, 134.42269897460938], [268.0589599609375, 62.452728271484375, 764.6732177734375, 770.557861328125]]}