{"labels": [0], "scores": [0.998538613319397], "bboxes": [[161.5103302001953, 0.0, 616.2128295898438, 783.4739990234375]]}