{"labels": [0], "scores": [0.9972679615020752], "bboxes": [[159.47689819335938, 226.93292236328125, 603.9818115234375, 755.1017456054688]]}