{"labels": [0], "scores": [0.9993817806243896], "bboxes": [[8.034088134765625, 193.47406005859375, 800.0, 740.2089233398438]]}