{"labels": [0], "scores": [0.9973334074020386], "bboxes": [[197.8199920654297, 209.70022583007812, 669.7988891601562, 800.0]]}