{"labels": [0, 0, 0, 0, 0, 0, 0, 0, 0, 0], "scores": [0.9929857850074768, 0.9824268817901611, 0.9777746200561523, 0.9566527009010315, 0.6641989350318909, 0.2771179974079132, 0.27512094378471375, 0.17720477283000946, 0.1771380752325058, 0.11633729934692383], "bboxes": [[521.3248291015625, 248.41371154785156, 654.7174072265625, 686.7044067382812], [352.7204284667969, 193.1932830810547, 527.9961547851562, 654.0651245117188], [146.95993041992188, 179.19725036621094, 384.2234802246094, 583.018310546875], [0.4119415283203125, 336.5676574707031, 332.5615234375, 723.5452880859375], [647.3107299804688, 191.38536071777344, 800.0, 585.2760009765625], [0.0, 172.24267578125, 717.5421142578125, 741.9064331054688], [552.526123046875, 46.49773406982422, 772.314697265625, 272.1069030761719], [281.93365478515625, 49.48743438720703, 756.5719604492188, 274.3083801269531], [237.5998992919922, 193.61813354492188, 612.8462524414062, 727.75732421875], [122.02752685546875, 167.22775268554688, 484.92303466796875, 709.444580078125]]}