{"labels": [0, 0, 0, 0, 0, 0, 0, 0], "scores": [0.9415124654769897, 0.5895035266876221, 0.30545148253440857, 0.20320984721183777, 0.16623125970363617, 0.14045381546020508, 0.11244241148233414, 0.0718468427658081], "bboxes": [[34.950531005859375, 5.566802978515625, 726.3248291015625, 800.0], [368.635498046875, 118.7525634765625, 799.1541748046875, 800.0], [423.40313720703125, 1.1646728515625, 715.1799926757812, 380.0411376953125], [0.0, 240.349853515625, 374.23211669921875, 798.6053466796875], [137.91586303710938, 213.27874755859375, 547.5908203125, 795.6487426757812], [521.0963134765625, 65.59605407714844, 800.0, 575.6367797851562], [168.6116180419922, 0.0, 540.868896484375, 604.1812744140625], [520.294921875, 402.96661376953125, 796.7791748046875, 800.0]]}