{"labels": [0, 0], "scores": [0.9900043606758118, 0.9817348122596741], "bboxes": [[176.29603576660156, 24.81884765625, 463.92449951171875, 777.4276733398438], [419.98980712890625, 146.21298217773438, 598.7622680664062, 762.4161376953125]]}