{"labels": [0], "scores": [0.9927915334701538], "bboxes": [[104.57034301757812, 101.47567749023438, 720.40283203125, 674.1568603515625]]}