{"labels": [0, 0, 0], "scores": [0.9407873153686523, 0.2791878879070282, 0.06621795147657394], "bboxes": [[28.581146240234375, 254.46392822265625, 745.4613037109375, 767.9810791015625], [203.41403198242188, 430.8582763671875, 761.97509765625, 784.346923828125], [57.609954833984375, 39.61724853515625, 682.564453125, 606.2648315429688]]}