{"labels": [0], "scores": [0.9989224672317505], "bboxes": [[37.29132080078125, 225.56854248046875, 766.7152099609375, 641.2109985351562]]}