{"labels": [0, 0], "scores": [0.997230589389801, 0.22818662226200104], "bboxes": [[70.10781860351562, 159.84759521484375, 720.427490234375, 591.7107543945312], [84.40789794921875, 409.75103759765625, 701.03466796875, 731.8139038085938]]}