{"labels": [0, 0, 0], "scores": [0.977493405342102, 0.1507367640733719, 0.062387458980083466], "bboxes": [[349.4254455566406, 201.72879028320312, 780.6080322265625, 717.0767822265625], [0.0, 161.853515625, 800.0, 729.58251953125], [0.0, 472.2454528808594, 218.63351440429688, 708.8535766601562]]}