{"labels": [0], "scores": [0.9991438388824463], "bboxes": [[23.88275146484375, 151.27737426757812, 784.4417114257812, 704.46044921875]]}