{"labels": [0], "scores": [0.9880855083465576], "bboxes": [[330.42266845703125, 29.548431396484375, 471.87091064453125, 784.33984375]]}