{"labels": [0, 0, 0], "scores": [0.98589026927948, 0.9303808808326721, 0.10658247023820877], "bboxes": [[0.0, 130.08358764648438, 520.4122314453125, 784.7093505859375], [309.2183837890625, 0.594879150390625, 800.0, 468.89495849609375], [0.0, 18.284225463867188, 510.34918212890625, 434.4505615234375]]}