{"labels": [0], "scores": [0.9974938631057739], "bboxes": [[0.0, 163.26296997070312, 787.986328125, 681.7833251953125]]}