{"labels": [0, 0, 0], "scores": [0.9689717292785645, 0.9534243941307068, 0.05926951393485069], "bboxes": [[231.09413146972656, 16.17010498046875, 471.4632568359375, 745.65478515625], [414.8926086425781, 81.06890869140625, 617.080810546875, 751.3032836914062], [390.90631103515625, 95.76840209960938, 468.5372314453125, 733.6663818359375]]}