{"labels": [0, 0, 0, 0, 0, 0], "scores": [0.8926907777786255, 0.6380385756492615, 0.2716623842716217, 0.07995705306529999, 0.06541162729263306, 0.06371447443962097], "bboxes": [[39.20403289794922, 234.92161560058594, 397.5286865234375, 724.2048950195312], [512.38330078125, 120.75114440917969, 698.91162109375, 840.9165649414062], [216.82357788085938, 654.0797119140625, 447.7860412597656, 813.43359375], [377.4373779296875, 82.37406158447266, 685.339111328125, 786.4547729492188], [78.030517578125, 657.262451171875, 455.10906982421875, 856.6759643554688], [0.0, 94.06709289550781, 685.989013671875, 811.2349243164062]]}