{"labels": [0], "scores": [0.9981864094734192], "bboxes": [[41.540191650390625, 231.81964111328125, 756.3687744140625, 619.823974609375]]}