{"labels": [0], "scores": [0.998731791973114], "bboxes": [[0.0, 0.0, 799.5186767578125, 704.3829956054688]]}