{"labels": [0, 0, 0], "scores": [0.986355721950531, 0.9849542379379272, 0.25852346420288086], "bboxes": [[414.2481689453125, 373.2581787109375, 776.5198974609375, 580.7914428710938], [38.8057861328125, 429.8342590332031, 377.37896728515625, 649.9200439453125], [0.0, 0.0, 798.6448364257812, 697.553955078125]]}