{"labels": [0, 0], "scores": [0.9845945835113525, 0.6127278804779053], "bboxes": [[0.0, 155.87747192382812, 688.404541015625, 744.6640625], [5.973381042480469, 402.1188049316406, 649.3037109375, 893.6239013671875]]}