{"labels": [0, 0, 0], "scores": [0.9865829348564148, 0.9043827056884766, 0.47756120562553406], "bboxes": [[48.52479553222656, 1.098876953125, 554.2855224609375, 518.4363403320312], [227.68218994140625, 455.22503662109375, 699.55126953125, 896.0], [33.340789794921875, 0.0, 678.55908203125, 849.97900390625]]}