{"labels": [0], "scores": [0.9987275004386902], "bboxes": [[70.4577407836914, 205.78399658203125, 611.853759765625, 851.5409545898438]]}