{"labels": [0, 0], "scores": [0.9979846477508545, 0.7631373405456543], "bboxes": [[126.72708129882812, 178.89712524414062, 617.4962158203125, 784.8441162109375], [298.3916320800781, 6.63458251953125, 520.7710571289062, 136.3880157470703]]}