{"labels": [0, 0, 0, 0, 0, 0], "scores": [0.9511993527412415, 0.8690581321716309, 0.5503023266792297, 0.31265342235565186, 0.3107050061225891, 0.29245927929878235], "bboxes": [[147.25367736816406, 0.135467529296875, 389.8629150390625, 712.4676513671875], [409.91229248046875, 2.9189453125, 636.4833374023438, 710.8740844726562], [15.961444854736328, 470.24859619140625, 67.98808288574219, 553.0704956054688], [104.87222290039062, 0.0, 630.7091064453125, 718.281005859375], [613.559326171875, 532.9459838867188, 794.149169921875, 797.4752807617188], [73.5200424194336, 451.3074951171875, 124.7588119506836, 545.5110473632812]]}