{"labels": [0, 0, 0, 0, 0], "scores": [0.9779029488563538, 0.8627777695655823, 0.29641199111938477, 0.22369542717933655, 0.0921662226319313], "bboxes": [[89.46469116210938, 30.521366119384766, 562.3402709960938, 834.5562744140625], [546.2554321289062, 116.90541076660156, 690.5604858398438, 234.41397094726562], [93.07247924804688, 120.52354431152344, 237.60665893554688, 561.318603515625], [208.8162078857422, 515.6112060546875, 569.1569213867188, 855.6669311523438], [213.72711181640625, 652.7305908203125, 384.5082702636719, 896.0]]}