{"labels": [0, 0, 0], "scores": [0.989500105381012, 0.1669018417596817, 0.13978023827075958], "bboxes": [[15.529876708984375, 66.15884399414062, 797.2620849609375, 799.913818359375], [3.45843505859375, 127.40426635742188, 296.8121643066406, 793.13134765625], [2.3700408935546875, 0.0, 292.30133056640625, 224.00534057617188]]}