{"labels": [0, 0, 0, 0, 0, 0, 0], "scores": [0.8510801196098328, 0.49238675832748413, 0.23845767974853516, 0.12441668659448624, 0.09555477648973465, 0.07731083035469055, 0.06604155153036118], "bboxes": [[261.6539306640625, 457.45013427734375, 664.0390625, 675.2583618164062], [0.0, 3.612945556640625, 800.0, 621.5966796875], [125.10275268554688, 609.62548828125, 693.4832763671875, 796.209716796875], [175.8837890625, 467.4722900390625, 765.5466918945312, 791.8494873046875], [57.73771667480469, 545.9896240234375, 348.82598876953125, 720.153076171875], [484.85845947265625, 159.1473846435547, 698.4920043945312, 269.4018859863281], [457.9796142578125, 715.6981811523438, 512.243408203125, 742.7391967773438]]}