{"labels": [0, 0, 0, 0, 0, 0, 0, 0, 0, 0, 0, 0, 0], "scores": [0.9893723130226135, 0.9888066053390503, 0.9732660055160522, 0.8996589183807373, 0.8991511464118958, 0.8964279890060425, 0.8379704356193542, 0.5806993842124939, 0.322120726108551, 0.19009852409362793, 0.16198378801345825, 0.08497568219900131, 0.07983211427927017], "bboxes": [[520.7437744140625, 70.2105484008789, 765.8699951171875, 299.79852294921875], [351.9967041015625, 28.096572875976562, 553.5316772460938, 294.0831298828125], [11.78070068359375, 430.6123962402344, 477.3509521484375, 799.2232666015625], [75.90203857421875, 1.7061309814453125, 343.88885498046875, 236.96365356445312], [388.1259765625, 259.05560302734375, 592.2662353515625, 529.5036010742188], [136.44004821777344, 214.9745635986328, 356.255859375, 485.48236083984375], [522.1171264648438, 361.8313903808594, 796.4697875976562, 693.7344970703125], [1.979461669921875, 137.26763916015625, 157.15403747558594, 412.58233642578125], [713.5953979492188, 500.65753173828125, 799.0957641601562, 690.3954467773438], [726.034423828125, 645.4652099609375, 799.5263671875, 763.7791748046875], [8.954132080078125, 258.5015869140625, 674.178466796875, 785.120849609375], [77.89945983886719, 32.69989013671875, 360.79217529296875, 455.350341796875], [41.2445068359375, 0.0, 592.8924560546875, 528.9053955078125]]}