{"labels": [0], "scores": [0.9969202280044556], "bboxes": [[63.975830078125, 186.6584014892578, 701.4907836914062, 635.0389404296875]]}