{"labels": [0], "scores": [0.9041058421134949], "bboxes": [[360.6773986816406, 25.463134765625, 469.6022033691406, 800.0]]}