{"labels": [0, 0], "scores": [0.9951891899108887, 0.10031988471746445], "bboxes": [[115.37924194335938, 0.0, 688.7333984375, 799.750732421875], [226.4803924560547, 331.8824462890625, 440.54620361328125, 761.9652099609375]]}