{"labels": [0, 0, 0], "scores": [0.9835471510887146, 0.964009702205658, 0.10234798491001129], "bboxes": [[99.19207763671875, 435.8017578125, 736.1755981445312, 746.859375], [214.1282501220703, 228.31434631347656, 579.0302124023438, 519.8314208984375], [152.75836181640625, 235.26168823242188, 709.6773071289062, 672.5867919921875]]}