{"labels": [0], "scores": [0.9991672039031982], "bboxes": [[44.38092041015625, 130.65353393554688, 762.8538818359375, 697.8233642578125]]}