{"labels": [0, 0], "scores": [0.9932307004928589, 0.1001506969332695], "bboxes": [[45.41094970703125, 199.30978393554688, 766.6578369140625, 763.76123046875], [358.80902099609375, 45.05030822753906, 709.9489135742188, 449.125244140625]]}