{"labels": [0, 0, 0], "scores": [0.9969186782836914, 0.9844369888305664, 0.968100905418396], "bboxes": [[5.1864166259765625, 400.96417236328125, 491.49530029296875, 784.7296752929688], [158.30706787109375, 9.684524536132812, 539.0232543945312, 439.38232421875], [488.7281188964844, 468.7779541015625, 790.5067138671875, 744.2353515625]]}