{"labels": [0], "scores": [0.9977906942367554], "bboxes": [[17.464263916015625, 159.42178344726562, 667.015869140625, 800.0]]}