{"labels": [0, 0, 0, 0, 0], "scores": [0.992590069770813, 0.8489170670509338, 0.2835090160369873, 0.1428634524345398, 0.1342422068119049], "bboxes": [[0.0, 199.58816528320312, 381.33746337890625, 794.4459228515625], [279.2503356933594, 265.8052062988281, 682.7847900390625, 879.9076538085938], [55.083824157714844, 725.5592651367188, 375.2342834472656, 892.1719970703125], [413.7510070800781, 283.61663818359375, 647.635009765625, 789.9526977539062], [327.6762390136719, 301.5059814453125, 493.7646179199219, 884.2487182617188]]}