{"labels": [0], "scores": [0.9995924830436707], "bboxes": [[0.0, 87.27438354492188, 796.4992065429688, 731.103759765625]]}