{"labels": [0, 0, 0], "scores": [0.9883960485458374, 0.07139904052019119, 0.06125069037079811], "bboxes": [[168.42813110351562, 217.78805541992188, 674.342041015625, 780.54150390625], [545.5448608398438, 165.6208953857422, 712.3543090820312, 545.0369873046875], [181.7689208984375, 522.2958984375, 479.57391357421875, 800.0]]}