{"labels": [0, 0, 0], "scores": [0.9871596097946167, 0.19718238711357117, 0.059615910053253174], "bboxes": [[390.48345947265625, 53.484222412109375, 432.3692626953125, 770.8372802734375], [367.7158203125, 40.558837890625, 464.8751220703125, 782.1025390625], [198.38829040527344, 19.670989990234375, 628.6009521484375, 800.0]]}