{"labels": [0], "scores": [0.9983914494514465], "bboxes": [[221.28269958496094, 3.928314208984375, 616.87158203125, 786.2919921875]]}