{"labels": [0, 0, 0, 0], "scores": [0.974865198135376, 0.9646313786506653, 0.512523353099823, 0.25526466965675354], "bboxes": [[14.875503540039062, 21.86431884765625, 453.638671875, 721.8876342773438], [401.03271484375, 154.76751708984375, 773.703125, 775.3064575195312], [134.01429748535156, 85.65582275390625, 637.0731201171875, 793.809814453125], [270.76287841796875, 427.1333312988281, 542.948974609375, 794.973388671875]]}