{"labels": [0, 0], "scores": [0.9968295693397522, 0.9865039587020874], "bboxes": [[24.754104614257812, 153.91354370117188, 490.0316162109375, 669.5391845703125], [560.5206298828125, 2.459503173828125, 748.83203125, 798.595703125]]}