{"labels": [0, 0, 0, 0, 0, 0], "scores": [0.9955697655677795, 0.8736314177513123, 0.8497648239135742, 0.40547680854797363, 0.16412247717380524, 0.126598060131073], "bboxes": [[8.819122314453125, 187.9159698486328, 767.1810302734375, 407.5489501953125], [200.9604034423828, 477.282470703125, 399.24530029296875, 665.853515625], [15.752967834472656, 464.83056640625, 192.74664306640625, 651.5618896484375], [410.56640625, 526.790771484375, 582.0446166992188, 644.427490234375], [607.6344604492188, 509.55389404296875, 791.0591430664062, 640.3008422851562], [439.4441223144531, 518.6486206054688, 550.010986328125, 583.5700073242188]]}