{"labels": [0], "scores": [0.9972429275512695], "bboxes": [[88.6251220703125, 248.78189086914062, 701.753173828125, 515.441162109375]]}