{"labels": [0], "scores": [0.9973189234733582], "bboxes": [[11.6016845703125, 24.620376586914062, 778.4954223632812, 508.16455078125]]}