{"labels": [0], "scores": [0.9992122650146484], "bboxes": [[1.109954833984375, 71.9732666015625, 776.9481201171875, 765.3501586914062]]}