{"labels": [0, 0, 0, 0, 0], "scores": [0.9687328934669495, 0.7703142762184143, 0.704267144203186, 0.08317694067955017, 0.05145156383514404], "bboxes": [[175.57931518554688, 257.1067199707031, 708.9554443359375, 795.88330078125], [57.832244873046875, 108.91242980957031, 219.49441528320312, 534.4345092773438], [68.93438720703125, 86.72076416015625, 769.5829467773438, 616.7045288085938], [172.11109924316406, 109.75686645507812, 615.0615844726562, 515.35302734375], [105.80179595947266, 114.45399475097656, 332.343994140625, 523.574951171875]]}