{"labels": [0, 0], "scores": [0.9947675466537476, 0.10744321346282959], "bboxes": [[32.929168701171875, 1.86492919921875, 784.8702392578125, 797.0980224609375], [45.531402587890625, 5.3156280517578125, 786.640380859375, 314.67999267578125]]}