{"labels": [0], "scores": [0.9990139007568359], "bboxes": [[254.69679260253906, 0.0, 539.4458618164062, 799.6432495117188]]}