{"labels": [0], "scores": [0.9870638847351074], "bboxes": [[244.47853088378906, 69.6324462890625, 560.8517456054688, 747.3646850585938]]}