{"labels": [0], "scores": [0.9978954792022705], "bboxes": [[153.02500915527344, 42.56817626953125, 655.5328369140625, 757.755126953125]]}