{"labels": [0, 0], "scores": [0.9959968328475952, 0.92351895570755], "bboxes": [[296.399658203125, 2.1717529296875, 788.324951171875, 750.3297119140625], [36.23035430908203, 500.9044494628906, 272.49267578125, 665.8841552734375]]}