{"labels": [0], "scores": [0.9969653487205505], "bboxes": [[136.33084106445312, 21.237060546875, 670.9847412109375, 784.661376953125]]}