{"labels": [0, 0, 0, 0, 0], "scores": [0.9973859190940857, 0.7355247139930725, 0.6316863894462585, 0.47210943698883057, 0.13147570192813873], "bboxes": [[65.40008544921875, 320.7808837890625, 737.855224609375, 723.26953125], [470.0408020019531, 140.32601928710938, 543.8323364257812, 202.95455932617188], [482.0758972167969, 57.209774017333984, 545.21240234375, 132.12286376953125], [550.6907958984375, 139.08065795898438, 617.6534423828125, 217.76620483398438], [386.2328796386719, 96.41634368896484, 467.1901550292969, 169.36514282226562]]}