{"labels": [0, 0, 0, 0, 0, 0, 0, 0, 0, 0, 0], "scores": [0.9910452961921692, 0.9910316467285156, 0.9353298544883728, 0.7679932713508606, 0.6093198657035828, 0.16095800697803497, 0.1389540731906891, 0.1384737342596054, 0.0992659330368042, 0.08821803331375122, 0.05363692715764046], "bboxes": [[3.275094985961914, 604.474365234375, 287.4688415527344, 760.8430786132812], [430.47064208984375, 726.222412109375, 694.0718383789062, 824.0784912109375], [1.0765199661254883, 218.08541870117188, 216.0787811279297, 461.6827697753906], [457.30584716796875, 282.2179870605469, 683.8643798828125, 562.0653076171875], [4.221364974975586, 1.6128807067871094, 350.8922424316406, 575.0733642578125], [342.43505859375, 263.3302001953125, 679.2955322265625, 631.34375], [252.6317596435547, 7.297523498535156, 351.6979675292969, 503.7815246582031], [340.63165283203125, 92.92268371582031, 690.45458984375, 874.99560546875], [16.749168395996094, 0.4675140380859375, 504.5116271972656, 896.0], [0.0, 579.1053466796875, 370.2736511230469, 834.55322265625], [80.9688491821289, 6.095867156982422, 666.6409912109375, 620.919189453125]]}