{"labels": [0], "scores": [0.9977676868438721], "bboxes": [[47.203704833984375, 153.9049530029297, 737.06396484375, 654.3939819335938]]}