{"labels": [0], "scores": [0.9964075684547424], "bboxes": [[99.43624114990234, 275.0350341796875, 549.4404296875, 823.3096923828125]]}