{"labels": [0, 0, 0, 0, 0, 0, 0, 0], "scores": [0.9948782920837402, 0.9922823309898376, 0.9099852442741394, 0.8101045489311218, 0.2913419008255005, 0.09924828261137009, 0.058742985129356384, 0.05270802602171898], "bboxes": [[36.901275634765625, 75.28594970703125, 467.6112365722656, 550.4335327148438], [377.02789306640625, 153.801513671875, 751.9306030273438, 566.01220703125], [0.0, 0.2851104736328125, 174.50344848632812, 262.8541259765625], [693.2926635742188, 51.454681396484375, 798.9343872070312, 473.5841369628906], [209.30630493164062, 657.6602783203125, 459.5768127441406, 800.0], [76.5074462890625, 107.55674743652344, 741.7445068359375, 607.1585693359375], [23.999664306640625, 257.65045166015625, 364.8726806640625, 539.8575439453125], [613.4669799804688, 130.16921997070312, 795.9603881835938, 479.0874328613281]]}