{"labels": [0], "scores": [0.9907352924346924], "bboxes": [[149.2938232421875, 224.2701873779297, 642.8474731445312, 584.6045532226562]]}