{"labels": [0, 0, 0], "scores": [0.9805623292922974, 0.31419333815574646, 0.0795164629817009], "bboxes": [[37.102081298828125, 130.43453979492188, 754.6119384765625, 731.0040283203125], [323.0582275390625, 516.6439208984375, 580.8356323242188, 737.078125], [60.221405029296875, 514.0542602539062, 569.2579345703125, 734.1157836914062]]}