{"labels": [0], "scores": [0.9963657855987549], "bboxes": [[20.64129638671875, 64.6715087890625, 789.1129760742188, 545.1089477539062]]}