{"labels": [0], "scores": [0.9973574280738831], "bboxes": [[187.31231689453125, 94.56112670898438, 660.9031372070312, 736.680908203125]]}