{"labels": [0, 0], "scores": [0.9978950023651123, 0.054391149431467056], "bboxes": [[0.0, 22.517608642578125, 796.481689453125, 796.2784423828125], [0.0, 462.9849548339844, 798.1512451171875, 796.7779541015625]]}