{"labels": [0], "scores": [0.9986745119094849], "bboxes": [[27.496124267578125, 188.91964721679688, 779.5360107421875, 640.1387939453125]]}