{"labels": [0, 0, 0], "scores": [0.9959238767623901, 0.9507300853729248, 0.29592567682266235], "bboxes": [[59.576629638671875, 90.33432006835938, 498.7038269042969, 634.9632568359375], [568.9658203125, 128.49435424804688, 763.287109375, 346.2866516113281], [614.8898315429688, 403.85638427734375, 726.8934936523438, 598.4381713867188]]}