{"labels": [0], "scores": [0.9920163154602051], "bboxes": [[222.90097045898438, 217.15306091308594, 517.5187377929688, 863.1422119140625]]}