{"labels": [0, 0, 0, 0, 0, 0], "scores": [0.9721040725708008, 0.9425102472305298, 0.8915895819664001, 0.886069118976593, 0.18355843424797058, 0.11556177586317062], "bboxes": [[17.3121337890625, 236.39500427246094, 555.13671875, 683.0479125976562], [342.6689453125, 270.6958312988281, 779.540283203125, 702.989501953125], [620.2144775390625, 124.6534423828125, 793.037841796875, 414.9879150390625], [280.5635986328125, 98.39234924316406, 636.073486328125, 359.71478271484375], [77.15640258789062, 102.83380126953125, 764.411376953125, 642.61962890625], [327.8190002441406, 102.00321960449219, 793.0245361328125, 448.79583740234375]]}