{"labels": [0], "scores": [0.9985466599464417], "bboxes": [[78.45765686035156, 226.83103942871094, 591.8872680664062, 828.5501098632812]]}