{"labels": [0], "scores": [0.9990285634994507], "bboxes": [[0.0347137451171875, 8.536590576171875, 689.5863037109375, 896.0]]}