{"labels": [0, 0, 0], "scores": [0.9809533953666687, 0.6324304342269897, 0.07703674584627151], "bboxes": [[23.285232543945312, 202.02850341796875, 510.31903076171875, 838.2356567382812], [50.311859130859375, 562.228271484375, 340.0452880859375, 870.2528686523438], [262.6778564453125, 265.31585693359375, 482.0231018066406, 791.9265747070312]]}