{"labels": [0], "scores": [0.9984856247901917], "bboxes": [[31.157001495361328, 4.073337554931641, 682.2997436523438, 866.7242431640625]]}