{"labels": [0, 0], "scores": [0.9736645817756653, 0.2345866858959198], "bboxes": [[0.0, 185.0302276611328, 793.295166015625, 588.0556030273438], [7.1242218017578125, 182.32289123535156, 441.74945068359375, 552.75732421875]]}