{"labels": [0], "scores": [0.9976243376731873], "bboxes": [[5.387939453125, 53.44488525390625, 796.9639892578125, 692.6620483398438]]}