{"labels": [0, 0, 0, 0], "scores": [0.9968701004981995, 0.9749082922935486, 0.591405987739563, 0.13943080604076385], "bboxes": [[74.39309692382812, 481.5108947753906, 794.4791259765625, 792.277587890625], [145.80776977539062, 83.71769714355469, 294.4167175292969, 279.846435546875], [78.37350463867188, 325.7310791015625, 379.24755859375, 576.1375732421875], [502.080078125, 114.24247741699219, 798.208984375, 581.3049926757812]]}