{"labels": [0], "scores": [0.9993535876274109], "bboxes": [[39.980987548828125, 182.39451599121094, 760.8544921875, 564.65087890625]]}