{"labels": [0, 0], "scores": [0.981077253818512, 0.0883011519908905], "bboxes": [[224.80458068847656, 326.5235290527344, 562.3445434570312, 625.180908203125], [0.0, 0.0, 800.0, 651.468994140625]]}