{"labels": [0, 0], "scores": [0.9903344511985779, 0.119236059486866], "bboxes": [[4.130481719970703, 72.81565856933594, 687.6538696289062, 823.6011962890625], [129.8400115966797, 684.9149169921875, 637.3516235351562, 867.5169067382812]]}