{"labels": [0, 0, 0], "scores": [0.9814078211784363, 0.5762076377868652, 0.05461510643362999], "bboxes": [[165.48837280273438, 10.090377807617188, 493.3298034667969, 499.2828369140625], [172.4748992919922, 142.78634643554688, 478.99725341796875, 850.58056640625], [297.0513610839844, 404.61395263671875, 467.4953918457031, 809.4935913085938]]}