{"labels": [0], "scores": [0.99897301197052], "bboxes": [[37.45123291015625, 138.6480712890625, 777.3825073242188, 639.8600463867188]]}