{"labels": [0], "scores": [0.9993829727172852], "bboxes": [[0.0, 32.925201416015625, 800.0, 772.6119384765625]]}