{"labels": [0, 0], "scores": [0.9932708144187927, 0.9698447585105896], "bboxes": [[451.4643859863281, 104.86785888671875, 655.47119140625, 732.322021484375], [167.4553985595703, 90.16781616210938, 420.6944580078125, 730.79833984375]]}