{"labels": [0, 0, 0], "scores": [0.9410465955734253, 0.9164714813232422, 0.2891366481781006], "bboxes": [[185.9530792236328, 343.5926513671875, 616.3451538085938, 647.1824951171875], [124.37246704101562, 68.45314025878906, 599.02685546875, 559.5005493164062], [405.6134948730469, 343.35064697265625, 625.2442016601562, 646.66015625]]}