{"labels": [0, 0], "scores": [0.9897441267967224, 0.23066699504852295], "bboxes": [[245.92727661132812, 443.0375061035156, 628.28466796875, 784.1370849609375], [63.2623291015625, 115.86965942382812, 571.4359741210938, 764.5225830078125]]}