{"labels": [0, 0], "scores": [0.9870539307594299, 0.600935697555542], "bboxes": [[38.92333984375, 4.023101806640625, 738.01611328125, 800.0], [47.97198486328125, 360.04669189453125, 641.1984252929688, 800.0]]}