{"labels": [0, 0], "scores": [0.9961889386177063, 0.27351051568984985], "bboxes": [[105.56169891357422, 22.65936279296875, 315.5849609375, 794.0188598632812], [407.2591552734375, 410.8850402832031, 559.654541015625, 563.143310546875]]}