{"labels": [0], "scores": [0.9732966423034668], "bboxes": [[345.1310729980469, 163.42071533203125, 455.3412780761719, 768.5196533203125]]}