{"labels": [0, 0, 0, 0, 0], "scores": [0.9972599744796753, 0.6922393441200256, 0.29608750343322754, 0.2885672450065613, 0.17957277595996857], "bboxes": [[45.004974365234375, 255.26499938964844, 788.4368896484375, 711.3900146484375], [53.273895263671875, 18.659591674804688, 755.501953125, 454.76385498046875], [401.071044921875, 18.033966064453125, 758.27197265625, 420.319091796875], [213.00643920898438, 11.140945434570312, 572.1104736328125, 354.735107421875], [34.62982177734375, 18.01593017578125, 392.7464904785156, 434.27325439453125]]}