{"labels": [0, 0, 0, 0, 0, 0], "scores": [0.9497140049934387, 0.9362239837646484, 0.41292116045951843, 0.12344100326299667, 0.09155408293008804, 0.07322912663221359], "bboxes": [[0.239349365234375, 577.1752319335938, 298.1806945800781, 782.5293579101562], [349.718505859375, 0.0, 786.2196044921875, 786.0465087890625], [338.07073974609375, 550.3728637695312, 622.732177734375, 795.0785522460938], [26.649948120117188, 375.1575927734375, 322.72198486328125, 653.467041015625], [11.78021240234375, 370.6103515625, 452.28997802734375, 790.909912109375], [23.830657958984375, 13.9385986328125, 714.0650634765625, 756.2198486328125]]}