{"labels": [0], "scores": [0.9990956783294678], "bboxes": [[28.393707275390625, 163.3086395263672, 752.6434326171875, 581.5321655273438]]}