{"labels": [0, 0, 0, 0, 0, 0], "scores": [0.9288079738616943, 0.801404595375061, 0.45893123745918274, 0.408678263425827, 0.19689443707466125, 0.11067280173301697], "bboxes": [[173.02130126953125, 8.851287841796875, 771.3047485351562, 771.8968505859375], [25.52642822265625, 346.62738037109375, 424.20343017578125, 695.5842895507812], [26.3621826171875, 359.46014404296875, 255.47442626953125, 543.2964477539062], [42.525543212890625, 184.14901733398438, 622.5816650390625, 708.479736328125], [216.96046447753906, 0.0, 568.5377807617188, 576.9701538085938], [435.4691162109375, 410.5783386230469, 781.104248046875, 770.2227783203125]]}