{"labels": [0], "scores": [0.9990725517272949], "bboxes": [[205.33453369140625, 0.0, 602.2477416992188, 797.5987548828125]]}