{"labels": [0, 0, 0, 0], "scores": [0.9935397505760193, 0.9914802312850952, 0.9905602335929871, 0.08148621767759323], "bboxes": [[308.2266540527344, 103.40762329101562, 486.3786926269531, 656.434814453125], [515.893798828125, 103.85287475585938, 689.72314453125, 655.6805419921875], [108.93287658691406, 102.92437744140625, 284.11767578125, 666.107177734375], [385.99310302734375, 97.3880615234375, 651.2633666992188, 664.4945068359375]]}