{"labels": [0, 0, 0, 0, 0], "scores": [0.8845822811126709, 0.6249946355819702, 0.4453718066215515, 0.4340701997280121, 0.2701074779033661], "bboxes": [[35.621795654296875, 124.44685363769531, 791.114013671875, 591.1204833984375], [536.84814453125, 671.4275512695312, 793.313720703125, 766.6591186523438], [528.5099487304688, 572.8531494140625, 791.4756469726562, 674.083251953125], [0.0, 276.4927062988281, 790.551025390625, 792.58203125], [195.67218017578125, 153.1459197998047, 622.009765625, 565.267578125]]}