{"labels": [0], "scores": [0.993709921836853], "bboxes": [[7.98333740234375, 86.5853271484375, 769.9854125976562, 781.5980834960938]]}