{"labels": [0, 0, 0, 0], "scores": [0.995203971862793, 0.9868450164794922, 0.9866520166397095, 0.06107451021671295], "bboxes": [[469.622314453125, 32.650543212890625, 750.5880126953125, 321.6956787109375], [55.96026611328125, 95.14112854003906, 427.6644287109375, 556.8438110351562], [294.5339660644531, 350.74493408203125, 712.9598388671875, 745.2017211914062], [159.8267822265625, 133.05038452148438, 741.3360595703125, 696.1990966796875]]}