{"labels": [0, 0], "scores": [0.988308310508728, 0.9798499345779419], "bboxes": [[51.467529296875, 29.47637939453125, 599.2930908203125, 727.9413452148438], [134.81192016601562, 245.41944885253906, 741.2188720703125, 747.6508178710938]]}