{"labels": [0], "scores": [0.9816009998321533], "bboxes": [[367.2373046875, 68.25350952148438, 697.7640380859375, 751.373779296875]]}