{"labels": [0], "scores": [0.9981776475906372], "bboxes": [[79.75143432617188, 307.15234375, 752.233154296875, 478.84649658203125]]}