{"labels": [0, 0, 0, 0, 0], "scores": [0.9214715361595154, 0.8263883590698242, 0.7972338795661926, 0.15022045373916626, 0.07564478367567062], "bboxes": [[382.0982666015625, 143.702392578125, 482.60162353515625, 654.9042358398438], [205.43453979492188, 84.00680541992188, 663.6533203125, 795.4559326171875], [171.3966827392578, 69.41732788085938, 400.6549072265625, 628.53662109375], [251.7684326171875, 124.82002258300781, 369.6016845703125, 624.829833984375], [373.7575988769531, 133.24072265625, 627.67626953125, 770.5645141601562]]}