{"labels": [0, 0, 0, 0, 0], "scores": [0.9962596893310547, 0.926408052444458, 0.8475933074951172, 0.5400097966194153, 0.2986970841884613], "bboxes": [[101.44000244140625, 203.3186492919922, 314.7406005859375, 413.09954833984375], [592.8804321289062, 118.15029907226562, 719.9935913085938, 249.48876953125], [599.5003051757812, 282.0121154785156, 748.2057495117188, 718.6798095703125], [597.2491455078125, 296.30865478515625, 737.813232421875, 442.64337158203125], [84.45523071289062, 485.32904052734375, 341.1928405761719, 764.6023559570312]]}