{"labels": [0], "scores": [0.9937188625335693], "bboxes": [[5.86749267578125, 125.0762939453125, 755.6411743164062, 686.367431640625]]}