{"labels": [0], "scores": [0.994623064994812], "bboxes": [[238.841796875, 14.91461181640625, 588.2462158203125, 695.0106811523438]]}