{"labels": [0, 0], "scores": [0.9979447722434998, 0.20220939815044403], "bboxes": [[7.988128662109375, 141.0794677734375, 785.9674072265625, 670.3973999023438], [606.4556274414062, 433.3000183105469, 720.3666381835938, 516.4571533203125]]}