{"labels": [0], "scores": [0.9984595775604248], "bboxes": [[14.81219482421875, 133.43511962890625, 796.803466796875, 800.0]]}