{"labels": [0, 0, 0, 0, 0, 0], "scores": [0.9911831617355347, 0.7990080118179321, 0.3936402499675751, 0.15952137112617493, 0.066001757979393, 0.06083919107913971], "bboxes": [[117.14608764648438, 326.53656005859375, 678.1748046875, 637.5612182617188], [221.93829345703125, 111.18927001953125, 703.18994140625, 527.8095703125], [213.4071502685547, 116.42253112792969, 334.9286804199219, 428.17169189453125], [228.8800506591797, 105.14299011230469, 507.2806396484375, 421.06402587890625], [112.94136047363281, 423.378662109375, 300.522705078125, 605.7467041015625], [329.2951354980469, 108.06736755371094, 636.9166259765625, 438.3109130859375]]}