{"labels": [0], "scores": [0.9877270460128784], "bboxes": [[100.92529296875, 319.9052734375, 726.6077880859375, 579.3189697265625]]}