{"labels": [0], "scores": [0.9995100498199463], "bboxes": [[53.847747802734375, 0.0, 730.959716796875, 796.3651123046875]]}