{"labels": [0, 0], "scores": [0.9938769936561584, 0.48656901717185974], "bboxes": [[199.17996215820312, 139.50808715820312, 498.2340087890625, 891.6115112304688], [257.17620849609375, 332.11944580078125, 453.60076904296875, 890.76513671875]]}