{"labels": [0], "scores": [0.9995442032814026], "bboxes": [[23.66550636291504, 53.7180061340332, 675.5515747070312, 640.4784545898438]]}