{"labels": [0], "scores": [0.9973545074462891], "bboxes": [[191.55877685546875, 3.90057373046875, 609.0105590820312, 800.0]]}