{"labels": [0, 0, 0, 0, 0, 0, 0, 0, 0, 0, 0, 0], "scores": [0.8380909562110901, 0.6854555010795593, 0.6646216511726379, 0.6624142527580261, 0.43996015191078186, 0.2348993569612503, 0.07991243898868561, 0.06144892796874046, 0.06056557223200798, 0.05689019709825516, 0.05253182351589203, 0.0512218177318573], "bboxes": [[50.727935791015625, 14.72705078125, 311.2731628417969, 670.2750854492188], [255.59730529785156, 44.46015930175781, 395.36346435546875, 384.9669189453125], [107.363037109375, 5.9212646484375, 736.3875732421875, 736.2928466796875], [132.73828125, 369.0348205566406, 643.556640625, 763.1083984375], [386.5526123046875, 43.059417724609375, 524.35302734375, 364.86846923828125], [403.849365234375, 0.0, 730.3402099609375, 699.3703002929688], [207.85348510742188, 26.796905517578125, 663.4029541015625, 435.9999694824219], [197.19998168945312, 36.99195861816406, 381.7862854003906, 495.60443115234375], [148.47064208984375, 34.36555480957031, 285.39788818359375, 496.90032958984375], [433.1114501953125, 443.57867431640625, 573.4949340820312, 627.0678100585938], [456.57891845703125, 20.9085693359375, 664.4309692382812, 509.1925048828125], [391.88861083984375, 29.28173828125, 612.0767822265625, 411.87213134765625]]}