{"labels": [0], "scores": [0.9990695118904114], "bboxes": [[7.893291473388672, 216.6561279296875, 694.078369140625, 896.0]]}