{"labels": [0, 0], "scores": [0.9934044480323792, 0.9916273355484009], "bboxes": [[302.9345703125, 194.1014862060547, 757.6710205078125, 685.9164428710938], [40.54364013671875, 376.6656188964844, 469.910400390625, 706.74169921875]]}