{"labels": [0], "scores": [0.9951897859573364], "bboxes": [[29.640411376953125, 165.84536743164062, 783.6368408203125, 678.7657470703125]]}