{"labels": [0, 0, 0], "scores": [0.9980915188789368, 0.2853616178035736, 0.14400337636470795], "bboxes": [[103.34506225585938, 180.64337158203125, 713.45068359375, 786.3424682617188], [444.0882568359375, 0.0, 705.16552734375, 528.809814453125], [101.39239501953125, 211.36178588867188, 456.08935546875, 723.305419921875]]}