{"labels": [0], "scores": [0.9983910918235779], "bboxes": [[1.692230224609375, 212.0592498779297, 783.2593994140625, 633.6207275390625]]}