{"labels": [0], "scores": [0.9992445707321167], "bboxes": [[12.86328125, 223.24293518066406, 777.0221557617188, 633.4663696289062]]}