{"labels": [0, 0], "scores": [0.997431218624115, 0.11269178986549377], "bboxes": [[225.81092834472656, 178.20263671875, 528.7271728515625, 764.1701049804688], [22.208908081054688, 185.90756225585938, 308.1815185546875, 661.6092529296875]]}