{"labels": [0], "scores": [0.9939125776290894], "bboxes": [[1.863006591796875, 173.53675842285156, 785.9859619140625, 647.1806030273438]]}