{"labels": [0, 0, 0], "scores": [0.9786418676376343, 0.7234000563621521, 0.09669908881187439], "bboxes": [[126.4312744140625, 237.17739868164062, 648.773681640625, 796.857666015625], [70.667236328125, 48.510162353515625, 793.83056640625, 717.5111083984375], [0.0, 553.151611328125, 338.75054931640625, 795.971923828125]]}