{"labels": [0, 0], "scores": [0.9969679713249207, 0.15149053931236267], "bboxes": [[231.86839294433594, 195.98583984375, 675.355224609375, 799.0411376953125], [270.82989501953125, 621.333251953125, 537.4884643554688, 794.298583984375]]}