{"labels": [0, 0, 0, 0, 0], "scores": [0.8634604215621948, 0.6883853673934937, 0.38671648502349854, 0.307218074798584, 0.16804824769496918], "bboxes": [[109.55340576171875, 168.38525390625, 274.60296630859375, 703.710693359375], [524.4586181640625, 113.84744262695312, 672.2239990234375, 713.6925048828125], [38.868988037109375, 37.532501220703125, 664.7113037109375, 800.0], [90.82670593261719, 65.05191040039062, 388.8853759765625, 789.64208984375], [378.69073486328125, 79.30874633789062, 686.0031127929688, 790.035400390625]]}