{"labels": [0], "scores": [0.9969416260719299], "bboxes": [[21.12237548828125, 166.78366088867188, 771.9312744140625, 615.9578857421875]]}