{"labels": [0, 0], "scores": [0.9946504235267639, 0.8219931721687317], "bboxes": [[385.06829833984375, 30.494873046875, 714.0385131835938, 750.4989624023438], [85.23126983642578, 297.45355224609375, 321.09857177734375, 699.1609497070312]]}