{"labels": [0], "scores": [0.9985143542289734], "bboxes": [[22.47039794921875, 87.9466552734375, 799.9981079101562, 695.0523681640625]]}