{"labels": [0, 0, 0, 0, 0], "scores": [0.9688684940338135, 0.13832563161849976, 0.13021260499954224, 0.0679803416132927, 0.0634668618440628], "bboxes": [[182.50216674804688, 18.384918212890625, 579.3697509765625, 671.8450927734375], [152.7339324951172, 396.94842529296875, 480.9361572265625, 740.6289672851562], [233.3909149169922, 16.961624145507812, 546.4503173828125, 391.45233154296875], [402.87884521484375, 48.845367431640625, 793.6428833007812, 587.1453857421875], [120.74575805664062, 46.875213623046875, 780.462890625, 782.15673828125]]}