{"labels": [0, 0, 0, 0, 0, 0, 0, 0, 0], "scores": [0.9564558863639832, 0.8355512619018555, 0.45524823665618896, 0.2965792417526245, 0.16053706407546997, 0.12741369009017944, 0.1098652258515358, 0.10618824511766434, 0.0721137598156929], "bboxes": [[10.76873779296875, 15.979705810546875, 800.0, 748.8720703125], [509.07574462890625, 367.3155517578125, 798.2498168945312, 735.000732421875], [8.800445556640625, 51.6270751953125, 330.5350341796875, 405.5999755859375], [210.2127685546875, 411.1202392578125, 521.3900146484375, 716.467529296875], [9.7930908203125, 32.5672607421875, 642.623046875, 422.6939697265625], [1.4353179931640625, 336.72552490234375, 451.3126220703125, 730.8652954101562], [452.240234375, 40.45579528808594, 729.2197265625, 401.06982421875], [187.78201293945312, 69.33819580078125, 540.2496337890625, 376.4053955078125], [507.0669860839844, 168.75259399414062, 778.5174560546875, 399.9900817871094]]}