{"labels": [0, 0], "scores": [0.8711506724357605, 0.20734532177448273], "bboxes": [[7.097137451171875, 353.65771484375, 701.7237548828125, 731.0203857421875], [118.0999755859375, 6.138519287109375, 778.0548706054688, 678.1712646484375]]}