{"labels": [0, 0, 0], "scores": [0.962551474571228, 0.9426267743110657, 0.4765091836452484], "bboxes": [[328.0753479003906, 212.15145874023438, 721.384765625, 695.4371337890625], [6.2753448486328125, 103.31610107421875, 474.22113037109375, 676.612548828125], [104.51351928710938, 125.43234252929688, 729.9248046875, 758.20556640625]]}