{"labels": [0, 0], "scores": [0.9899779558181763, 0.27557373046875], "bboxes": [[0.3446044921875, 218.94827270507812, 725.5011596679688, 748.620849609375], [311.3687744140625, 118.39105224609375, 800.0, 749.0769653320312]]}