{"labels": [0, 0, 0, 0], "scores": [0.9975823163986206, 0.9974402189254761, 0.996464729309082, 0.995479941368103], "bboxes": [[431.15411376953125, 230.477294921875, 757.1621704101562, 318.50628662109375], [433.00897216796875, 135.590576171875, 752.4209594726562, 223.39279174804688], [429.88079833984375, 327.57659912109375, 757.8291625976562, 416.688232421875], [45.31793212890625, 166.70782470703125, 424.12322998046875, 725.1473999023438]]}