{"labels": [0], "scores": [0.9981725215911865], "bboxes": [[92.28524780273438, 127.24575805664062, 689.2530517578125, 752.78564453125]]}