{"labels": [0, 0], "scores": [0.9986612796783447, 0.06503014266490936], "bboxes": [[13.0672607421875, 3.1600341796875, 779.2809448242188, 785.6307983398438], [38.34294128417969, 65.48699951171875, 428.85589599609375, 706.518310546875]]}