{"labels": [0, 0, 0, 0], "scores": [0.9944666028022766, 0.9548710584640503, 0.9459875226020813, 0.08891328424215317], "bboxes": [[5.5311126708984375, 105.65432739257812, 487.951416015625, 789.20849609375], [438.279052734375, 330.9112243652344, 600.7060546875, 787.45166015625], [568.9684448242188, 344.59747314453125, 772.3897094726562, 793.4735717773438], [581.78125, 439.5362548828125, 706.235107421875, 785.182373046875]]}