{"labels": [0], "scores": [0.9936463832855225], "bboxes": [[197.7886199951172, 19.6175537109375, 584.55712890625, 796.270751953125]]}