{"labels": [0, 0, 0], "scores": [0.9900426864624023, 0.9070133566856384, 0.12286097556352615], "bboxes": [[423.3582763671875, 366.48822021484375, 626.5859375, 562.0281982421875], [127.71426391601562, 277.82275390625, 321.7037048339844, 472.55731201171875], [0.0, 70.14700317382812, 790.798583984375, 774.8399658203125]]}