{"labels": [0], "scores": [0.9975220561027527], "bboxes": [[305.6947326660156, 9.823699951171875, 492.9964294433594, 789.4560546875]]}