{"labels": [0], "scores": [0.9957056641578674], "bboxes": [[233.41600036621094, 203.28326416015625, 621.9044189453125, 796.8232421875]]}