{"labels": [0, 0, 0, 0, 0, 0, 0, 0, 0], "scores": [0.9950476884841919, 0.9713742136955261, 0.939713716506958, 0.9336979985237122, 0.830057680606842, 0.7000992894172668, 0.3757646679878235, 0.30171412229537964, 0.05361691117286682], "bboxes": [[37.303466796875, 89.80708312988281, 279.4599304199219, 429.2008056640625], [268.5770568847656, 103.44161987304688, 520.2265014648438, 441.0928649902344], [267.4252624511719, 412.12298583984375, 505.4106750488281, 699.6591186523438], [501.2746276855469, 60.98075866699219, 765.37109375, 412.35125732421875], [43.8175048828125, 397.98785400390625, 279.704833984375, 713.0407104492188], [517.7396240234375, 307.19677734375, 763.32763671875, 711.3054809570312], [46.505859375, 529.7279052734375, 253.98776245117188, 749.9808349609375], [257.66473388671875, 177.38465881347656, 520.0636596679688, 685.6015625], [277.78778076171875, 231.73248291015625, 481.8419189453125, 417.63995361328125]]}