{"labels": [0], "scores": [0.9979738593101501], "bboxes": [[106.2493896484375, 329.9313049316406, 697.183349609375, 505.3642883300781]]}