{"labels": [0, 0], "scores": [0.9772650599479675, 0.9717786312103271], "bboxes": [[212.16763305664062, 222.22836303710938, 598.7098388671875, 663.899658203125], [298.9282531738281, 502.7921447753906, 497.0996398925781, 652.4363403320312]]}