{"labels": [0], "scores": [0.9977656602859497], "bboxes": [[9.366241455078125, 206.33836364746094, 786.9451904296875, 706.1488647460938]]}