{"labels": [0], "scores": [0.9974632263183594], "bboxes": [[68.0673828125, 31.58709716796875, 609.27587890625, 766.1276245117188]]}