{"labels": [0, 0, 0], "scores": [0.9948363304138184, 0.26249250769615173, 0.23630237579345703], "bboxes": [[38.021636962890625, 150.72903442382812, 673.4884033203125, 790.218505859375], [404.92401123046875, 1.1243362426757812, 612.55712890625, 247.71759033203125], [72.77726745605469, 0.0, 320.74176025390625, 356.6426696777344]]}