{"labels": [0], "scores": [0.9994648098945618], "bboxes": [[80.06011962890625, 23.595245361328125, 789.4766845703125, 737.202392578125]]}