{"labels": [0, 0, 0], "scores": [0.9823348522186279, 0.5419723391532898, 0.11596015095710754], "bboxes": [[21.227569580078125, 28.461669921875, 800.0, 800.0], [226.8567657470703, 39.10906982421875, 586.8299560546875, 263.19696044921875], [41.71857452392578, 2.130401611328125, 186.19097900390625, 658.56298828125]]}