{"labels": [0, 0, 0, 0, 0, 0, 0, 0], "scores": [0.9970577955245972, 0.7510976195335388, 0.3554322123527527, 0.2915119230747223, 0.25346359610557556, 0.1285993456840515, 0.06000174209475517, 0.05091323330998421], "bboxes": [[128.03076171875, 184.0243377685547, 663.0653686523438, 646.0186157226562], [189.1211395263672, 608.3880004882812, 589.9844360351562, 772.2025756835938], [258.4051818847656, 643.8667602539062, 383.1866760253906, 730.9667358398438], [74.16926574707031, 199.46963500976562, 296.32427978515625, 400.8886413574219], [500.30194091796875, 604.032470703125, 621.2778930664062, 691.2677001953125], [438.1429443359375, 551.029541015625, 791.8973388671875, 735.5830078125], [552.2684326171875, 613.8244018554688, 621.1259765625, 688.2079467773438], [386.2781982421875, 290.764892578125, 800.0, 757.3209228515625]]}