{"labels": [0], "scores": [0.9987473487854004], "bboxes": [[12.48199462890625, 106.21673583984375, 800.0, 743.8489990234375]]}