{"labels": [0, 0], "scores": [0.9965086579322815, 0.9879174828529358], "bboxes": [[3.578033447265625, 115.13394165039062, 539.984375, 677.7060546875], [522.9876098632812, 34.7462158203125, 787.4674682617188, 800.0]]}