{"labels": [0], "scores": [0.996573805809021], "bboxes": [[8.6845703125, 99.0374755859375, 788.1734619140625, 702.7406616210938]]}