{"labels": [0, 0], "scores": [0.9927929639816284, 0.1676807403564453], "bboxes": [[9.967529296875, 198.5541534423828, 800.0, 579.7619018554688], [24.92071533203125, 344.1312255859375, 532.11865234375, 574.0745239257812]]}