{"labels": [0, 0], "scores": [0.9968838095664978, 0.7374496459960938], "bboxes": [[114.68133544921875, 0.849609375, 751.7315063476562, 783.017578125], [60.53016662597656, 523.233642578125, 343.15032958984375, 748.886474609375]]}