{"labels": [0], "scores": [0.9958635568618774], "bboxes": [[16.51226806640625, 80.241455078125, 783.8700561523438, 740.015380859375]]}