{"labels": [0, 0], "scores": [0.9959203004837036, 0.07090599089860916], "bboxes": [[41.584747314453125, 373.404052734375, 800.0, 798.002197265625], [0.0, 0.0, 800.0, 652.9520263671875]]}