{"labels": [0], "scores": [0.9929118752479553], "bboxes": [[44.820709228515625, 2.7119140625, 772.3106689453125, 608.0881958007812]]}