{"labels": [0], "scores": [0.992789089679718], "bboxes": [[49.527496337890625, 181.57022094726562, 624.9716796875, 637.679443359375]]}