{"labels": [0, 0, 0, 0, 0, 0, 0], "scores": [0.9670727849006653, 0.9484742879867554, 0.9275481104850769, 0.8928307890892029, 0.27069932222366333, 0.14878638088703156, 0.06579629331827164], "bboxes": [[21.045761108398438, 200.34103393554688, 287.92620849609375, 597.056640625], [545.8717041015625, 263.11669921875, 781.0936279296875, 569.6900024414062], [284.4793701171875, 311.84967041015625, 589.612060546875, 667.1258544921875], [290.5740051269531, 217.50595092773438, 512.236572265625, 451.1277770996094], [377.50994873046875, 269.7255859375, 763.6337280273438, 633.2039184570312], [40.25273895263672, 188.52117919921875, 278.298828125, 407.6981201171875], [48.501258850097656, 187.03823852539062, 263.88897705078125, 303.5091552734375]]}