{"labels": [0], "scores": [0.999489426612854], "bboxes": [[17.72540283203125, 121.34872436523438, 800.0, 649.31298828125]]}