{"labels": [0, 0], "scores": [0.9941084384918213, 0.05067009851336479], "bboxes": [[0.815582275390625, 104.66741943359375, 800.0, 699.3811645507812], [89.0635986328125, 178.77732849121094, 658.5841674804688, 579.3927001953125]]}