{"labels": [0], "scores": [0.9977836012840271], "bboxes": [[247.8782501220703, 83.3631591796875, 597.5372924804688, 766.0117797851562]]}