{"labels": [0, 0], "scores": [0.9850437641143799, 0.1077442318201065], "bboxes": [[161.89210510253906, 198.2752227783203, 638.7921752929688, 558.7786865234375], [16.961944580078125, 173.30950927734375, 721.1837158203125, 795.6573486328125]]}