{"labels": [0, 0, 0, 0], "scores": [0.9641318917274475, 0.8414930105209351, 0.5765001773834229, 0.16995951533317566], "bboxes": [[104.47268676757812, 430.9168395996094, 751.2261962890625, 753.1328125], [191.23333740234375, 17.16888427734375, 615.4728393554688, 645.6171264648438], [139.55581665039062, 393.75927734375, 258.72723388671875, 520.4613037109375], [81.18030548095703, 478.4087829589844, 273.0660095214844, 625.360107421875]]}