{"labels": [0], "scores": [0.9974697828292847], "bboxes": [[136.90390014648438, 82.84136962890625, 674.3701171875, 727.6925659179688]]}