{"labels": [0], "scores": [0.9966712594032288], "bboxes": [[236.92510986328125, 5.706451416015625, 572.0012817382812, 792.2298583984375]]}