{"labels": [0, 0, 0, 0], "scores": [0.8752791285514832, 0.7030913233757019, 0.3817461431026459, 0.10263067483901978], "bboxes": [[17.19580078125, 164.51864624023438, 753.255615234375, 750.116455078125], [113.21382141113281, 213.7484130859375, 374.504638671875, 731.6604614257812], [260.660400390625, 147.41302490234375, 673.4259033203125, 306.9504089355469], [339.5555419921875, 454.5958251953125, 738.2330322265625, 712.3355712890625]]}