{"labels": [0], "scores": [0.9987793564796448], "bboxes": [[34.079559326171875, 17.135040283203125, 760.1756591796875, 782.5577392578125]]}