{"labels": [0], "scores": [0.9977855682373047], "bboxes": [[5.035984516143799, 108.20288848876953, 698.496826171875, 600.549560546875]]}