{"labels": [0, 0], "scores": [0.9972321391105652, 0.9943974018096924], "bboxes": [[349.8108215332031, 161.08514404296875, 714.8739013671875, 644.95458984375], [86.47967529296875, 390.65826416015625, 421.7109375, 704.2837524414062]]}