{"labels": [0, 0], "scores": [0.986665666103363, 0.05097646266222], "bboxes": [[292.9225158691406, 121.52880859375, 547.2374267578125, 759.8829956054688], [281.89019775390625, 462.98663330078125, 359.7691650390625, 485.96466064453125]]}