{"labels": [0, 0, 0, 0, 0], "scores": [0.9954936504364014, 0.8987289071083069, 0.30667415261268616, 0.18575498461723328, 0.05786936357617378], "bboxes": [[122.27433776855469, 4.061737060546875, 410.41741943359375, 790.98291015625], [413.63677978515625, 235.9035186767578, 777.3787231445312, 521.2467041015625], [149.11129760742188, 26.134979248046875, 770.8172607421875, 795.64013671875], [480.682373046875, 103.99601745605469, 571.5953369140625, 346.53216552734375], [413.71160888671875, 295.88043212890625, 688.5967407226562, 476.74713134765625]]}