{"labels": [0], "scores": [0.9988705515861511], "bboxes": [[83.17355346679688, 82.14248657226562, 677.323974609375, 724.60107421875]]}