{"labels": [0, 0, 0, 0], "scores": [0.9892625212669373, 0.9469135999679565, 0.3037726879119873, 0.06357606500387192], "bboxes": [[309.87701416015625, 318.76959228515625, 693.5980224609375, 713.8135375976562], [27.047760009765625, 39.487579345703125, 758.5966796875, 593.387939453125], [38.97808837890625, 132.31643676757812, 489.105224609375, 581.6392822265625], [31.576370239257812, 236.9545135498047, 357.580322265625, 554.1117553710938]]}