{"labels": [0, 0], "scores": [0.9883533120155334, 0.09982632845640182], "bboxes": [[147.6512451171875, 311.52911376953125, 788.9050903320312, 800.0], [189.8855438232422, 8.723403930664062, 581.8316650390625, 352.45941162109375]]}