{"labels": [0], "scores": [0.994085431098938], "bboxes": [[102.61822509765625, 71.62924194335938, 637.5425415039062, 742.781005859375]]}