{"labels": [0, 0], "scores": [0.9896805882453918, 0.9336656928062439], "bboxes": [[84.40516662597656, 232.29623413085938, 571.8440551757812, 642.4752197265625], [517.7576904296875, 174.97882080078125, 790.59716796875, 372.91693115234375]]}