{"labels": [0, 0], "scores": [0.9928017854690552, 0.8394374251365662], "bboxes": [[34.214263916015625, 147.82540893554688, 763.37939453125, 696.036376953125], [54.00196838378906, 329.4027099609375, 524.019287109375, 681.9105224609375]]}