{"labels": [0], "scores": [0.9992374181747437], "bboxes": [[4.36669921875, 161.80511474609375, 794.5687255859375, 660.4422607421875]]}