{"labels": [0, 0], "scores": [0.9931602478027344, 0.9914829134941101], "bboxes": [[449.7207946777344, 58.9222412109375, 662.1814575195312, 761.6646728515625], [187.8378448486328, 64.98178100585938, 410.85064697265625, 763.4786376953125]]}