{"labels": [0, 0, 0, 0], "scores": [0.9522536396980286, 0.5155916213989258, 0.4768529534339905, 0.27369195222854614], "bboxes": [[0.0, 3.881988525390625, 800.0, 795.702392578125], [41.78277587890625, 385.82061767578125, 780.0017700195312, 712.8134155273438], [268.8995361328125, 434.7548828125, 768.89990234375, 600.140625], [1.622833251953125, 378.89422607421875, 330.1045227050781, 752.8392944335938]]}