{"labels": [0, 0, 0, 0, 0], "scores": [0.993384063243866, 0.9927763938903809, 0.2512058913707733, 0.10175520926713943, 0.08740776777267456], "bboxes": [[503.0071716308594, 279.03973388671875, 758.7141723632812, 498.29278564453125], [211.529052734375, 397.224609375, 447.05743408203125, 595.2051391601562], [205.74562072753906, 536.8529663085938, 497.3701171875, 733.2985229492188], [64.35952758789062, 309.280029296875, 689.344482421875, 778.9112548828125], [202.22164916992188, 273.9714050292969, 771.62109375, 594.4339599609375]]}