{"labels": [0], "scores": [0.9944583177566528], "bboxes": [[27.549713134765625, 0.0, 719.1834716796875, 762.3240356445312]]}