{"labels": [0], "scores": [0.9979161620140076], "bboxes": [[130.70584106445312, 108.34365844726562, 714.852783203125, 729.0262451171875]]}