{"labels": [0, 0, 0, 0, 0, 0, 0], "scores": [0.8699221611022949, 0.8682577610015869, 0.5492980480194092, 0.22112788259983063, 0.1314866542816162, 0.10246378928422928, 0.05116945132613182], "bboxes": [[171.7183074951172, 159.70237731933594, 431.63592529296875, 478.9923095703125], [417.34234619140625, 195.8747100830078, 569.6072387695312, 429.3271484375], [247.56842041015625, 375.71099853515625, 426.056640625, 548.1740112304688], [439.9167175292969, 328.20172119140625, 566.0474853515625, 679.4568481445312], [255.75079345703125, 635.9991455078125, 569.5411376953125, 793.6033935546875], [170.35403442382812, 150.95980834960938, 490.4533996582031, 737.6697998046875], [467.2016906738281, 139.61227416992188, 517.618896484375, 177.15097045898438]]}