{"labels": [0, 0, 0], "scores": [0.931189775466919, 0.7185555100440979, 0.28682956099510193], "bboxes": [[252.82656860351562, 221.5550079345703, 611.2149658203125, 808.1693115234375], [13.64450454711914, 23.38016128540039, 626.8751220703125, 857.3692626953125], [23.712865829467773, 657.5635986328125, 332.9406433105469, 896.0]]}