{"labels": [0, 0], "scores": [0.9902799725532532, 0.6071850657463074], "bboxes": [[2.04302978515625, 211.05918884277344, 790.76123046875, 663.2479248046875], [7.106475830078125, 211.00706481933594, 343.7319641113281, 664.1957397460938]]}