{"labels": [0, 0, 0, 0, 0, 0, 0], "scores": [0.8185943961143494, 0.3734007477760315, 0.2526354193687439, 0.17328324913978577, 0.14141343533992767, 0.08085493743419647, 0.0592016763985157], "bboxes": [[7.634124755859375, 5.98004150390625, 778.4620361328125, 563.3311767578125], [415.7486572265625, 227.7187957763672, 777.625732421875, 678.710693359375], [284.3863830566406, 12.426132202148438, 479.4597473144531, 515.3609619140625], [22.320083618164062, 227.22262573242188, 498.26318359375, 519.1480712890625], [427.18817138671875, 217.8918914794922, 715.7217407226562, 510.19287109375], [30.751968383789062, 669.041748046875, 234.50596618652344, 796.6788330078125], [27.794158935546875, 256.4757385253906, 233.03665161132812, 499.0682678222656]]}