{"labels": [0], "scores": [0.9701417088508606], "bboxes": [[295.13555908203125, 184.5411376953125, 550.9205932617188, 789.0126342773438]]}