{"labels": [0, 0, 0, 0, 0], "scores": [0.9342039823532104, 0.8510347008705139, 0.46164584159851074, 0.2636411190032959, 0.06478578597307205], "bboxes": [[30.337860107421875, 178.80206298828125, 770.53515625, 783.7365112304688], [126.44783020019531, 106.00135803222656, 495.48455810546875, 441.7239990234375], [24.514297485351562, 385.8740234375, 506.6292724609375, 790.7735595703125], [106.16928100585938, 98.07406616210938, 653.0396728515625, 561.6334228515625], [298.44036865234375, 242.15762329101562, 756.8474731445312, 702.9508056640625]]}