{"labels": [0, 0, 0, 0], "scores": [0.9953522682189941, 0.985057532787323, 0.3315278887748718, 0.22092123329639435], "bboxes": [[402.618896484375, 146.30999755859375, 773.80810546875, 800.0], [77.34881591796875, 310.3609313964844, 375.9064025878906, 800.0], [159.14727783203125, 116.80654907226562, 264.59344482421875, 221.92465209960938], [291.8392333984375, 116.36498260498047, 402.9342041015625, 222.0389404296875]]}