{"labels": [0], "scores": [0.9988400340080261], "bboxes": [[18.497833251953125, 252.0192108154297, 800.0, 714.732421875]]}