{"labels": [0, 0, 0, 0, 0], "scores": [0.9921481013298035, 0.9910849928855896, 0.9870532155036926, 0.8532443642616272, 0.08154783397912979], "bboxes": [[573.9732055664062, 110.79815673828125, 704.7455444335938, 634.0128173828125], [445.566650390625, 113.13726806640625, 598.1351318359375, 649.8079833984375], [77.24658203125, 175.830322265625, 539.150146484375, 717.5223388671875], [325.2945251464844, 170.20469665527344, 520.7112426757812, 664.2116088867188], [231.5226593017578, 118.26416015625, 651.8969116210938, 668.3700561523438]]}