{"labels": [0], "scores": [0.9992006421089172], "bboxes": [[44.496551513671875, 409.63836669921875, 764.3480224609375, 695.1580200195312]]}