{"labels": [0, 0, 0, 0, 0, 0, 0], "scores": [0.899447500705719, 0.8576154708862305, 0.7949418425559998, 0.4608161151409149, 0.2221340537071228, 0.12310329079627991, 0.10606414824724197], "bboxes": [[230.9830322265625, 124.4022216796875, 684.47216796875, 705.1613159179688], [321.80499267578125, 513.9299926757812, 553.078125, 637.4517211914062], [292.8551025390625, 186.00889587402344, 585.5169677734375, 549.1185913085938], [384.55670166015625, 0.962371826171875, 510.481201171875, 82.09075927734375], [321.27105712890625, 569.8894653320312, 568.341796875, 737.3616333007812], [244.55467224121094, 218.21719360351562, 476.555419921875, 750.026123046875], [314.9346618652344, 394.076416015625, 562.1700439453125, 749.189453125]]}