{"labels": [0, 0], "scores": [0.9968546628952026, 0.9062312245368958], "bboxes": [[127.29966735839844, 85.00405883789062, 562.0970458984375, 754.7169189453125], [474.20025634765625, 435.9412841796875, 772.0921020507812, 751.0238037109375]]}