{"labels": [0, 0, 0, 0, 0], "scores": [0.9114230275154114, 0.5085312128067017, 0.32028910517692566, 0.09231506288051605, 0.063540019094944], "bboxes": [[262.7244567871094, 248.42462158203125, 753.312744140625, 501.66015625], [258.07421875, 539.2435913085938, 773.37890625, 631.8977661132812], [28.31884002685547, 400.9819641113281, 235.34368896484375, 546.0535278320312], [0.0, 4.107421875, 784.7850341796875, 539.8367309570312], [109.77349853515625, 492.09820556640625, 229.24853515625, 567.9575805664062]]}