{"labels": [0, 0], "scores": [0.9952484965324402, 0.06131003424525261], "bboxes": [[4.333587646484375, 144.0360107421875, 780.5389404296875, 719.347412109375], [35.32026672363281, 175.94664001464844, 485.5887451171875, 498.0269775390625]]}