{"labels": [0, 0, 0, 0, 0], "scores": [0.9954213500022888, 0.6444025635719299, 0.5563320517539978, 0.08646579086780548, 0.06848249584436417], "bboxes": [[77.67086791992188, 187.03274536132812, 729.1014404296875, 674.8621826171875], [475.67596435546875, 621.4526977539062, 799.9810180664062, 762.8129272460938], [203.94650268554688, 542.8160400390625, 336.0372619628906, 674.2373046875], [35.2861328125, 609.947265625, 800.0, 794.682861328125], [107.04827880859375, 196.1576385498047, 490.06805419921875, 551.8665161132812]]}