{"labels": [0, 0], "scores": [0.9860288500785828, 0.9732828140258789], "bboxes": [[104.12176513671875, 105.150390625, 800.0, 800.0], [0.0, 58.376556396484375, 569.8609619140625, 564.6671142578125]]}