{"labels": [0], "scores": [0.9977099895477295], "bboxes": [[250.42869567871094, 25.17138671875, 544.971435546875, 792.0822143554688]]}