{"labels": [0], "scores": [0.9992024302482605], "bboxes": [[10.706329345703125, 247.6566162109375, 800.0, 529.978759765625]]}