{"labels": [0, 0], "scores": [0.987048327922821, 0.07810203731060028], "bboxes": [[337.012939453125, 148.65554809570312, 491.51104736328125, 632.2813720703125], [230.9912567138672, 533.630859375, 334.0434875488281, 625.28125]]}