{"labels": [0], "scores": [0.9984939098358154], "bboxes": [[102.02407836914062, 15.84197998046875, 698.729736328125, 777.9913330078125]]}