{"labels": [0, 0], "scores": [0.9967949986457825, 0.24920640885829926], "bboxes": [[1.2623291015625, 222.8102569580078, 789.6900024414062, 684.4940185546875], [82.59341430664062, 608.4158325195312, 788.2783203125, 689.8615112304688]]}