{"labels": [0, 0], "scores": [0.9937121868133545, 0.4167652130126953], "bboxes": [[40.885589599609375, 171.97732543945312, 461.6153259277344, 687.9671630859375], [520.611328125, 436.5884094238281, 721.85205078125, 630.716064453125]]}