{"labels": [0, 0], "scores": [0.9837896227836609, 0.053187791258096695], "bboxes": [[0.0, 46.753814697265625, 699.822021484375, 607.05126953125], [1.958587646484375, 433.8406982421875, 657.0716552734375, 800.0]]}