{"labels": [0, 0, 0], "scores": [0.9854403138160706, 0.9495628476142883, 0.13674752414226532], "bboxes": [[178.6177978515625, 34.18727111816406, 583.1727294921875, 325.02642822265625], [0.0, 440.2110900878906, 790.076416015625, 800.0], [426.27093505859375, 500.61419677734375, 657.2306518554688, 680.2185668945312]]}