{"labels": [0, 0, 0, 0, 0], "scores": [0.9894495606422424, 0.4230180084705353, 0.1772710531949997, 0.11687853932380676, 0.07106082886457443], "bboxes": [[197.1819610595703, 0.0, 534.4622802734375, 798.7527465820312], [425.58929443359375, 373.4065856933594, 629.6297607421875, 794.304931640625], [288.2319030761719, 172.86387634277344, 629.0282592773438, 795.5980224609375], [280.26202392578125, 740.7391967773438, 370.2341003417969, 877.6241455078125], [225.86570739746094, 266.6809387207031, 437.0863952636719, 784.4403686523438]]}