{"labels": [0, 0], "scores": [0.9900484085083008, 0.10068554431200027], "bboxes": [[274.13751220703125, 111.21954345703125, 551.8612670898438, 766.7200317382812], [311.7596435546875, 373.3995666503906, 518.370849609375, 746.1064453125]]}