{"labels": [0], "scores": [0.9986214637756348], "bboxes": [[110.77536010742188, 75.83560180664062, 665.173583984375, 752.1007080078125]]}