{"labels": [0, 0], "scores": [0.9857876300811768, 0.44537582993507385], "bboxes": [[21.088409423828125, 85.51010131835938, 759.5584716796875, 768.6275634765625], [124.67501831054688, 20.611907958984375, 797.1217041015625, 499.6561584472656]]}