{"labels": [0], "scores": [0.9996552467346191], "bboxes": [[0.0, 130.49981689453125, 800.0, 746.208984375]]}