{"labels": [0], "scores": [0.9989694356918335], "bboxes": [[45.628421783447266, 12.881024360656738, 649.3642578125, 685.4771118164062]]}