{"labels": [0, 0, 0, 0, 0, 0, 0, 0], "scores": [0.9943128824234009, 0.9932297468185425, 0.9916678071022034, 0.988711953163147, 0.9883562922477722, 0.9751530885696411, 0.9557867050170898, 0.18753093481063843], "bboxes": [[404.8448181152344, 235.1932373046875, 692.893310546875, 536.12109375], [138.60614013671875, 317.70733642578125, 402.356201171875, 586.5462646484375], [579.3154296875, 329.9930419921875, 796.9776611328125, 602.147705078125], [48.87568664550781, 61.13508605957031, 493.48974609375, 361.3966064453125], [303.46551513671875, 491.549560546875, 570.9983520507812, 762.70947265625], [45.286109924316406, 515.845458984375, 296.9002990722656, 773.0025634765625], [9.502891540527344, 252.56378173828125, 188.83572387695312, 516.701416015625], [521.0134887695312, 296.42919921875, 751.4662475585938, 559.83349609375]]}