{"labels": [0], "scores": [0.9990611672401428], "bboxes": [[10.708038330078125, 340.887939453125, 793.2593994140625, 638.6336059570312]]}