{"labels": [0, 0, 0, 0, 0, 0], "scores": [0.86421799659729, 0.7435443997383118, 0.17744427919387817, 0.10966426134109497, 0.07251045107841492, 0.05299510061740875], "bboxes": [[193.3052520751953, 10.438812255859375, 659.3070068359375, 480.4637145996094], [0.0, 0.0, 800.0, 799.3284301757812], [675.2050170898438, 195.8323211669922, 798.5178833007812, 466.69012451171875], [412.3489685058594, 394.44891357421875, 800.0, 800.0], [11.595458984375, 427.0525207519531, 459.0360412597656, 799.7794189453125], [2.9608917236328125, 134.9276885986328, 183.30020141601562, 501.25469970703125]]}