{"labels": [0, 0, 0, 0, 0, 0, 0, 0, 0, 0, 0, 0, 0, 0, 0, 0, 0], "scores": [0.9942215085029602, 0.8896837830543518, 0.8885647058486938, 0.7271776795387268, 0.48475661873817444, 0.39506521821022034, 0.22563323378562927, 0.21241053938865662, 0.2047535926103592, 0.20412655174732208, 0.17864109575748444, 0.12404077500104904, 0.11151115596294403, 0.09875140339136124, 0.09321250766515732, 0.06893321871757507, 0.06784816086292267], "bboxes": [[52.99049377441406, 71.4636001586914, 301.525390625, 301.623046875], [37.77132034301758, 600.7417602539062, 125.32603454589844, 686.6930541992188], [450.08282470703125, 472.39251708984375, 735.6538696289062, 721.3820190429688], [153.44949340820312, 478.3530578613281, 251.79678344726562, 567.8133544921875], [183.84158325195312, 565.5711669921875, 285.5915832519531, 667.1175537109375], [252.2942352294922, 488.5559997558594, 321.3371276855469, 555.0929565429688], [388.898681640625, 405.1748046875, 771.96533203125, 779.0736083984375], [117.17086791992188, 587.4952392578125, 183.19744873046875, 657.5653076171875], [241.00186157226562, 540.0106811523438, 299.7328186035156, 602.4153442382812], [107.13052368164062, 542.99072265625, 175.065185546875, 623.6297607421875], [107.80413818359375, 538.7311401367188, 181.19488525390625, 700.0379028320312], [401.9178466796875, 9.786102294921875, 790.2476806640625, 372.44891357421875], [557.0208740234375, 106.9883804321289, 673.97998046875, 157.10215759277344], [98.46336364746094, 477.53192138671875, 316.31243896484375, 681.7476196289062], [154.82852172851562, 480.4525146484375, 280.4232177734375, 635.446044921875], [107.420654296875, 611.0225219726562, 182.36257934570312, 722.8880004882812], [0.0, 44.024627685546875, 800.0, 785.585693359375]]}