{"labels": [0, 0, 0, 0, 0], "scores": [0.9844089150428772, 0.9614974856376648, 0.9337971806526184, 0.2603476941585541, 0.12177959084510803], "bboxes": [[20.221328735351562, 118.29904174804688, 499.15557861328125, 550.036865234375], [67.15678405761719, 450.9366455078125, 502.8233642578125, 756.881103515625], [324.1665954589844, 170.17929077148438, 779.079345703125, 545.2327880859375], [492.3907775878906, 535.108642578125, 741.984375, 671.283447265625], [509.148193359375, 548.8108520507812, 621.7869873046875, 666.1704711914062]]}