{"labels": [0], "scores": [0.9991239905357361], "bboxes": [[8.378997802734375, 200.48095703125, 792.4261474609375, 713.038330078125]]}