{"labels": [0], "scores": [0.9983025789260864], "bboxes": [[47.62847900390625, 273.24652099609375, 797.9305419921875, 530.7561645507812]]}