{"labels": [0], "scores": [0.9987586736679077], "bboxes": [[13.928497314453125, 240.27365112304688, 782.07080078125, 680.234130859375]]}