{"labels": [0, 0], "scores": [0.9888671040534973, 0.41580623388290405], "bboxes": [[37.1453857421875, 94.72845458984375, 737.78076171875, 655.9324951171875], [359.3116760253906, 361.38116455078125, 753.4810791015625, 637.3353271484375]]}