{"labels": [0, 0], "scores": [0.9964235424995422, 0.6072844862937927], "bboxes": [[91.64767456054688, 79.36062622070312, 707.1572265625, 799.1409912109375], [39.474632263183594, 344.4566650390625, 232.30166625976562, 776.1663818359375]]}