{"labels": [0], "scores": [0.9930960536003113], "bboxes": [[330.04864501953125, 54.8253173828125, 493.1727294921875, 747.42724609375]]}