{"labels": [0, 0, 0, 0, 0], "scores": [0.9985687732696533, 0.5325620770454407, 0.42379915714263916, 0.316382497549057, 0.1129872277379036], "bboxes": [[7.07843017578125, 398.56622314453125, 787.9862670898438, 756.4497680664062], [0.0, 23.1455078125, 797.7197265625, 770.3106689453125], [107.62432861328125, 88.93431091308594, 372.5370788574219, 492.4693603515625], [19.467941284179688, 72.48733520507812, 455.37109375, 604.44189453125], [217.5162353515625, 3.5429229736328125, 777.4838256835938, 506.09698486328125]]}