{"labels": [0, 0, 0], "scores": [0.9727996587753296, 0.5390766263008118, 0.38111522793769836], "bboxes": [[244.2342071533203, 118.76052856445312, 415.19305419921875, 659.0904541015625], [238.8937530517578, 131.22239685058594, 623.9351196289062, 660.5585327148438], [423.6571350097656, 205.89418029785156, 623.0372314453125, 391.99493408203125]]}