{"labels": [0], "scores": [0.969921350479126], "bboxes": [[36.53582763671875, 107.79525756835938, 779.3516845703125, 720.8900146484375]]}