{"labels": [0, 0], "scores": [0.997401237487793, 0.07582832872867584], "bboxes": [[0.0, 51.212799072265625, 800.0, 756.5469970703125], [3.4957122802734375, 54.814971923828125, 334.94512939453125, 746.927734375]]}