{"labels": [0, 0, 0, 0, 0, 0, 0, 0, 0, 0, 0, 0, 0], "scores": [0.9751616716384888, 0.9318567514419556, 0.8798016905784607, 0.7893043160438538, 0.6455841660499573, 0.44522807002067566, 0.4277836084365845, 0.38355565071105957, 0.30642253160476685, 0.11151035130023956, 0.0777418315410614, 0.07719793915748596, 0.07215122878551483], "bboxes": [[36.77192687988281, 303.1082763671875, 234.4314727783203, 494.41241455078125], [581.5912475585938, 305.88177490234375, 758.3270874023438, 485.6143798828125], [599.868408203125, 579.909423828125, 769.534912109375, 741.5333251953125], [615.3482055664062, 28.868492126464844, 720.3493041992188, 226.00296020507812], [301.632080078125, 320.10308837890625, 506.1025390625, 488.97125244140625], [0.0, 9.65594482421875, 790.718994140625, 800.0], [291.1954040527344, 596.2244873046875, 527.2249755859375, 796.4056396484375], [414.2247619628906, 601.3045654296875, 517.4483642578125, 759.206298828125], [293.9964294433594, 595.5960083007812, 393.5397644042969, 702.4965209960938], [35.18248748779297, 672.0772094726562, 86.43499755859375, 721.2863159179688], [592.8670043945312, 641.61865234375, 632.8646850585938, 698.760498046875], [14.47039794921875, 87.34757995605469, 631.4539184570312, 528.0362548828125], [5.3675994873046875, 574.5128173828125, 258.6712646484375, 742.50634765625]]}