{"labels": [0], "scores": [0.9950404763221741], "bboxes": [[20.449798583984375, 138.47518920898438, 772.3685302734375, 715.883544921875]]}