{"labels": [0], "scores": [0.9940659999847412], "bboxes": [[139.07305908203125, 165.54583740234375, 530.3325805664062, 864.524169921875]]}