{"labels": [0, 0], "scores": [0.9800845384597778, 0.0901922881603241], "bboxes": [[204.88609313964844, 43.250091552734375, 599.1028442382812, 781.8192138671875], [591.5791625976562, 102.05780029296875, 696.9668579101562, 305.4753112792969]]}