{"labels": [0, 0, 0, 0, 0, 0, 0, 0, 0], "scores": [0.9717352986335754, 0.8950604796409607, 0.5968459248542786, 0.5963091850280762, 0.44824081659317017, 0.1841096580028534, 0.17400209605693817, 0.11154790967702866, 0.10568862408399582], "bboxes": [[371.9276428222656, 0.0, 551.3265380859375, 784.1838989257812], [580.8075561523438, 0.0, 773.6312866210938, 800.0], [29.130874633789062, 464.00665283203125, 245.1897735595703, 752.9010620117188], [590.73974609375, 4.864837646484375, 767.5020751953125, 334.8016052246094], [377.7192687988281, 1.25970458984375, 551.521484375, 324.3860778808594], [170.62820434570312, 648.2560424804688, 277.85595703125, 761.7266235351562], [92.60861206054688, 488.4652099609375, 301.6792907714844, 730.7138671875], [314.61260986328125, 0.0, 761.1198120117188, 798.151611328125], [148.39739990234375, 510.53936767578125, 305.6546325683594, 670.5344848632812]]}