{"labels": [0], "scores": [0.9991992115974426], "bboxes": [[31.0693359375, 250.42880249023438, 773.9942626953125, 566.1658935546875]]}