{"labels": [0, 0, 0], "scores": [0.9607239365577698, 0.8885996341705322, 0.8835994601249695], "bboxes": [[0.0, 185.44754028320312, 312.57452392578125, 604.2044677734375], [423.6953125, 0.0, 689.1484375, 371.0362854003906], [303.94403076171875, 350.20379638671875, 677.6578979492188, 741.1023559570312]]}