{"labels": [0], "scores": [0.9987340569496155], "bboxes": [[136.6207275390625, 62.65386962890625, 640.7008056640625, 762.1407470703125]]}