{"labels": [0, 0, 0, 0, 0, 0, 0, 0, 0], "scores": [0.967438817024231, 0.7757466435432434, 0.6921354532241821, 0.24856358766555786, 0.24044162034988403, 0.21107237040996552, 0.1935705691576004, 0.1096934825181961, 0.09009105712175369], "bboxes": [[27.277557373046875, 208.02780151367188, 759.890625, 769.93310546875], [417.25177001953125, 49.608001708984375, 782.7307739257812, 441.80328369140625], [47.54646301269531, 220.07485961914062, 509.43157958984375, 642.5589599609375], [330.4686584472656, 215.3003387451172, 758.5931396484375, 651.4367065429688], [60.43431091308594, 358.58123779296875, 407.97406005859375, 696.2360229492188], [156.53018188476562, 434.800537109375, 658.1727294921875, 782.6195068359375], [27.465499877929688, 618.0233764648438, 196.32174682617188, 780.0150756835938], [154.11773681640625, 219.26641845703125, 503.5045166015625, 472.6639404296875], [172.19570922851562, 429.78033447265625, 408.2198791503906, 757.0580444335938]]}