{"labels": [0], "scores": [0.9979352951049805], "bboxes": [[108.48117065429688, 200.8476104736328, 728.0067138671875, 640.0693359375]]}