{"labels": [0], "scores": [0.996692419052124], "bboxes": [[220.52157592773438, 73.94906616210938, 573.302734375, 717.3900146484375]]}