{"labels": [0, 0], "scores": [0.9812536835670471, 0.980830192565918], "bboxes": [[216.41680908203125, 141.85482788085938, 413.17156982421875, 728.10107421875], [429.88385009765625, 212.2395477294922, 612.2606811523438, 717.556640625]]}