{"labels": [0, 0, 0, 0, 0], "scores": [0.995298445224762, 0.9798681139945984, 0.11859358847141266, 0.07922022044658661, 0.0664193332195282], "bboxes": [[0.5755767822265625, 73.59423828125, 405.15478515625, 606.6513671875], [418.082763671875, 55.2325439453125, 773.341064453125, 636.2452392578125], [478.2183837890625, 60.271820068359375, 769.00634765625, 370.7315673828125], [24.68060302734375, 58.171783447265625, 725.3370361328125, 648.9091796875], [453.4661865234375, 336.13128662109375, 762.377685546875, 628.8899536132812]]}