{"labels": [0], "scores": [0.9987851977348328], "bboxes": [[157.82691955566406, 75.68875122070312, 655.8199462890625, 736.73095703125]]}