{"labels": [0, 0, 0, 0], "scores": [0.9979788661003113, 0.9852317571640015, 0.561279296875, 0.05566474422812462], "bboxes": [[15.373321533203125, 112.26785278320312, 428.8677062988281, 707.0872802734375], [276.14886474609375, 136.70541381835938, 724.8240966796875, 750.342041015625], [171.81686401367188, 142.18719482421875, 548.5635986328125, 761.802001953125], [337.78607177734375, 177.96054077148438, 581.1433715820312, 722.655517578125]]}