{"labels": [0, 0, 0, 0, 0, 0, 0, 0, 0], "scores": [0.7944425344467163, 0.7522004842758179, 0.6494277715682983, 0.6095353960990906, 0.2394145280122757, 0.14869871735572815, 0.1474628746509552, 0.1407197117805481, 0.14013247191905975], "bboxes": [[517.8421020507812, 462.2848815917969, 710.1417846679688, 699.537353515625], [94.53802490234375, 277.105224609375, 686.8665161132812, 736.7442626953125], [635.3248901367188, 365.313720703125, 795.4625854492188, 604.3532104492188], [176.2744598388672, 283.9992370605469, 439.62786865234375, 498.2012023925781], [330.9803771972656, 487.8720703125, 521.9729614257812, 715.068115234375], [103.18311309814453, 475.43768310546875, 347.3458251953125, 733.5104370117188], [314.9776611328125, 283.53045654296875, 608.5980224609375, 493.2440185546875], [276.29119873046875, 18.648956298828125, 530.5269775390625, 290.6873474121094], [106.79660034179688, 369.8465576171875, 453.4836120605469, 738.958984375]]}