{"labels": [0], "scores": [0.9991618394851685], "bboxes": [[31.488677978515625, 328.0124816894531, 780.6478271484375, 673.3807373046875]]}