{"labels": [0], "scores": [0.9940318465232849], "bboxes": [[61.65167236328125, 196.90045166015625, 728.118408203125, 637.0079345703125]]}