{"labels": [0], "scores": [0.997459352016449], "bboxes": [[158.49777221679688, 108.03854370117188, 636.4437255859375, 742.353271484375]]}