{"labels": [0, 0, 0], "scores": [0.9961692690849304, 0.3045153319835663, 0.19943352043628693], "bboxes": [[211.6736602783203, 77.27780151367188, 660.1592407226562, 755.1741943359375], [0.0, 180.93878173828125, 228.69091796875, 543.9426879882812], [263.0014343261719, 59.74761962890625, 409.8890686035156, 531.425537109375]]}