{"labels": [0], "scores": [0.9941486120223999], "bboxes": [[13.59613037109375, 128.63668823242188, 764.9114379882812, 712.077880859375]]}