{"labels": [0], "scores": [0.9977964162826538], "bboxes": [[177.6634063720703, 4.651519775390625, 623.8598022460938, 795.52734375]]}