{"labels": [0], "scores": [0.9603520631790161], "bboxes": [[61.50372314453125, 76.3082275390625, 751.1055297851562, 649.3558959960938]]}