{"labels": [0, 0], "scores": [0.9978199005126953, 0.20911601185798645], "bboxes": [[11.290679931640625, 28.5084228515625, 800.0, 794.2758178710938], [52.391845703125, 4.7758026123046875, 790.4902954101562, 439.5384521484375]]}