{"labels": [0], "scores": [0.9984813332557678], "bboxes": [[175.9600372314453, 54.204071044921875, 564.9757080078125, 833.4246826171875]]}