{"labels": [0, 0], "scores": [0.9910156726837158, 0.9827970266342163], "bboxes": [[9.577102661132812, 356.0618896484375, 478.583740234375, 706.257568359375], [415.67279052734375, 329.83746337890625, 790.0317993164062, 753.6268920898438]]}