{"labels": [0, 0, 0], "scores": [0.9904571175575256, 0.1733798086643219, 0.11105644702911377], "bboxes": [[188.53500366210938, 259.1987609863281, 557.713134765625, 579.9468994140625], [152.4619140625, 148.04925537109375, 730.4222412109375, 720.3674926757812], [54.02880859375, 3.8839111328125, 788.555908203125, 506.18841552734375]]}