{"labels": [0, 0, 0, 0, 0, 0, 0], "scores": [0.7872453927993774, 0.5735681653022766, 0.42787835001945496, 0.35715028643608093, 0.29138559103012085, 0.1076936349272728, 0.0557917095720768], "bboxes": [[0.0, 170.65432739257812, 198.4163818359375, 797.838134765625], [170.48667907714844, 355.17120361328125, 600.4144897460938, 570.5189208984375], [125.15940856933594, 7.9072113037109375, 625.024169921875, 284.7733154296875], [270.28302001953125, 79.23332214355469, 496.4957275390625, 231.12989807128906], [218.83132934570312, 615.9765625, 563.5467529296875, 788.4239501953125], [287.3088684082031, 404.0132141113281, 477.8859558105469, 534.4638671875], [274.2873229980469, 632.0381469726562, 477.6007385253906, 773.3132934570312]]}