{"labels": [0, 0], "scores": [0.9967266321182251, 0.07696925848722458], "bboxes": [[46.45747375488281, 93.98196411132812, 218.72462463378906, 788.253173828125], [144.26055908203125, 49.074981689453125, 772.82421875, 800.0]]}