{"labels": [0], "scores": [0.9995539784431458], "bboxes": [[25.082733154296875, 72.67098999023438, 800.0, 755.095458984375]]}