{"labels": [0, 0], "scores": [0.956926167011261, 0.908007800579071], "bboxes": [[61.39109802246094, 178.87176513671875, 488.80877685546875, 663.9183959960938], [284.59307861328125, 174.1842498779297, 767.2190551757812, 667.458740234375]]}