{"labels": [0, 0], "scores": [0.9946940541267395, 0.15820032358169556], "bboxes": [[279.404052734375, 432.85321044921875, 572.0230712890625, 647.8779907226562], [142.86773681640625, 438.89569091796875, 713.0455322265625, 783.9849243164062]]}