{"labels": [0], "scores": [0.9961035251617432], "bboxes": [[151.310546875, 74.8863525390625, 675.4462890625, 740.022216796875]]}