{"labels": [0], "scores": [0.9962648749351501], "bboxes": [[93.89073181152344, 207.35523986816406, 579.4630126953125, 682.3750610351562]]}