{"labels": [0, 0, 0, 0, 0, 0, 0, 0, 0, 0], "scores": [0.900416910648346, 0.769499659538269, 0.6987720727920532, 0.6501147150993347, 0.4744987189769745, 0.41925325989723206, 0.25665751099586487, 0.18165378272533417, 0.12560586631298065, 0.05114919692277908], "bboxes": [[82.68310546875, 174.8192138671875, 725.4002685546875, 638.4146728515625], [262.3931884765625, 401.11383056640625, 563.2564086914062, 647.7866821289062], [404.96929931640625, 171.6458740234375, 783.3815307617188, 629.687255859375], [432.24981689453125, 161.1113739013672, 698.9130249023438, 346.03240966796875], [551.7787475585938, 445.4600830078125, 766.0307006835938, 645.20703125], [188.9296875, 186.0283203125, 566.2481689453125, 432.3568115234375], [83.64018249511719, 321.2515869140625, 549.8115844726562, 652.34375], [39.648223876953125, 27.949142456054688, 208.30404663085938, 183.5560302734375], [490.50592041015625, 231.43458557128906, 773.7332153320312, 476.222412109375], [341.96331787109375, 163.4417724609375, 744.4423217773438, 437.5301513671875]]}