{"labels": [0, 0, 0, 0, 0, 0, 0, 0, 0, 0, 0, 0], "scores": [0.9115756154060364, 0.8712776303291321, 0.6819121837615967, 0.6212976574897766, 0.43024542927742004, 0.4014928936958313, 0.3716900646686554, 0.33546316623687744, 0.31271231174468994, 0.27363449335098267, 0.26491570472717285, 0.1898345649242401], "bboxes": [[59.71883010864258, 605.6937255859375, 149.4034881591797, 691.768798828125], [60.74481201171875, 218.52597045898438, 794.530029296875, 768.9241943359375], [234.51422119140625, 598.8704833984375, 320.029296875, 681.37060546875], [55.36480712890625, 524.73388671875, 317.0095520019531, 743.7119140625], [80.42939758300781, 542.0033569335938, 164.29019165039062, 618.1412963867188], [122.49354553222656, 212.645263671875, 625.8674926757812, 569.8956909179688], [142.38031005859375, 624.0189208984375, 236.15411376953125, 739.8502197265625], [113.22869873046875, 548.7286376953125, 260.96527099609375, 740.010498046875], [337.907470703125, 430.99456787109375, 770.8656005859375, 748.0993041992188], [190.89401245117188, 537.6725463867188, 272.7679748535156, 610.6902465820312], [145.92515563964844, 584.8814086914062, 230.1946258544922, 658.1074829101562], [60.15450668334961, 543.9141235351562, 162.07135009765625, 694.8333129882812]]}