{"labels": [0], "scores": [0.9978551268577576], "bboxes": [[198.41046142578125, 73.2373046875, 633.0014038085938, 722.751220703125]]}