{"labels": [0, 0, 0, 0, 0], "scores": [0.9957228899002075, 0.9751925468444824, 0.8397675156593323, 0.7212645411491394, 0.15605050325393677], "bboxes": [[110.79751586914062, 202.9798583984375, 642.048583984375, 717.163330078125], [337.2645263671875, 0.9903411865234375, 786.1778564453125, 403.96160888671875], [0.0, 518.1845092773438, 381.21673583984375, 798.3599243164062], [165.69403076171875, 36.236846923828125, 744.1576538085938, 588.6849365234375], [9.580047607421875, 332.0203857421875, 462.1968994140625, 791.0865478515625]]}