{"labels": [0, 0], "scores": [0.9901152849197388, 0.1315639615058899], "bboxes": [[132.3271484375, 169.0045166015625, 707.5012817382812, 729.8597412109375], [391.60015869140625, 168.9564971923828, 698.3665161132812, 610.582275390625]]}