{"labels": [0, 0, 0], "scores": [0.9925623536109924, 0.954761266708374, 0.14735548198223114], "bboxes": [[221.46656799316406, 58.111846923828125, 506.498291015625, 285.70050048828125], [277.9590759277344, 307.6025695800781, 506.0317687988281, 522.477783203125], [58.60728454589844, 339.16802978515625, 211.15077209472656, 493.69488525390625]]}