{"labels": [0], "scores": [0.9929798245429993], "bboxes": [[122.05203247070312, 58.634796142578125, 777.051025390625, 762.7147216796875]]}