{"labels": [0, 0], "scores": [0.9964600205421448, 0.18475769460201263], "bboxes": [[0.909881591796875, 344.7574462890625, 798.7027587890625, 684.7705078125], [110.35708618164062, 206.86380004882812, 672.496826171875, 387.1383972167969]]}