{"labels": [0], "scores": [0.9880220890045166], "bboxes": [[258.5411376953125, 160.73770141601562, 455.41058349609375, 542.3402099609375]]}