{"labels": [0, 0, 0, 0, 0, 0, 0, 0, 0, 0, 0], "scores": [0.9881479144096375, 0.9868790507316589, 0.9496646523475647, 0.7917293310165405, 0.47175589203834534, 0.31021738052368164, 0.19506050646305084, 0.17443536221981049, 0.09581835567951202, 0.060709405690431595, 0.0513732023537159], "bboxes": [[286.93792724609375, 38.78557586669922, 516.3195190429688, 268.13751220703125], [285.15093994140625, 281.66778564453125, 515.3991088867188, 509.78204345703125], [527.664794921875, 280.10675048828125, 757.2205810546875, 515.48486328125], [530.7279052734375, 39.725685119628906, 758.8304443359375, 270.6419372558594], [532.23046875, 44.95759582519531, 630.2620849609375, 213.2677459716797], [297.376220703125, 585.1195068359375, 463.09033203125, 749.8145751953125], [117.46719360351562, 572.0164794921875, 800.0, 800.0], [58.32051086425781, 353.9407958984375, 207.9698028564453, 653.9609375], [568.9949340820312, 87.58718872070312, 730.2741088867188, 245.9737548828125], [582.4788208007812, 101.12076568603516, 665.3504028320312, 233.58404541015625], [205.81593322753906, 581.3955078125, 515.4722900390625, 784.644287109375]]}