{"labels": [0, 0], "scores": [0.994509756565094, 0.09492263942956924], "bboxes": [[189.29232788085938, 207.18496704101562, 591.0384521484375, 799.795654296875], [266.72906494140625, 671.53955078125, 519.859619140625, 800.0]]}