{"labels": [0, 0], "scores": [0.9885137677192688, 0.09513718634843826], "bboxes": [[192.87252807617188, 139.55870056152344, 664.3056640625, 480.48602294921875], [178.96942138671875, 410.287109375, 670.177978515625, 800.0]]}