{"labels": [0], "scores": [0.9974863529205322], "bboxes": [[198.167236328125, 49.74981689453125, 606.2303466796875, 787.1170043945312]]}