{"labels": [0, 0, 0], "scores": [0.9809209108352661, 0.8947593569755554, 0.2088085412979126], "bboxes": [[148.901611328125, 421.72589111328125, 717.2794799804688, 771.8176879882812], [228.00881958007812, 214.4424285888672, 774.171630859375, 647.2283325195312], [50.13153076171875, 124.65966796875, 765.1348266601562, 776.927001953125]]}