{"labels": [0], "scores": [0.9981539845466614], "bboxes": [[12.5946044921875, 165.0580291748047, 795.9642333984375, 648.6566772460938]]}