{"labels": [0, 0, 0, 0, 0], "scores": [0.886639416217804, 0.8562978506088257, 0.2662716209888458, 0.19586539268493652, 0.10866884887218475], "bboxes": [[3.061248779296875, 118.66633605957031, 529.606689453125, 443.73834228515625], [120.1534423828125, 103.20388793945312, 679.7896118164062, 795.971435546875], [3.297882080078125, 25.466995239257812, 694.1163330078125, 529.860595703125], [185.39439392089844, 384.35968017578125, 655.6436157226562, 791.7516479492188], [201.3160858154297, 273.95611572265625, 660.9745483398438, 526.7521362304688]]}