{"labels": [0], "scores": [0.9991425275802612], "bboxes": [[0.0, 85.21050262451172, 698.9663696289062, 621.4891357421875]]}