{"labels": [0], "scores": [0.9975354671478271], "bboxes": [[191.08749389648438, 5.920482635498047, 514.3859252929688, 804.7466430664062]]}