{"labels": [0, 0], "scores": [0.9922826886177063, 0.5043951869010925], "bboxes": [[0.0, 62.02211380004883, 631.12939453125, 820.77978515625], [325.5627746582031, 324.5767517089844, 700.0, 806.3037109375]]}