{"labels": [0], "scores": [0.9981082677841187], "bboxes": [[107.26449584960938, 82.32382202148438, 709.1253662109375, 703.888671875]]}