{"labels": [0, 0, 0, 0, 0, 0], "scores": [0.7406554818153381, 0.5324795246124268, 0.32577094435691833, 0.3016538918018341, 0.10291755944490433, 0.05304449051618576], "bboxes": [[13.187820434570312, 232.6416473388672, 386.97735595703125, 438.95367431640625], [361.2862548828125, 0.0, 800.0, 680.3964233398438], [273.57598876953125, 595.7881469726562, 310.000732421875, 648.6050415039062], [508.09844970703125, 212.06271362304688, 662.0610961914062, 353.7302551269531], [37.663116455078125, 0.0, 777.1043701171875, 766.0125122070312], [0.0, 127.843505859375, 451.1824951171875, 747.193115234375]]}