{"labels": [0], "scores": [0.9986400008201599], "bboxes": [[26.70428466796875, 182.33322143554688, 763.9452514648438, 626.739501953125]]}