{"labels": [0], "scores": [0.9968571662902832], "bboxes": [[117.51470947265625, 39.40643310546875, 689.3473510742188, 785.8731079101562]]}