{"labels": [0, 0], "scores": [0.99378502368927, 0.9108723402023315], "bboxes": [[272.7752990722656, 0.1536407470703125, 573.484130859375, 243.3089599609375], [259.4432373046875, 344.605224609375, 594.9962158203125, 800.0]]}