{"labels": [0], "scores": [0.9989129304885864], "bboxes": [[2.24267578125, 218.40460205078125, 781.6395263671875, 763.9010620117188]]}