{"labels": [0, 0, 0, 0, 0, 0, 0, 0, 0, 0, 0, 0, 0], "scores": [0.9883571267127991, 0.6506488919258118, 0.37512701749801636, 0.19579723477363586, 0.17996720969676971, 0.14625072479248047, 0.12157726287841797, 0.11851570755243301, 0.08996584266424179, 0.07722780853509903, 0.06778997927904129, 0.06005420908331871, 0.05430055782198906], "bboxes": [[55.878997802734375, 234.9039764404297, 585.8026123046875, 657.7344360351562], [107.54185485839844, 209.40316772460938, 221.27537536621094, 388.3638000488281], [755.3045043945312, 127.94439697265625, 772.7859497070312, 147.09439086914062], [757.4794921875, 143.45350646972656, 794.019287109375, 159.45350646972656], [448.1556091308594, 136.60586547851562, 479.1687927246094, 149.30230712890625], [243.12411499023438, 121.89512634277344, 278.7248229980469, 167.0094757080078], [744.0469970703125, 127.45784759521484, 793.33935546875, 159.32666015625], [280.5570068359375, 129.5192413330078, 305.83306884765625, 150.65980529785156], [277.0262145996094, 130.52793884277344, 316.4682312011719, 167.7941436767578], [253.03521728515625, 121.01589965820312, 274.49505615234375, 138.4586181640625], [245.52407836914062, 132.59963989257812, 272.9975891113281, 161.4801025390625], [711.0807495117188, 126.21142578125, 776.7581176757812, 161.1602783203125], [756.5581665039062, 127.69677734375, 780.8917846679688, 157.53366088867188]]}