{"labels": [0, 0, 0], "scores": [0.9971185922622681, 0.9885309934616089, 0.9880279302597046], "bboxes": [[146.7475128173828, 4.404937744140625, 655.650146484375, 796.2117919921875], [493.5771789550781, 539.71484375, 622.72021484375, 635.808837890625], [345.04791259765625, 560.4625244140625, 477.71063232421875, 655.410888671875]]}