{"labels": [0, 0, 0, 0, 0, 0, 0, 0, 0], "scores": [0.9908900856971741, 0.9879504442214966, 0.985323965549469, 0.9818834066390991, 0.6791272759437561, 0.40215882658958435, 0.15981754660606384, 0.09759987145662308, 0.08874495327472687], "bboxes": [[65.26976013183594, 58.14996337890625, 207.9762420654297, 684.2793579101562], [350.6796875, 103.54388427734375, 547.4154663085938, 734.65283203125], [155.13864135742188, 105.094482421875, 352.4206848144531, 735.5122680664062], [551.41552734375, 108.24630737304688, 735.9407958984375, 732.5869140625], [483.729248046875, 62.623809814453125, 606.560302734375, 697.1116943359375], [289.2060546875, 56.132843017578125, 407.08587646484375, 699.0521240234375], [303.1684875488281, 56.802154541015625, 399.8771667480469, 285.6995544433594], [498.8011169433594, 55.62617492675781, 595.2298583984375, 283.9219970703125], [129.15927124023438, 60.481292724609375, 686.8377685546875, 744.4559326171875]]}