{"labels": [0], "scores": [0.9979403614997864], "bboxes": [[247.8916778564453, 56.194732666015625, 555.4410400390625, 760.2032470703125]]}