{"labels": [0, 0], "scores": [0.9964444041252136, 0.995599627494812], "bboxes": [[204.80804443359375, 142.57827758789062, 769.6071166992188, 720.02880859375], [2.2400360107421875, 129.53271484375, 342.05621337890625, 643.1163330078125]]}