{"labels": [0], "scores": [0.9979255199432373], "bboxes": [[147.95962524414062, 1.425140380859375, 551.9190673828125, 795.902587890625]]}