{"labels": [0, 0, 0, 0], "scores": [0.9654274582862854, 0.9537972807884216, 0.38986697793006897, 0.05600696802139282], "bboxes": [[12.64404296875, 454.27435302734375, 425.88934326171875, 687.7479858398438], [25.010650634765625, 249.55804443359375, 743.148681640625, 706.530029296875], [440.111083984375, 239.58753967285156, 779.861328125, 697.8306884765625], [131.50619506835938, 0.0, 475.4489440917969, 279.75860595703125]]}