{"labels": [0], "scores": [0.9983351826667786], "bboxes": [[76.75653076171875, 163.51934814453125, 711.0996704101562, 744.806884765625]]}