{"labels": [0, 0], "scores": [0.9931269884109497, 0.08464041352272034], "bboxes": [[10.36431884765625, 3.133453369140625, 677.5112915039062, 728.1629638671875], [575.2266845703125, 327.401123046875, 789.689208984375, 627.7786865234375]]}