{"labels": [0, 0], "scores": [0.9806483387947083, 0.09821674972772598], "bboxes": [[226.62741088867188, 193.52609252929688, 538.1514892578125, 771.8348388671875], [225.5391082763672, 205.009765625, 545.1326904296875, 347.186767578125]]}