{"labels": [0, 0], "scores": [0.9918193817138672, 0.10086441785097122], "bboxes": [[226.50210571289062, 169.53482055664062, 582.76318359375, 626.2069091796875], [239.40896606445312, 566.1544799804688, 528.74072265625, 800.0]]}