{"labels": [0], "scores": [0.9980170726776123], "bboxes": [[209.05308532714844, 7.14007568359375, 629.71533203125, 791.8604125976562]]}