{"labels": [0], "scores": [0.9951832890510559], "bboxes": [[77.61929321289062, 99.16311645507812, 725.3758544921875, 716.779296875]]}