{"labels": [0, 0], "scores": [0.9966758489608765, 0.9375990629196167], "bboxes": [[23.083953857421875, 226.276123046875, 782.0406494140625, 765.0941162109375], [176.34738159179688, 94.70580291748047, 486.8716735839844, 342.3382263183594]]}