{"labels": [0], "scores": [0.9775879383087158], "bboxes": [[47.96478271484375, 138.26980590820312, 778.7368774414062, 688.3734130859375]]}