{"labels": [0], "scores": [0.9966046810150146], "bboxes": [[95.79280090332031, 51.976226806640625, 394.8780517578125, 796.8885498046875]]}