{"labels": [0, 0, 0, 0, 0], "scores": [0.9980083107948303, 0.9896266460418701, 0.9774529933929443, 0.510786771774292, 0.22938582301139832], "bboxes": [[73.67550659179688, 207.76914978027344, 715.5872802734375, 599.5623779296875], [469.6672058105469, 18.026336669921875, 796.631591796875, 403.7877502441406], [48.664794921875, 13.867431640625, 317.9661560058594, 401.46063232421875], [270.3730163574219, 1.9845428466796875, 499.9915466308594, 257.66717529296875], [197.48654174804688, 5.5279693603515625, 761.9681396484375, 427.7437744140625]]}