{"labels": [0], "scores": [0.9990634322166443], "bboxes": [[135.54489135742188, 141.39552307128906, 583.078125, 816.4017333984375]]}