{"labels": [0], "scores": [0.9994798302650452], "bboxes": [[22.659332275390625, 61.507415771484375, 767.1021728515625, 754.78271484375]]}