{"labels": [0], "scores": [0.9985129237174988], "bboxes": [[226.44256591796875, 52.409759521484375, 536.1158447265625, 705.1043701171875]]}