{"labels": [0], "scores": [0.997093677520752], "bboxes": [[235.83920288085938, 68.52896118164062, 525.5322265625, 761.679931640625]]}