{"labels": [0, 0, 0, 0, 0], "scores": [0.9922099113464355, 0.9896135926246643, 0.13128209114074707, 0.08177929371595383, 0.05387318879365921], "bboxes": [[486.9541015625, 43.760833740234375, 561.221435546875, 713.4698486328125], [2.114166259765625, 433.5347900390625, 326.556396484375, 743.686767578125], [238.8660888671875, 30.710845947265625, 704.6997680664062, 728.055908203125], [256.6042785644531, 461.8193054199219, 446.3456726074219, 712.3422241210938], [429.7564697265625, 44.8623046875, 611.8961181640625, 716.2971801757812]]}