{"labels": [0, 0], "scores": [0.997116208076477, 0.9509721398353577], "bboxes": [[10.75872802734375, 13.44219970703125, 719.8865966796875, 793.0194091796875], [329.0055236816406, 61.52650451660156, 793.3876953125, 524.2843017578125]]}