{"labels": [0], "scores": [0.9978607296943665], "bboxes": [[67.00946044921875, 145.0833740234375, 717.3342895507812, 668.3176879882812]]}