{"labels": [0, 0], "scores": [0.9976193308830261, 0.9966291785240173], "bboxes": [[72.97242736816406, 126.41522216796875, 410.96270751953125, 700.6090087890625], [421.3088073730469, 113.8895263671875, 731.2471923828125, 757.9331665039062]]}