{"labels": [0, 0, 0, 0], "scores": [0.98967045545578, 0.9893752336502075, 0.9784498810768127, 0.05975586548447609], "bboxes": [[102.43618774414062, 74.04185485839844, 702.646728515625, 289.89111328125], [87.34976196289062, 268.9571533203125, 586.9552001953125, 462.946533203125], [190.22100830078125, 461.4879455566406, 574.2191772460938, 695.0706787109375], [77.99496459960938, 157.46505737304688, 659.6138916015625, 628.478515625]]}