{"labels": [0, 0, 0, 0], "scores": [0.9574339985847473, 0.8894288539886475, 0.8139896988868713, 0.773735761642456], "bboxes": [[0.116607666015625, 203.71473693847656, 322.74664306640625, 501.31396484375], [0.0, 13.5604248046875, 800.0, 752.4163208007812], [233.92428588867188, 318.8983459472656, 800.0, 707.611572265625], [450.595458984375, 80.16629028320312, 707.29541015625, 349.00994873046875]]}