{"labels": [0, 0], "scores": [0.9637642502784729, 0.9512658715248108], "bboxes": [[355.0301818847656, 359.1270446777344, 664.973388671875, 673.4708251953125], [135.13241577148438, 124.80546569824219, 543.6563720703125, 445.4093017578125]]}