{"labels": [0, 0, 0], "scores": [0.9591625928878784, 0.9216668605804443, 0.256246954202652], "bboxes": [[197.41561889648438, 162.92417907714844, 781.2945556640625, 396.73529052734375], [28.380889892578125, 169.20599365234375, 800.0, 678.7406616210938], [172.35162353515625, 320.62841796875, 791.0865478515625, 626.2532348632812]]}