{"labels": [0], "scores": [0.9988279938697815], "bboxes": [[53.59564208984375, 208.83135986328125, 750.8722534179688, 747.9152221679688]]}