{"labels": [0, 0], "scores": [0.9909186363220215, 0.5629715919494629], "bboxes": [[141.20542907714844, 190.834716796875, 592.1508178710938, 704.4818725585938], [293.7972412109375, 591.9969482421875, 570.4942016601562, 796.162841796875]]}