{"labels": [0], "scores": [0.9931010007858276], "bboxes": [[6.87225341796875, 346.7180480957031, 790.2581787109375, 533.5316162109375]]}