{"labels": [0, 0], "scores": [0.9966777563095093, 0.08536802977323532], "bboxes": [[110.66458129882812, 386.25335693359375, 685.1551513671875, 736.9589233398438], [193.8358917236328, 324.7523193359375, 467.50213623046875, 512.154541015625]]}