{"labels": [0], "scores": [0.9968256950378418], "bboxes": [[0.0, 8.67547607421875, 783.2296752929688, 800.0]]}