{"labels": [0], "scores": [0.998490571975708], "bboxes": [[153.01925659179688, 33.62469482421875, 642.1834716796875, 783.5929565429688]]}