{"labels": [0], "scores": [0.9987295269966125], "bboxes": [[79.4024658203125, 367.0543518066406, 717.3326416015625, 723.3721923828125]]}