{"labels": [0, 0], "scores": [0.9935303330421448, 0.7092030048370361], "bboxes": [[97.81353759765625, 123.39608764648438, 690.8278198242188, 738.9998779296875], [448.22039794921875, 474.30499267578125, 728.6558227539062, 763.4152221679688]]}