{"labels": [0, 0], "scores": [0.9830363392829895, 0.36144375801086426], "bboxes": [[169.1961212158203, 125.01754760742188, 547.5000610351562, 744.7276611328125], [380.4906311035156, 117.59518432617188, 539.3265380859375, 759.63623046875]]}