{"labels": [0, 0, 0], "scores": [0.9943339824676514, 0.6091275215148926, 0.058464501053094864], "bboxes": [[130.459228515625, 57.9609375, 659.5643310546875, 663.0509643554688], [136.33888244628906, 666.8555908203125, 640.1583251953125, 749.14453125], [224.99710083007812, 59.498504638671875, 582.3284912109375, 428.5583190917969]]}