{"labels": [0, 0, 0], "scores": [0.993668258190155, 0.16658326983451843, 0.06091662868857384], "bboxes": [[33.881256103515625, 238.61029052734375, 756.10205078125, 685.4408569335938], [269.3990478515625, 77.09133911132812, 516.3782958984375, 223.14166259765625], [476.8150329589844, 106.40892791748047, 672.37255859375, 206.6868896484375]]}