{"labels": [0, 0, 0, 0, 0, 0], "scores": [0.9857219457626343, 0.98248690366745, 0.981084942817688, 0.9532211422920227, 0.9486321210861206, 0.31389540433883667], "bboxes": [[467.35052490234375, 230.77935791015625, 800.0, 370.317138671875], [1.4076690673828125, 270.26849365234375, 430.5858154296875, 730.6162109375], [464.54339599609375, 427.775634765625, 797.2661743164062, 576.8541259765625], [470.41485595703125, 32.91807556152344, 772.2092895507812, 170.25355529785156], [460.50701904296875, 640.0845947265625, 797.8649291992188, 788.10791015625], [110.81935119628906, 88.4464111328125, 309.6807861328125, 196.83786010742188]]}