{"labels": [0, 0, 0], "scores": [0.9883533120155334, 0.9838984608650208, 0.05496993288397789], "bboxes": [[238.219970703125, 266.71453857421875, 709.6150512695312, 690.9349975585938], [116.05293273925781, 131.55894470214844, 525.0047607421875, 553.31494140625], [341.161376953125, 130.85830688476562, 662.9405517578125, 399.4191589355469]]}