{"labels": [0], "scores": [0.9968439340591431], "bboxes": [[137.20692443847656, 198.43792724609375, 574.21435546875, 702.2517700195312]]}