{"labels": [0, 0], "scores": [0.9980911612510681, 0.16792303323745728], "bboxes": [[27.205352783203125, 133.56768798828125, 777.76611328125, 718.7680053710938], [12.030174255371094, 223.66024780273438, 257.06158447265625, 437.3229064941406]]}