{"labels": [0, 0, 0, 0], "scores": [0.9417158365249634, 0.7695134282112122, 0.7124159932136536, 0.2338775247335434], "bboxes": [[388.508544921875, 83.42819213867188, 770.828125, 757.697998046875], [44.58650207519531, 105.58871459960938, 382.760498046875, 595.0450439453125], [59.86149597167969, 409.0113525390625, 360.76898193359375, 744.6412353515625], [58.00848388671875, 79.11642456054688, 588.4324951171875, 758.488037109375]]}