{"labels": [0, 0, 0], "scores": [0.9934913516044617, 0.40667301416397095, 0.0730162262916565], "bboxes": [[17.0703125, 119.00958251953125, 782.6534423828125, 724.9691162109375], [269.3989562988281, 553.291748046875, 481.2191467285156, 728.5677490234375], [351.277099609375, 138.87286376953125, 713.787841796875, 477.0479736328125]]}