{"labels": [0], "scores": [0.9956766963005066], "bboxes": [[268.1936340332031, 17.370086669921875, 792.7998046875, 745.52099609375]]}