{"labels": [0], "scores": [0.9989640712738037], "bboxes": [[149.0914306640625, 42.644195556640625, 672.9502563476562, 765.760498046875]]}