{"labels": [0], "scores": [0.999060332775116], "bboxes": [[17.0230712890625, 186.31454467773438, 768.1690063476562, 724.0750732421875]]}