{"labels": [0, 0], "scores": [0.9719271659851074, 0.9078860282897949], "bboxes": [[349.4038391113281, 38.17724609375, 642.5870361328125, 746.1834106445312], [149.51953125, 32.801239013671875, 391.79693603515625, 763.345703125]]}