{"labels": [0, 0, 0, 0, 0, 0], "scores": [0.9932636022567749, 0.9493640065193176, 0.7280122637748718, 0.20488886535167694, 0.10913780331611633, 0.06824588775634766], "bboxes": [[353.2481689453125, 354.5341491699219, 771.822021484375, 671.4404296875], [35.1336669921875, 236.13955688476562, 457.5252380371094, 603.9248046875], [120.1530532836914, 592.4549560546875, 370.1786804199219, 780.384521484375], [94.93055725097656, 371.21636962890625, 340.57904052734375, 586.5940551757812], [173.66070556640625, 264.9548034667969, 751.54052734375, 694.1451416015625], [609.6326293945312, 606.8636474609375, 792.5497436523438, 740.9664306640625]]}