{"labels": [0, 0, 0, 0], "scores": [0.9946240186691284, 0.9900701642036438, 0.8846633434295654, 0.054824087768793106], "bboxes": [[77.03605651855469, 19.910797119140625, 422.79559326171875, 760.95361328125], [392.2395935058594, 34.40289306640625, 740.17919921875, 754.2296142578125], [66.29293823242188, 16.55908203125, 753.8797607421875, 772.4324340820312], [73.1192626953125, 379.7218017578125, 412.0446472167969, 741.2332763671875]]}