{"labels": [0], "scores": [0.9986048340797424], "bboxes": [[186.20999145507812, 5.409820556640625, 604.5850830078125, 789.72021484375]]}