{"labels": [0, 0, 0], "scores": [0.995978593826294, 0.18434733152389526, 0.08118405193090439], "bboxes": [[206.713134765625, 95.15001678466797, 502.1155700683594, 497.8342590332031], [2.805004119873047, 608.78466796875, 538.4169311523438, 896.0], [274.58648681640625, 735.0599975585938, 418.5301818847656, 874.8800048828125]]}