{"labels": [0, 0, 0, 0, 0, 0, 0, 0], "scores": [0.9878886342048645, 0.9842627048492432, 0.9597534537315369, 0.44811102747917175, 0.41379329562187195, 0.3688676953315735, 0.1885741949081421, 0.09263662248849869], "bboxes": [[246.85287475585938, 148.12948608398438, 524.3834228515625, 519.7564697265625], [106.78251647949219, 330.41839599609375, 284.85101318359375, 564.7508544921875], [542.4981079101562, 317.3345031738281, 750.1550903320312, 552.357666015625], [114.13877868652344, 364.45343017578125, 278.4913330078125, 736.8757934570312], [332.381591796875, 503.18511962890625, 456.3226318359375, 724.0775756835938], [604.1110229492188, 539.1825561523438, 723.1792602539062, 754.8666381835938], [137.07620239257812, 547.2962646484375, 256.5380554199219, 736.1800537109375], [125.458251953125, 708.2252197265625, 234.8348388671875, 789.613037109375]]}