{"labels": [0], "scores": [0.9971691966056824], "bboxes": [[49.60675048828125, 160.14373779296875, 746.3899536132812, 773.3926391601562]]}