{"labels": [0], "scores": [0.9908630847930908], "bboxes": [[98.09039306640625, 300.7789611816406, 709.3938598632812, 498.2548522949219]]}