{"labels": [0, 0, 0, 0, 0], "scores": [0.9888455271720886, 0.8144480586051941, 0.7811750769615173, 0.4598899185657501, 0.25730887055397034], "bboxes": [[46.42485046386719, 118.8323974609375, 460.91131591796875, 336.94488525390625], [486.84185791015625, 118.76766967773438, 793.3069458007812, 358.9983825683594], [386.43316650390625, 409.34552001953125, 695.1873168945312, 664.4675903320312], [207.09896850585938, 449.1120910644531, 328.9140319824219, 569.36572265625], [71.90998840332031, 447.4234313964844, 197.7993621826172, 569.6344604492188]]}