{"labels": [0, 0, 0], "scores": [0.9883365035057068, 0.7150219678878784, 0.07299268990755081], "bboxes": [[257.7423095703125, 167.85604858398438, 638.65380859375, 774.3477783203125], [81.8008041381836, 571.0632934570312, 279.53741455078125, 681.6657104492188], [401.8789978027344, 106.845458984375, 794.139404296875, 793.0631713867188]]}