{"labels": [0], "scores": [0.998860239982605], "bboxes": [[100.22805786132812, 1.34771728515625, 690.76611328125, 800.0]]}