{"labels": [0, 0], "scores": [0.9966188669204712, 0.09233871102333069], "bboxes": [[139.25784301757812, 57.223175048828125, 667.380615234375, 756.722412109375], [310.2522888183594, 300.0643615722656, 494.4682922363281, 474.5199890136719]]}