{"labels": [0, 0, 0, 0, 0, 0], "scores": [0.911935567855835, 0.20747333765029907, 0.08790534734725952, 0.06829452514648438, 0.0616406612098217, 0.05789151042699814], "bboxes": [[175.70924377441406, 29.032806396484375, 635.3984985351562, 775.8470458984375], [222.77774047851562, 84.57911682128906, 476.6402282714844, 521.1105346679688], [342.40985107421875, 21.443023681640625, 539.0902709960938, 491.8950500488281], [387.5721435546875, 133.13656616210938, 682.3253173828125, 682.0831298828125], [437.48968505859375, 129.5794219970703, 674.2833862304688, 476.18560791015625], [234.2936553955078, 275.23162841796875, 550.9011840820312, 761.0534057617188]]}