{"labels": [0, 0, 0, 0], "scores": [0.9957302212715149, 0.995376706123352, 0.9929221868515015, 0.9924524426460266], "bboxes": [[30.916015625, 168.4435577392578, 373.5473327636719, 377.51312255859375], [425.55694580078125, 157.90394592285156, 779.2528686523438, 388.16162109375], [427.4676513671875, 515.1444091796875, 778.9354248046875, 779.3770751953125], [20.735061645507812, 506.93994140625, 385.50341796875, 789.679443359375]]}