{"labels": [0, 0], "scores": [0.9962933659553528, 0.06056356057524681], "bboxes": [[1.49267578125, 85.91226196289062, 555.649658203125, 795.0130615234375], [0.0, 89.7574462890625, 223.07537841796875, 776.5086059570312]]}