{"labels": [0, 0, 0, 0, 0, 0], "scores": [0.9775222539901733, 0.6868103742599487, 0.32208743691444397, 0.1250039041042328, 0.10205183923244476, 0.10053349286317825], "bboxes": [[199.02737426757812, 351.69085693359375, 602.411376953125, 755.4600219726562], [191.94224548339844, 72.26947021484375, 659.0230712890625, 771.352294921875], [276.102783203125, 119.45945739746094, 786.8636474609375, 556.3567504882812], [393.2978515625, 117.41392517089844, 606.7528076171875, 525.4761962890625], [196.8282470703125, 71.61953735351562, 488.21624755859375, 564.1029052734375], [330.307373046875, 156.23516845703125, 629.7333984375, 677.956787109375]]}