{"labels": [0, 0, 0], "scores": [0.8966954946517944, 0.8487048149108887, 0.09033934772014618], "bboxes": [[122.80514526367188, 170.62779235839844, 429.3314514160156, 577.22509765625], [231.9047393798828, 185.70120239257812, 660.3522338867188, 736.7232666015625], [5.11749267578125, 100.03524780273438, 684.2619018554688, 799.4989013671875]]}