{"labels": [0, 0], "scores": [0.9935324192047119, 0.8033554553985596], "bboxes": [[21.6458740234375, 10.54339599609375, 636.7369384765625, 782.2318115234375], [292.3446350097656, 215.6160888671875, 659.76171875, 669.945556640625]]}