{"labels": [0], "scores": [0.9990193843841553], "bboxes": [[209.81761169433594, 28.7724609375, 567.9093017578125, 763.317626953125]]}