{"labels": [0, 0], "scores": [0.9896337985992432, 0.07652349025011063], "bboxes": [[0.0, 134.901611328125, 787.498779296875, 800.0], [0.0, 34.29396057128906, 777.3369750976562, 517.1857299804688]]}