{"labels": [0], "scores": [0.9988246560096741], "bboxes": [[19.882537841796875, 196.3443603515625, 780.788818359375, 586.2076416015625]]}