{"labels": [0], "scores": [0.9761536717414856], "bboxes": [[228.35267639160156, 47.38252639770508, 520.0372924804688, 699.4764404296875]]}