{"labels": [0, 0, 0, 0, 0], "scores": [0.9661375284194946, 0.8580071330070496, 0.49095872044563293, 0.33703112602233887, 0.061458028852939606], "bboxes": [[305.240966796875, 18.29815673828125, 711.0426025390625, 770.7750854492188], [104.65748596191406, 79.78829956054688, 443.28717041015625, 799.1263427734375], [319.76824951171875, 54.80206298828125, 450.5201416015625, 513.131103515625], [394.4036865234375, 606.2362670898438, 590.8560791015625, 795.2481079101562], [364.45538330078125, 516.2088623046875, 632.957763671875, 796.6749267578125]]}