{"labels": [0], "scores": [0.9800859093666077], "bboxes": [[0.21142578125, 193.24423217773438, 509.410400390625, 732.7381591796875]]}