{"labels": [0], "scores": [0.9991218447685242], "bboxes": [[17.791168212890625, 7.811614990234375, 771.9906005859375, 738.1700439453125]]}