{"labels": [0, 0, 0, 0], "scores": [0.9724701046943665, 0.3849819600582123, 0.346863716840744, 0.06148730218410492], "bboxes": [[158.29928588867188, 117.80712890625, 715.283203125, 736.78173828125], [186.21229553222656, 222.37635803222656, 308.5467224121094, 617.1212768554688], [147.69580078125, 458.61187744140625, 676.7670288085938, 769.8673706054688], [543.5755004882812, 577.6981811523438, 635.2968139648438, 742.7905883789062]]}