{"labels": [0], "scores": [0.9983755350112915], "bboxes": [[0.0, 126.26138305664062, 795.852783203125, 666.609375]]}