{"labels": [0, 0], "scores": [0.991356611251831, 0.07788686454296112], "bboxes": [[95.4149169921875, 16.253536224365234, 560.9265747070312, 841.910400390625], [0.0, 18.748760223388672, 187.433837890625, 845.8948364257812]]}