{"labels": [0], "scores": [0.9879471659660339], "bboxes": [[36.761383056640625, 20.87646484375, 800.0, 765.8051147460938]]}