{"labels": [0, 0, 0, 0, 0, 0, 0], "scores": [0.9794824719429016, 0.9727678298950195, 0.9654489159584045, 0.42588919401168823, 0.06407460570335388, 0.053216442465782166, 0.051400087773799896], "bboxes": [[249.52435302734375, 29.552352905273438, 602.5518188476562, 402.96246337890625], [25.83978271484375, 331.8114013671875, 420.4126281738281, 744.1580810546875], [418.52069091796875, 321.8181457519531, 769.2470092773438, 711.5802001953125], [35.000640869140625, 54.537200927734375, 218.32992553710938, 333.5500793457031], [0.3707542419433594, 151.0189208984375, 62.7363166809082, 302.4629821777344], [120.8172607421875, 268.1622009277344, 724.2899780273438, 733.6944580078125], [94.99311065673828, 96.84952545166016, 117.83983612060547, 117.7256851196289]]}