{"labels": [0, 0, 0, 0], "scores": [0.9289490580558777, 0.7490610480308533, 0.1861361414194107, 0.05964105576276779], "bboxes": [[178.2217254638672, 116.37826538085938, 652.0706176757812, 654.366943359375], [202.60354614257812, 94.05001831054688, 446.6233825683594, 647.55810546875], [77.65254211425781, 113.33294677734375, 389.79840087890625, 656.2360229492188], [79.79686737060547, 396.808837890625, 254.11392211914062, 661.9957275390625]]}