{"labels": [0, 0], "scores": [0.9904230833053589, 0.05161083862185478], "bboxes": [[203.96180725097656, 61.621673583984375, 581.0269165039062, 758.8529052734375], [19.247222900390625, 16.613739013671875, 476.2735900878906, 789.7894287109375]]}