{"labels": [0], "scores": [0.9989725351333618], "bboxes": [[8.26080322265625, 211.23526000976562, 788.55908203125, 640.0994873046875]]}