{"labels": [0, 0, 0, 0], "scores": [0.9862602353096008, 0.9815529584884644, 0.07454212754964828, 0.05190620943903923], "bboxes": [[460.9747314453125, 166.3826904296875, 729.02978515625, 623.5347290039062], [77.01277160644531, 170.95632934570312, 317.591796875, 603.59716796875], [604.3096923828125, 664.6631469726562, 697.1378173828125, 751.5755004882812], [116.94273376464844, 694.7608642578125, 386.480712890625, 797.629150390625]]}