{"labels": [0], "scores": [0.9990864992141724], "bboxes": [[12.54718017578125, 81.68667602539062, 786.4644165039062, 711.424560546875]]}