{"labels": [0], "scores": [0.9905597567558289], "bboxes": [[129.98269653320312, 342.62945556640625, 674.9381103515625, 684.5571899414062]]}