{"labels": [0], "scores": [0.9979172348976135], "bboxes": [[34.080352783203125, 132.93507385253906, 710.9393310546875, 642.0579833984375]]}