{"labels": [0], "scores": [0.998427152633667], "bboxes": [[6.70892333984375, 239.18185424804688, 786.517333984375, 637.5677490234375]]}