{"labels": [0], "scores": [0.9978235960006714], "bboxes": [[84.61141967773438, 143.9149169921875, 636.4344482421875, 729.7606201171875]]}