{"labels": [0], "scores": [0.9988681077957153], "bboxes": [[64.94180297851562, 248.89370727539062, 743.978271484375, 484.3650207519531]]}