{"labels": [0, 0], "scores": [0.9940242171287537, 0.21242907643318176], "bboxes": [[258.37957763671875, 227.92715454101562, 530.5223388671875, 681.064453125], [330.0250244140625, 601.7045288085938, 588.975830078125, 800.0]]}