{"labels": [0, 0], "scores": [0.9939067959785461, 0.5951133370399475], "bboxes": [[204.4531707763672, 198.16372680664062, 589.8629150390625, 796.413330078125], [266.9932861328125, 669.6209716796875, 522.8649291992188, 799.356201171875]]}