{"labels": [0], "scores": [0.9978957176208496], "bboxes": [[182.3823699951172, 24.01727294921875, 678.3153076171875, 784.9491577148438]]}