{"labels": [0], "scores": [0.9992558360099792], "bboxes": [[89.08895874023438, 60.51849365234375, 662.5345458984375, 659.34521484375]]}