{"labels": [0, 0, 0], "scores": [0.9915257096290588, 0.6647465229034424, 0.26621776819229126], "bboxes": [[120.14962768554688, 255.795654296875, 675.9794921875, 705.4303588867188], [663.0866088867188, 103.75057983398438, 715.1383666992188, 236.0592041015625], [77.29771423339844, 102.4048843383789, 131.69837951660156, 234.03125]]}