{"labels": [0], "scores": [0.9982411861419678], "bboxes": [[172.5834503173828, 13.323760986328125, 629.9901733398438, 799.20263671875]]}