{"labels": [0], "scores": [0.995542585849762], "bboxes": [[155.5682373046875, 197.34849548339844, 701.1919555664062, 708.702880859375]]}