{"labels": [0], "scores": [0.9991210103034973], "bboxes": [[31.07989501953125, 174.46849060058594, 761.2113037109375, 567.7222290039062]]}