{"labels": [0], "scores": [0.9952432513237], "bboxes": [[171.9389190673828, 84.22695922851562, 621.7468872070312, 782.45849609375]]}