{"labels": [0, 0, 0], "scores": [0.9985853433609009, 0.906444787979126, 0.08394135534763336], "bboxes": [[34.019622802734375, 375.21856689453125, 731.760498046875, 699.3405151367188], [526.828125, 107.79670715332031, 800.0, 372.66583251953125], [4.3423309326171875, 1.5220947265625, 316.79669189453125, 304.52239990234375]]}