{"labels": [0, 0, 0, 0, 0, 0], "scores": [0.8963445425033569, 0.5133182406425476, 0.3859279453754425, 0.3531283140182495, 0.2263139933347702, 0.05387119948863983], "bboxes": [[87.91207885742188, 50.5416259765625, 697.3546142578125, 736.1585693359375], [102.59767150878906, 204.81903076171875, 416.42132568359375, 645.738037109375], [366.4608459472656, 589.6871948242188, 450.6036682128906, 712.5765991210938], [376.440185546875, 58.86827087402344, 608.6815185546875, 259.54364013671875], [242.70474243164062, 207.12722778320312, 788.149169921875, 711.852783203125], [351.9029235839844, 363.8896484375, 709.0341796875, 711.54248046875]]}