{"labels": [0, 0, 0], "scores": [0.9980814456939697, 0.41219228506088257, 0.20499074459075928], "bboxes": [[18.537506103515625, 144.834228515625, 798.260498046875, 662.79345703125], [207.92135620117188, 139.3892364501953, 329.5589904785156, 375.51336669921875], [473.80023193359375, 138.7976531982422, 590.1323852539062, 386.31195068359375]]}