{"labels": [0, 0], "scores": [0.9948912858963013, 0.15185730159282684], "bboxes": [[103.34017944335938, 34.0941162109375, 666.4991455078125, 750.393310546875], [441.2186279296875, 557.1887817382812, 747.52294921875, 651.8379516601562]]}