{"labels": [0, 0, 0, 0], "scores": [0.9782636761665344, 0.9715867638587952, 0.1747209131717682, 0.07192536443471909], "bboxes": [[258.57525634765625, 334.07073974609375, 746.1256713867188, 703.9559936523438], [15.43756103515625, 15.68792724609375, 570.7757568359375, 754.0086669921875], [587.633544921875, 533.0469970703125, 753.6409912109375, 690.53369140625], [30.051437377929688, 316.47174072265625, 421.26397705078125, 749.7687377929688]]}