{"labels": [0, 0, 0, 0, 0, 0, 0, 0, 0, 0, 0], "scores": [0.9669977426528931, 0.8443523049354553, 0.7012103796005249, 0.6640363931655884, 0.5997767448425293, 0.3674905300140381, 0.1766311377286911, 0.12763026356697083, 0.07688648998737335, 0.05736032873392105, 0.05593825876712799], "bboxes": [[67.2989501953125, 57.938629150390625, 678.95458984375, 676.2958984375], [523.854736328125, 462.53729248046875, 688.3592529296875, 607.1486206054688], [48.94795227050781, 458.44384765625, 199.8423309326172, 598.6873779296875], [113.56565856933594, 491.6031188964844, 270.50677490234375, 643.3649291992188], [598.5167236328125, 418.5378112792969, 743.5986328125, 544.5942993164062], [103.3922119140625, 57.928955078125, 637.0790405273438, 398.779541015625], [207.2560577392578, 293.7215576171875, 331.5919494628906, 509.6746826171875], [517.207275390625, 376.3852844238281, 686.71728515625, 531.3598022460938], [530.232666015625, 399.86749267578125, 734.9854736328125, 587.14111328125], [114.00689697265625, 200.9031524658203, 632.9984741210938, 455.31219482421875], [28.486297607421875, 322.11419677734375, 786.778076171875, 752.2715454101562]]}