{"labels": [0, 0], "scores": [0.9973018169403076, 0.5122532248497009], "bboxes": [[0.39996337890625, 1.411651611328125, 797.5305786132812, 787.916015625], [294.2196960449219, 62.859588623046875, 743.9244384765625, 388.6186218261719]]}