{"labels": [0, 0, 0, 0], "scores": [0.9120255708694458, 0.8718523979187012, 0.38418295979499817, 0.24277150630950928], "bboxes": [[243.80262756347656, 353.16326904296875, 544.3916015625, 569.9035034179688], [88.00518798828125, 374.16748046875, 726.7208862304688, 789.929931640625], [449.4102783203125, 309.79052734375, 712.234130859375, 558.447265625], [108.16708374023438, 317.8824462890625, 334.7644348144531, 539.3076782226562]]}