{"labels": [0, 0, 0, 0, 0], "scores": [0.7957213521003723, 0.6299093961715698, 0.6161206960678101, 0.4488191604614258, 0.1067710891366005], "bboxes": [[3.31292724609375, 17.57781982421875, 299.2200622558594, 758.7281494140625], [0.0, 593.9317626953125, 134.5835723876953, 776.4896240234375], [398.4097900390625, 535.203125, 800.0, 770.619873046875], [22.928497314453125, 4.2353515625, 704.807373046875, 765.7782592773438], [433.46728515625, 71.42410278320312, 688.249755859375, 584.39501953125]]}