{"labels": [0], "scores": [0.9896376132965088], "bboxes": [[276.32293701171875, 51.609588623046875, 561.5745239257812, 761.5286865234375]]}