{"labels": [0, 0, 0, 0, 0], "scores": [0.9471174478530884, 0.5501693487167358, 0.459954172372818, 0.36138832569122314, 0.11600574851036072], "bboxes": [[263.72509765625, 108.55804443359375, 612.5025634765625, 792.074462890625], [393.81256103515625, 116.15631103515625, 579.1532592773438, 746.22412109375], [295.96673583984375, 120.88720703125, 438.4283447265625, 755.05126953125], [631.34375, 357.24884033203125, 749.38427734375, 757.5753784179688], [641.4263916015625, 545.076171875, 743.7242431640625, 650.9390869140625]]}