{"labels": [0, 0, 0, 0, 0, 0], "scores": [0.9970014691352844, 0.11098934710025787, 0.10805024951696396, 0.08382207155227661, 0.06473308801651001, 0.06243838742375374], "bboxes": [[81.36349487304688, 61.029449462890625, 695.22216796875, 793.1048583984375], [614.0106811523438, 311.4467468261719, 800.0, 662.0498046875], [663.7860107421875, 311.4992980957031, 799.9447021484375, 415.6896667480469], [216.0325927734375, 671.0499877929688, 292.4023742675781, 745.0127563476562], [499.4931640625, 188.23098754882812, 794.6842041015625, 663.025146484375], [296.2543640136719, 683.9888305664062, 370.3022766113281, 772.4909057617188]]}