{"labels": [0, 0, 0], "scores": [0.9694333672523499, 0.5861555337905884, 0.09344788640737534], "bboxes": [[3.003082275390625, 56.93133544921875, 793.5831298828125, 793.7806396484375], [61.64642333984375, 419.637939453125, 771.3177490234375, 788.237060546875], [178.71507263183594, 432.77001953125, 507.232421875, 756.906494140625]]}