{"labels": [0, 0, 0], "scores": [0.9598806500434875, 0.8357931971549988, 0.27182191610336304], "bboxes": [[6.061309814453125, 271.7707824707031, 451.8034362792969, 575.6837158203125], [458.07489013671875, 297.7265625, 721.3501586914062, 584.7740478515625], [0.0, 90.50767517089844, 799.9560546875, 599.176513671875]]}