{"labels": [0], "scores": [0.997670590877533], "bboxes": [[156.68115234375, 113.43020629882812, 629.4672241210938, 680.3433837890625]]}