{"labels": [0, 0], "scores": [0.9914370179176331, 0.836280345916748], "bboxes": [[260.81146240234375, 270.6905822753906, 646.3330078125, 648.980712890625], [389.8808288574219, 542.4898681640625, 631.697265625, 683.7069091796875]]}