{"labels": [0], "scores": [0.9946662187576294], "bboxes": [[258.70245361328125, 20.199371337890625, 531.0904541015625, 638.7174072265625]]}