{"labels": [0, 0, 0, 0, 0, 0], "scores": [0.9879002571105957, 0.9735172390937805, 0.49335286021232605, 0.19867651164531708, 0.15310241281986237, 0.0644368976354599], "bboxes": [[17.3251953125, 165.550537109375, 646.8859252929688, 756.6015014648438], [328.0113525390625, 519.2506713867188, 550.4215698242188, 665.8571166992188], [568.8521118164062, 499.364501953125, 792.7699584960938, 710.1429443359375], [553.6168823242188, 675.6754760742188, 740.4275512695312, 800.0], [296.4862060546875, 581.7210693359375, 635.6534423828125, 778.4891357421875], [561.34619140625, 566.327392578125, 768.5159912109375, 794.2713623046875]]}