{"labels": [0], "scores": [0.998976469039917], "bboxes": [[85.56524658203125, 43.494720458984375, 719.2652587890625, 770.134033203125]]}