{"labels": [0], "scores": [0.9978323578834534], "bboxes": [[117.46160888671875, 8.544708251953125, 691.5624389648438, 794.4652099609375]]}