{"labels": [0], "scores": [0.9988792538642883], "bboxes": [[37.77838134765625, 126.09426879882812, 755.0354614257812, 665.2369384765625]]}