{"labels": [0, 0], "scores": [0.9972690939903259, 0.10164977610111237], "bboxes": [[35.3282470703125, 83.50382995605469, 692.189453125, 439.56671142578125], [0.0, 315.5618591308594, 800.0, 799.4017333984375]]}