{"labels": [0, 0, 0, 0], "scores": [0.9893843531608582, 0.13377705216407776, 0.12625572085380554, 0.058415673673152924], "bboxes": [[98.9541015625, 76.85723876953125, 649.5184936523438, 754.7188110351562], [365.65740966796875, 181.99075317382812, 641.6449584960938, 750.928466796875], [122.30437469482422, 147.26083374023438, 349.05389404296875, 720.46142578125], [141.78680419921875, 70.38211059570312, 655.5867309570312, 284.32135009765625]]}