{"labels": [0, 0, 0, 0, 0, 0, 0], "scores": [0.9489688873291016, 0.8487640023231506, 0.5492771863937378, 0.5149347186088562, 0.48249804973602295, 0.4007852375507355, 0.07334396243095398], "bboxes": [[46.37498474121094, 428.8077392578125, 273.2308349609375, 566.2239990234375], [458.9710693359375, 141.88955688476562, 789.5689697265625, 622.4251708984375], [20.24005126953125, 522.177734375, 374.0931396484375, 680.1917724609375], [22.03398895263672, 104.38968658447266, 233.45822143554688, 263.1932373046875], [268.1183166503906, 438.4698181152344, 545.327880859375, 634.0720825195312], [456.0781555175781, 26.437637329101562, 747.40478515625, 285.335693359375], [16.227523803710938, 379.5594482421875, 376.84271240234375, 674.92822265625]]}