{"labels": [0, 0, 0], "scores": [0.8966388702392578, 0.7224437594413757, 0.5373227000236511], "bboxes": [[1.4193683862686157, 15.608818054199219, 26.751388549804688, 42.50670623779297], [26.840587615966797, 21.3959903717041, 52.122379302978516, 40.24475860595703], [11.876638412475586, 18.1446475982666, 51.19871139526367, 42.37374496459961]]}