{"labels": [0], "scores": [0.9963623881340027], "bboxes": [[266.0088806152344, 36.110076904296875, 679.787841796875, 690.5157470703125]]}