{"labels": [0, 0], "scores": [0.9987492561340332, 0.05720161274075508], "bboxes": [[1.722137451171875, 11.46478271484375, 776.1544189453125, 789.4088134765625], [0.0, 389.912841796875, 795.860107421875, 773.6710205078125]]}