{"labels": [0, 0, 0], "scores": [0.994653582572937, 0.08488544076681137, 0.07658363878726959], "bboxes": [[24.376739501953125, 7.1943359375, 573.8377685546875, 624.3652954101562], [206.91220092773438, 566.9063720703125, 404.3918762207031, 797.4599609375], [503.82489013671875, 295.6997375488281, 723.3330688476562, 546.1182861328125]]}