{"labels": [0, 0, 0], "scores": [0.9902468919754028, 0.18049846589565277, 0.05368977040052414], "bboxes": [[86.75173950195312, 189.2448272705078, 745.10546875, 632.12353515625], [88.59400939941406, 179.6971893310547, 424.2198486328125, 626.0808715820312], [214.17684936523438, 357.9895935058594, 737.7513427734375, 626.84375]]}