{"labels": [0], "scores": [0.9987525939941406], "bboxes": [[0.0, 192.19668579101562, 799.600341796875, 712.5980224609375]]}