{"labels": [0], "scores": [0.9969350099563599], "bboxes": [[240.31765747070312, 106.07391357421875, 454.4491271972656, 839.0502319335938]]}