{"labels": [0, 0, 0, 0], "scores": [0.9857552647590637, 0.6798083782196045, 0.31526219844818115, 0.1257905215024948], "bboxes": [[99.79265594482422, 30.183067321777344, 524.0452880859375, 703.6818237304688], [9.5147705078125, 358.4435119628906, 282.036376953125, 847.708984375], [194.0469970703125, 233.73907470703125, 526.9292602539062, 816.7218017578125], [260.0635070800781, 427.44049072265625, 497.777587890625, 817.5421142578125]]}