{"labels": [0, 0], "scores": [0.9527134895324707, 0.9423482418060303], "bboxes": [[146.15139770507812, 365.23529052734375, 751.3072509765625, 735.5579223632812], [91.1070556640625, 349.3162841796875, 397.0319519042969, 725.1353759765625]]}