{"labels": [0, 0, 0, 0], "scores": [0.9965190887451172, 0.9324380159378052, 0.2265707552433014, 0.2264639139175415], "bboxes": [[94.4273681640625, 117.60104370117188, 684.0934448242188, 700.9503173828125], [329.44866943359375, 29.887725830078125, 780.6660766601562, 384.25152587890625], [626.93603515625, 27.791488647460938, 798.7530517578125, 380.10174560546875], [0.0, 175.01071166992188, 115.11228942871094, 511.2383117675781]]}