{"labels": [0, 0, 0, 0, 0, 0, 0], "scores": [0.9709433913230896, 0.9680910706520081, 0.9278053045272827, 0.23161472380161285, 0.1339016854763031, 0.12552760541439056, 0.05041753128170967], "bboxes": [[499.72528076171875, 92.10375213623047, 790.6543579101562, 322.0911865234375], [16.665557861328125, 341.5069580078125, 796.47021484375, 788.51025390625], [15.099838256835938, 86.85478210449219, 300.4248046875, 321.1805419921875], [330.74432373046875, 121.19795989990234, 423.9493408203125, 282.5503234863281], [0.0, 377.6429443359375, 790.4744873046875, 474.21490478515625], [27.942291259765625, 4.066192626953125, 767.1197509765625, 357.0255126953125], [361.2969970703125, 119.80560302734375, 415.82855224609375, 251.79623413085938]]}