{"labels": [0], "scores": [0.9992997646331787], "bboxes": [[14.211578369140625, 89.48049926757812, 795.413330078125, 711.4818115234375]]}