{"labels": [0], "scores": [0.9972110390663147], "bboxes": [[127.48577880859375, 62.279449462890625, 606.9608154296875, 727.923095703125]]}