{"labels": [0, 0, 0], "scores": [0.98445063829422, 0.9071584939956665, 0.06734862923622131], "bboxes": [[36.77524185180664, 204.275146484375, 150.5406494140625, 645.421142578125], [148.2559814453125, 204.47010803222656, 688.9619140625, 481.924560546875], [65.71868896484375, 128.90147399902344, 749.4779052734375, 591.7529907226562]]}