{"labels": [0, 0, 0], "scores": [0.9823545217514038, 0.06648633629083633, 0.054284170269966125], "bboxes": [[30.97100830078125, 92.68801879882812, 780.0032958984375, 742.422119140625], [279.13836669921875, 501.9831237792969, 625.9225463867188, 800.0], [33.436248779296875, 85.47792053222656, 773.7952880859375, 416.3016357421875]]}