{"labels": [0, 0], "scores": [0.9963697195053101, 0.09216029196977615], "bboxes": [[7.068572998046875, 0.0, 797.67431640625, 797.125244140625], [2.7173614501953125, 3.723236083984375, 404.65728759765625, 792.084228515625]]}