{"labels": [0, 0, 0, 0, 0, 0, 0, 0, 0, 0, 0, 0, 0, 0, 0], "scores": [0.9803867936134338, 0.9796246290206909, 0.9791355729103088, 0.97457355260849, 0.9736360907554626, 0.9687633514404297, 0.962312638759613, 0.9504975080490112, 0.9416130185127258, 0.9240745902061462, 0.9189014434814453, 0.8567517399787903, 0.07342370599508286, 0.06790841370820999, 0.05524558573961258], "bboxes": [[578.8316040039062, 277.1951904296875, 744.9922485351562, 587.5150146484375], [191.94454956054688, 412.73992919921875, 372.6572570800781, 723.7503051757812], [436.6278076171875, 157.57550048828125, 607.3294677734375, 338.16973876953125], [610.124267578125, 157.40269470214844, 782.7806396484375, 455.3375244140625], [261.17669677734375, 157.93760681152344, 431.5789794921875, 337.6654052734375], [360.44256591796875, 414.9472351074219, 542.9130859375, 724.82275390625], [82.3581771850586, 159.24264526367188, 255.42886352539062, 331.763427734375], [556.8781127929688, 391.58953857421875, 723.4378051757812, 662.5176391601562], [399.4698181152344, 286.619873046875, 571.7645263671875, 502.49945068359375], [223.04373168945312, 287.3577880859375, 396.2678527832031, 505.58172607421875], [9.516716003417969, 411.4088134765625, 189.19180297851562, 722.00634765625], [50.750030517578125, 285.16925048828125, 217.87796020507812, 466.41552734375], [431.3236389160156, 418.19598388671875, 643.0914306640625, 726.3695678710938], [405.44635009765625, 174.669677734375, 612.3573608398438, 557.1342163085938], [50.02952575683594, 233.76683044433594, 243.98048400878906, 572.8892822265625]]}