{"labels": [0, 0, 0, 0, 0, 0, 0, 0, 0, 0, 0, 0, 0], "scores": [0.888379693031311, 0.8170879483222961, 0.24667476117610931, 0.21527478098869324, 0.1518315225839615, 0.1366264373064041, 0.13022682070732117, 0.09880340099334717, 0.09488306939601898, 0.07887113094329834, 0.07000663131475449, 0.06773838400840759, 0.058686986565589905], "bboxes": [[3.544189453125, 150.57763671875, 713.4611206054688, 745.0503540039062], [352.1850891113281, 482.2022705078125, 521.466064453125, 671.6463623046875], [391.658447265625, 235.13116455078125, 588.6430053710938, 396.14788818359375], [742.6392822265625, 475.6402282714844, 800.0, 574.46240234375], [143.71707153320312, 427.6270751953125, 324.667724609375, 629.299560546875], [40.21809387207031, 187.35328674316406, 471.51318359375, 635.6500244140625], [58.43182373046875, 299.99041748046875, 333.9496154785156, 626.8953857421875], [686.534423828125, 588.204345703125, 788.8431396484375, 684.34716796875], [295.6812438964844, 337.65765380859375, 470.1681213378906, 501.5650634765625], [185.36795043945312, 2.4792938232421875, 394.2399597167969, 195.5880889892578], [0.132415771484375, 1.239990234375, 180.1088409423828, 247.8079071044922], [107.47052001953125, 194.325439453125, 672.912841796875, 534.230224609375], [385.2022399902344, 305.73919677734375, 666.7703857421875, 515.337158203125]]}