{"labels": [0], "scores": [0.9990791082382202], "bboxes": [[15.36456298828125, 194.12342834472656, 776.673583984375, 637.6140747070312]]}