{"labels": [0, 0], "scores": [0.9689986705780029, 0.8680633306503296], "bboxes": [[296.3052978515625, 509.0037536621094, 524.525146484375, 681.2091064453125], [236.11753845214844, 191.57861328125, 579.0068969726562, 683.5146484375]]}