{"labels": [0], "scores": [0.9987332224845886], "bboxes": [[0.0, 157.48326110839844, 797.6618041992188, 616.2409057617188]]}