{"labels": [0], "scores": [0.9993212223052979], "bboxes": [[72.65951538085938, 13.751983642578125, 679.7952880859375, 768.828857421875]]}