{"labels": [0], "scores": [0.9960041642189026], "bboxes": [[271.5819091796875, 26.685272216796875, 480.78863525390625, 779.6849365234375]]}