{"labels": [0, 0], "scores": [0.9979852437973022, 0.053516048938035965], "bboxes": [[59.23187255859375, 116.34963989257812, 634.6380615234375, 800.0], [575.323974609375, 183.79092407226562, 800.0, 684.2906494140625]]}