{"labels": [0], "scores": [0.998177170753479], "bboxes": [[167.6123504638672, 0.0, 612.8713989257812, 800.0]]}