{"labels": [0], "scores": [0.9889445304870605], "bboxes": [[151.6246795654297, 81.61367797851562, 649.7366333007812, 736.986083984375]]}