{"labels": [0, 0, 0], "scores": [0.9655776023864746, 0.43319618701934814, 0.13104669749736786], "bboxes": [[122.44961547851562, 223.87557983398438, 777.475341796875, 775.4251708984375], [108.01202392578125, 225.2451934814453, 476.97076416015625, 711.4547729492188], [554.011962890625, 20.922042846679688, 790.0738525390625, 303.44036865234375]]}