{"labels": [0, 0, 0, 0, 0, 0, 0, 0, 0, 0, 0, 0, 0], "scores": [0.9943035840988159, 0.6431806683540344, 0.6284233331680298, 0.6243582367897034, 0.5372401475906372, 0.34555086493492126, 0.20645195245742798, 0.137734517455101, 0.08640122413635254, 0.08102301508188248, 0.08074045181274414, 0.07456337660551071, 0.0535452701151371], "bboxes": [[15.38165283203125, 187.126708984375, 435.1512756347656, 612.8187866210938], [614.0153198242188, 100.02584838867188, 716.6083374023438, 232.08822631835938], [568.23046875, 213.63633728027344, 676.3594970703125, 324.4696044921875], [650.9142456054688, 384.0721130371094, 794.7838745117188, 541.3560791015625], [537.978515625, 330.4832458496094, 672.4754638671875, 466.4767761230469], [667.8401489257812, 257.42498779296875, 798.7241821289062, 404.29425048828125], [22.202678680419922, 329.0881042480469, 134.2163543701172, 428.8869934082031], [477.74517822265625, 337.0416564941406, 673.9856567382812, 553.1713256835938], [242.82208251953125, 212.35336303710938, 356.644775390625, 313.5765075683594], [57.04405212402344, 398.3525695800781, 406.61846923828125, 606.8212280273438], [54.416622161865234, 225.8499298095703, 166.57266235351562, 341.4226989746094], [304.9757995605469, 280.7698974609375, 434.1438903808594, 367.191162109375], [472.925048828125, 346.73150634765625, 683.90576171875, 794.6973266601562]]}