{"labels": [0, 0, 0, 0, 0], "scores": [0.9958099126815796, 0.9884606599807739, 0.8658938407897949, 0.5667526721954346, 0.08725724369287491], "bboxes": [[81.92108154296875, 239.0726776123047, 717.8844604492188, 587.20849609375], [427.6729736328125, 0.201904296875, 798.3221435546875, 342.3333740234375], [0.13079071044921875, 132.31808471679688, 116.64839172363281, 375.6689758300781], [2.110992431640625, 386.82073974609375, 787.1673583984375, 797.0598754882812], [6.16522216796875, 124.10690307617188, 208.39859008789062, 429.9687805175781]]}