{"labels": [0], "scores": [0.9986398816108704], "bboxes": [[197.56887817382812, 97.24075317382812, 633.990234375, 761.0106201171875]]}