{"labels": [0, 0], "scores": [0.9879170060157776, 0.14371438324451447], "bboxes": [[23.18133544921875, 121.22457885742188, 758.5635375976562, 731.9974365234375], [268.16802978515625, 78.75518798828125, 794.8809204101562, 517.8929443359375]]}