{"labels": [0], "scores": [0.9995032548904419], "bboxes": [[18.479766845703125, 30.639068603515625, 783.78076171875, 770.6910400390625]]}