{"labels": [0, 0], "scores": [0.8449772596359253, 0.055865783244371414], "bboxes": [[193.94888305664062, 73.55059814453125, 704.231201171875, 684.8585815429688], [125.96611785888672, 396.5086669921875, 278.378662109375, 659.656494140625]]}