{"labels": [0, 0], "scores": [0.9977540373802185, 0.9975121021270752], "bboxes": [[172.31585693359375, 397.94720458984375, 764.4942016601562, 768.1091918945312], [42.453369140625, 20.926300048828125, 638.5938720703125, 434.7371520996094]]}