{"labels": [0], "scores": [0.9976454377174377], "bboxes": [[87.96151733398438, 80.659912109375, 745.3116455078125, 775.428955078125]]}