{"labels": [0], "scores": [0.9968288540840149], "bboxes": [[208.91864013671875, 20.96160888671875, 600.3486328125, 791.3489379882812]]}