{"labels": [0], "scores": [0.9987688660621643], "bboxes": [[5.948936462402344, 0.23305298388004303, 46.009925842285156, 53.55135726928711]]}