{"labels": [0, 0], "scores": [0.9930746555328369, 0.09735867381095886], "bboxes": [[98.47702026367188, 19.482696533203125, 799.0623779296875, 712.331298828125], [223.09429931640625, 0.0, 796.9137573242188, 259.2554016113281]]}