{"labels": [0], "scores": [0.9990298748016357], "bboxes": [[15.06109619140625, 234.6598358154297, 766.3519897460938, 630.4232788085938]]}