{"labels": [0], "scores": [0.9985906481742859], "bboxes": [[111.62698364257812, 186.2222137451172, 646.1519775390625, 662.2575073242188]]}