{"labels": [0, 0, 0, 0, 0, 0, 0, 0], "scores": [0.9912699460983276, 0.677406370639801, 0.2723763883113861, 0.13108062744140625, 0.12836472690105438, 0.1271190643310547, 0.095194011926651, 0.06869782507419586], "bboxes": [[4.62982177734375, 108.42160034179688, 778.168212890625, 797.9725341796875], [64.4285888671875, 80.24610900878906, 393.3083190917969, 385.468017578125], [625.5864868164062, 492.551025390625, 768.4152221679688, 622.282470703125], [639.6543579101562, 689.0554809570312, 772.0158081054688, 799.5516967773438], [109.43937683105469, 470.1914367675781, 240.3465118408203, 596.1950073242188], [111.74111938476562, 6.3953704833984375, 510.3885192871094, 331.610595703125], [732.87353515625, 335.24249267578125, 798.7103271484375, 458.8582763671875], [32.676513671875, 36.070709228515625, 651.4132080078125, 533.4835205078125]]}