{"labels": [0], "scores": [0.9953987002372742], "bboxes": [[311.13995361328125, 42.551666259765625, 491.46807861328125, 759.0953369140625]]}