{"labels": [0, 0, 0, 0, 0, 0, 0, 0], "scores": [0.9641038775444031, 0.8307613730430603, 0.6429823040962219, 0.42065680027008057, 0.10507045686244965, 0.10037429630756378, 0.09047895669937134, 0.05657520890235901], "bboxes": [[103.6505126953125, 123.56045532226562, 692.231689453125, 766.8563232421875], [405.8900451660156, 111.78123474121094, 634.20703125, 447.3560791015625], [416.87847900390625, 235.4810028076172, 698.7756958007812, 565.321533203125], [175.98455810546875, 112.55256652832031, 410.66375732421875, 532.9389038085938], [101.00346374511719, 67.51470947265625, 444.590087890625, 657.487548828125], [148.1788330078125, 49.04515075683594, 656.4701538085938, 485.40521240234375], [424.7609558105469, 48.596710205078125, 634.1533203125, 306.2257995605469], [130.59182739257812, 262.6845397949219, 508.0677795410156, 760.6829833984375]]}