{"labels": [0, 0], "scores": [0.9883183240890503, 0.18856830894947052], "bboxes": [[72.50865173339844, 86.84361267089844, 594.166748046875, 700.962158203125], [291.0986328125, 512.1668090820312, 631.8394775390625, 878.31005859375]]}