{"labels": [0, 0, 0], "scores": [0.9798679947853088, 0.3034774363040924, 0.14810793101787567], "bboxes": [[83.29122924804688, 129.81396484375, 516.7071533203125, 659.6177978515625], [290.1796569824219, 619.1878051757812, 453.7778015136719, 809.6849365234375], [93.65569305419922, 583.4594116210938, 442.7352600097656, 896.0]]}