{"labels": [0], "scores": [0.9920077323913574], "bboxes": [[123.15695190429688, 52.461944580078125, 776.28271484375, 744.4522705078125]]}