{"labels": [0], "scores": [0.9965529441833496], "bboxes": [[113.80069732666016, 225.0438995361328, 540.535400390625, 862.32470703125]]}