{"labels": [0, 0, 0], "scores": [0.8719159364700317, 0.815189003944397, 0.07416148483753204], "bboxes": [[237.55824279785156, 169.71609497070312, 580.7190551757812, 689.86962890625], [261.216064453125, 506.00457763671875, 575.351806640625, 687.7133178710938], [274.8585205078125, 171.19146728515625, 569.15478515625, 400.2652587890625]]}