{"labels": [0], "scores": [0.9986575841903687], "bboxes": [[21.24365234375, 74.59146118164062, 665.61376953125, 660.285400390625]]}