{"labels": [0], "scores": [0.9957625269889832], "bboxes": [[32.522705078125, 247.4722442626953, 788.5653686523438, 594.6019287109375]]}