{"labels": [0, 0, 0, 0, 0, 0], "scores": [0.8596394062042236, 0.4971269965171814, 0.3290490210056305, 0.24352893233299255, 0.19089682400226593, 0.05963529273867607], "bboxes": [[320.89599609375, 291.5597229003906, 602.3021850585938, 543.4260864257812], [185.3711395263672, 523.2734985351562, 616.0603637695312, 671.7881469726562], [166.21041870117188, 237.86505126953125, 703.6290283203125, 649.4205322265625], [103.57659912109375, 460.06256103515625, 790.8236083984375, 738.7763061523438], [65.21572875976562, 80.66915893554688, 422.5395202636719, 402.34222412109375], [67.23239135742188, 74.27452087402344, 638.113525390625, 547.5382080078125]]}