{"labels": [0], "scores": [0.9989745616912842], "bboxes": [[20.069854736328125, 239.4447784423828, 767.81396484375, 615.1904296875]]}