{"labels": [0, 0, 0, 0], "scores": [0.995835542678833, 0.9423257112503052, 0.824117124080658, 0.32855549454689026], "bboxes": [[92.72132873535156, 0.126739501953125, 418.93914794921875, 799.7884521484375], [587.370849609375, 426.67071533203125, 654.7562255859375, 737.8645629882812], [473.45703125, 206.7152557373047, 609.1627197265625, 338.54254150390625], [629.554443359375, 205.576416015625, 767.724609375, 340.43145751953125]]}