{"labels": [0, 0, 0], "scores": [0.9800990223884583, 0.08443610370159149, 0.0535154789686203], "bboxes": [[1.86920166015625, 198.72149658203125, 775.3723754882812, 743.3480224609375], [2.356109619140625, 323.74407958984375, 136.6980438232422, 462.29998779296875], [432.26519775390625, 12.811996459960938, 606.1675415039062, 342.20733642578125]]}