{"labels": [0], "scores": [0.9961708188056946], "bboxes": [[327.8061218261719, 32.344970703125, 447.3431091308594, 684.5282592773438]]}