{"labels": [0], "scores": [0.9962936043739319], "bboxes": [[192.62677001953125, 195.5926513671875, 594.330810546875, 758.3705444335938]]}