{"labels": [0, 0, 0, 0, 0], "scores": [0.9221100211143494, 0.507386326789856, 0.22643998265266418, 0.20485535264015198, 0.07657775282859802], "bboxes": [[2.20538330078125, 131.71142578125, 800.0, 775.3687744140625], [67.821044921875, 179.4068603515625, 585.3374633789062, 524.2378540039062], [598.9960327148438, 111.97196960449219, 799.6194458007812, 276.32061767578125], [67.56211853027344, 631.4860229492188, 240.08277893066406, 726.7500610351562], [18.444427490234375, 542.6666259765625, 162.76162719726562, 633.4859619140625]]}