{"labels": [0], "scores": [0.9956443309783936], "bboxes": [[269.5312805175781, 41.19622802734375, 555.1474609375, 793.845947265625]]}