{"labels": [0, 0, 0], "scores": [0.9908406138420105, 0.9596496820449829, 0.20943786203861237], "bboxes": [[15.580032348632812, 411.89898681640625, 414.54656982421875, 613.5551147460938], [347.55108642578125, 494.99578857421875, 775.3025512695312, 708.1226196289062], [94.78622436523438, 456.86383056640625, 759.2928466796875, 715.8919067382812]]}