{"labels": [0], "scores": [0.997320830821991], "bboxes": [[159.40538024902344, 46.9920654296875, 650.8567504882812, 722.2120361328125]]}