{"labels": [0], "scores": [0.9945554733276367], "bboxes": [[44.997406005859375, 131.8032989501953, 778.5015869140625, 616.6550903320312]]}