{"labels": [0, 0], "scores": [0.9843508005142212, 0.4615539014339447], "bboxes": [[238.56527709960938, 166.5660858154297, 477.68194580078125, 613.9660034179688], [246.8128662109375, 578.9125366210938, 485.97882080078125, 765.5652465820312]]}