{"labels": [0], "scores": [0.9985407590866089], "bboxes": [[18.11175537109375, 332.4822692871094, 777.9188842773438, 640.49755859375]]}