{"labels": [0, 0], "scores": [0.9844649434089661, 0.3398337960243225], "bboxes": [[254.31561279296875, 102.36434936523438, 534.7122192382812, 706.999267578125], [266.46295166015625, 593.291015625, 427.27471923828125, 786.0977783203125]]}