{"labels": [0, 0, 0, 0], "scores": [0.9498616456985474, 0.8123867511749268, 0.38336557149887085, 0.08456864953041077], "bboxes": [[200.4296417236328, 7.03521728515625, 628.2120971679688, 785.1444702148438], [163.8627166748047, 376.28857421875, 579.6287231445312, 786.5145263671875], [278.624755859375, 12.343109130859375, 631.58447265625, 466.2992248535156], [247.909912109375, 362.47503662109375, 498.653076171875, 501.53759765625]]}