{"labels": [0], "scores": [0.9987389445304871], "bboxes": [[1.6951904296875, 229.3604278564453, 799.1743774414062, 580.8253173828125]]}