{"labels": [0, 0, 0, 0], "scores": [0.9918986558914185, 0.11656901985406876, 0.1002337858080864, 0.05136497691273689], "bboxes": [[198.38796997070312, 76.80007934570312, 794.44873046875, 642.1959228515625], [23.582557678222656, 252.50494384765625, 242.00668334960938, 578.9005737304688], [52.487632751464844, 331.31353759765625, 210.28720092773438, 496.65325927734375], [207.82106018066406, 117.07562255859375, 465.92779541015625, 631.6826782226562]]}