{"labels": [0], "scores": [0.9987682700157166], "bboxes": [[108.9248046875, 63.324188232421875, 716.3456420898438, 785.9881591796875]]}