{"labels": [0, 0, 0, 0, 0, 0], "scores": [0.9862106442451477, 0.9663460850715637, 0.4216276705265045, 0.212422713637352, 0.09494198113679886, 0.06677039712667465], "bboxes": [[285.7295837402344, 182.74261474609375, 705.473388671875, 707.9513549804688], [20.120315551757812, 120.66600036621094, 490.0428466796875, 624.3468627929688], [111.80099487304688, 352.04473876953125, 396.98907470703125, 608.98095703125], [17.592697143554688, 339.6560974121094, 262.6778564453125, 573.9920043945312], [441.22802734375, 187.65042114257812, 792.9715576171875, 758.0787353515625], [162.88995361328125, 252.5164031982422, 501.72613525390625, 619.3073120117188]]}