{"labels": [0], "scores": [0.9987860321998596], "bboxes": [[0.0, 164.18788146972656, 800.0, 640.5400390625]]}