{"labels": [0, 0, 0], "scores": [0.9947375655174255, 0.1113034337759018, 0.06756934523582458], "bboxes": [[9.951171875, 54.050079345703125, 732.2236938476562, 734.446044921875], [608.1201782226562, 345.47113037109375, 781.2354125976562, 531.4502563476562], [201.279052734375, 331.3080139160156, 674.7037353515625, 724.4061279296875]]}