{"labels": [0], "scores": [0.9986950755119324], "bboxes": [[9.82061767578125, 122.68490600585938, 762.0521240234375, 642.8553466796875]]}