{"labels": [0, 0, 0, 0, 0, 0, 0, 0], "scores": [0.9454072713851929, 0.7141577005386353, 0.1778133064508438, 0.12104567140340805, 0.09647393226623535, 0.09428033977746964, 0.07394146919250488, 0.05407068133354187], "bboxes": [[326.6697082519531, 171.78932189941406, 667.6092529296875, 632.2803955078125], [1.153076171875, 519.219482421875, 481.9393615722656, 800.0], [0.0, 0.0, 207.1094970703125, 408.7518310546875], [337.2935791015625, 180.0181884765625, 503.4193115234375, 364.89605712890625], [10.489501953125, 443.82208251953125, 362.4605407714844, 663.5834350585938], [0.871795654296875, 450.01824951171875, 168.9191131591797, 658.0580444335938], [287.30084228515625, 578.4949340820312, 796.4524536132812, 799.4821166992188], [9.208251953125, 248.26144409179688, 524.2529296875, 773.0589599609375]]}