{"labels": [0, 0, 0, 0], "scores": [0.9678274989128113, 0.5134299397468567, 0.4478170573711395, 0.12294989824295044], "bboxes": [[9.431121826171875, 81.21835327148438, 763.4608154296875, 729.1683349609375], [10.110427856445312, 100.97113037109375, 313.5291748046875, 625.4602661132812], [370.34130859375, 93.25961303710938, 790.7259521484375, 726.257080078125], [244.8386993408203, 464.8731384277344, 421.8150634765625, 661.9129028320312]]}