{"labels": [0, 0, 0, 0, 0], "scores": [0.9972437620162964, 0.44482889771461487, 0.058648474514484406, 0.05464394390583038, 0.05170357599854469], "bboxes": [[145.3836669921875, 148.10191345214844, 482.4088439941406, 508.4776916503906], [58.2924690246582, 523.4736328125, 668.1385498046875, 804.5381469726562], [26.061304092407227, 700.6112670898438, 245.6300811767578, 817.7518310546875], [494.35009765625, 540.3991088867188, 663.1412353515625, 778.1444091796875], [303.8233642578125, 535.8233642578125, 650.5459594726562, 778.2971801757812]]}