{"labels": [0], "scores": [0.9996300935745239], "bboxes": [[87.20245361328125, 3.05078125, 705.9288940429688, 795.120849609375]]}