{"labels": [0, 0], "scores": [0.9954107403755188, 0.9933584332466125], "bboxes": [[66.76214599609375, 286.6736755371094, 395.3126220703125, 783.4580078125], [434.49395751953125, 207.92730712890625, 797.7562866210938, 799.1953735351562]]}