{"labels": [0], "scores": [0.9993558526039124], "bboxes": [[58.348358154296875, 37.553375244140625, 741.26123046875, 756.18359375]]}