{"labels": [0, 0, 0], "scores": [0.9777650237083435, 0.14823663234710693, 0.07821526378393173], "bboxes": [[133.57557678222656, 111.36203002929688, 642.8583374023438, 706.8350830078125], [191.38107299804688, 327.6630554199219, 699.06591796875, 800.0], [141.2382049560547, 115.8753662109375, 429.0240478515625, 639.8997802734375]]}