{"labels": [0, 0], "scores": [0.9976123571395874, 0.15357865393161774], "bboxes": [[95.38063049316406, 125.68002319335938, 512.4298095703125, 896.0], [541.4449462890625, 89.33149719238281, 699.4237060546875, 692.8765869140625]]}