{"labels": [0], "scores": [0.9959065914154053], "bboxes": [[30.914154052734375, 184.19839477539062, 705.189208984375, 788.366455078125]]}