{"labels": [0, 0, 0, 0, 0, 0, 0], "scores": [0.9139556884765625, 0.9088271260261536, 0.8953810930252075, 0.7332701086997986, 0.3031335771083832, 0.17395302653312683, 0.0728999525308609], "bboxes": [[355.5556945800781, 270.64056396484375, 695.9505615234375, 688.2897338867188], [1.436655044555664, 148.14723205566406, 238.8437042236328, 501.24951171875], [399.12750244140625, 594.420654296875, 672.2283935546875, 864.2093505859375], [42.442726135253906, 348.0817565917969, 188.35008239746094, 484.1851806640625], [26.017810821533203, 271.7525329589844, 212.6509552001953, 830.2269287109375], [47.475440979003906, 459.7477722167969, 189.6919708251953, 815.1837158203125], [373.5140686035156, 20.063743591308594, 657.5126953125, 238.323486328125]]}