{"labels": [0, 0, 0], "scores": [0.9784063100814819, 0.25325649976730347, 0.1287766844034195], "bboxes": [[21.854949951171875, 284.81805419921875, 746.392578125, 709.0504150390625], [155.0146942138672, 289.2271423339844, 455.3145751953125, 523.1171264648438], [213.6158447265625, 418.7231750488281, 717.3057861328125, 677.045166015625]]}