{"labels": [0, 0], "scores": [0.9960219264030457, 0.9959638118743896], "bboxes": [[424.73541259765625, 64.36862182617188, 741.2103881835938, 758.3045654296875], [42.26556396484375, 60.775360107421875, 454.74560546875, 758.4744873046875]]}