{"labels": [0, 0, 0, 0, 0, 0, 0], "scores": [0.9345201253890991, 0.9186217784881592, 0.90330970287323, 0.6962680816650391, 0.2197527289390564, 0.17655150592327118, 0.1202644482254982], "bboxes": [[481.9319763183594, 492.9039001464844, 737.84619140625, 789.00830078125], [40.07795715332031, 19.362091064453125, 299.2666015625, 370.31268310546875], [68.63084411621094, 430.9403381347656, 328.83306884765625, 784.3160400390625], [439.53131103515625, 2.192352294921875, 762.3565063476562, 384.7597351074219], [32.36167907714844, 226.2421875, 407.14990234375, 788.9555053710938], [47.3302001953125, 17.756332397460938, 523.4541625976562, 416.4501953125], [36.779510498046875, 11.0423583984375, 629.903076171875, 797.2371826171875]]}