{"labels": [0, 0, 0, 0, 0, 0, 0, 0, 0], "scores": [0.9846488833427429, 0.9835301041603088, 0.9023601412773132, 0.8763256669044495, 0.8511969447135925, 0.8350425958633423, 0.8161143660545349, 0.737186074256897, 0.4896431863307953], "bboxes": [[253.734130859375, 242.28985595703125, 533.6298217773438, 497.58953857421875], [1.40887451171875, 12.074188232421875, 266.532958984375, 239.01531982421875], [2.8274993896484375, 516.2015991210938, 274.8214111328125, 793.6460571289062], [0.7760772705078125, 253.48739624023438, 263.62164306640625, 488.5127868652344], [520.4774780273438, 246.9665069580078, 795.7072143554688, 498.87469482421875], [274.1524658203125, 536.340087890625, 540.9515380859375, 791.833984375], [273.7193603515625, 10.134498596191406, 544.851806640625, 234.2728271484375], [548.5974731445312, 11.706680297851562, 793.3195190429688, 225.61257934570312], [539.1487426757812, 548.5191650390625, 792.9313354492188, 770.2581787109375]]}