{"labels": [0], "scores": [0.9973354935646057], "bboxes": [[113.267822265625, 143.42910766601562, 536.4524536132812, 864.4251098632812]]}