{"labels": [0], "scores": [0.990822434425354], "bboxes": [[211.23635864257812, 176.54916381835938, 591.4132080078125, 774.903564453125]]}