{"labels": [0, 0], "scores": [0.9977349042892456, 0.4455590546131134], "bboxes": [[33.658660888671875, 224.38494873046875, 760.7161865234375, 665.0867309570312], [37.0286865234375, 375.9111633300781, 567.3170776367188, 655.646484375]]}