{"labels": [0, 0, 0, 0], "scores": [0.9854422807693481, 0.9735003709793091, 0.9520078897476196, 0.9325160980224609], "bboxes": [[425.2225341796875, 61.6881103515625, 764.465087890625, 386.9317321777344], [46.042144775390625, 61.31207275390625, 394.16253662109375, 387.7955017089844], [54.643646240234375, 502.56292724609375, 370.5165100097656, 707.5698852539062], [435.67132568359375, 500.8044128417969, 756.9474487304688, 702.7301635742188]]}