{"labels": [0, 0, 0], "scores": [0.989512026309967, 0.271124005317688, 0.16256286203861237], "bboxes": [[129.56961059570312, 246.8690948486328, 714.26025390625, 750.5247192382812], [371.3354187011719, 250.89834594726562, 713.721923828125, 489.5498352050781], [119.55386352539062, 336.4404296875, 476.5542907714844, 744.595703125]]}