{"labels": [0], "scores": [0.9987181425094604], "bboxes": [[133.12820434570312, 22.205780029296875, 742.0008544921875, 710.0201416015625]]}