{"labels": [0], "scores": [0.9980328679084778], "bboxes": [[64.15924072265625, 222.49684143066406, 731.9258422851562, 639.3421020507812]]}