{"labels": [0], "scores": [0.9990517497062683], "bboxes": [[0.416259765625, 131.52732849121094, 780.898193359375, 641.8002319335938]]}