{"labels": [0, 0, 0, 0, 0], "scores": [0.9864553213119507, 0.9586889743804932, 0.7354521155357361, 0.09819559752941132, 0.08509258925914764], "bboxes": [[498.415771484375, 7.56463623046875, 760.68359375, 791.9696655273438], [56.539886474609375, 87.29693603515625, 271.2215270996094, 755.921875], [247.629150390625, 137.07003784179688, 531.583984375, 752.1363525390625], [34.755218505859375, 14.224456787109375, 785.520263671875, 761.985107421875], [103.20286560058594, 85.0765380859375, 415.36083984375, 770.3876342773438]]}