{"labels": [0], "scores": [0.9990543723106384], "bboxes": [[1.097320556640625, 179.12513732910156, 792.9324951171875, 581.4224853515625]]}