{"labels": [0, 0, 0, 0], "scores": [0.9949949979782104, 0.9736757278442383, 0.9702531695365906, 0.1004709005355835], "bboxes": [[0.0, 37.65985107421875, 498.444580078125, 683.6197509765625], [346.63934326171875, 122.66180419921875, 800.0, 714.3027954101562], [222.24684143066406, 411.2958984375, 559.9165649414062, 775.441162109375], [145.93374633789062, 44.040618896484375, 708.4716796875, 737.29833984375]]}