{"labels": [0, 0, 0, 0, 0, 0, 0, 0, 0], "scores": [0.8339290022850037, 0.5657970905303955, 0.46403783559799194, 0.4552263617515564, 0.4392354190349579, 0.24183908104896545, 0.1910465806722641, 0.16517071425914764, 0.05851892754435539], "bboxes": [[330.26837158203125, 221.41995239257812, 523.4170532226562, 627.388916015625], [415.7874450683594, 235.62745666503906, 551.8511962890625, 633.3958129882812], [614.6195678710938, 179.8867950439453, 744.3120727539062, 652.6150512695312], [176.310791015625, 207.0758819580078, 512.89453125, 654.2828369140625], [505.4080810546875, 242.13504028320312, 627.769775390625, 632.776123046875], [182.234619140625, 236.47332763671875, 413.68975830078125, 521.201904296875], [92.83285522460938, 173.8489990234375, 660.6439208984375, 748.6075439453125], [54.815338134765625, 631.3075561523438, 760.3134765625, 780.7167358398438], [111.60308837890625, 234.07919311523438, 425.849853515625, 782.452392578125]]}