{"labels": [0, 0], "scores": [0.9935684204101562, 0.8745102882385254], "bboxes": [[125.46759033203125, 54.444305419921875, 735.1991577148438, 752.0286865234375], [18.654380798339844, 440.412109375, 204.50833129882812, 619.739990234375]]}