{"labels": [0, 0, 0], "scores": [0.9805783033370972, 0.8395692110061646, 0.3929300308227539], "bboxes": [[108.80410766601562, 251.8095703125, 689.3040771484375, 725.6595458984375], [181.22901916503906, 76.58952331542969, 689.3853149414062, 416.00262451171875], [234.09078979492188, 263.13165283203125, 660.7265625, 461.15948486328125]]}