{"labels": [0, 0], "scores": [0.9983530044555664, 0.4323650300502777], "bboxes": [[14.763782501220703, 49.56449890136719, 672.6077880859375, 877.2088623046875], [214.26263427734375, 26.366331100463867, 481.87811279296875, 405.5742492675781]]}