{"labels": [0, 0, 0], "scores": [0.9627913236618042, 0.9146416783332825, 0.6066514849662781], "bboxes": [[7.2503662109375, 396.2970275878906, 781.6756591796875, 588.968017578125], [25.170562744140625, 212.7160186767578, 785.5731201171875, 384.07763671875], [10.481353759765625, 148.5797576904297, 786.0787353515625, 603.8272094726562]]}