{"labels": [0, 0, 0, 0], "scores": [0.9723851084709167, 0.26781272888183594, 0.1185104176402092, 0.060726575553417206], "bboxes": [[121.42466735839844, 310.61993408203125, 490.89959716796875, 799.2293090820312], [77.73117065429688, 4.1830291748046875, 712.1483154296875, 262.7618408203125], [205.93020629882812, 301.99871826171875, 482.0884704589844, 631.11865234375], [517.5816040039062, 443.6710205078125, 680.2210083007812, 768.4993896484375]]}