{"labels": [0], "scores": [0.9962655901908875], "bboxes": [[208.61373901367188, 223.20654296875, 597.8134765625, 783.5335693359375]]}