{"labels": [0, 0], "scores": [0.9901624917984009, 0.06585238873958588], "bboxes": [[243.55712890625, 9.955535888671875, 544.9061279296875, 800.0], [247.68478393554688, 10.742721557617188, 552.34130859375, 266.0977783203125]]}