{"labels": [0, 0], "scores": [0.989936113357544, 0.10358946770429611], "bboxes": [[161.27978515625, 9.330459594726562, 686.5106201171875, 517.2276611328125], [191.25668334960938, 295.8912353515625, 776.1807861328125, 797.8984375]]}