{"labels": [0, 0, 0, 0, 0], "scores": [0.8963334560394287, 0.6641220450401306, 0.46859464049339294, 0.0873754620552063, 0.08235511928796768], "bboxes": [[316.81463623046875, 265.5992431640625, 792.1255493164062, 674.4046020507812], [7.784881591796875, 171.67706298828125, 800.0, 722.6235961914062], [93.36268615722656, 196.03369140625, 366.5946044921875, 497.5595703125], [10.552505493164062, 147.49044799804688, 447.36553955078125, 659.95458984375], [428.05303955078125, 208.9521026611328, 691.0326538085938, 513.9558715820312]]}