{"labels": [0], "scores": [0.9983914494514465], "bboxes": [[153.97377014160156, 47.48150634765625, 653.392333984375, 773.90673828125]]}