{"labels": [0], "scores": [0.9915801882743835], "bboxes": [[306.3551330566406, 104.4962158203125, 551.7601318359375, 674.2095336914062]]}