{"labels": [0, 0, 0, 0, 0, 0, 0, 0], "scores": [0.9287496209144592, 0.7515133023262024, 0.44569912552833557, 0.2448078840970993, 0.14533700048923492, 0.07258746773004532, 0.0706879273056984, 0.05400052294135094], "bboxes": [[75.38674926757812, 245.46658325195312, 595.256103515625, 740.8314208984375], [452.7069091796875, 437.587890625, 679.350341796875, 615.1385498046875], [561.2501220703125, 601.8209228515625, 793.937744140625, 772.12744140625], [578.3304443359375, 278.0478820800781, 795.06103515625, 466.0243835449219], [492.65008544921875, 3.6888427734375, 697.1524047851562, 203.23764038085938], [576.2117309570312, 621.6544189453125, 662.9995727539062, 697.381103515625], [584.04150390625, 691.5848388671875, 667.1484375, 767.3143310546875], [645.3638305664062, 663.5084228515625, 737.3244018554688, 741.05712890625]]}