{"labels": [0, 0, 0], "scores": [0.9096670746803284, 0.1971534937620163, 0.1466318517923355], "bboxes": [[89.59765625, 5.703704833984375, 736.7371215820312, 800.0], [377.9649658203125, 113.49932861328125, 713.1541748046875, 795.1837768554688], [142.249755859375, 96.15863037109375, 467.62005615234375, 799.8939819335938]]}