{"labels": [0, 0], "scores": [0.9960381984710693, 0.9922477006912231], "bboxes": [[130.776123046875, 66.3731689453125, 506.863037109375, 785.2471923828125], [504.9266662597656, 166.54568481445312, 673.688232421875, 771.7847900390625]]}