{"labels": [0, 0, 0, 0, 0], "scores": [0.9823432564735413, 0.9741917252540588, 0.9169537425041199, 0.17433449625968933, 0.051231563091278076], "bboxes": [[283.65411376953125, 167.98326110839844, 485.8526611328125, 503.883056640625], [111.0769271850586, 197.6011962890625, 318.98291015625, 698.0244750976562], [468.5238037109375, 188.74806213378906, 673.4801025390625, 510.9364013671875], [332.7120666503906, 488.3946228027344, 419.8536071777344, 751.1949462890625], [190.20912170410156, 172.1922607421875, 443.12646484375, 549.2024536132812]]}