{"labels": [0, 0, 0, 0, 0, 0], "scores": [0.9697372317314148, 0.8634369969367981, 0.7722226977348328, 0.44153913855552673, 0.13488616049289703, 0.05644601583480835], "bboxes": [[117.13998413085938, 461.620361328125, 800.0, 800.0], [426.758056640625, 0.6636505126953125, 622.5462646484375, 471.5802001953125], [1.743988037109375, 559.081787109375, 337.46832275390625, 799.4093017578125], [62.9339599609375, 12.522674560546875, 561.9335327148438, 609.292236328125], [233.70277404785156, 70.773681640625, 512.620361328125, 531.5897827148438], [471.4915466308594, 456.7099304199219, 784.73095703125, 800.0]]}