{"labels": [0], "scores": [0.9871633052825928], "bboxes": [[236.2893829345703, 113.79586791992188, 548.3387451171875, 680.330322265625]]}