{"labels": [0, 0, 0], "scores": [0.9825814962387085, 0.9745529890060425, 0.9437551498413086], "bboxes": [[230.42259216308594, 253.20660400390625, 579.8417358398438, 527.7579956054688], [9.147224426269531, 251.77349853515625, 216.65658569335938, 535.2163696289062], [588.2276611328125, 251.80419921875, 790.5140380859375, 531.5235595703125]]}