{"labels": [0, 0], "scores": [0.9921978116035461, 0.9024220705032349], "bboxes": [[110.0799560546875, 94.90896606445312, 337.88641357421875, 709.8494873046875], [331.0594482421875, 290.2977294921875, 688.4735107421875, 709.1746215820312]]}