{"labels": [0, 0], "scores": [0.9924219250679016, 0.1867634356021881], "bboxes": [[63.55078125, 36.24627685546875, 699.6041870117188, 751.112548828125], [88.07809448242188, 132.39111328125, 426.4927062988281, 724.1493530273438]]}