{"labels": [0], "scores": [0.9978432655334473], "bboxes": [[183.4887237548828, 97.830078125, 613.2740478515625, 709.474609375]]}