{"labels": [0, 0, 0, 0, 0, 0, 0], "scores": [0.917839527130127, 0.8844825625419617, 0.6191004514694214, 0.5491840839385986, 0.4273858368396759, 0.2720608711242676, 0.05199156329035759], "bboxes": [[402.7667541503906, 44.38032531738281, 726.841064453125, 401.4202880859375], [26.6688232421875, 119.5985107421875, 414.4134521484375, 730.8259887695312], [364.837158203125, 122.30276489257812, 741.1751708984375, 717.739990234375], [32.246307373046875, 67.87936401367188, 718.3231201171875, 747.4329833984375], [25.404037475585938, 118.66629028320312, 404.09051513671875, 408.7420959472656], [80.52886962890625, 373.877685546875, 404.0891418457031, 725.916748046875], [389.623779296875, 410.7698059082031, 735.8834228515625, 717.945556640625]]}