{"labels": [0, 0, 0], "scores": [0.94622403383255, 0.38201087713241577, 0.07645442336797714], "bboxes": [[0.0, 31.846466064453125, 781.925537109375, 799.809326171875], [4.095001220703125, 75.44415283203125, 571.0469970703125, 528.8577880859375], [6.3066253662109375, 275.9840087890625, 434.23980712890625, 747.534912109375]]}