{"labels": [0, 0, 0], "scores": [0.9966006875038147, 0.16211041808128357, 0.12488481402397156], "bboxes": [[28.041015625, 35.2801399230957, 636.383544921875, 666.8563842773438], [142.88693237304688, 577.8781127929688, 654.616943359375, 896.0], [36.5558967590332, 230.62266540527344, 682.8626098632812, 875.0179443359375]]}