{"labels": [0, 0], "scores": [0.9953389167785645, 0.1506914645433426], "bboxes": [[88.5784912109375, 2.19189453125, 767.5878295898438, 733.857177734375], [90.43339538574219, 314.2211608886719, 400.48388671875, 798.1639404296875]]}