{"labels": [0], "scores": [0.998753547668457], "bboxes": [[87.91757202148438, 150.32269287109375, 711.228271484375, 778.5364990234375]]}