{"labels": [0], "scores": [0.9990289211273193], "bboxes": [[23.13262939453125, 49.40277099609375, 757.8829345703125, 715.292236328125]]}