{"labels": [0], "scores": [0.9930939674377441], "bboxes": [[235.5966796875, 149.89939880371094, 465.2801818847656, 799.110595703125]]}