{"labels": [0, 0, 0], "scores": [0.9967641830444336, 0.907331109046936, 0.73342365026474], "bboxes": [[72.8687744140625, 197.24688720703125, 439.6485595703125, 700.641357421875], [503.0550537109375, 157.43753051757812, 715.5740966796875, 560.9534912109375], [508.00811767578125, 491.74151611328125, 702.4213256835938, 736.8353881835938]]}