{"labels": [0], "scores": [0.9976615905761719], "bboxes": [[245.7744598388672, 13.615142822265625, 573.087646484375, 765.77197265625]]}