{"labels": [0, 0, 0, 0, 0, 0, 0], "scores": [0.9896072745323181, 0.974636435508728, 0.8068459630012512, 0.5281186699867249, 0.3836507201194763, 0.1527162343263626, 0.050744879990816116], "bboxes": [[426.9076843261719, 24.679840087890625, 611.3619995117188, 755.9111328125], [180.7101593017578, 26.954010009765625, 345.4666748046875, 709.6875], [298.26861572265625, 32.3272705078125, 481.06573486328125, 688.0499877929688], [175.76866149902344, 39.92364501953125, 268.3125305175781, 670.7764282226562], [569.2962646484375, 32.589996337890625, 669.454345703125, 683.64453125], [126.41822814941406, 13.786102294921875, 210.1950225830078, 683.1883544921875], [22.4923095703125, 16.17694091796875, 230.675048828125, 714.5870361328125]]}