{"labels": [0], "scores": [0.9990838766098022], "bboxes": [[0.0, 88.8282470703125, 800.0, 719.8856811523438]]}