{"labels": [0, 0, 0, 0, 0], "scores": [0.9454754590988159, 0.45075348019599915, 0.42719051241874695, 0.18294073641300201, 0.13038270175457], "bboxes": [[376.6066589355469, 209.34007263183594, 665.0770263671875, 556.0843505859375], [163.29090881347656, 255.563232421875, 490.45904541015625, 649.636474609375], [171.4388427734375, 271.1025085449219, 389.97393798828125, 536.6676025390625], [302.2353515625, 193.1298370361328, 525.0243530273438, 520.23388671875], [198.12234497070312, 187.18270874023438, 664.19921875, 638.0821533203125]]}