{"labels": [0, 0, 0, 0], "scores": [0.949023962020874, 0.7345969676971436, 0.18694567680358887, 0.16189786791801453], "bboxes": [[45.729461669921875, 8.919952392578125, 703.28515625, 798.2027587890625], [250.46803283691406, 229.9810791015625, 687.1851806640625, 783.1757202148438], [29.603302001953125, 2.1153564453125, 465.0586853027344, 592.7880859375], [301.8917236328125, 231.3400421142578, 667.2883911132812, 559.4042358398438]]}