{"labels": [0, 0], "scores": [0.9821338057518005, 0.5578728318214417], "bboxes": [[144.42420959472656, 16.388946533203125, 625.9520874023438, 793.869873046875], [585.6328735351562, 193.20645141601562, 752.6591186523438, 491.5026550292969]]}