{"labels": [0, 0], "scores": [0.9989965558052063, 0.7876584529876709], "bboxes": [[33.66822052001953, 27.684425354003906, 690.3525390625, 787.4923706054688], [566.8485107421875, 517.1072387695312, 592.3771362304688, 552.1354370117188]]}