{"labels": [0], "scores": [0.999142050743103], "bboxes": [[17.40228271484375, 162.07815551757812, 777.763427734375, 689.7320556640625]]}