{"labels": [0], "scores": [0.9982519745826721], "bboxes": [[18.705535888671875, 93.31643676757812, 799.623291015625, 701.2208251953125]]}