{"labels": [0, 0, 0], "scores": [0.842756450176239, 0.15618613362312317, 0.06985194236040115], "bboxes": [[129.26869201660156, 276.9366149902344, 555.3533935546875, 721.5867919921875], [304.33892822265625, 326.6654052734375, 721.9933471679688, 719.724853515625], [4.230010986328125, 310.6993408203125, 792.0301513671875, 798.6041259765625]]}