{"labels": [0, 0], "scores": [0.9972499012947083, 0.05826316401362419], "bboxes": [[4.57421875, 7.044830322265625, 800.0, 795.64892578125], [483.6630554199219, 556.9217529296875, 797.44677734375, 797.35107421875]]}