{"labels": [0], "scores": [0.9992507100105286], "bboxes": [[0.0, 180.77305603027344, 700.0, 706.51220703125]]}