{"labels": [0, 0, 0, 0, 0], "scores": [0.9744044542312622, 0.877327024936676, 0.175058975815773, 0.06101972609758377, 0.05225130170583725], "bboxes": [[42.005523681640625, 131.51235961914062, 738.7427978515625, 726.90966796875], [495.9809265136719, 567.2730712890625, 791.776123046875, 787.638427734375], [365.7413330078125, 442.1012878417969, 474.69732666015625, 707.61181640625], [160.94747924804688, 160.8303985595703, 493.4515075683594, 670.5986938476562], [166.50091552734375, 572.9527587890625, 263.3816833496094, 741.6478271484375]]}