{"labels": [0], "scores": [0.9978316426277161], "bboxes": [[8.977508544921875, 377.9212646484375, 798.84521484375, 688.1724853515625]]}