{"labels": [0], "scores": [0.9984515905380249], "bboxes": [[116.373046875, 202.9731903076172, 571.5097045898438, 801.8316650390625]]}