{"labels": [0, 0, 0, 0], "scores": [0.9853826761245728, 0.16508355736732483, 0.1035064309835434, 0.06442845612764359], "bboxes": [[26.75531005859375, 74.79434204101562, 777.2422485351562, 749.93798828125], [358.1380615234375, 262.7987976074219, 542.4193725585938, 736.2525634765625], [41.44709777832031, 81.91998291015625, 433.11651611328125, 721.0856323242188], [392.735595703125, 184.43026733398438, 718.708251953125, 730.156494140625]]}