{"labels": [0], "scores": [0.9916847944259644], "bboxes": [[46.55572509765625, 192.22564697265625, 742.0808715820312, 702.3178100585938]]}