{"labels": [0, 0], "scores": [0.9924431443214417, 0.10874354839324951], "bboxes": [[175.73985290527344, 67.55220794677734, 533.0943603515625, 588.2942504882812], [182.71522521972656, 310.2228698730469, 326.01202392578125, 574.1911010742188]]}