{"labels": [0, 0], "scores": [0.9869517087936401, 0.9000842571258545], "bboxes": [[120.69833374023438, 311.11871337890625, 628.690673828125, 800.0], [201.24395751953125, 74.9964370727539, 574.2930297851562, 303.0820617675781]]}