{"labels": [0, 0, 0, 0, 0, 0], "scores": [0.9520877599716187, 0.943278431892395, 0.9285169839859009, 0.590800940990448, 0.14811259508132935, 0.06233162060379982], "bboxes": [[28.681854248046875, 419.8399353027344, 746.9398193359375, 729.46337890625], [40.49041748046875, 476.6285705566406, 417.73468017578125, 730.5234375], [325.38177490234375, 2.157257080078125, 797.2150268554688, 531.3531494140625], [374.4604797363281, 415.21337890625, 759.7657470703125, 711.2252197265625], [161.47149658203125, 15.911163330078125, 747.6723022460938, 729.5853271484375], [84.09600830078125, 1.9283447265625, 588.0294799804688, 563.1033935546875]]}