{"labels": [0], "scores": [0.9986377358436584], "bboxes": [[15.275970458984375, 113.48800659179688, 781.343994140625, 690.469482421875]]}