{"labels": [0], "scores": [0.9952405691146851], "bboxes": [[249.02340698242188, 230.8172607421875, 549.573486328125, 751.0426635742188]]}