{"labels": [0, 0], "scores": [0.9866468906402588, 0.9815333485603333], "bboxes": [[285.9302978515625, 70.97712707519531, 481.3138427734375, 241.50975036621094], [337.6874694824219, 382.30096435546875, 476.7466125488281, 794.0045776367188]]}