{"labels": [0, 0], "scores": [0.9963551759719849, 0.9579271078109741], "bboxes": [[371.050048828125, 46.12823486328125, 649.3047485351562, 729.4533081054688], [105.73619079589844, 466.7742919921875, 315.42364501953125, 716.66259765625]]}