{"labels": [0, 0, 0, 0, 0, 0, 0, 0, 0, 0, 0, 0], "scores": [0.9803575873374939, 0.9771693348884583, 0.9483667016029358, 0.9204549193382263, 0.9100610613822937, 0.7959678173065186, 0.7841074466705322, 0.45766907930374146, 0.4466412365436554, 0.24456852674484253, 0.0585913248360157, 0.05332572013139725], "bboxes": [[465.6383056640625, 189.48321533203125, 724.2694091796875, 642.9011840820312], [206.6984405517578, 461.99041748046875, 466.71429443359375, 612.0297241210938], [62.909996032714844, 131.25570678710938, 215.84573364257812, 459.8701477050781], [469.2572937011719, 56.89445495605469, 582.1082763671875, 192.3333740234375], [208.40487670898438, 80.39623260498047, 472.7450256347656, 249.97750854492188], [67.42123413085938, 474.4437255859375, 212.10635375976562, 588.2149658203125], [591.3161010742188, 22.179542541503906, 717.4691772460938, 175.33303833007812], [11.970123291015625, 573.3956298828125, 176.37571716308594, 742.1395263671875], [200.04751586914062, 265.8409118652344, 469.6950378417969, 414.3301696777344], [132.48397827148438, 479.1436767578125, 209.32772827148438, 585.8326416015625], [163.55238342285156, 141.41514587402344, 478.6845703125, 452.16082763671875], [143.031005859375, 614.8911743164062, 221.59979248046875, 799.2247924804688]]}