{"labels": [0], "scores": [0.9991507530212402], "bboxes": [[24.5404052734375, 225.07382202148438, 766.1095581054688, 636.1492919921875]]}