{"labels": [0, 0, 0, 0, 0], "scores": [0.8892765641212463, 0.8830174207687378, 0.493600070476532, 0.286599725484848, 0.13978053629398346], "bboxes": [[115.02017211914062, 346.50994873046875, 702.9071044921875, 738.1647338867188], [59.34181213378906, 96.97599792480469, 313.027099609375, 349.50250244140625], [56.86883544921875, 39.30194091796875, 693.4208984375, 753.6459350585938], [500.51666259765625, 361.2232360839844, 701.8638305664062, 727.4990234375], [111.54791259765625, 525.56298828125, 480.780029296875, 735.5484619140625]]}