{"labels": [0], "scores": [0.9987456798553467], "bboxes": [[14.026885986328125, 224.538330078125, 799.770751953125, 584.2371826171875]]}