{"labels": [0], "scores": [0.9955125451087952], "bboxes": [[306.78778076171875, 49.849822998046875, 492.99639892578125, 782.7320556640625]]}