{"labels": [0], "scores": [0.9930423498153687], "bboxes": [[176.2541961669922, 71.02725219726562, 645.9619140625, 796.61669921875]]}