{"labels": [0, 0, 0, 0], "scores": [0.9795445799827576, 0.8672901391983032, 0.16864317655563354, 0.1294242888689041], "bboxes": [[277.2938232421875, 217.11752319335938, 571.5430908203125, 547.2906494140625], [208.74069213867188, 509.55401611328125, 513.62255859375, 784.5628051757812], [283.32666015625, 543.2041015625, 508.77752685546875, 715.443115234375], [215.8231658935547, 228.98046875, 568.6749267578125, 770.4102783203125]]}