{"labels": [0], "scores": [0.9992087483406067], "bboxes": [[0.591522216796875, 111.12255859375, 784.6771240234375, 714.8939208984375]]}