{"labels": [0, 0], "scores": [0.9896363615989685, 0.9296551942825317], "bboxes": [[214.04998779296875, 181.83206176757812, 601.6854858398438, 370.3241882324219], [165.00128173828125, 70.4627685546875, 588.0435791015625, 800.0]]}