{"labels": [0], "scores": [0.9989824891090393], "bboxes": [[76.43119049072266, 113.46705627441406, 636.80224609375, 673.6002197265625]]}