{"labels": [0, 0, 0], "scores": [0.978160560131073, 0.4479762613773346, 0.1266072690486908], "bboxes": [[71.17218780517578, 176.78778076171875, 482.47869873046875, 896.0], [229.051513671875, 408.4376525878906, 495.4429016113281, 895.8148193359375], [84.1764144897461, 176.69268798828125, 454.518798828125, 541.3215942382812]]}