{"labels": [0, 0], "scores": [0.9874905943870544, 0.9388707280158997], "bboxes": [[22.05889892578125, 33.310546875, 476.33038330078125, 646.9642333984375], [287.0926513671875, 21.242431640625, 688.0097045898438, 620.3746337890625]]}