{"labels": [0], "scores": [0.9966012239456177], "bboxes": [[6.771392822265625, 149.14785766601562, 786.369873046875, 716.501953125]]}