{"labels": [0, 0], "scores": [0.9867408871650696, 0.9600340723991394], "bboxes": [[38.90687561035156, 227.4500274658203, 511.17633056640625, 612.9473266601562], [120.38433837890625, 192.88137817382812, 766.2402954101562, 561.091064453125]]}