{"labels": [0], "scores": [0.9982436895370483], "bboxes": [[80.47998046875, 290.57904052734375, 736.4192504882812, 624.695068359375]]}