{"labels": [0, 0, 0], "scores": [0.9284757971763611, 0.8169861435890198, 0.1498020589351654], "bboxes": [[3.7984619140625, 262.77191162109375, 428.013671875, 799.2097778320312], [115.0592041015625, 19.604736328125, 790.1638793945312, 597.7118530273438], [560.9283447265625, 0.22681808471679688, 796.118896484375, 120.60447692871094]]}