{"labels": [0], "scores": [0.9980424642562866], "bboxes": [[165.859375, 114.87664794921875, 626.076171875, 683.9137573242188]]}