{"labels": [0, 0], "scores": [0.9960461258888245, 0.06268922984600067], "bboxes": [[23.725982666015625, 80.60360717773438, 780.68408203125, 656.8887939453125], [32.760284423828125, 240.11485290527344, 445.28509521484375, 652.4301147460938]]}