{"labels": [0, 0], "scores": [0.9988409876823425, 0.08614019304513931], "bboxes": [[0.395172119140625, 149.03045654296875, 732.1754150390625, 685.2684936523438], [686.1441650390625, 158.86868286132812, 798.7872314453125, 332.9978332519531]]}