{"labels": [0], "scores": [0.9733240604400635], "bboxes": [[86.18701171875, 246.951171875, 638.5484008789062, 783.60400390625]]}