{"labels": [0, 0, 0, 0, 0, 0, 0, 0, 0, 0, 0], "scores": [0.8822189569473267, 0.8341200947761536, 0.7324396967887878, 0.640903890132904, 0.3781919479370117, 0.36558306217193604, 0.17451559007167816, 0.1471182107925415, 0.12555857002735138, 0.11175771057605743, 0.05990475416183472], "bboxes": [[484.6361389160156, 150.205078125, 690.9508056640625, 564.0732421875], [189.21493530273438, 101.67127990722656, 419.4549865722656, 552.248291015625], [390.5866394042969, 556.1962890625, 554.7340087890625, 686.8367919921875], [393.8388366699219, 406.70965576171875, 571.2390747070312, 692.6488647460938], [125.79820251464844, 421.718017578125, 284.25848388671875, 683.589111328125], [135.15896606445312, 586.3101806640625, 255.81521606445312, 686.8302001953125], [418.2891540527344, 414.6847229003906, 575.0685424804688, 570.3470458984375], [241.93585205078125, 440.2792053222656, 335.38824462890625, 563.79736328125], [0.1804351806640625, 655.5106811523438, 127.27233123779297, 773.3206176757812], [435.80792236328125, 313.5350646972656, 544.6211547851562, 394.0576477050781], [107.52059936523438, 86.582763671875, 446.6962585449219, 739.4449462890625]]}