{"labels": [0, 0, 0], "scores": [0.9926429390907288, 0.8865453004837036, 0.13231536746025085], "bboxes": [[269.7940368652344, 41.77520751953125, 792.5726318359375, 786.3594360351562], [14.48687744140625, 32.00762939453125, 530.4618530273438, 773.5543823242188], [9.84320068359375, 144.19888305664062, 322.7851867675781, 756.0040283203125]]}