{"labels": [0], "scores": [0.9959994554519653], "bboxes": [[10.724090576171875, 213.51866149902344, 791.8984375, 620.2267456054688]]}