{"labels": [0], "scores": [0.9967383742332458], "bboxes": [[0.0, 20.09417724609375, 784.2625122070312, 798.037353515625]]}