{"labels": [0, 0], "scores": [0.9973957538604736, 0.875180184841156], "bboxes": [[32.737579345703125, 38.996063232421875, 800.0, 755.697998046875], [0.0, 375.0900573730469, 791.609130859375, 721.7685546875]]}