{"labels": [0], "scores": [0.9968816041946411], "bboxes": [[118.08111572265625, 203.85240173339844, 668.2394409179688, 629.070556640625]]}