{"labels": [0, 0], "scores": [0.9620426893234253, 0.18270909786224365], "bboxes": [[0.0, 138.41290283203125, 656.1353149414062, 725.6458740234375], [0.0, 161.94418334960938, 587.127197265625, 437.5639343261719]]}