{"labels": [0, 0, 0, 0, 0, 0], "scores": [0.9915466904640198, 0.9498485326766968, 0.8400904536247253, 0.12357617914676666, 0.11292075365781784, 0.09406104683876038], "bboxes": [[312.7330322265625, 163.15884399414062, 693.7490844726562, 671.3759155273438], [36.59385681152344, 214.59078979492188, 369.261474609375, 522.9349365234375], [47.05205154418945, 183.41561889648438, 370.74261474609375, 813.9564208984375], [328.49853515625, 296.879150390625, 665.0525512695312, 889.5404052734375], [75.9727554321289, 509.93304443359375, 326.2722473144531, 775.5009155273438], [94.29431915283203, 744.8912353515625, 324.21881103515625, 836.6596069335938]]}