{"labels": [0, 0, 0, 0, 0], "scores": [0.9617186188697815, 0.8435080051422119, 0.5206286311149597, 0.2531970739364624, 0.05238572880625725], "bboxes": [[38.56060791015625, 400.90997314453125, 402.0849609375, 748.6015014648438], [38.371185302734375, 199.75808715820312, 763.757080078125, 753.7164306640625], [551.1183471679688, 205.9952850341797, 797.4622192382812, 475.3189697265625], [97.933837890625, 104.37814331054688, 791.5516967773438, 500.3020324707031], [385.8017272949219, 0.4856739044189453, 560.3525390625, 60.51057434082031]]}