{"labels": [0, 0], "scores": [0.9981346130371094, 0.7974819540977478], "bboxes": [[6.78692626953125, 24.880706787109375, 792.9304809570312, 742.14599609375], [112.37644958496094, 410.1847229003906, 228.85682678222656, 729.9710693359375]]}