{"labels": [0, 0], "scores": [0.9918462634086609, 0.09648875147104263], "bboxes": [[12.071868896484375, 219.9652557373047, 775.98291015625, 687.287109375], [34.84912109375, 406.171875, 644.07275390625, 681.460205078125]]}