{"labels": [0], "scores": [0.9991075396537781], "bboxes": [[27.10504150390625, 192.5319366455078, 776.453125, 551.3598022460938]]}