{"labels": [0], "scores": [0.9845523834228516], "bboxes": [[116.79507446289062, 201.10638427734375, 740.71630859375, 774.3373413085938]]}