{"labels": [0, 0], "scores": [0.9982263445854187, 0.9978812336921692], "bboxes": [[8.075424194335938, 152.5291748046875, 423.57666015625, 729.4150390625], [439.89215087890625, 139.2445068359375, 715.5628051757812, 674.3745727539062]]}