{"labels": [0], "scores": [0.9995027780532837], "bboxes": [[77.55899047851562, 68.05032348632812, 719.5084228515625, 739.61669921875]]}