{"labels": [0, 0], "scores": [0.949942409992218, 0.9427942633628845], "bboxes": [[301.2423400878906, 318.36676025390625, 686.67578125, 769.9682006835938], [128.2061309814453, 227.5880889892578, 460.6690673828125, 609.1680908203125]]}