{"labels": [0], "scores": [0.9978542923927307], "bboxes": [[172.59036254882812, 217.70980834960938, 625.05029296875, 647.7392578125]]}