{"labels": [0], "scores": [0.9981978535652161], "bboxes": [[85.05926513671875, 6.03326416015625, 659.7258911132812, 798.7174072265625]]}