{"labels": [0], "scores": [0.9964812994003296], "bboxes": [[179.52565002441406, 22.8138427734375, 611.1201171875, 782.3514404296875]]}