{"labels": [0], "scores": [0.9986526966094971], "bboxes": [[65.06918334960938, 290.56195068359375, 734.6700439453125, 709.9469604492188]]}