{"labels": [0, 0], "scores": [0.9985699653625488, 0.45390596985816956], "bboxes": [[115.22434997558594, 89.98286437988281, 584.0653686523438, 825.4794921875], [540.4725341796875, 108.14834594726562, 697.5828857421875, 466.1329650878906]]}