{"labels": [0, 0, 0], "scores": [0.9973552227020264, 0.05991600826382637, 0.053720761090517044], "bboxes": [[219.69210815429688, 95.75933837890625, 485.5284423828125, 751.6945190429688], [253.88473510742188, 727.990234375, 510.6896057128906, 843.6870727539062], [494.9527893066406, 201.11195373535156, 700.0, 285.8488464355469]]}