{"labels": [0, 0, 0, 0], "scores": [0.9945574998855591, 0.9599789381027222, 0.3803400993347168, 0.09905648976564407], "bboxes": [[33.439056396484375, 223.58602905273438, 561.7757568359375, 713.162109375], [468.2740478515625, 342.52166748046875, 709.2197265625, 715.9180297851562], [548.2340087890625, 80.78584289550781, 778.6900634765625, 340.2926025390625], [528.0928955078125, 75.64349365234375, 784.927001953125, 658.3861083984375]]}