{"labels": [0], "scores": [0.9975101947784424], "bboxes": [[222.24839782714844, 161.24594116210938, 572.9116821289062, 748.056884765625]]}