{"labels": [0], "scores": [0.997978150844574], "bboxes": [[149.6634979248047, 10.672981262207031, 548.68115234375, 892.421875]]}