{"labels": [0], "scores": [0.9968133568763733], "bboxes": [[19.053680419921875, 30.000762939453125, 689.027099609375, 791.2117919921875]]}