{"labels": [0], "scores": [0.9980879426002502], "bboxes": [[0.0, 170.5143280029297, 800.0, 585.3609008789062]]}