{"labels": [0], "scores": [0.9992713332176208], "bboxes": [[2.841156005859375, 19.5435791015625, 777.9114990234375, 763.0380249023438]]}