{"labels": [0, 0], "scores": [0.9970423579216003, 0.05525859817862511], "bboxes": [[137.86306762695312, 21.822357177734375, 665.2022705078125, 423.38470458984375], [0.0, 372.119140625, 793.17626953125, 800.0]]}