{"labels": [0, 0], "scores": [0.9979022741317749, 0.9701179265975952], "bboxes": [[257.2287292480469, 211.06011962890625, 793.990478515625, 789.0294189453125], [16.88427734375, 582.6636352539062, 270.3420715332031, 781.2013549804688]]}