{"labels": [0], "scores": [0.9992353916168213], "bboxes": [[38.74988555908203, 91.442626953125, 666.3265991210938, 896.0]]}