{"labels": [0, 0], "scores": [0.9951564073562622, 0.9860965609550476], "bboxes": [[116.20207214355469, 286.591552734375, 568.43310546875, 796.5751953125], [339.44732666015625, 233.72625732421875, 742.1765747070312, 752.4862060546875]]}