{"labels": [0, 0, 0, 0, 0, 0, 0], "scores": [0.9458780288696289, 0.7659400105476379, 0.28265032172203064, 0.14337018132209778, 0.10086274892091751, 0.0746292844414711, 0.050748568028211594], "bboxes": [[262.04998779296875, 445.350830078125, 588.3953247070312, 626.9954833984375], [9.972503662109375, 5.583709716796875, 792.982666015625, 663.066162109375], [196.86793518066406, 122.32998657226562, 374.32720947265625, 592.831298828125], [206.98460388183594, 541.881103515625, 509.60113525390625, 681.66943359375], [597.0460815429688, 462.3541259765625, 799.3052368164062, 705.687744140625], [0.0, 433.4845886230469, 107.83476257324219, 612.721435546875], [328.32989501953125, 80.09854125976562, 621.0269165039062, 562.7918701171875]]}