{"labels": [0, 0, 0, 0, 0, 0, 0, 0, 0, 0, 0, 0, 0, 0, 0, 0, 0, 0, 0, 0, 0], "scores": [0.975823163986206, 0.971121072769165, 0.9591757655143738, 0.9511771202087402, 0.9385082125663757, 0.9381084442138672, 0.9339878559112549, 0.9124304056167603, 0.9029443860054016, 0.9004368185997009, 0.897325873374939, 0.895869255065918, 0.8952772617340088, 0.8879808187484741, 0.8869031071662903, 0.7827005982398987, 0.7739007472991943, 0.634642481803894, 0.40593796968460083, 0.09693348407745361, 0.07305524498224258], "bboxes": [[418.7109375, 20.087589263916016, 581.7693481445312, 145.45968627929688], [231.6699981689453, 502.51953125, 373.38079833984375, 624.760009765625], [212.90975952148438, 20.63098907470703, 383.0352478027344, 149.34036254882812], [408.57830810546875, 352.1177673339844, 584.597412109375, 463.0029602050781], [421.8176574707031, 177.60678100585938, 584.1258544921875, 305.7265625], [224.14645385742188, 320.90850830078125, 375.9980163574219, 470.83282470703125], [8.855583190917969, 163.31826782226562, 191.30853271484375, 313.77166748046875], [607.8872680664062, 332.277587890625, 786.4288940429688, 467.27349853515625], [412.36639404296875, 653.5184326171875, 593.6917724609375, 791.219970703125], [612.0253295898438, 168.32069396972656, 788.8820190429688, 304.63165283203125], [624.0379638671875, 22.28626251220703, 793.6842041015625, 145.83499145507812], [9.103614807128906, 507.4451904296875, 190.76632690429688, 630.6346435546875], [8.106781005859375, 335.3313293457031, 183.60699462890625, 467.7557067871094], [429.3525695800781, 502.4053039550781, 571.1854248046875, 626.06396484375], [214.21926879882812, 647.6005859375, 387.3952331542969, 789.721923828125], [20.238540649414062, 17.021461486816406, 172.72683715820312, 139.71502685546875], [210.77655029296875, 192.2028350830078, 392.98333740234375, 301.5032958984375], [626.9465942382812, 533.013916015625, 791.6646118164062, 606.7861328125], [626.960205078125, 654.0759887695312, 779.0283203125, 794.2738647460938], [500.7954406738281, 647.4498291015625, 590.9715576171875, 777.23291015625], [34.563899993896484, 650.8524780273438, 154.21273803710938, 793.0095825195312]]}