{"labels": [0], "scores": [0.9964488744735718], "bboxes": [[213.9175262451172, 1.0980224609375, 599.0811767578125, 800.0]]}