{"labels": [0, 0, 0], "scores": [0.9769482612609863, 0.15884214639663696, 0.05526101961731911], "bboxes": [[0.0, 10.2933349609375, 800.0, 640.690185546875], [175.97096252441406, 203.6230926513672, 643.2340698242188, 613.6702880859375], [2.131591796875, 147.822998046875, 496.2771911621094, 467.4818115234375]]}