{"labels": [0, 0, 0, 0, 0], "scores": [0.9408140182495117, 0.6087596416473389, 0.39488789439201355, 0.353831946849823, 0.1504773050546646], "bboxes": [[28.305938720703125, 282.7899169921875, 531.5531005859375, 709.1049194335938], [511.16546630859375, 223.38720703125, 782.8594360351562, 562.39697265625], [14.486968994140625, 161.106689453125, 779.5606689453125, 727.07763671875], [315.36187744140625, 233.05831909179688, 598.10205078125, 544.7454833984375], [198.63211059570312, 223.80294799804688, 601.00634765625, 674.3428955078125]]}