{"labels": [0], "scores": [0.9927660226821899], "bboxes": [[289.3980407714844, 226.98834228515625, 740.061279296875, 787.4619140625]]}