{"labels": [0], "scores": [0.9967424273490906], "bboxes": [[117.42642211914062, 217.9883270263672, 679.7987060546875, 574.6868896484375]]}