{"labels": [0], "scores": [0.9955959916114807], "bboxes": [[203.3241729736328, 205.75054931640625, 696.5068969726562, 774.3016357421875]]}