{"labels": [0], "scores": [0.996276319026947], "bboxes": [[328.30242919921875, 37.515411376953125, 727.6785278320312, 756.2471923828125]]}