{"labels": [0], "scores": [0.9988436698913574], "bboxes": [[49.2528076171875, 28.862030029296875, 799.6567993164062, 800.0]]}