{"labels": [0, 0, 0, 0, 0], "scores": [0.9805106520652771, 0.7743425965309143, 0.5873460173606873, 0.5710029006004333, 0.05749210715293884], "bboxes": [[337.0722351074219, 314.114013671875, 644.771484375, 639.1321411132812], [110.2470474243164, 304.4808349609375, 345.6803283691406, 640.4443969726562], [20.230667114257812, 44.250946044921875, 473.06451416015625, 641.7821044921875], [613.1596069335938, 424.0671081542969, 748.6400756835938, 642.1171875], [328.17498779296875, 359.63885498046875, 484.83001708984375, 630.6445922851562]]}