{"labels": [0, 0, 0], "scores": [0.986011266708374, 0.2502956986427307, 0.05534937232732773], "bboxes": [[263.1796875, 3.51080322265625, 797.390625, 743.3934936523438], [0.0, 0.0, 305.15435791015625, 677.7762451171875], [308.6020812988281, 0.0, 799.01318359375, 384.7978210449219]]}