{"labels": [0], "scores": [0.9985746145248413], "bboxes": [[119.67098999023438, 222.12599182128906, 611.435791015625, 821.6159057617188]]}