{"labels": [0, 0, 0, 0], "scores": [0.9922417402267456, 0.9671239852905273, 0.9238654971122742, 0.7148821949958801], "bboxes": [[249.67550659179688, 207.79693603515625, 768.5167236328125, 789.1361083984375], [16.291656494140625, 653.770263671875, 185.77125549316406, 786.8302001953125], [56.94488525390625, 176.67381286621094, 210.86663818359375, 436.48126220703125], [251.0650177001953, 235.7791290283203, 422.04364013671875, 548.8001708984375]]}