{"labels": [0], "scores": [0.9985577464103699], "bboxes": [[261.4097900390625, 10.143280029296875, 553.9179077148438, 772.061767578125]]}