{"labels": [0, 0], "scores": [0.9954272508621216, 0.3602222502231598], "bboxes": [[73.56723022460938, 47.620025634765625, 628.7353515625, 552.4075927734375], [5.6839599609375, 405.21795654296875, 739.40771484375, 744.2578735351562]]}