{"labels": [0], "scores": [0.9992637038230896], "bboxes": [[0.0, 201.60459899902344, 782.6495361328125, 705.2407836914062]]}