{"labels": [0, 0, 0, 0, 0, 0], "scores": [0.9961121678352356, 0.9946946501731873, 0.9490165710449219, 0.8063984513282776, 0.764638364315033, 0.08548218011856079], "bboxes": [[361.50567626953125, 72.53341674804688, 748.3283081054688, 727.654052734375], [104.28306579589844, 67.94305419921875, 392.61688232421875, 754.1854858398438], [0.0, 64.35307312011719, 154.16314697265625, 472.73321533203125], [401.8039855957031, 661.8900146484375, 544.265380859375, 764.6788330078125], [189.65402221679688, 71.43170166015625, 558.12255859375, 747.5692749023438], [719.218017578125, 658.478271484375, 800.0, 754.4300537109375]]}