{"labels": [0, 0, 0], "scores": [0.9775241613388062, 0.953005313873291, 0.46040886640548706], "bboxes": [[450.26849365234375, 415.3333435058594, 683.1157836914062, 792.57470703125], [173.595947265625, 199.3437042236328, 448.74932861328125, 657.4500122070312], [168.14132690429688, 636.9066772460938, 311.3507080078125, 768.0890502929688]]}