{"labels": [0], "scores": [0.9761038422584534], "bboxes": [[158.6936492919922, 203.6299285888672, 667.5211181640625, 684.2994384765625]]}