{"labels": [0], "scores": [0.9984708428382874], "bboxes": [[0.0, 40.8748779296875, 800.0, 734.3690795898438]]}