{"labels": [0, 0], "scores": [0.9950670003890991, 0.9920945763587952], "bboxes": [[446.203857421875, 239.40780639648438, 722.2247314453125, 728.0888671875], [82.28205108642578, 247.0730743408203, 336.7981872558594, 725.0714111328125]]}