{"labels": [0], "scores": [0.9971267580986023], "bboxes": [[0.0, 219.8694305419922, 771.482177734375, 678.498779296875]]}