{"labels": [0], "scores": [0.9985551238059998], "bboxes": [[139.7131805419922, 12.94635009765625, 651.2613525390625, 794.4130859375]]}