{"labels": [0, 0, 0, 0], "scores": [0.9736272692680359, 0.2101689577102661, 0.166770339012146, 0.07769452035427094], "bboxes": [[120.31867218017578, 75.58301544189453, 694.0615234375, 598.1809692382812], [334.840576171875, 65.7960205078125, 514.4094848632812, 227.62303161621094], [3.7309281826019287, 465.1021423339844, 317.2434997558594, 641.8685913085938], [0.0, 322.4826965332031, 670.1150512695312, 657.5494995117188]]}