{"labels": [0, 0, 0, 0, 0], "scores": [0.9977949857711792, 0.9881864190101624, 0.42213010787963867, 0.3616626262664795, 0.06286760419607162], "bboxes": [[16.602663040161133, 207.60958862304688, 441.1693420410156, 756.5545654296875], [389.575439453125, 308.8017272949219, 671.8528442382812, 773.4934692382812], [11.524362564086914, 727.4652709960938, 362.36370849609375, 893.0684814453125], [466.0074157714844, 83.24382019042969, 636.2661743164062, 247.83474731445312], [375.5107116699219, 750.9437255859375, 640.5362548828125, 896.0]]}