{"labels": [0, 0], "scores": [0.9985929131507874, 0.30681005120277405], "bboxes": [[39.954158782958984, 87.80876159667969, 640.1439819335938, 852.5184326171875], [220.19454956054688, 95.19178009033203, 461.2089538574219, 415.9620361328125]]}