{"labels": [0], "scores": [0.9980738162994385], "bboxes": [[1.572265625, 59.650665283203125, 798.6064453125, 768.8868408203125]]}