{"labels": [0, 0, 0], "scores": [0.9961099028587341, 0.06249792501330376, 0.052578724920749664], "bboxes": [[19.762542724609375, 228.35220336914062, 766.6246337890625, 796.3448486328125], [602.5226440429688, 89.1941909790039, 793.8453979492188, 205.9259033203125], [526.6476440429688, 49.733863830566406, 610.5285034179688, 140.00411987304688]]}