{"labels": [0, 0], "scores": [0.9784656167030334, 0.0557885468006134], "bboxes": [[280.492919921875, 47.38885498046875, 797.8841552734375, 800.0], [307.2817687988281, 292.085205078125, 665.5103759765625, 683.9926147460938]]}