{"labels": [0], "scores": [0.9957494735717773], "bboxes": [[145.9466094970703, 116.46875, 601.6286010742188, 782.898193359375]]}