{"labels": [0], "scores": [0.9994328618049622], "bboxes": [[249.24246215820312, 27.67828369140625, 504.6160583496094, 786.37255859375]]}