{"labels": [0], "scores": [0.998225748538971], "bboxes": [[1.81512451171875, 253.23458862304688, 797.4293212890625, 650.9434814453125]]}