{"labels": [0], "scores": [0.9989318251609802], "bboxes": [[64.45114135742188, 10.4573974609375, 740.986572265625, 757.6197509765625]]}