{"labels": [0, 0, 0], "scores": [0.9902931451797485, 0.9782796502113342, 0.7643863558769226], "bboxes": [[496.746826171875, 1.35235595703125, 612.2738037109375, 788.4188232421875], [347.0289306640625, 123.44772338867188, 464.70294189453125, 763.8077392578125], [141.94989013671875, 78.52749633789062, 533.5439453125, 790.608642578125]]}