{"labels": [0, 0, 0, 0, 0], "scores": [0.896133303642273, 0.39112234115600586, 0.21735337376594543, 0.16189637780189514, 0.08574657887220383], "bboxes": [[83.55560302734375, 3.4019775390625, 733.1731567382812, 800.0], [566.6015625, 431.7412109375, 772.129150390625, 790.5426025390625], [348.1552734375, 32.623291015625, 638.1971435546875, 309.99371337890625], [221.0529022216797, 182.47314453125, 566.2877807617188, 568.503662109375], [295.2384033203125, 14.29547119140625, 661.6749877929688, 535.5751342773438]]}