{"labels": [0], "scores": [0.9969762563705444], "bboxes": [[331.29046630859375, 39.02667236328125, 686.8329467773438, 782.2733154296875]]}