{"labels": [0], "scores": [0.9953197836875916], "bboxes": [[188.22959899902344, 104.95849609375, 562.989501953125, 689.1484985351562]]}