{"labels": [0], "scores": [0.9923863410949707], "bboxes": [[252.62435913085938, 49.59014892578125, 549.634765625, 710.8491821289062]]}