{"labels": [0, 0, 0, 0, 0], "scores": [0.9964479207992554, 0.5365965366363525, 0.16759903728961945, 0.14385826885700226, 0.08896022289991379], "bboxes": [[88.89483642578125, 126.33770751953125, 722.5005493164062, 744.5863647460938], [670.1190185546875, 286.36932373046875, 800.0, 680.1593627929688], [0.0, 121.22801208496094, 205.62997436523438, 571.7713623046875], [492.5384826660156, 154.84820556640625, 689.656005859375, 356.7016296386719], [493.50927734375, 0.0, 800.0, 310.03466796875]]}