{"labels": [0, 0], "scores": [0.9860646724700928, 0.10100649297237396], "bboxes": [[29.4710693359375, 145.07583618164062, 783.6079711914062, 667.1031494140625], [44.555389404296875, 161.14427185058594, 645.126953125, 475.77593994140625]]}