{"labels": [0], "scores": [0.999208390712738], "bboxes": [[9.444091796875, 166.19920349121094, 781.778076171875, 630.7465209960938]]}