{"labels": [0, 0, 0], "scores": [0.9942889213562012, 0.9331170916557312, 0.058099959045648575], "bboxes": [[20.982656478881836, 80.36931610107422, 314.7781982421875, 767.9140014648438], [400.4225158691406, 228.7307891845703, 691.5835571289062, 545.6304321289062], [3.0068111419677734, 712.8800048828125, 405.9848937988281, 884.8968505859375]]}