{"labels": [0, 0], "scores": [0.9203617572784424, 0.07797810435295105], "bboxes": [[141.10537719726562, 45.989654541015625, 609.2088623046875, 800.0], [152.33775329589844, 331.767578125, 523.6630859375, 800.0]]}