{"labels": [0, 0, 0], "scores": [0.983405351638794, 0.2205764502286911, 0.1821669638156891], "bboxes": [[314.3454284667969, 138.85409545898438, 525.8312377929688, 558.323486328125], [353.9714050292969, 684.2735595703125, 501.6310119628906, 795.517822265625], [414.4617919921875, 73.09004211425781, 515.0844116210938, 173.25611877441406]]}