{"labels": [0, 0], "scores": [0.9981253743171692, 0.9927247166633606], "bboxes": [[74.06983947753906, 152.551025390625, 463.9139404296875, 699.3877563476562], [457.3685302734375, 283.5593566894531, 786.4957275390625, 752.10693359375]]}