{"labels": [0], "scores": [0.9995543360710144], "bboxes": [[0.0, 2.073516845703125, 800.0, 800.0]]}