{"labels": [0], "scores": [0.9924063086509705], "bboxes": [[120.05050659179688, 35.305145263671875, 681.018310546875, 792.8897705078125]]}