{"labels": [0, 0], "scores": [0.9766225814819336, 0.07978201657533646], "bboxes": [[182.5774688720703, 2.424957275390625, 607.9866943359375, 796.1873779296875], [188.52130126953125, 418.427490234375, 614.9176025390625, 778.697998046875]]}