{"labels": [0], "scores": [0.9985253214836121], "bboxes": [[17.4002685546875, 73.91244506835938, 768.0355834960938, 718.55419921875]]}