{"labels": [0, 0, 0], "scores": [0.9948607087135315, 0.356294721364975, 0.05312759429216385], "bboxes": [[226.5545654296875, 215.69540405273438, 694.5736083984375, 800.0], [34.934593200683594, 365.8648681640625, 268.24591064453125, 784.2171630859375], [230.10409545898438, 222.48294067382812, 516.560302734375, 630.594482421875]]}