{"labels": [0], "scores": [0.998432457447052], "bboxes": [[55.102081298828125, 102.78009033203125, 749.726318359375, 724.9671020507812]]}