{"labels": [0, 0, 0], "scores": [0.9889928698539734, 0.0700463354587555, 0.0526590570807457], "bboxes": [[115.30929565429688, 266.2693786621094, 607.3543701171875, 720.2010498046875], [534.4921875, 21.285850524902344, 576.2669677734375, 206.404296875], [527.3358154296875, 17.30926513671875, 712.0277099609375, 212.85003662109375]]}