{"labels": [0, 0, 0, 0, 0, 0], "scores": [0.9954713582992554, 0.9790459871292114, 0.9703578948974609, 0.9626193642616272, 0.372226744890213, 0.05868326872587204], "bboxes": [[0.0, 448.03955078125, 400.8922119140625, 800.0], [352.10650634765625, 268.2674560546875, 796.2135620117188, 668.0321655273438], [0.0, 210.5097198486328, 371.45556640625, 531.0648193359375], [173.23074340820312, 44.54002380371094, 661.7779541015625, 375.46490478515625], [35.96356201171875, 46.885009765625, 733.2119140625, 597.8215942382812], [2.8149566650390625, 342.89093017578125, 373.81988525390625, 654.4237060546875]]}