{"labels": [0, 0], "scores": [0.9725301265716553, 0.7550632953643799], "bboxes": [[107.4106674194336, 140.6969451904297, 433.6689453125, 668.04638671875], [226.8269500732422, 400.3486328125, 401.5917663574219, 811.830810546875]]}