{"labels": [0, 0, 0, 0, 0, 0, 0, 0, 0, 0, 0], "scores": [0.98857182264328, 0.9683210849761963, 0.9043405055999756, 0.6521646976470947, 0.646185576915741, 0.2722201943397522, 0.2679029107093811, 0.09413902461528778, 0.07880344241857529, 0.06961950659751892, 0.05541446805000305], "bboxes": [[550.9324951171875, 499.6895446777344, 794.37841796875, 750.6925048828125], [20.03003692626953, 61.362152099609375, 268.4909973144531, 366.7568664550781], [278.9761047363281, 384.92169189453125, 527.81298828125, 732.3225708007812], [590.1040649414062, 16.94940185546875, 782.6539916992188, 282.8899841308594], [323.4838562011719, 45.2138671875, 552.5472412109375, 351.2321472167969], [48.356605529785156, 398.70660400390625, 242.59249877929688, 614.522216796875], [424.3966064453125, 482.0187683105469, 547.2051391601562, 557.2744140625], [492.5794372558594, 334.8983154296875, 533.9901123046875, 374.98175048828125], [0.0, 578.015625, 262.9512023925781, 786.6329345703125], [547.8614501953125, 310.7764892578125, 793.22998046875, 408.30426025390625], [2.7337646484375, 355.959228515625, 278.47259521484375, 790.851318359375]]}