{"labels": [0, 0, 0, 0], "scores": [0.9576514363288879, 0.5250440835952759, 0.3108208179473877, 0.2785438299179077], "bboxes": [[142.95358276367188, 142.62197875976562, 469.1952819824219, 798.18115234375], [39.425323486328125, 32.968505859375, 748.76611328125, 800.0], [0.0, 91.85745239257812, 380.0016784667969, 716.3092041015625], [350.8880310058594, 35.485107421875, 781.9713134765625, 680.7828369140625]]}