{"labels": [0], "scores": [0.9814931750297546], "bboxes": [[72.55123901367188, 304.9585876464844, 689.89453125, 780.7086181640625]]}