{"labels": [0], "scores": [0.9980055689811707], "bboxes": [[177.093017578125, 113.98678588867188, 606.2249755859375, 763.0633544921875]]}