{"labels": [0, 0], "scores": [0.9867501854896545, 0.19927965104579926], "bboxes": [[150.9449462890625, 136.71694946289062, 749.200439453125, 777.531494140625], [372.22265625, 131.13063049316406, 540.041015625, 265.7196044921875]]}