{"labels": [0], "scores": [0.9981729984283447], "bboxes": [[143.59762573242188, 0.0, 649.708251953125, 789.9993896484375]]}