{"labels": [0], "scores": [0.9990410208702087], "bboxes": [[29.2608642578125, 81.896240234375, 789.1343994140625, 678.7238159179688]]}