{"labels": [0, 0, 0, 0], "scores": [0.9967800974845886, 0.9841701984405518, 0.3247464597225189, 0.27751293778419495], "bboxes": [[140.125732421875, 73.98684692382812, 382.3731689453125, 742.710205078125], [365.8102722167969, 290.949951171875, 702.486083984375, 760.4521484375], [0.0, 40.32875061035156, 189.078125, 474.5958251953125], [548.1257934570312, 223.6709747314453, 800.0, 431.29119873046875]]}