{"labels": [0, 0, 0, 0], "scores": [0.9275026917457581, 0.7521278858184814, 0.7191286683082581, 0.7159059643745422], "bboxes": [[187.46202087402344, 459.95257568359375, 337.53387451171875, 778.1864624023438], [403.03179931640625, 29.325469970703125, 549.5189819335938, 457.9581604003906], [368.3350830078125, 387.951416015625, 594.5274047851562, 783.611083984375], [378.3183288574219, 30.71527099609375, 578.20751953125, 672.7953491210938]]}