{"labels": [0, 0, 0], "scores": [0.9588469862937927, 0.08266229927539825, 0.08201167732477188], "bboxes": [[17.2635498046875, 74.32354736328125, 789.6126708984375, 723.9949951171875], [24.472427368164062, 128.43292236328125, 376.72442626953125, 650.146240234375], [335.0882873535156, 92.10523223876953, 446.9967956542969, 207.20089721679688]]}