{"labels": [0], "scores": [0.9977178573608398], "bboxes": [[132.3583984375, 30.5718994140625, 667.4806518554688, 795.6454467773438]]}