{"labels": [0], "scores": [0.9987506866455078], "bboxes": [[47.523834228515625, 217.54733276367188, 758.57421875, 589.8765869140625]]}