{"labels": [0], "scores": [0.9997037053108215], "bboxes": [[18.93517303466797, 12.256328582763672, 672.911865234375, 873.8568115234375]]}