{"labels": [0, 0], "scores": [0.9923545122146606, 0.14259643852710724], "bboxes": [[31.02850341796875, 212.460205078125, 795.946044921875, 533.5521240234375], [461.95550537109375, 370.3518981933594, 793.1582641601562, 495.8287048339844]]}