{"labels": [0], "scores": [0.9974034428596497], "bboxes": [[138.13735961914062, 212.416015625, 672.52099609375, 718.9434204101562]]}