{"labels": [0], "scores": [0.9996713399887085], "bboxes": [[0.0, 28.554431915283203, 700.0, 870.4581298828125]]}