{"labels": [0], "scores": [0.9923717975616455], "bboxes": [[51.360870361328125, 4.38958740234375, 734.6199951171875, 632.2769165039062]]}