{"labels": [0], "scores": [0.9552706480026245], "bboxes": [[67.23477172851562, 154.97836303710938, 455.8370361328125, 892.90771484375]]}