{"labels": [0], "scores": [0.9962450861930847], "bboxes": [[32.406890869140625, 120.74774169921875, 763.78125, 709.8588256835938]]}