{"labels": [0, 0, 0], "scores": [0.9730972051620483, 0.8263146877288818, 0.585782527923584], "bboxes": [[103.56411743164062, 116.75704956054688, 713.304931640625, 646.3690185546875], [294.627685546875, 374.02459716796875, 584.4511108398438, 799.7000122070312], [218.67141723632812, 208.63253784179688, 649.42626953125, 795.5430908203125]]}