{"labels": [0], "scores": [0.9987849593162537], "bboxes": [[104.8970947265625, 247.5033416748047, 678.83837890625, 712.21533203125]]}