{"labels": [0], "scores": [0.9991945624351501], "bboxes": [[156.19058227539062, 2.3597412109375, 655.7255859375, 797.5481567382812]]}