{"labels": [0], "scores": [0.9982422590255737], "bboxes": [[195.84169006347656, 60.459228515625, 581.4300537109375, 761.07666015625]]}