{"labels": [0, 0], "scores": [0.9964409470558167, 0.10235883295536041], "bboxes": [[79.8812255859375, 65.11325073242188, 617.0152587890625, 688.1636962890625], [435.32794189453125, 427.16015625, 641.9672241210938, 760.3480224609375]]}