{"labels": [0], "scores": [0.9993175268173218], "bboxes": [[0.2958984375, 140.14169311523438, 800.0, 665.3211669921875]]}