{"labels": [0, 0, 0, 0], "scores": [0.9839799404144287, 0.21085020899772644, 0.07516158372163773, 0.054281920194625854], "bboxes": [[155.0065155029297, 60.15635681152344, 519.2951049804688, 795.7258911132812], [461.87310791015625, 121.72714233398438, 647.24951171875, 675.0499267578125], [165.01612854003906, 95.65525817871094, 471.4075927734375, 469.13201904296875], [560.2891235351562, 121.72767639160156, 660.359130859375, 670.9642333984375]]}