{"labels": [0, 0, 0, 0], "scores": [0.7061719298362732, 0.2074195295572281, 0.18133041262626648, 0.10941779613494873], "bboxes": [[65.21551513671875, 61.39471435546875, 765.2993774414062, 750.1297607421875], [166.7950439453125, 5.064483642578125, 602.3233642578125, 537.554443359375], [250.8701171875, 360.7779846191406, 442.53875732421875, 462.4079895019531], [236.1512908935547, 324.29559326171875, 727.066650390625, 721.2156372070312]]}