{"labels": [0], "scores": [0.9981521964073181], "bboxes": [[141.77471923828125, 0.0, 789.0032958984375, 596.8545532226562]]}