{"labels": [0, 0, 0, 0], "scores": [0.9820666313171387, 0.974784791469574, 0.1629595160484314, 0.06564509123563766], "bboxes": [[158.55718994140625, 84.72662353515625, 405.89056396484375, 779.59716796875], [420.573974609375, 85.54928588867188, 669.236572265625, 774.6927490234375], [478.3070068359375, 7.861289978027344, 582.7779541015625, 219.23260498046875], [169.93467712402344, 25.364288330078125, 370.7855224609375, 417.2600402832031]]}