{"labels": [0, 0, 0, 0, 0, 0, 0, 0, 0, 0, 0], "scores": [0.9975162744522095, 0.9849086999893188, 0.9826765060424805, 0.854389488697052, 0.8510844111442566, 0.760992169380188, 0.5361828804016113, 0.28992724418640137, 0.12448746711015701, 0.1171516478061676, 0.06956984102725983], "bboxes": [[327.98101806640625, 465.96435546875, 582.0013427734375, 751.4735107421875], [14.31878662109375, 413.2456359863281, 257.96551513671875, 601.1766357421875], [477.9615173339844, 174.5985870361328, 783.6907958984375, 550.3695678710938], [34.42162322998047, 224.718017578125, 254.45315551757812, 441.62786865234375], [406.228271484375, 139.2132568359375, 561.66748046875, 312.43182373046875], [285.1272888183594, 291.1861572265625, 461.9216003417969, 478.3941650390625], [562.181640625, 183.05734252929688, 791.899169921875, 414.7646179199219], [10.426422119140625, 211.55096435546875, 257.45428466796875, 628.8884887695312], [489.47979736328125, 290.4053649902344, 709.2942504882812, 544.3177490234375], [295.11627197265625, 140.92196655273438, 543.5630493164062, 461.2033386230469], [243.8726806640625, 135.20974731445312, 796.443359375, 697.227294921875]]}