{"labels": [0, 0], "scores": [0.9923933744430542, 0.6736630797386169], "bboxes": [[148.54087829589844, 151.79833984375, 492.52960205078125, 742.0901489257812], [204.0705108642578, 712.7675170898438, 500.37005615234375, 851.7464599609375]]}