{"labels": [0], "scores": [0.9991149306297302], "bboxes": [[29.864410400390625, 212.42379760742188, 761.7054443359375, 639.9234619140625]]}