{"labels": [0, 0], "scores": [0.9859774112701416, 0.9507215619087219], "bboxes": [[55.97981262207031, 358.3209533691406, 444.002685546875, 674.3828125], [373.2384338378906, 134.84326171875, 741.0587158203125, 450.2108154296875]]}