{"labels": [0], "scores": [0.9986414313316345], "bboxes": [[0.0, 131.76123046875, 800.0, 673.68701171875]]}