{"labels": [0, 0, 0, 0, 0, 0, 0, 0, 0], "scores": [0.9484214186668396, 0.8793776631355286, 0.704185962677002, 0.5498844981193542, 0.3831474483013153, 0.22350355982780457, 0.17387476563453674, 0.1736244261264801, 0.1459420770406723], "bboxes": [[94.59710693359375, 309.6766357421875, 763.23095703125, 760.7315673828125], [139.59548950195312, 419.91748046875, 480.4328308105469, 693.828125], [322.767333984375, 332.43121337890625, 414.4158935546875, 467.01513671875], [223.7592010498047, 66.99134063720703, 523.6192626953125, 318.59112548828125], [27.76337432861328, 315.62835693359375, 233.0819091796875, 650.53759765625], [468.43121337890625, 307.8182373046875, 766.7592163085938, 760.060791015625], [35.9530029296875, 331.0592041015625, 419.41082763671875, 686.4080200195312], [251.64796447753906, 330.97808837890625, 341.5568542480469, 454.96221923828125], [390.90753173828125, 335.87066650390625, 483.62127685546875, 436.01873779296875]]}