{"labels": [0], "scores": [0.9994499087333679], "bboxes": [[0.0, 74.45895385742188, 792.819091796875, 751.7135009765625]]}