{"labels": [0], "scores": [0.9987553358078003], "bboxes": [[0.0, 111.43505859375, 798.40380859375, 720.595458984375]]}