{"labels": [0], "scores": [0.9977495074272156], "bboxes": [[271.946533203125, 2.484832763671875, 529.341552734375, 800.0]]}