{"labels": [0], "scores": [0.9983738660812378], "bboxes": [[123.70529174804688, 102.90838623046875, 641.6099853515625, 710.4967651367188]]}