{"labels": [0], "scores": [0.9986886382102966], "bboxes": [[50.020660400390625, 196.42333984375, 752.7366943359375, 661.5418701171875]]}