{"labels": [0, 0], "scores": [0.9960588216781616, 0.5163302421569824], "bboxes": [[34.2977409362793, 166.00393676757812, 698.0260009765625, 887.8965454101562], [202.62432861328125, 735.5814819335938, 271.5804748535156, 832.5595092773438]]}