{"labels": [0], "scores": [0.9987159967422485], "bboxes": [[67.1553955078125, 421.4268798828125, 745.6055297851562, 661.996337890625]]}