{"labels": [0, 0, 0], "scores": [0.8953800797462463, 0.8757670521736145, 0.789718508720398], "bboxes": [[172.12661743164062, 257.1665344238281, 622.08984375, 576.971435546875], [0.0, 435.147705078125, 778.8326416015625, 743.825927734375], [0.0, 68.032470703125, 739.77294921875, 718.1282958984375]]}