{"labels": [0], "scores": [0.9915653467178345], "bboxes": [[1.37261962890625, 107.46759033203125, 792.7435302734375, 757.4743041992188]]}