{"labels": [0, 0], "scores": [0.9807464480400085, 0.9778556227684021], "bboxes": [[0.0, 184.37725830078125, 376.95947265625, 716.3809814453125], [314.0581970214844, 48.494873046875, 800.0, 657.9456176757812]]}