{"labels": [0], "scores": [0.9988059997558594], "bboxes": [[136.38072204589844, 200.8819580078125, 575.1646728515625, 877.628662109375]]}