{"labels": [0], "scores": [0.9985961318016052], "bboxes": [[88.38125610351562, 130.44036865234375, 741.9520263671875, 670.7057495117188]]}