{"labels": [0], "scores": [0.9984862804412842], "bboxes": [[203.90866088867188, 103.66969299316406, 729.2099609375, 611.2304077148438]]}