{"labels": [0], "scores": [0.9969120025634766], "bboxes": [[124.57693481445312, 200.38217163085938, 668.5333251953125, 683.302734375]]}