{"labels": [0, 0], "scores": [0.9971801042556763, 0.995660126209259], "bboxes": [[312.8355712890625, 38.10589599609375, 773.5775146484375, 783.0301513671875], [71.78756713867188, 26.944244384765625, 268.1978759765625, 781.859619140625]]}