{"labels": [0], "scores": [0.9954845905303955], "bboxes": [[96.87814331054688, 75.39794921875, 702.4334716796875, 666.098388671875]]}