{"labels": [0], "scores": [0.9973520040512085], "bboxes": [[125.50259399414062, 179.6910400390625, 700.5946044921875, 620.607177734375]]}