{"labels": [0], "scores": [0.9973292350769043], "bboxes": [[255.28269958496094, 63.4832763671875, 518.7269897460938, 672.0357666015625]]}