{"labels": [0], "scores": [0.9984684586524963], "bboxes": [[24.340850830078125, 179.6079559326172, 773.4287109375, 670.511474609375]]}