{"labels": [0], "scores": [0.9951909780502319], "bboxes": [[272.7645568847656, 6.993072509765625, 516.7548828125, 796.3499755859375]]}