{"labels": [0, 0, 0, 0], "scores": [0.829563319683075, 0.11352816224098206, 0.06741433590650558, 0.0538148432970047], "bboxes": [[12.51300048828125, 375.663330078125, 778.5227661132812, 705.738525390625], [0.0, 90.1720962524414, 795.1748046875, 346.1468505859375], [0.0, 84.99099731445312, 796.99462890625, 596.483154296875], [488.0616455078125, 271.4440002441406, 593.3721923828125, 515.14794921875]]}