{"labels": [0], "scores": [0.9939063191413879], "bboxes": [[69.2698974609375, 28.506195068359375, 697.0393676757812, 767.754150390625]]}