{"labels": [0, 0, 0], "scores": [0.9963276982307434, 0.9509156346321106, 0.2150702029466629], "bboxes": [[0.0, 15.169692993164062, 428.94580078125, 656.2998657226562], [308.41754150390625, 149.32937622070312, 696.829833984375, 896.0], [68.96307373046875, 61.684322357177734, 630.1995239257812, 893.996826171875]]}