{"labels": [0, 0], "scores": [0.9967924952507019, 0.06280204653739929], "bboxes": [[18.29815673828125, 106.68496704101562, 772.2928466796875, 706.0682373046875], [93.40826416015625, 175.75234985351562, 478.8131103515625, 659.4298095703125]]}