{"labels": [0, 0, 0], "scores": [0.9960516095161438, 0.9958962202072144, 0.9627552628517151], "bboxes": [[293.41522216796875, 583.8233642578125, 506.20709228515625, 732.942626953125], [308.8779602050781, 218.993408203125, 532.1500244140625, 519.9803466796875], [505.6788635253906, 430.7539367675781, 771.9139404296875, 799.9998779296875]]}