{"labels": [0], "scores": [0.997797966003418], "bboxes": [[95.10589599609375, 244.29090881347656, 713.5518188476562, 696.510986328125]]}