{"labels": [0], "scores": [0.9772587418556213], "bboxes": [[163.37435913085938, 120.78573608398438, 591.5738525390625, 746.8519287109375]]}