{"labels": [0, 0], "scores": [0.9962725639343262, 0.9758763909339905], "bboxes": [[23.851959228515625, 208.93804931640625, 625.03271484375, 751.251708984375], [622.4613037109375, 64.32598876953125, 763.5916748046875, 748.8837280273438]]}