{"labels": [0, 0, 0], "scores": [0.9623769521713257, 0.8971466422080994, 0.44780099391937256], "bboxes": [[302.41766357421875, 484.7662048339844, 496.63720703125, 779.289794921875], [266.269287109375, 179.9158935546875, 583.6355590820312, 741.0606689453125], [327.684814453125, 10.876895904541016, 430.1759033203125, 115.80049133300781]]}