{"labels": [0], "scores": [0.9975796341896057], "bboxes": [[19.83099365234375, 89.96212768554688, 783.6961059570312, 714.1912841796875]]}