{"labels": [0], "scores": [0.997376561164856], "bboxes": [[174.28921508789062, 0.0, 641.843505859375, 800.0]]}