{"labels": [0, 0], "scores": [0.9982390403747559, 0.09980884939432144], "bboxes": [[116.1939926147461, 176.04603576660156, 530.9260864257812, 871.9944458007812], [7.950796127319336, 660.8690185546875, 281.371826171875, 862.4151000976562]]}