{"labels": [0], "scores": [0.9973769187927246], "bboxes": [[287.8823547363281, 114.45208740234375, 529.0595092773438, 696.10205078125]]}