{"labels": [0, 0], "scores": [0.9921625256538391, 0.8745032548904419], "bboxes": [[85.23989868164062, 84.96377563476562, 559.4537353515625, 724.3275146484375], [404.34515380859375, 92.40087890625, 712.2826538085938, 719.01806640625]]}