{"labels": [0, 0], "scores": [0.9982207417488098, 0.3755553364753723], "bboxes": [[57.63165283203125, 52.04730224609375, 765.5355834960938, 779.2659912109375], [658.8402099609375, 35.1517333984375, 797.28759765625, 357.580322265625]]}