{"labels": [0], "scores": [0.99687260389328], "bboxes": [[107.25906372070312, 183.39247131347656, 616.02001953125, 891.2119750976562]]}