{"labels": [0, 0], "scores": [0.9663997888565063, 0.7262936234474182], "bboxes": [[199.39735412597656, 71.10647583007812, 406.27294921875, 781.942138671875], [22.56067657470703, 109.6243896484375, 265.712646484375, 796.0913696289062]]}