{"labels": [0, 0, 0], "scores": [0.9985960125923157, 0.9950113296508789, 0.05843725800514221], "bboxes": [[226.40957641601562, 279.9518127441406, 724.4969482421875, 731.1619873046875], [83.48908996582031, 98.42117309570312, 498.98614501953125, 507.8261413574219], [656.6893920898438, 294.2811584472656, 799.2222290039062, 460.5095520019531]]}