{"labels": [0, 0, 0], "scores": [0.9764200448989868, 0.8008987307548523, 0.1004616990685463], "bboxes": [[125.58026885986328, 185.60470581054688, 503.300537109375, 650.0164794921875], [182.6288299560547, 449.0640563964844, 460.06982421875, 893.1115112304688], [195.1590118408203, 479.1263732910156, 354.81512451171875, 814.5743408203125]]}