{"labels": [0, 0], "scores": [0.993778645992279, 0.6915444731712341], "bboxes": [[64.60858154296875, 97.23321533203125, 596.9083251953125, 721.4348754882812], [538.1161499023438, 411.30938720703125, 760.8108520507812, 718.7316284179688]]}