{"labels": [0], "scores": [0.9980993866920471], "bboxes": [[61.4776611328125, 99.4283447265625, 774.5206298828125, 800.0]]}