{"labels": [0, 0, 0, 0, 0], "scores": [0.9779477715492249, 0.9182385802268982, 0.5743724703788757, 0.26323390007019043, 0.15681764483451843], "bboxes": [[14.77069091796875, 330.7984924316406, 618.2847900390625, 662.67578125], [131.49423217773438, 62.01081848144531, 700.361328125, 470.739990234375], [32.712188720703125, 165.59690856933594, 783.5677490234375, 645.2255859375], [105.83232879638672, 229.7169189453125, 279.6969909667969, 392.34881591796875], [416.2391357421875, 168.339599609375, 796.665283203125, 612.5859375]]}