{"labels": [0], "scores": [0.9981566071510315], "bboxes": [[197.4188690185547, 19.125213623046875, 625.754150390625, 779.2705078125]]}