{"labels": [0, 0], "scores": [0.9951877593994141, 0.08047083020210266], "bboxes": [[2.98150634765625, 179.14511108398438, 800.0, 732.094970703125], [0.0, 0.0, 243.94032287597656, 319.2996826171875]]}