{"labels": [0, 0, 0, 0, 0], "scores": [0.9951460957527161, 0.990869402885437, 0.9854050278663635, 0.6476228833198547, 0.22578489780426025], "bboxes": [[142.44110107421875, 353.04534912109375, 555.3447875976562, 755.7044067382812], [16.937759399414062, 179.70590209960938, 355.9019775390625, 560.0521240234375], [359.2624206542969, 185.9539031982422, 730.374267578125, 579.0552368164062], [284.00946044921875, 102.88996124267578, 505.52587890625, 324.93096923828125], [158.0050048828125, 43.4573974609375, 532.8749389648438, 506.1650390625]]}