{"labels": [0, 0, 0, 0, 0, 0, 0, 0, 0, 0, 0, 0, 0, 0], "scores": [0.9848677515983582, 0.9772851467132568, 0.5269222259521484, 0.3533177077770233, 0.28236719965934753, 0.21676433086395264, 0.1388743668794632, 0.10503622144460678, 0.07734900712966919, 0.07514908909797668, 0.0698169693350792, 0.06440847367048264, 0.058260150253772736, 0.05299804359674454], "bboxes": [[10.434720039367676, 14.16370677947998, 237.6708221435547, 259.52239990234375], [380.6116943359375, 289.606689453125, 567.6359252929688, 434.4645690917969], [1.4937156438827515, 0.08017685264348984, 590.8947143554688, 702.0], [326.9449768066406, 436.14599609375, 682.3077392578125, 702.0], [516.8412475585938, 150.39744567871094, 639.8086547851562, 267.6369934082031], [36.17401885986328, 40.23381042480469, 397.2854919433594, 600.8748779296875], [359.97479248046875, 17.16204261779785, 498.4501647949219, 156.82225036621094], [142.75332641601562, 71.6300048828125, 369.00634765625, 480.7814025878906], [535.3571166992188, 444.52911376953125, 653.0934448242188, 543.1141967773438], [664.7925415039062, 245.07901000976562, 702.0, 347.1194152832031], [40.8004150390625, 16.133689880371094, 351.56573486328125, 318.7033996582031], [393.85400390625, 512.2030029296875, 558.6444702148438, 698.7513427734375], [105.17283630371094, 304.12823486328125, 532.767333984375, 697.041748046875], [0.0, 262.8794250488281, 382.8887023925781, 702.0]]}