{"labels": [0], "scores": [0.9957960844039917], "bboxes": [[66.07662963867188, 317.6465148925781, 662.9180908203125, 719.192626953125]]}