{"labels": [0], "scores": [0.9987731575965881], "bboxes": [[71.22604370117188, 276.88037109375, 742.318603515625, 624.7106323242188]]}