{"labels": [0], "scores": [0.9981337189674377], "bboxes": [[49.980072021484375, 261.76983642578125, 753.673583984375, 577.8345947265625]]}