{"labels": [0], "scores": [0.9980904459953308], "bboxes": [[90.01461029052734, 211.22830200195312, 627.5941162109375, 894.8477172851562]]}