{"labels": [0, 0, 0, 0, 0, 0, 0, 0, 0], "scores": [0.54401695728302, 0.3437598645687103, 0.2969166040420532, 0.25418469309806824, 0.22857007384300232, 0.1328502744436264, 0.10526729375123978, 0.09594379365444183, 0.05378445237874985], "bboxes": [[354.1070556640625, 568.7037353515625, 794.4853515625, 800.0], [41.46826171875, 40.52587890625, 762.2356567382812, 800.0], [279.1690979003906, 217.46165466308594, 475.5675354003906, 627.404296875], [347.7626953125, 27.14617919921875, 798.4769287109375, 641.4712524414062], [249.56439208984375, 81.59349060058594, 398.437744140625, 468.89642333984375], [0.0, 73.54827880859375, 424.43670654296875, 791.7232666015625], [2.0472259521484375, 204.06591796875, 309.27032470703125, 583.9620971679688], [620.9165649414062, 573.5611572265625, 730.8463745117188, 674.25048828125], [307.68316650390625, 371.8201904296875, 800.0, 789.7064208984375]]}