{"labels": [0], "scores": [0.9935010075569153], "bboxes": [[231.0522918701172, 0.0, 592.838623046875, 800.0]]}