{"labels": [0], "scores": [0.9979115128517151], "bboxes": [[7.264739990234375, 214.83294677734375, 790.6451416015625, 593.83837890625]]}