{"labels": [0, 0], "scores": [0.9953243136405945, 0.17086154222488403], "bboxes": [[184.39907836914062, 292.6165771484375, 613.5755615234375, 704.6276245117188], [198.1570587158203, 305.2166748046875, 343.47576904296875, 582.2352905273438]]}