{"labels": [0, 0, 0, 0, 0, 0], "scores": [0.9776532649993896, 0.12667913734912872, 0.11556423455476761, 0.10586037486791611, 0.05993430316448212, 0.05084313452243805], "bboxes": [[7.162322998046875, 10.459564208984375, 800.0, 770.2515869140625], [260.0394592285156, 432.6820068359375, 553.1287841796875, 773.0550537109375], [333.62786865234375, 49.74028015136719, 789.1693725585938, 513.5756225585938], [461.62213134765625, 132.47596740722656, 792.0632934570312, 417.7547607421875], [219.22579956054688, 260.6023254394531, 779.947998046875, 777.4849853515625], [3.0208740234375, 113.81781005859375, 407.819580078125, 692.3523559570312]]}