{"labels": [0], "scores": [0.9979111552238464], "bboxes": [[265.8956298828125, 41.89697265625, 529.6069946289062, 760.9820556640625]]}