{"labels": [0, 0, 0], "scores": [0.9913449287414551, 0.6395565271377563, 0.5439605116844177], "bboxes": [[204.67747497558594, 320.5133056640625, 635.3262939453125, 763.4486083984375], [210.8096923828125, 144.5401611328125, 615.1748657226562, 621.3525390625], [220.52432250976562, 128.77182006835938, 529.535400390625, 450.1618347167969]]}