{"labels": [0, 0, 0, 0, 0], "scores": [0.9915665984153748, 0.8935806155204773, 0.7357610464096069, 0.2696744501590729, 0.1071612536907196], "bboxes": [[305.8892822265625, 300.99688720703125, 790.471923828125, 770.2520141601562], [3.19488525390625, 139.2570343017578, 490.0280456542969, 554.8055419921875], [295.35955810546875, 0.0, 643.79931640625, 310.6108093261719], [10.70989990234375, 123.817138671875, 710.3173217773438, 693.1068115234375], [28.95947265625, 12.158584594726562, 662.1051635742188, 408.1927490234375]]}