{"labels": [0, 0, 0, 0, 0, 0], "scores": [0.9138410091400146, 0.8843823671340942, 0.8380497097969055, 0.639507532119751, 0.3446730673313141, 0.09039893746376038], "bboxes": [[0.0, 214.79751586914062, 734.5172119140625, 757.670654296875], [367.1250305175781, 276.8365478515625, 612.375, 662.0919799804688], [447.42327880859375, 281.6506652832031, 683.9856567382812, 679.83740234375], [246.8708038330078, 265.8159484863281, 542.192138671875, 664.282470703125], [162.73513793945312, 262.49957275390625, 438.8143005371094, 649.9083862304688], [540.0027465820312, 293.8861389160156, 748.5963745117188, 712.936279296875]]}