{"labels": [0, 0, 0, 0, 0, 0, 0], "scores": [0.9885815978050232, 0.98725825548172, 0.9858195781707764, 0.9850346446037292, 0.9645556211471558, 0.935484766960144, 0.05526174232363701], "bboxes": [[404.2599792480469, 250.22128295898438, 546.1168212890625, 585.8546142578125], [275.5873718261719, 250.2718963623047, 411.4536437988281, 585.7420043945312], [531.8685913085938, 250.02536010742188, 670.0964965820312, 582.22509765625], [146.977783203125, 244.82009887695312, 285.5858154296875, 589.035888671875], [6.2281036376953125, 240.4980926513672, 146.5674285888672, 592.1627807617188], [657.273193359375, 247.13404846191406, 790.2598876953125, 580.5797119140625], [306.23406982421875, 248.8565216064453, 722.0192260742188, 591.5106811523438]]}