{"labels": [0, 0], "scores": [0.996840238571167, 0.17186588048934937], "bboxes": [[94.68241882324219, 27.28173828125, 585.21875, 773.0648193359375], [592.4646606445312, 611.037109375, 782.8633422851562, 777.4454345703125]]}