{"labels": [0, 0, 0], "scores": [0.9905670285224915, 0.528322160243988, 0.07049477845430374], "bboxes": [[74.89053344726562, 80.075927734375, 736.7078857421875, 730.523681640625], [140.2155303955078, 484.55706787109375, 200.3165740966797, 556.8605346679688], [181.69668579101562, 513.7899780273438, 238.98336791992188, 589.1992797851562]]}