{"labels": [0, 0, 0], "scores": [0.8716561794281006, 0.49023476243019104, 0.14241071045398712], "bboxes": [[208.06417846679688, 522.978515625, 779.8355712890625, 749.0216064453125], [113.19277954101562, 227.73895263671875, 779.30615234375, 739.7511596679688], [13.029449462890625, 14.74481201171875, 622.7125244140625, 780.39599609375]]}