{"labels": [0, 0, 0], "scores": [0.9972374439239502, 0.38886886835098267, 0.10593857616186142], "bboxes": [[69.19049072265625, 336.6195068359375, 765.752197265625, 765.0635986328125], [290.7498779296875, 174.68988037109375, 448.396728515625, 334.7917785644531], [282.8123779296875, 346.98583984375, 552.9725341796875, 712.5965576171875]]}