{"labels": [0, 0, 0, 0, 0], "scores": [0.9704071283340454, 0.5629848837852478, 0.1835310310125351, 0.14113686978816986, 0.10620936751365662], "bboxes": [[93.40877532958984, 227.1866912841797, 498.1589050292969, 848.6428833007812], [326.7213439941406, 224.77761840820312, 652.8073120117188, 829.7150268554688], [0.0, 337.15667724609375, 306.1676330566406, 607.0926513671875], [139.9017333984375, 224.8516082763672, 477.8656311035156, 590.9605712890625], [71.04273986816406, 770.5380859375, 196.83062744140625, 877.5721435546875]]}