{"labels": [0], "scores": [0.9983665347099304], "bboxes": [[200.3440704345703, 159.94558715820312, 569.5507202148438, 737.415283203125]]}