{"labels": [0, 0], "scores": [0.9966147541999817, 0.08079282939434052], "bboxes": [[8.7943115234375, 0.962371826171875, 800.0, 788.2908935546875], [5.31488037109375, 153.59674072265625, 519.2646484375, 680.0964965820312]]}