{"labels": [0, 0, 0, 0, 0, 0, 0], "scores": [0.997868537902832, 0.48618757724761963, 0.14662542939186096, 0.11554478853940964, 0.10948113352060318, 0.09139619767665863, 0.05526258423924446], "bboxes": [[0.0, 18.8604736328125, 795.054931640625, 800.0], [73.02174377441406, 99.12428283691406, 241.07240295410156, 200.08152770996094], [538.6373901367188, 393.1969299316406, 737.1104125976562, 593.3235473632812], [237.15914916992188, 110.96717071533203, 356.5813903808594, 169.86557006835938], [214.18714904785156, 152.496826171875, 400.873291015625, 328.9088134765625], [189.30068969726562, 150.89459228515625, 257.3655090332031, 223.31085205078125], [0.2633399963378906, 180.20291137695312, 80.67945861816406, 339.7091979980469]]}