{"labels": [0], "scores": [0.9990954399108887], "bboxes": [[26.894866943359375, 30.90826416015625, 762.326171875, 789.042724609375]]}