{"labels": [0, 0, 0, 0, 0], "scores": [0.9216676354408264, 0.8454295992851257, 0.7826449275016785, 0.5943543314933777, 0.41534101963043213], "bboxes": [[303.47802734375, 397.16619873046875, 696.15966796875, 603.3489990234375], [99.17924499511719, 164.05380249023438, 465.4761962890625, 495.4217224121094], [196.63787841796875, 325.64166259765625, 558.0843505859375, 546.195556640625], [94.97198486328125, 176.12716674804688, 686.0293579101562, 592.5992431640625], [71.83116912841797, 163.31280517578125, 290.5893859863281, 440.92510986328125]]}