{"labels": [0], "scores": [0.9957756400108337], "bboxes": [[190.57167053222656, 141.95663452148438, 513.6617431640625, 896.0]]}