{"labels": [0, 0], "scores": [0.9858694076538086, 0.08494032174348831], "bboxes": [[113.62802124023438, 97.3121337890625, 707.98828125, 734.7864990234375], [127.89047241210938, 383.47357177734375, 673.97314453125, 727.8798217773438]]}