{"labels": [0], "scores": [0.9985306262969971], "bboxes": [[26.527496337890625, 54.167022705078125, 726.5863037109375, 769.1768798828125]]}