{"labels": [0, 0, 0, 0, 0, 0, 0, 0], "scores": [0.9123918414115906, 0.8736510872840881, 0.822717010974884, 0.5658489465713501, 0.22185954451560974, 0.18840274214744568, 0.09979129582643509, 0.05498717725276947], "bboxes": [[38.966156005859375, 55.2969970703125, 607.4193115234375, 696.3433227539062], [520.748291015625, 347.1381530761719, 719.9320068359375, 677.455810546875], [128.18792724609375, 412.38787841796875, 317.0961608886719, 682.6428833007812], [592.9671020507812, 271.66387939453125, 759.7265014648438, 536.5679321289062], [311.96929931640625, 67.37173461914062, 512.6535034179688, 698.38720703125], [60.337738037109375, 274.1231994628906, 416.4083251953125, 520.5838012695312], [37.362388610839844, 149.3204803466797, 187.76950073242188, 403.05523681640625], [106.09124755859375, 126.72201538085938, 397.1705017089844, 633.4974365234375]]}