{"labels": [0, 0, 0], "scores": [0.9981486797332764, 0.8858402967453003, 0.2402416467666626], "bboxes": [[92.80435180664062, 167.32809448242188, 800.0, 797.5157470703125], [0.0, 0.0, 800.0, 318.26715087890625], [428.0948486328125, 0.73162841796875, 798.0274658203125, 204.82342529296875]]}