{"labels": [0, 0, 0, 0, 0, 0, 0, 0, 0, 0], "scores": [0.929643988609314, 0.9256608486175537, 0.4256753623485565, 0.17707407474517822, 0.14483016729354858, 0.14431674778461456, 0.08820488303899765, 0.08355111628770828, 0.05958627909421921, 0.05864590406417847], "bboxes": [[453.825927734375, 8.876930236816406, 743.553466796875, 216.370849609375], [106.32626342773438, 308.62017822265625, 790.5823974609375, 613.1560668945312], [15.5416259765625, 20.080413818359375, 795.6704711914062, 742.8804931640625], [65.036376953125, 371.86968994140625, 798.65625, 775.1265258789062], [176.71669006347656, 376.2179870605469, 600.0347290039062, 582.7696533203125], [361.3243408203125, 343.8758544921875, 770.9354248046875, 590.70849609375], [361.95001220703125, 10.87921142578125, 770.9784545898438, 391.0198669433594], [132.8837127685547, 388.818359375, 311.11114501953125, 536.93994140625], [410.41363525390625, 355.5565185546875, 689.7775268554688, 528.4107666015625], [79.00126647949219, 4.33306884765625, 468.529052734375, 449.1624755859375]]}