{"labels": [0], "scores": [0.9853609204292297], "bboxes": [[138.6370849609375, 127.04959106445312, 693.1749877929688, 628.4029541015625]]}