{"labels": [0, 0, 0, 0], "scores": [0.9744755625724792, 0.39875105023384094, 0.06524461507797241, 0.0634227767586708], "bboxes": [[195.67852783203125, 291.56793212890625, 595.9194946289062, 776.2529907226562], [310.8292541503906, 14.307144165039062, 481.8130187988281, 334.5443115234375], [211.827880859375, 299.0675964355469, 572.06494140625, 508.1965637207031], [215.8765869140625, 21.2542724609375, 582.5635375976562, 556.778076171875]]}