{"labels": [0, 0], "scores": [0.998176097869873, 0.07391118258237839], "bboxes": [[177.72891235351562, 157.03585815429688, 499.5194091796875, 805.9768676757812], [221.7033233642578, 774.8472290039062, 478.1240539550781, 895.663330078125]]}