{"labels": [0, 0, 0, 0, 0, 0, 0], "scores": [0.9912804961204529, 0.7215692400932312, 0.6553472280502319, 0.5314186215400696, 0.3349367678165436, 0.19835834205150604, 0.0869000256061554], "bboxes": [[180.93148803710938, 320.6653137207031, 636.26220703125, 667.3980712890625], [515.5731811523438, 396.55194091796875, 734.3041381835938, 736.7481079101562], [46.940650939941406, 344.2940673828125, 202.51763916015625, 676.5816040039062], [566.4456787109375, 295.5711975097656, 687.241455078125, 461.9001159667969], [162.435791015625, 327.368896484375, 387.858154296875, 718.4608154296875], [164.62640380859375, 266.17584228515625, 315.1936340332031, 622.9426879882812], [551.1727294921875, 283.84912109375, 696.1590576171875, 571.8797607421875]]}