{"labels": [0], "scores": [0.9835030436515808], "bboxes": [[412.8714599609375, 118.77069091796875, 748.9356689453125, 669.249755859375]]}