{"labels": [0], "scores": [0.9982934594154358], "bboxes": [[203.3421173095703, 32.061798095703125, 587.6901245117188, 781.8291015625]]}