{"labels": [0, 0, 0], "scores": [0.9913865327835083, 0.08514527976512909, 0.06964190304279327], "bboxes": [[22.96113395690918, 60.6069221496582, 637.1575317382812, 612.7217407226562], [331.4195556640625, 102.25379180908203, 639.1096801757812, 547.7554931640625], [383.3080749511719, 276.95904541015625, 660.3800048828125, 583.5930786132812]]}