{"labels": [0, 0], "scores": [0.9915606379508972, 0.1580704152584076], "bboxes": [[205.75485229492188, 160.79168701171875, 791.802978515625, 767.5164794921875], [198.99545288085938, 253.70428466796875, 427.7158508300781, 746.10009765625]]}