{"labels": [0, 0, 0], "scores": [0.9977067708969116, 0.26774612069129944, 0.05576806142926216], "bboxes": [[199.4630584716797, 162.77081298828125, 593.2495727539062, 799.0362548828125], [0.0, 244.57212829589844, 152.12132263183594, 551.7477416992188], [691.1690673828125, 407.74530029296875, 798.990966796875, 800.0]]}