{"labels": [0], "scores": [0.9985069632530212], "bboxes": [[122.49093627929688, 75.28469848632812, 635.85009765625, 746.982666015625]]}