{"labels": [0, 0, 0], "scores": [0.9361346364021301, 0.258897989988327, 0.07005352526903152], "bboxes": [[262.9615478515625, 152.7275390625, 730.5996704101562, 779.5179443359375], [0.01873779296875, 404.7001647949219, 738.2037963867188, 791.927001953125], [462.8067321777344, 609.0897827148438, 609.8304443359375, 706.6873168945312]]}