{"labels": [0], "scores": [0.9992789626121521], "bboxes": [[0.0, 110.6573486328125, 798.4458618164062, 733.4754638671875]]}