{"labels": [0], "scores": [0.9899265766143799], "bboxes": [[65.77304077148438, 80.14111328125, 759.79931640625, 698.43994140625]]}