{"labels": [0, 0, 0, 0], "scores": [0.9886640906333923, 0.37576478719711304, 0.36383581161499023, 0.22924956679344177], "bboxes": [[88.4420166015625, 352.4298400878906, 772.412841796875, 779.239501953125], [413.3397216796875, 0.0, 726.0260009765625, 475.4796142578125], [142.5036163330078, 103.07673645019531, 297.43780517578125, 485.2802734375], [103.12307739257812, 65.531982421875, 713.261474609375, 665.679443359375]]}