{"labels": [0, 0, 0, 0], "scores": [0.9836770296096802, 0.20851431787014008, 0.1621570587158203, 0.060452744364738464], "bboxes": [[247.47042846679688, 214.95147705078125, 655.3781127929688, 678.772705078125], [29.0629825592041, 134.3819122314453, 619.9619140625, 645.5599975585938], [46.598575592041016, 127.94733428955078, 286.6642761230469, 607.7778930664062], [259.9049987792969, 208.79873657226562, 417.8349914550781, 623.537841796875]]}