{"labels": [0, 0], "scores": [0.9970090985298157, 0.09350932389497757], "bboxes": [[148.2584228515625, 198.1396484375, 474.6193542480469, 893.7606201171875], [137.33912658691406, 667.28515625, 211.6359405517578, 835.6812133789062]]}