{"labels": [0], "scores": [0.9986695051193237], "bboxes": [[0.0, 182.35830688476562, 800.0, 630.9842529296875]]}