{"labels": [0], "scores": [0.9942216277122498], "bboxes": [[8.76177978515625, 164.38052368164062, 777.0040893554688, 755.3709716796875]]}