{"labels": [0, 0, 0, 0, 0], "scores": [0.9923147559165955, 0.9817917346954346, 0.8487820625305176, 0.8197526335716248, 0.06113041937351227], "bboxes": [[67.27735900878906, 148.07398986816406, 363.13250732421875, 532.093994140625], [542.8915405273438, 203.26321411132812, 776.2191772460938, 780.9510498046875], [415.43707275390625, 416.762451171875, 603.1912231445312, 800.0], [132.83328247070312, 386.3673095703125, 375.8652648925781, 777.26611328125], [462.8575439453125, 293.8048400878906, 565.6773681640625, 432.6405944824219]]}