{"labels": [0], "scores": [0.9994712471961975], "bboxes": [[6.806060791015625, 57.532928466796875, 770.9609375, 733.867919921875]]}