{"labels": [0, 0, 0, 0, 0, 0], "scores": [0.9768209457397461, 0.8375754356384277, 0.8188852667808533, 0.647263765335083, 0.14969268441200256, 0.112173892557621], "bboxes": [[379.17584228515625, 404.6269226074219, 756.2048950195312, 769.1422119140625], [99.5654296875, 64.89468383789062, 678.6012573242188, 776.3592529296875], [92.73385620117188, 82.94296264648438, 395.5935974121094, 768.697265625], [352.47918701171875, 571.246337890625, 521.371826171875, 773.810302734375], [227.83169555664062, 78.31756591796875, 791.92919921875, 500.72412109375], [398.6033935546875, 295.48785400390625, 747.039794921875, 500.98150634765625]]}