{"labels": [0], "scores": [0.9854435324668884], "bboxes": [[269.4660339355469, 0.0, 522.90673828125, 800.0]]}