{"labels": [0, 0, 0], "scores": [0.9865896701812744, 0.5724959969520569, 0.14985226094722748], "bboxes": [[69.20416259765625, 157.8721923828125, 656.3694458007812, 784.2572021484375], [72.22392272949219, 78.11784362792969, 361.37744140625, 391.17742919921875], [84.60397338867188, 79.39311218261719, 524.16748046875, 485.88720703125]]}