{"labels": [0, 0], "scores": [0.9990491271018982, 0.055538274347782135], "bboxes": [[52.548583984375, 46.5587158203125, 749.3985595703125, 670.2588500976562], [70.01199340820312, 394.76531982421875, 634.7037353515625, 643.0264282226562]]}