{"labels": [0, 0, 0], "scores": [0.9520881772041321, 0.20659863948822021, 0.15186023712158203], "bboxes": [[0.0, 246.81307983398438, 796.3944702148438, 787.621337890625], [0.5427474975585938, 517.7927856445312, 102.68792724609375, 729.9512329101562], [0.0, 10.496734619140625, 760.9217529296875, 592.4468994140625]]}