{"labels": [0], "scores": [0.9987706542015076], "bboxes": [[3.426605224609375, 234.95376586914062, 800.0, 688.8701171875]]}