{"labels": [0], "scores": [0.9990935325622559], "bboxes": [[74.64071655273438, 70.3524169921875, 697.161376953125, 794.15283203125]]}