{"labels": [0], "scores": [0.9970970153808594], "bboxes": [[165.32217407226562, 112.35906982421875, 588.7286987304688, 894.2152709960938]]}