{"labels": [0, 0, 0, 0, 0, 0, 0, 0, 0, 0], "scores": [0.9950279593467712, 0.9923903346061707, 0.9859992861747742, 0.9727564454078674, 0.9656228423118591, 0.3819181025028229, 0.23286794126033783, 0.08461654931306839, 0.07131630927324295, 0.05296795815229416], "bboxes": [[459.6575622558594, 306.9818115234375, 774.9815673828125, 625.52490234375], [199.58203125, 317.0671081542969, 479.98779296875, 545.0197143554688], [470.39556884765625, 228.68386840820312, 727.1135864257812, 379.5642395019531], [229.27365112304688, 50.301353454589844, 466.3396301269531, 234.61981201171875], [113.82743835449219, 499.18914794921875, 538.1412353515625, 702.6371459960938], [131.7374725341797, 372.044677734375, 536.391357421875, 661.0384521484375], [24.98424530029297, 123.16313171386719, 260.29547119140625, 242.63621520996094], [23.448471069335938, 107.16694641113281, 512.9124145507812, 569.902587890625], [28.9981689453125, 125.552734375, 752.5540161132812, 709.4110717773438], [34.855224609375, 53.89833068847656, 371.2289733886719, 243.0247039794922]]}