{"labels": [0], "scores": [0.9955474138259888], "bboxes": [[104.87527465820312, 238.99864196777344, 658.3443603515625, 569.4940185546875]]}