{"labels": [0], "scores": [0.9938856959342957], "bboxes": [[106.03057861328125, 105.00360107421875, 695.798828125, 743.4397583007812]]}