{"labels": [0, 0], "scores": [0.9927876591682434, 0.0738130658864975], "bboxes": [[122.16433715820312, 280.1688232421875, 673.301513671875, 660.2323608398438], [83.09982299804688, 0.0, 695.5545654296875, 702.75537109375]]}