{"labels": [0, 0, 0, 0, 0, 0], "scores": [0.9907479286193848, 0.7908883094787598, 0.15505215525627136, 0.10451005399227142, 0.08691300451755524, 0.06897734850645065], "bboxes": [[0.0, 97.054931640625, 787.0157470703125, 725.3843994140625], [513.189208984375, 523.0457153320312, 796.5845947265625, 795.8882446289062], [109.64596557617188, 173.92361450195312, 484.8533020019531, 700.0489501953125], [388.74176025390625, 236.98008728027344, 622.6553955078125, 726.7009887695312], [192.62930297851562, 601.4796752929688, 268.8342590332031, 722.3490600585938], [335.0888671875, 120.71945190429688, 770.81884765625, 655.319580078125]]}