{"labels": [0], "scores": [0.9975724816322327], "bboxes": [[56.68780517578125, 153.3319091796875, 745.7369384765625, 685.6405639648438]]}