{"labels": [0, 0], "scores": [0.9926316738128662, 0.15652306377887726], "bboxes": [[216.76991271972656, 40.1580810546875, 599.1815185546875, 776.6664428710938], [274.22113037109375, 42.44482421875, 585.9142456054688, 485.32940673828125]]}