{"labels": [0, 0], "scores": [0.9911053776741028, 0.1461963951587677], "bboxes": [[41.83636474609375, 182.1715087890625, 750.8001708984375, 658.9031982421875], [32.493194580078125, 183.90908813476562, 745.2373046875, 359.4635314941406]]}