{"labels": [0, 0, 0, 0, 0], "scores": [0.7656267881393433, 0.5464118123054504, 0.4972028136253357, 0.2631892263889313, 0.23571358621120453], "bboxes": [[101.06246948242188, 97.51382446289062, 706.184814453125, 754.416748046875], [221.3274383544922, 73.41471862792969, 590.5079345703125, 509.928466796875], [110.50621032714844, 452.5749816894531, 601.52001953125, 770.021484375], [95.11659240722656, 466.29364013671875, 370.863525390625, 768.1095581054688], [457.807373046875, 108.60025024414062, 712.740234375, 701.957763671875]]}