{"labels": [0, 0], "scores": [0.997454822063446, 0.698115348815918], "bboxes": [[196.6412811279297, 222.5887451171875, 567.6116333007812, 675.078125], [254.1370391845703, 653.5925903320312, 538.2626342773438, 797.2590942382812]]}