{"labels": [0, 0, 0, 0, 0, 0, 0], "scores": [0.7829650044441223, 0.7516405582427979, 0.2365446239709854, 0.2261066734790802, 0.12600944936275482, 0.11076600849628448, 0.07729050517082214], "bboxes": [[314.3513488769531, 7.902587890625, 582.291748046875, 578.6600341796875], [37.62272644042969, 307.1977844238281, 512.5487060546875, 741.12890625], [72.60508728027344, 311.2822265625, 446.7183837890625, 578.17431640625], [89.60202026367188, 35.48858642578125, 617.4930419921875, 727.5372314453125], [459.174072265625, 72.12344360351562, 759.0777587890625, 734.162353515625], [77.06019592285156, 203.80714416503906, 503.2886962890625, 503.3896484375], [462.9993591308594, 492.37750244140625, 586.1592407226562, 694.3029174804688]]}