{"labels": [0, 0, 0], "scores": [0.9904448390007019, 0.256874680519104, 0.09314845502376556], "bboxes": [[66.90460205078125, 99.53298950195312, 741.611572265625, 631.776123046875], [83.36477661132812, 142.47325134277344, 395.691650390625, 593.2969360351562], [349.84197998046875, 121.6705322265625, 717.9928588867188, 608.1456298828125]]}