{"labels": [0, 0], "scores": [0.9971805810928345, 0.9910640716552734], "bboxes": [[0.0, 95.3690185546875, 518.1676025390625, 733.33203125], [322.7898254394531, 316.1097412109375, 798.480224609375, 734.746337890625]]}