{"labels": [0, 0, 0], "scores": [0.9914994835853577, 0.18295089900493622, 0.09728917479515076], "bboxes": [[360.57489013671875, 29.63934326171875, 776.3982543945312, 754.7062377929688], [33.23500061035156, 171.7639923095703, 272.09844970703125, 269.2655944824219], [2.6402587890625, 23.261138916015625, 743.6583251953125, 794.464599609375]]}