{"labels": [0], "scores": [0.9968701004981995], "bboxes": [[232.63369750976562, 55.323150634765625, 584.5203857421875, 800.0]]}