{"labels": [0, 0], "scores": [0.981179416179657, 0.3314686417579651], "bboxes": [[143.28860473632812, 409.603759765625, 721.0096435546875, 781.768798828125], [30.6402587890625, 85.44940185546875, 671.5784301757812, 784.0374145507812]]}