{"labels": [0, 0, 0], "scores": [0.9904662370681763, 0.9859163165092468, 0.4850907027721405], "bboxes": [[47.78282165527344, 94.4090576171875, 488.0399169921875, 512.0026245117188], [469.6151428222656, 354.2071228027344, 708.11474609375, 651.7359619140625], [197.85159301757812, 466.8517761230469, 417.2815856933594, 797.477294921875]]}