{"labels": [0, 0], "scores": [0.9821136593818665, 0.3393628001213074], "bboxes": [[97.4317626953125, 55.824371337890625, 701.1246337890625, 782.4451904296875], [179.088134765625, 89.55122375488281, 615.412841796875, 522.6881713867188]]}