{"labels": [0], "scores": [0.9966785907745361], "bboxes": [[3.695098876953125, 102.08993530273438, 800.0, 755.075927734375]]}