{"labels": [0, 0, 0, 0], "scores": [0.9893901944160461, 0.9558885097503662, 0.6133418083190918, 0.1594371795654297], "bboxes": [[46.0030517578125, 84.1634521484375, 700.79296875, 732.2327880859375], [330.03680419921875, 441.045166015625, 681.4623413085938, 752.570068359375], [565.857177734375, 412.7961730957031, 770.01708984375, 533.3345947265625], [541.8887329101562, 411.4968566894531, 788.2901000976562, 714.3406982421875]]}