{"labels": [0, 0, 0, 0, 0, 0, 0, 0, 0], "scores": [0.9736827611923218, 0.9307597279548645, 0.9194952249526978, 0.7448416948318481, 0.6194360256195068, 0.18068960309028625, 0.12582844495773315, 0.05444449186325073, 0.05442137271165848], "bboxes": [[238.64398193359375, 465.8083190917969, 645.9134521484375, 691.3326416015625], [69.74527740478516, 552.2874145507812, 257.20556640625, 637.1553344726562], [470.3335266113281, 1.4841156005859375, 673.4280395507812, 471.54315185546875], [627.47802734375, 5.4563446044921875, 787.7750244140625, 476.6744384765625], [119.79251861572266, 465.48974609375, 250.64828491210938, 538.2774047851562], [183.13880920410156, 347.0412902832031, 375.8807373046875, 409.9601135253906], [667.6596069335938, 48.10755920410156, 752.9754028320312, 459.095703125], [242.65611267089844, 473.9237060546875, 487.5255126953125, 583.28173828125], [344.4482421875, 0.0, 800.0, 487.494873046875]]}