{"labels": [0, 0], "scores": [0.9958437085151672, 0.9934432506561279], "bboxes": [[36.08064270019531, 300.75775146484375, 425.08612060546875, 686.1277465820312], [369.33514404296875, 191.1902313232422, 777.8717651367188, 551.9407958984375]]}