{"labels": [0], "scores": [0.995980978012085], "bboxes": [[93.27084350585938, 341.28692626953125, 703.0335693359375, 672.44873046875]]}