{"labels": [0, 0, 0, 0], "scores": [0.9981129169464111, 0.9829912185668945, 0.47079601883888245, 0.16284015774726868], "bboxes": [[31.354049682617188, 31.429550170898438, 528.1309204101562, 512.2659301757812], [437.3016662597656, 450.5577392578125, 797.376953125, 686.0225830078125], [1.29180908203125, 359.2524108886719, 300.80633544921875, 634.142822265625], [5.7716064453125, 321.96929931640625, 422.2967224121094, 772.5744018554688]]}