{"labels": [0], "scores": [0.9785346984863281], "bboxes": [[165.55813598632812, 265.1307678222656, 792.061767578125, 779.898681640625]]}