{"labels": [0, 0, 0, 0], "scores": [0.9399212002754211, 0.9253131747245789, 0.2184375524520874, 0.10841090977191925], "bboxes": [[500.72711181640625, 66.29330444335938, 773.5260620117188, 334.1461486816406], [65.81198120117188, 390.4755859375, 344.256591796875, 667.909423828125], [213.0635223388672, 612.4563598632812, 509.514892578125, 800.0], [654.72021484375, 281.18548583984375, 800.0, 560.8088989257812]]}