{"labels": [0, 0, 0], "scores": [0.9848325848579407, 0.8664073348045349, 0.14476603269577026], "bboxes": [[241.10562133789062, 10.357269287109375, 756.80322265625, 792.7359619140625], [84.92372131347656, 121.75631713867188, 211.54713439941406, 738.9970703125], [266.8616943359375, 513.1279296875, 751.9950561523438, 786.477294921875]]}