{"labels": [0], "scores": [0.9947441816329956], "bboxes": [[85.23371124267578, 169.65875244140625, 519.0077514648438, 868.4381103515625]]}