{"labels": [0, 0, 0], "scores": [0.9929676055908203, 0.17314369976520538, 0.0799354538321495], "bboxes": [[19.767059326171875, 43.10723876953125, 760.654296875, 800.0], [273.7138671875, 491.09503173828125, 775.526123046875, 780.9188842773438], [34.360809326171875, 83.69952392578125, 424.0391845703125, 745.677001953125]]}