{"labels": [0], "scores": [0.99885094165802], "bboxes": [[142.92922973632812, 7.82220458984375, 662.9139404296875, 797.0726318359375]]}