{"labels": [0, 0], "scores": [0.9772129654884338, 0.31451889872550964], "bboxes": [[118.03012084960938, 181.4788360595703, 651.892333984375, 602.33544921875], [49.03732681274414, 169.51284790039062, 420.43402099609375, 586.9597778320312]]}