{"labels": [0, 0, 0, 0, 0, 0], "scores": [0.9652131795883179, 0.750517725944519, 0.1728791445493698, 0.15753942728042603, 0.0879199355840683, 0.06484830379486084], "bboxes": [[75.25709533691406, 219.45883178710938, 438.191650390625, 527.9954833984375], [433.2532958984375, 205.90774536132812, 792.796142578125, 530.44775390625], [13.856658935546875, 165.93478393554688, 776.3192138671875, 740.27001953125], [0.0, 498.1266784667969, 277.787109375, 728.853515625], [53.82402038574219, 5.009681701660156, 483.1279296875, 186.55014038085938], [51.922393798828125, 92.25529479980469, 604.4576416015625, 526.1571655273438]]}