{"labels": [0], "scores": [0.9974309802055359], "bboxes": [[0.0, 146.099365234375, 790.3644409179688, 739.5413208007812]]}