{"labels": [0], "scores": [0.9971073269844055], "bboxes": [[94.14389038085938, 15.360321044921875, 701.2642822265625, 800.0]]}