{"labels": [0], "scores": [0.998883068561554], "bboxes": [[145.83251953125, 24.72369384765625, 662.2857055664062, 792.4935913085938]]}