{"labels": [0], "scores": [0.9960474371910095], "bboxes": [[0.51165771484375, 53.165130615234375, 793.4113159179688, 648.618896484375]]}