{"labels": [0], "scores": [0.998437225818634], "bboxes": [[237.61500549316406, 48.8291015625, 563.5487060546875, 764.3314208984375]]}