{"labels": [0], "scores": [0.9991532564163208], "bboxes": [[23.5860595703125, 257.6641845703125, 792.647705078125, 547.728759765625]]}