{"labels": [0, 0, 0], "scores": [0.9883404970169067, 0.5615797638893127, 0.14456450939178467], "bboxes": [[153.15989685058594, 358.39202880859375, 643.47412109375, 773.2649536132812], [200.87881469726562, 17.41424560546875, 624.41455078125, 605.7452392578125], [110.5517578125, 190.20294189453125, 159.01580810546875, 298.1892395019531]]}