{"labels": [0, 0, 0], "scores": [0.999248206615448, 0.9965890645980835, 0.07429768890142441], "bboxes": [[77.18116760253906, 184.177978515625, 451.156494140625, 754.2325439453125], [309.6326599121094, 262.9122619628906, 698.201904296875, 800.0], [193.20118713378906, 228.79837036132812, 565.5438232421875, 784.119384765625]]}