{"labels": [0], "scores": [0.9983747005462646], "bboxes": [[140.93759155273438, 210.3887939453125, 530.5363159179688, 843.8941650390625]]}