{"labels": [0, 0, 0], "scores": [0.9825719594955444, 0.12454754114151001, 0.09171006083488464], "bboxes": [[179.2650146484375, 74.78912353515625, 621.6937866210938, 580.43115234375], [1.327850341796875, 472.88665771484375, 524.7386474609375, 792.1480102539062], [69.34494018554688, 274.46502685546875, 654.436767578125, 770.8938598632812]]}