{"labels": [0], "scores": [0.9982932209968567], "bboxes": [[141.86880493164062, 50.654327392578125, 655.9381103515625, 784.8065185546875]]}