{"labels": [0], "scores": [0.9992086291313171], "bboxes": [[58.361663818359375, 6.0687255859375, 749.2904052734375, 800.0]]}