{"labels": [0], "scores": [0.9995306730270386], "bboxes": [[71.94485473632812, 15.23480224609375, 719.381103515625, 777.1317138671875]]}