{"labels": [0], "scores": [0.9990363121032715], "bboxes": [[10.16094970703125, 202.94943237304688, 786.8399658203125, 693.6767578125]]}