{"labels": [0, 0], "scores": [0.9924690127372742, 0.05721468850970268], "bboxes": [[63.27923583984375, 179.98419189453125, 730.9483032226562, 759.9891967773438], [205.52296447753906, 54.70538330078125, 695.920166015625, 425.427490234375]]}