{"labels": [0, 0], "scores": [0.996473491191864, 0.06600142270326614], "bboxes": [[56.35479736328125, 96.70614624023438, 744.4552001953125, 731.18115234375], [62.207183837890625, 422.92266845703125, 709.3004150390625, 720.1979370117188]]}