{"labels": [0], "scores": [0.9972508549690247], "bboxes": [[206.546875, 30.49300765991211, 517.299072265625, 742.17333984375]]}