{"labels": [0], "scores": [0.9905834197998047], "bboxes": [[72.34463500976562, 121.12432861328125, 675.71630859375, 700.4661865234375]]}