{"labels": [0, 0, 0], "scores": [0.9738088846206665, 0.24764655530452728, 0.14764980971813202], "bboxes": [[109.17367553710938, 139.32101440429688, 700.6346435546875, 648.6251220703125], [333.8736572265625, 137.23110961914062, 461.07177734375, 572.9244384765625], [5.1517181396484375, 11.727142333984375, 386.09197998046875, 567.6297607421875]]}