{"labels": [0, 0, 0], "scores": [0.8176555633544922, 0.6617092490196228, 0.08048546314239502], "bboxes": [[196.48573303222656, 228.1579132080078, 421.7305908203125, 498.66021728515625], [26.712646484375, 44.0245361328125, 792.90234375, 792.0781860351562], [49.875457763671875, 186.33221435546875, 690.1009521484375, 628.7828979492188]]}