{"labels": [0], "scores": [0.9991069436073303], "bboxes": [[63.99658203125, 77.27908325195312, 732.5595092773438, 721.3892822265625]]}