{"labels": [0, 0, 0, 0, 0, 0, 0, 0, 0], "scores": [0.9641112089157104, 0.748259961605072, 0.6747942566871643, 0.5694844722747803, 0.44776472449302673, 0.34555721282958984, 0.23842543363571167, 0.15875312685966492, 0.06539516896009445], "bboxes": [[382.9322509765625, 37.367462158203125, 795.712158203125, 442.7322998046875], [82.76312255859375, 50.94261169433594, 443.38409423828125, 396.14013671875], [9.651641845703125, 137.97848510742188, 608.9932861328125, 769.3199462890625], [20.4200439453125, 387.19232177734375, 437.40838623046875, 781.1428833007812], [9.934158325195312, 54.361480712890625, 257.23577880859375, 422.93896484375], [0.0, 66.73854064941406, 46.09693145751953, 440.5609130859375], [407.25079345703125, 181.46861267089844, 800.0, 600.30859375], [435.08203125, 395.01043701171875, 800.0, 614.7061767578125], [351.5327453613281, 357.8440856933594, 794.935791015625, 790.5107421875]]}