{"labels": [0], "scores": [0.9925464987754822], "bboxes": [[246.4680938720703, 7.631927490234375, 579.1300048828125, 794.7703857421875]]}