{"labels": [0, 0], "scores": [0.9982545971870422, 0.8753533363342285], "bboxes": [[199.7044219970703, 257.91204833984375, 657.2008666992188, 787.0673217773438], [513.5775146484375, 118.71424102783203, 605.172607421875, 257.80828857421875]]}