{"labels": [0], "scores": [0.9919082522392273], "bboxes": [[0.0, 185.35128784179688, 729.352294921875, 619.1787109375]]}