{"labels": [0, 0, 0, 0, 0], "scores": [0.9982568621635437, 0.19426874816417694, 0.19001427292823792, 0.05680572986602783, 0.050304919481277466], "bboxes": [[195.2591094970703, 38.347713470458984, 508.42108154296875, 713.5731811523438], [550.43115234375, 2.0900611877441406, 699.7989501953125, 718.4454956054688], [462.3954772949219, 730.3048706054688, 645.609375, 874.755615234375], [207.05841064453125, 750.7044677734375, 354.592529296875, 885.7174682617188], [205.73532104492188, 725.1209106445312, 643.277099609375, 882.5220947265625]]}