{"labels": [0, 0, 0, 0], "scores": [0.9336520433425903, 0.49842455983161926, 0.3466990888118744, 0.29573383927345276], "bboxes": [[172.17398071289062, 122.32452392578125, 800.0, 796.892578125], [0.0, 0.0, 710.0735473632812, 679.2117919921875], [186.07269287109375, 4.849456787109375, 754.1831665039062, 481.4854431152344], [0.0, 0.0, 262.571044921875, 645.192626953125]]}