{"labels": [0], "scores": [0.997763991355896], "bboxes": [[18.2767333984375, 259.4006042480469, 800.0, 623.61376953125]]}