{"labels": [0, 0], "scores": [0.9953228831291199, 0.9921395182609558], "bboxes": [[38.466461181640625, 237.5001220703125, 703.8243408203125, 765.903564453125], [288.039306640625, 53.859832763671875, 754.3380126953125, 497.3620300292969]]}