{"labels": [0, 0], "scores": [0.9958347082138062, 0.29900118708610535], "bboxes": [[94.9471435546875, 329.2134094238281, 787.700927734375, 779.3212890625], [63.09788513183594, 219.7089080810547, 445.01422119140625, 525.6400756835938]]}