{"labels": [0, 0, 0, 0, 0, 0], "scores": [0.8619502782821655, 0.7462599873542786, 0.7455310225486755, 0.42495235800743103, 0.1284053474664688, 0.06543336808681488], "bboxes": [[159.54837036132812, 506.037841796875, 315.5137023925781, 698.1580810546875], [449.8350830078125, 257.9771423339844, 602.7265625, 637.8160400390625], [2.612823486328125, 83.85684204101562, 690.123779296875, 676.7559814453125], [577.1182250976562, 186.59361267089844, 787.7699584960938, 595.6536254882812], [69.96690368652344, 103.65896606445312, 431.21917724609375, 649.368896484375], [368.9656982421875, 126.45904541015625, 642.3768310546875, 674.576416015625]]}