{"labels": [0], "scores": [0.9969803690910339], "bboxes": [[0.0, 8.1448974609375, 798.400146484375, 799.40966796875]]}