{"labels": [0, 0, 0, 0, 0, 0, 0, 0, 0], "scores": [0.9054744839668274, 0.8495368361473083, 0.820583701133728, 0.6242319941520691, 0.29721760749816895, 0.23819343745708466, 0.13767068088054657, 0.1310223788022995, 0.05030782148241997], "bboxes": [[3.702850341796875, 114.55807495117188, 783.2528076171875, 639.15087890625], [446.68505859375, 295.83868408203125, 705.24853515625, 506.499755859375], [356.29168701171875, 130.54190063476562, 631.0997924804688, 372.6340637207031], [0.0, 367.62530517578125, 799.29541015625, 747.9551391601562], [606.6499633789062, 268.4023742675781, 799.8257446289062, 434.8062438964844], [179.36630249023438, 114.4023208618164, 386.0295715332031, 337.86279296875], [4.4391326904296875, 243.40142822265625, 277.214111328125, 492.48516845703125], [13.34564208984375, 123.5487060546875, 534.1410522460938, 506.80670166015625], [304.81744384765625, 145.17691040039062, 711.7388916015625, 502.8100280761719]]}