{"labels": [0, 0], "scores": [0.9906744360923767, 0.09301003068685532], "bboxes": [[185.25823974609375, 192.833984375, 696.2759399414062, 766.2653198242188], [186.28765869140625, 4.522735595703125, 786.0377197265625, 546.5521240234375]]}