{"labels": [0], "scores": [0.9994568228721619], "bboxes": [[91.80145263671875, 5.32623291015625, 679.4442749023438, 800.0]]}