{"labels": [0], "scores": [0.9986078143119812], "bboxes": [[65.27606201171875, 83.39947509765625, 741.4365844726562, 782.8330078125]]}