{"labels": [0], "scores": [0.9986283779144287], "bboxes": [[110.723388671875, 74.8409423828125, 718.7584228515625, 751.4158325195312]]}