{"labels": [0, 0, 0], "scores": [0.9120756387710571, 0.7753103971481323, 0.2594001591205597], "bboxes": [[0.0, 9.930389404296875, 745.23046875, 749.836669921875], [470.1436462402344, 326.75189208984375, 714.7849731445312, 573.63671875], [0.0, 0.83428955078125, 422.2548828125, 370.0301513671875]]}