{"labels": [0, 0, 0, 0, 0, 0, 0], "scores": [0.9867281317710876, 0.8210611939430237, 0.614238977432251, 0.5596944689750671, 0.38031667470932007, 0.142814502120018, 0.060607247054576874], "bboxes": [[172.73062133789062, 98.01190185546875, 295.0736999511719, 722.06689453125], [499.38397216796875, 15.875030517578125, 779.0175170898438, 778.30810546875], [380.8356018066406, 106.4726333618164, 421.4053039550781, 138.25489807128906], [123.949951171875, 25.6597900390625, 771.30224609375, 778.3966674804688], [528.646484375, 34.501678466796875, 663.966552734375, 765.93505859375], [386.71624755859375, 45.6990966796875, 623.14794921875, 761.2738647460938], [173.24078369140625, 85.44940185546875, 474.74639892578125, 731.5693359375]]}