{"labels": [0, 0, 0, 0, 0], "scores": [0.9799652099609375, 0.5282264351844788, 0.25518113374710083, 0.2469184696674347, 0.0815318301320076], "bboxes": [[109.69110107421875, 31.0714111328125, 661.16845703125, 352.4266662597656], [162.56295776367188, 287.40673828125, 379.1420593261719, 488.87646484375], [608.7040405273438, 487.1114807128906, 791.7897338867188, 666.531005859375], [88.54010009765625, 14.5426025390625, 753.4708251953125, 737.4478759765625], [0.0, 626.9276123046875, 793.3999633789062, 797.8607177734375]]}