{"labels": [0, 0, 0, 0], "scores": [0.9095274209976196, 0.2635566294193268, 0.0809740349650383, 0.053639817982912064], "bboxes": [[279.08184814453125, 180.63104248046875, 524.5694580078125, 778.1828002929688], [157.162353515625, 23.624114990234375, 713.0159912109375, 792.900146484375], [14.93804931640625, 289.8343505859375, 128.12022399902344, 400.56884765625], [21.56584930419922, 432.14532470703125, 129.1605224609375, 538.884521484375]]}