{"labels": [0], "scores": [0.9951416254043579], "bboxes": [[209.4088897705078, 36.78666305541992, 471.1429443359375, 817.8760986328125]]}