{"labels": [0, 0], "scores": [0.9870235919952393, 0.10110790282487869], "bboxes": [[172.77328491210938, 60.481048583984375, 608.228515625, 741.0572509765625], [171.78073120117188, 61.638519287109375, 524.439453125, 438.56976318359375]]}