{"labels": [0], "scores": [0.980186402797699], "bboxes": [[225.41940307617188, 244.2404022216797, 583.48681640625, 576.2571411132812]]}