{"labels": [0, 0, 0, 0, 0, 0, 0, 0, 0, 0, 0, 0], "scores": [0.9874123334884644, 0.972453773021698, 0.9464070796966553, 0.8596571683883667, 0.5970670580863953, 0.3782276213169098, 0.15177269279956818, 0.13193349540233612, 0.1186806857585907, 0.08579681813716888, 0.07708930969238281, 0.06051921099424362], "bboxes": [[277.7289733886719, 159.35662841796875, 457.9919738769531, 504.429931640625], [434.291015625, 168.00099182128906, 623.2313232421875, 486.9434814453125], [603.1022338867188, 154.11021423339844, 791.1050415039062, 463.10699462890625], [147.94100952148438, 3.7588043212890625, 315.9023742675781, 498.74322509765625], [76.6612548828125, 574.7683715820312, 335.65423583984375, 800.0], [81.00228881835938, 91.29096984863281, 799.5823974609375, 602.9122314453125], [64.61685180664062, 301.352294921875, 777.0804443359375, 739.2392578125], [193.14764404296875, 409.95391845703125, 796.6217651367188, 647.8687133789062], [483.3390197753906, 77.92593383789062, 577.6420288085938, 202.63662719726562], [145.55502319335938, 42.68217468261719, 563.51123046875, 499.66265869140625], [357.9443359375, 151.04013061523438, 721.212158203125, 502.7233581542969], [71.45158386230469, 92.8238525390625, 225.8841094970703, 456.812744140625]]}