{"labels": [0, 0], "scores": [0.9869362711906433, 0.060514383018016815], "bboxes": [[0.0, 82.84661865234375, 800.0, 800.0], [132.02291870117188, 265.39886474609375, 662.090576171875, 800.0]]}