{"labels": [0, 0, 0, 0, 0, 0, 0, 0, 0, 0, 0, 0, 0, 0, 0, 0], "scores": [0.9337413311004639, 0.9269144535064697, 0.8572537899017334, 0.5322359204292297, 0.4029728174209595, 0.32623106241226196, 0.3145366907119751, 0.2975834012031555, 0.2923204302787781, 0.28812849521636963, 0.23626695573329926, 0.16622412204742432, 0.13269953429698944, 0.08860856294631958, 0.08715038001537323, 0.06052853912115097], "bboxes": [[116.68519592285156, 35.716636657714844, 409.642578125, 269.3586730957031], [389.69378662109375, 140.82754516601562, 578.1238403320312, 314.4207458496094], [215.61474609375, 300.89910888671875, 399.00164794921875, 470.83270263671875], [0.0, 145.595458984375, 254.72036743164062, 438.80328369140625], [588.3353271484375, 60.75653839111328, 797.6868896484375, 314.4361267089844], [0.0, 112.63711547851562, 759.6365356445312, 774.0001220703125], [246.49000549316406, 396.3853454589844, 557.7265014648438, 671.497314453125], [9.801925659179688, 322.82421875, 498.75494384765625, 797.3944091796875], [494.45166015625, 108.31947326660156, 628.5689697265625, 243.73646545410156], [378.9927062988281, 321.2894287109375, 633.4991455078125, 548.217529296875], [120.7137680053711, 388.5193176269531, 296.0287170410156, 573.1588134765625], [547.6444702148438, 211.79922485351562, 726.1157836914062, 435.8918151855469], [687.7092895507812, 337.748779296875, 800.0, 608.2573852539062], [131.4161376953125, 454.8349609375, 526.0966186523438, 726.2181396484375], [36.66925048828125, 335.1949768066406, 346.4825134277344, 588.3796997070312], [465.28497314453125, 111.40664672851562, 729.3981323242188, 428.9714050292969]]}