{"labels": [0], "scores": [0.9991119503974915], "bboxes": [[0.0, 307.6261901855469, 800.0, 607.266845703125]]}