{"labels": [0, 0, 0, 0, 0, 0], "scores": [0.9709412455558777, 0.7911707758903503, 0.6736940741539001, 0.11410485208034515, 0.07368048280477524, 0.05765137821435928], "bboxes": [[451.1487731933594, 366.4366455078125, 781.8248291015625, 741.015380859375], [344.2261657714844, 49.60595703125, 424.7618713378906, 691.40283203125], [186.68316650390625, 416.86517333984375, 257.50152587890625, 559.2235717773438], [186.54998779296875, 590.8411254882812, 226.59811401367188, 745.4743041992188], [44.46624755859375, 408.338134765625, 296.0066833496094, 568.5562133789062], [168.16485595703125, 21.73260498046875, 767.2713012695312, 756.3311767578125]]}