{"labels": [0, 0, 0, 0, 0, 0, 0, 0], "scores": [0.8753583431243896, 0.6783813834190369, 0.319683313369751, 0.23835571110248566, 0.20448407530784607, 0.14420203864574432, 0.1378810703754425, 0.0611913800239563], "bboxes": [[110.85641479492188, 112.36703491210938, 671.635498046875, 744.795654296875], [505.1147766113281, 129.07492065429688, 627.4155883789062, 240.462890625], [218.39100646972656, 343.407470703125, 609.7242431640625, 747.7587890625], [240.82620239257812, 241.5767364501953, 748.3717041015625, 688.9088745117188], [0.0, 136.9580535888672, 144.1693115234375, 587.9362182617188], [32.268218994140625, 72.96197509765625, 404.2377014160156, 621.9432983398438], [219.05755615234375, 548.8672485351562, 603.8043212890625, 746.8142700195312], [232.49876403808594, 105.74176025390625, 586.1377563476562, 509.04339599609375]]}