{"labels": [0, 0, 0, 0, 0], "scores": [0.9844261407852173, 0.9084550142288208, 0.6914356350898743, 0.07728362083435059, 0.06425324082374573], "bboxes": [[234.12136840820312, 355.4481201171875, 493.0975036621094, 752.6505126953125], [412.828369140625, 152.37518310546875, 682.3160400390625, 528.3450927734375], [220.392333984375, 238.41375732421875, 657.53076171875, 752.2572631835938], [212.03912353515625, 142.0707550048828, 664.1122436523438, 548.6080322265625], [43.43821716308594, 9.371551513671875, 469.45404052734375, 499.8446350097656]]}