{"labels": [0], "scores": [0.9986177682876587], "bboxes": [[105.03985595703125, 235.2578125, 709.4536743164062, 688.1451416015625]]}