{"labels": [0, 0, 0, 0, 0, 0, 0, 0], "scores": [0.9950719475746155, 0.9900431632995605, 0.9890202879905701, 0.9833784699440002, 0.9785359501838684, 0.8995955586433411, 0.358857661485672, 0.05651241913437843], "bboxes": [[170.4822998046875, 534.0498046875, 225.2479248046875, 758.8372802734375], [26.13056755065918, 536.304931640625, 81.95466613769531, 763.43408203125], [458.8742370605469, 7.294036865234375, 549.6535034179688, 769.45703125], [100.64109802246094, 532.45166015625, 153.56216430664062, 757.5985107421875], [563.6051025390625, 26.095611572265625, 650.6365966796875, 758.012451171875], [234.34661865234375, 534.2371826171875, 309.93695068359375, 762.8646240234375], [625.6858520507812, 151.82717895507812, 793.5785522460938, 757.3656005859375], [555.7176513671875, 45.217742919921875, 734.160888671875, 762.07666015625]]}