{"labels": [0, 0], "scores": [0.9241254925727844, 0.780396044254303], "bboxes": [[203.26785278320312, 145.99798583984375, 610.6158447265625, 787.9236450195312], [226.34071350097656, 146.41224670410156, 579.3190307617188, 478.8619384765625]]}