{"labels": [0, 0, 0, 0, 0, 0, 0, 0, 0, 0], "scores": [0.9661126136779785, 0.9517652988433838, 0.4822664260864258, 0.41124770045280457, 0.3639083504676819, 0.20092052221298218, 0.14862015843391418, 0.14085827767848969, 0.10018201172351837, 0.06710945069789886], "bboxes": [[577.85546875, 461.6776123046875, 752.898681640625, 793.74365234375], [331.00299072265625, 475.4413146972656, 480.9327392578125, 607.2028198242188], [359.3778381347656, 630.22412109375, 459.6335754394531, 777.3441162109375], [44.94169616699219, 333.66986083984375, 248.7802276611328, 446.78631591796875], [60.10089874267578, 636.0402221679688, 237.0946044921875, 779.4942016601562], [83.0632095336914, 473.04388427734375, 213.86495971679688, 594.6511840820312], [47.339942932128906, 175.2010955810547, 232.3121337890625, 281.014404296875], [296.25341796875, 173.57688903808594, 500.64141845703125, 268.033203125], [613.9908447265625, 318.27130126953125, 711.8798828125, 425.05584716796875], [10.983062744140625, 97.09765625, 800.0, 800.0]]}