{"labels": [0, 0], "scores": [0.9264833331108093, 0.3477590084075928], "bboxes": [[228.49305725097656, 190.25436401367188, 564.3028564453125, 625.320068359375], [226.00692749023438, 532.3095092773438, 658.316650390625, 784.2005004882812]]}