{"labels": [0], "scores": [0.9967325925827026], "bboxes": [[294.0806884765625, 19.456146240234375, 539.7886352539062, 800.0]]}