{"labels": [0], "scores": [0.9988722205162048], "bboxes": [[24.432647705078125, 217.44842529296875, 774.60595703125, 749.5493774414062]]}