{"labels": [0, 0, 0, 0, 0, 0, 0, 0, 0, 0, 0, 0, 0, 0, 0, 0, 0, 0], "scores": [0.9919978976249695, 0.9898439645767212, 0.9898307919502258, 0.9788588285446167, 0.971322238445282, 0.961652934551239, 0.9564833641052246, 0.9533571004867554, 0.6285173892974854, 0.43510547280311584, 0.3408621549606323, 0.16505670547485352, 0.16033488512039185, 0.15634338557720184, 0.15088079869747162, 0.10859572887420654, 0.07062315940856934, 0.06933099776506424], "bboxes": [[302.8387756347656, 208.62918090820312, 388.7879333496094, 764.417236328125], [212.30020141601562, 277.29119873046875, 303.3350524902344, 770.9692993164062], [483.543212890625, 94.03619384765625, 581.021484375, 757.7435913085938], [393.6862487792969, 175.69119262695312, 487.5171203613281, 766.7537841796875], [574.161376953125, 47.028076171875, 681.208740234375, 773.7350463867188], [130.11473083496094, 391.74444580078125, 211.2921905517578, 770.4456176757812], [667.022705078125, 48.7581787109375, 770.623779296875, 766.7258911132812], [40.63767623901367, 468.9161376953125, 120.8929443359375, 769.9774169921875], [215.6870574951172, 290.7386474609375, 294.2416076660156, 409.70172119140625], [136.5007781982422, 406.8164978027344, 204.6673126220703, 512.3739013671875], [305.7427062988281, 213.9629669189453, 382.1061706542969, 346.6453857421875], [569.4593505859375, 31.212554931640625, 788.6885986328125, 772.6275634765625], [44.13808059692383, 471.7958679199219, 116.42433166503906, 596.2301025390625], [517.07568359375, 73.1370849609375, 637.0733642578125, 763.31640625], [481.8579406738281, 99.19625854492188, 567.5603637695312, 228.25115966796875], [266.5721740722656, 170.0718994140625, 509.2270202636719, 776.524658203125], [385.26568603515625, 74.060546875, 692.0075073242188, 777.437255859375], [676.435791015625, 41.458309173583984, 765.05126953125, 168.000732421875]]}