{"labels": [0], "scores": [0.9962658286094666], "bboxes": [[0.0, 116.24270629882812, 776.395751953125, 663.81591796875]]}