{"labels": [0, 0, 0, 0], "scores": [0.9802399277687073, 0.20729143917560577, 0.07526139914989471, 0.06386230140924454], "bboxes": [[2.37750244140625, 215.3800048828125, 796.5127563476562, 588.4287719726562], [3.747894287109375, 5.64801025390625, 782.4190673828125, 474.2464599609375], [23.62451171875, 512.1538696289062, 754.4276123046875, 721.7098999023438], [23.69171142578125, 12.361984252929688, 543.2742309570312, 317.042724609375]]}