{"labels": [0], "scores": [0.9975001215934753], "bboxes": [[89.93997192382812, 213.0326690673828, 590.8773193359375, 797.671142578125]]}