{"labels": [0, 0, 0, 0], "scores": [0.9906864762306213, 0.9170305728912354, 0.3021911084651947, 0.06067672744393349], "bboxes": [[66.22428894042969, 196.336669921875, 385.6346435546875, 760.450927734375], [302.635498046875, 102.86871337890625, 725.2816162109375, 694.8751220703125], [106.10287475585938, 128.00466918945312, 637.487060546875, 777.38134765625], [245.27761840820312, 383.8215026855469, 686.8597412109375, 757.6080322265625]]}