{"labels": [0, 0, 0, 0], "scores": [0.9975468516349792, 0.9354183077812195, 0.6979550719261169, 0.10974136739969254], "bboxes": [[134.45834350585938, 151.02203369140625, 637.627685546875, 607.5162963867188], [592.3614501953125, 193.6583251953125, 770.438232421875, 428.84466552734375], [0.0, 0.0, 233.531005859375, 104.6725845336914], [133.9778594970703, 159.60891723632812, 563.0911254882812, 423.1444396972656]]}