{"labels": [0, 0, 0, 0], "scores": [0.9929845333099365, 0.989096462726593, 0.9883486032485962, 0.9828220009803772], "bboxes": [[246.47445678710938, 212.46759033203125, 385.5491027832031, 676.27490234375], [380.63525390625, 176.01864624023438, 525.2766723632812, 675.604736328125], [518.7619018554688, 169.43991088867188, 659.9931030273438, 665.8795166015625], [114.05133056640625, 212.96981811523438, 244.3424072265625, 677.75634765625]]}