{"labels": [0], "scores": [0.999160647392273], "bboxes": [[292.1658935546875, 26.932830810546875, 544.198486328125, 800.0]]}