{"labels": [0], "scores": [0.9988270401954651], "bboxes": [[17.6412353515625, 17.683990478515625, 774.0061645507812, 786.0135498046875]]}