{"labels": [0], "scores": [0.9934373497962952], "bboxes": [[224.28213500976562, 165.27139282226562, 510.1756896972656, 700.6138916015625]]}