{"labels": [0, 0], "scores": [0.9977273344993591, 0.14195765554904938], "bboxes": [[299.2393798828125, 15.875762939453125, 531.7913208007812, 783.616943359375], [590.8331909179688, 173.71253967285156, 794.2377319335938, 617.1029052734375]]}