{"labels": [0], "scores": [0.9992116689682007], "bboxes": [[96.76837158203125, 0.0, 735.2733154296875, 772.99267578125]]}