{"labels": [0, 0], "scores": [0.9964160919189453, 0.05731865018606186], "bboxes": [[198.6333465576172, 111.8922119140625, 617.456787109375, 761.0225830078125], [226.22036743164062, 122.55621337890625, 401.5267028808594, 667.2183837890625]]}