{"labels": [0, 0], "scores": [0.9915676712989807, 0.18974338471889496], "bboxes": [[260.8210754394531, 5.2190093994140625, 600.5439453125, 381.14300537109375], [101.054443359375, 388.5810241699219, 722.2540283203125, 798.37548828125]]}