{"labels": [0], "scores": [0.9986969828605652], "bboxes": [[81.31893920898438, 104.15390014648438, 654.2864990234375, 517.31591796875]]}