{"labels": [0, 0, 0, 0, 0], "scores": [0.9802623987197876, 0.6557647585868835, 0.13046187162399292, 0.07352286577224731, 0.06870146095752716], "bboxes": [[226.2216796875, 256.96533203125, 768.4865112304688, 730.5524291992188], [449.0298156738281, 103.67741394042969, 537.2086791992188, 307.0704345703125], [376.54779052734375, 100.74526977539062, 452.8021240234375, 255.26376342773438], [473.4379577636719, 0.0, 699.3291015625, 314.0367431640625], [0.0, 140.98190307617188, 381.4522705078125, 390.1939392089844]]}