{"labels": [0, 0], "scores": [0.9970402121543884, 0.9968308806419373], "bboxes": [[40.07707214355469, 156.8330841064453, 503.13604736328125, 607.5529174804688], [511.09039306640625, 98.59326171875, 733.1992797851562, 651.669921875]]}