{"labels": [0, 0, 0], "scores": [0.9878250956535339, 0.7810958623886108, 0.06468517333269119], "bboxes": [[176.11236572265625, 179.275390625, 610.3975219726562, 795.4719848632812], [335.8433532714844, 9.053958892822266, 470.7796936035156, 127.75178527832031], [274.68353271484375, 564.0291137695312, 514.57763671875, 797.7838745117188]]}