{"labels": [0], "scores": [0.9960768818855286], "bboxes": [[136.50283813476562, 29.768707275390625, 688.239013671875, 773.5081787109375]]}