{"labels": [0, 0, 0, 0], "scores": [0.8945581316947937, 0.8043165802955627, 0.7017581462860107, 0.2960852384567261], "bboxes": [[174.72836303710938, 210.5563201904297, 764.53857421875, 708.808349609375], [266.5092468261719, 213.1754150390625, 487.3244323730469, 684.5364379882812], [64.81076049804688, 219.81082153320312, 393.703369140625, 724.2340087890625], [394.5693359375, 222.14239501953125, 698.6407470703125, 684.2238159179688]]}