{"labels": [0, 0, 0], "scores": [0.9952050447463989, 0.9733725190162659, 0.9170238971710205], "bboxes": [[351.18328857421875, 121.75430297851562, 743.4370727539062, 745.3792724609375], [5.360595703125, 379.80908203125, 286.7734680175781, 628.7034301757812], [216.99871826171875, 379.14385986328125, 370.3699951171875, 643.2011108398438]]}