{"labels": [0, 0, 0, 0, 0, 0, 0, 0], "scores": [0.9960227012634277, 0.9888657927513123, 0.9872669577598572, 0.97988361120224, 0.9785184860229492, 0.9687946438789368, 0.1660931557416916, 0.05346796661615372], "bboxes": [[0.0, 404.2447509765625, 394.7171630859375, 789.9158935546875], [216.264892578125, 102.1288833618164, 389.53369140625, 293.8805847167969], [403.5080261230469, 33.41156005859375, 788.033935546875, 331.6310119628906], [76.69467163085938, 128.607421875, 231.0177001953125, 304.08355712890625], [125.12366485595703, 222.30722045898438, 286.9490966796875, 373.5212707519531], [406.417724609375, 405.8178405761719, 793.8726806640625, 782.0079345703125], [2.6102981567382812, 80.40715026855469, 114.4826431274414, 287.59320068359375], [79.35523223876953, 167.91726684570312, 263.96612548828125, 359.5352478027344]]}