{"labels": [0, 0, 0, 0, 0, 0, 0, 0, 0, 0, 0, 0, 0, 0, 0, 0], "scores": [0.9982326030731201, 0.9842549562454224, 0.9755544066429138, 0.9391717910766602, 0.826715350151062, 0.7341437339782715, 0.6920873522758484, 0.5539716482162476, 0.5201457738876343, 0.4790250062942505, 0.43949058651924133, 0.42484161257743835, 0.1741250902414322, 0.09518280625343323, 0.07553485035896301, 0.05227556824684143], "bboxes": [[616.54052734375, 466.27496337890625, 727.992431640625, 717.5210571289062], [539.64599609375, 460.24810791015625, 684.0167236328125, 714.8567504882812], [682.6165161132812, 466.2058410644531, 777.2000122070312, 715.9960327148438], [136.0392303466797, 303.1457824707031, 330.39642333984375, 491.7923278808594], [83.56350708007812, 65.21379089355469, 352.93609619140625, 397.4937744140625], [321.66986083984375, 432.23175048828125, 522.0225830078125, 701.3131713867188], [400.0438537597656, 185.70870971679688, 754.7264404296875, 392.8539733886719], [99.39836883544922, 189.4229736328125, 340.5489196777344, 482.53619384765625], [371.6667175292969, 523.1502685546875, 456.4054870605469, 709.738525390625], [107.48599243164062, 563.8797607421875, 252.53973388671875, 787.2958984375], [517.1702270507812, 188.6197509765625, 605.4003295898438, 387.212158203125], [325.6608581542969, 426.8087158203125, 450.9994812011719, 613.6346435546875], [404.883056640625, 187.26483154296875, 506.4644775390625, 390.535400390625], [80.44454956054688, 443.09039306640625, 564.25390625, 784.0828247070312], [368.4224853515625, 516.1505126953125, 523.0439453125, 722.3118896484375], [116.7418212890625, 549.7307739257812, 414.17242431640625, 790.4828491210938]]}