{"labels": [0, 0], "scores": [0.9929793477058411, 0.557680606842041], "bboxes": [[139.46807861328125, 279.44769287109375, 516.3495483398438, 671.6254272460938], [516.0970458984375, 352.136474609375, 793.706298828125, 458.5224609375]]}