{"labels": [0, 0, 0], "scores": [0.9482446908950806, 0.5566176772117615, 0.12600663304328918], "bboxes": [[139.72360229492188, 85.75955200195312, 647.366455078125, 741.0394287109375], [242.80458068847656, 72.37506103515625, 549.2041015625, 456.9503173828125], [141.15655517578125, 414.340087890625, 637.661376953125, 733.260009765625]]}