{"labels": [0], "scores": [0.9954161643981934], "bboxes": [[109.15655517578125, 23.78106689453125, 627.434326171875, 800.0]]}