{"labels": [0, 0], "scores": [0.9967650175094604, 0.07723527401685715], "bboxes": [[122.14862060546875, 170.2801513671875, 688.0319213867188, 654.7330932617188], [1.8072509765625, 4.6562042236328125, 323.1640319824219, 169.92434692382812]]}