{"labels": [0, 0, 0], "scores": [0.9869150519371033, 0.4698655903339386, 0.055474236607551575], "bboxes": [[136.64942932128906, 192.36697387695312, 546.2899169921875, 896.0], [137.95370483398438, 228.7985076904297, 534.2169799804688, 549.2612915039062], [11.20751953125, 379.3224182128906, 297.5231628417969, 896.0]]}