{"labels": [0, 0, 0, 0, 0], "scores": [0.980258047580719, 0.9348815679550171, 0.415699303150177, 0.3206672966480255, 0.10275064408779144], "bboxes": [[94.5523681640625, 401.6587829589844, 645.5299072265625, 788.443603515625], [20.05029296875, 1.3087005615234375, 528.8499755859375, 439.5283203125], [257.8847961425781, 11.415939331054688, 509.5218200683594, 390.1053466796875], [30.661453247070312, 213.63388061523438, 315.6986083984375, 444.5238342285156], [57.8154296875, 6.4114990234375, 627.5709228515625, 771.1458129882812]]}