{"labels": [0], "scores": [0.9981005787849426], "bboxes": [[54.821990966796875, 316.17156982421875, 754.9217529296875, 686.5309448242188]]}