{"labels": [0], "scores": [0.9968723654747009], "bboxes": [[0.044952392578125, 0.707550048828125, 793.285888671875, 800.0]]}