{"labels": [0], "scores": [0.9977893829345703], "bboxes": [[122.35995483398438, 187.59738159179688, 770.1092529296875, 767.34130859375]]}