{"labels": [0, 0], "scores": [0.9973490238189697, 0.06938838958740234], "bboxes": [[113.86598205566406, 254.44483947753906, 610.0857543945312, 705.54345703125], [467.24407958984375, 0.0, 707.9247436523438, 355.38702392578125]]}