{"labels": [0], "scores": [0.9979799389839172], "bboxes": [[148.1206512451172, 98.11221313476562, 654.1001586914062, 749.71240234375]]}