{"labels": [0], "scores": [0.9895143508911133], "bboxes": [[93.81643676757812, 94.65924072265625, 635.3643798828125, 723.302490234375]]}