{"labels": [0], "scores": [0.9978396892547607], "bboxes": [[239.9617919921875, 262.13128662109375, 636.8577880859375, 774.0007934570312]]}