{"labels": [0, 0, 0, 0, 0], "scores": [0.9872222542762756, 0.9828068017959595, 0.9786379933357239, 0.9689457416534424, 0.09853508323431015], "bboxes": [[440.27459716796875, 229.30636596679688, 688.1856079101562, 771.2945556640625], [639.223876953125, 68.68771362304688, 781.4462890625, 532.630859375], [36.10655975341797, 250.25457763671875, 184.66241455078125, 770.7237548828125], [258.31158447265625, 55.694488525390625, 454.3060302734375, 773.23046875], [292.490234375, 68.783447265625, 590.5352783203125, 771.7471923828125]]}