{"labels": [0, 0], "scores": [0.9902293086051941, 0.9868683815002441], "bboxes": [[136.98487854003906, 369.0463562011719, 531.600341796875, 863.646728515625], [169.6861114501953, 27.48813247680664, 480.67840576171875, 257.2383117675781]]}