{"labels": [0], "scores": [0.998443067073822], "bboxes": [[3.526611328125, 11.531585693359375, 795.8773193359375, 747.4310302734375]]}