{"labels": [0], "scores": [0.9993801116943359], "bboxes": [[95.58122253417969, 5.875995635986328, 632.4444580078125, 896.0]]}