{"labels": [0, 0, 0, 0, 0, 0, 0, 0], "scores": [0.9508009552955627, 0.54851895570755, 0.20347411930561066, 0.11784358322620392, 0.07035429775714874, 0.06343875080347061, 0.055319856852293015, 0.051515281200408936], "bboxes": [[6.35693359375, 50.86956787109375, 720.7606201171875, 603.7222900390625], [298.6336669921875, 355.8685302734375, 400.6820068359375, 610.9725341796875], [389.13555908203125, 94.80377197265625, 592.3438110351562, 539.2373046875], [340.39532470703125, 162.0072479248047, 785.3078002929688, 608.710693359375], [46.00111389160156, 61.671844482421875, 363.08245849609375, 552.2161865234375], [39.046546936035156, 401.31890869140625, 239.71261596679688, 650.3192749023438], [34.812469482421875, 344.84844970703125, 734.14794921875, 796.2077026367188], [509.4351501464844, 295.0108947753906, 793.165283203125, 613.9422607421875]]}