{"labels": [0], "scores": [0.9994565844535828], "bboxes": [[0.0, 131.48385620117188, 800.0, 716.501953125]]}