{"labels": [0, 0, 0], "scores": [0.9951091408729553, 0.16021783649921417, 0.13984525203704834], "bboxes": [[155.75665283203125, 0.0, 715.4122924804688, 796.1869506835938], [83.52061462402344, 0.0, 395.6881103515625, 800.0], [67.90064239501953, 5.766265869140625, 238.91891479492188, 798.3084716796875]]}