{"labels": [0, 0, 0], "scores": [0.995855987071991, 0.08256840705871582, 0.07751721143722534], "bboxes": [[60.5648193359375, 50.1103515625, 734.7454833984375, 762.4592895507812], [78.89324951171875, 64.50112915039062, 505.72918701171875, 626.717529296875], [279.6035461425781, 68.0107421875, 502.1320495605469, 760.5513305664062]]}