{"labels": [0], "scores": [0.9963768124580383], "bboxes": [[126.24609375, 82.50250244140625, 667.325927734375, 615.6087646484375]]}