{"labels": [0], "scores": [0.9954270124435425], "bboxes": [[47.36273193359375, 259.4758605957031, 747.9287109375, 607.17431640625]]}