{"labels": [0, 0], "scores": [0.9913514852523804, 0.6119442582130432], "bboxes": [[131.88552856445312, 107.71221923828125, 693.3226318359375, 597.1971435546875], [0.0, 43.81858825683594, 168.76123046875, 489.7861328125]]}