{"labels": [0], "scores": [0.9963016510009766], "bboxes": [[1.678802490234375, 337.95147705078125, 793.8358154296875, 468.463623046875]]}