{"labels": [0], "scores": [0.9990873336791992], "bboxes": [[0.0, 0.0, 699.33544921875, 800.0]]}