{"labels": [0, 0, 0, 0, 0], "scores": [0.8812762498855591, 0.4192657172679901, 0.4152225852012634, 0.08378033339977264, 0.06493158638477325], "bboxes": [[33.73846435546875, 65.28546142578125, 712.0916137695312, 716.6200561523438], [96.02047729492188, 301.55474853515625, 361.9402770996094, 514.353271484375], [48.141845703125, 274.62738037109375, 392.77545166015625, 699.7720336914062], [347.69232177734375, 89.54196166992188, 770.0535278320312, 699.7684326171875], [104.45499420166016, 547.2302856445312, 314.9645690917969, 637.1318969726562]]}