{"labels": [0], "scores": [0.9993775486946106], "bboxes": [[12.509674072265625, 280.10296630859375, 787.767822265625, 654.6597900390625]]}