{"labels": [0, 0, 0, 0], "scores": [0.9976311922073364, 0.8416156768798828, 0.40009695291519165, 0.1151617169380188], "bboxes": [[66.02694702148438, 241.50930786132812, 800.0, 800.0], [32.113609313964844, 590.7523803710938, 236.37722778320312, 774.8375854492188], [84.46359252929688, 211.63400268554688, 359.0439147949219, 368.8346862792969], [204.66455078125, 165.15066528320312, 457.46484375, 269.32489013671875]]}