{"labels": [0], "scores": [0.9980108141899109], "bboxes": [[2.54547119140625, 141.8521728515625, 796.278076171875, 700.902587890625]]}