{"labels": [0, 0, 0, 0], "scores": [0.9986234903335571, 0.2412385642528534, 0.08335599303245544, 0.05623062700033188], "bboxes": [[2.1756205558776855, 305.1294250488281, 700.8585815429688, 636.3035278320312], [389.92596435546875, 148.34951782226562, 695.0869140625, 248.97390747070312], [2.4466257095336914, 0.7316606044769287, 289.6860656738281, 120.28253173828125], [0.0, 54.340354919433594, 698.4387817382812, 555.9421997070312]]}