{"labels": [0], "scores": [0.9992758631706238], "bboxes": [[31.185089111328125, 74.556640625, 762.3917236328125, 713.4803466796875]]}