{"labels": [0], "scores": [0.9967691898345947], "bboxes": [[144.19500732421875, 218.59738159179688, 660.1724243164062, 778.3690185546875]]}