{"labels": [0], "scores": [0.9908003211021423], "bboxes": [[253.91542053222656, 96.77294921875, 531.492431640625, 775.7972412109375]]}