{"labels": [0], "scores": [0.9859203696250916], "bboxes": [[215.69705200195312, 23.6883544921875, 524.5260009765625, 792.6430053710938]]}