{"labels": [0], "scores": [0.9958321452140808], "bboxes": [[205.96755981445312, 168.625244140625, 595.7119140625, 736.5357666015625]]}