{"labels": [0, 0], "scores": [0.9976015686988831, 0.09955331683158875], "bboxes": [[166.94454956054688, 186.10919189453125, 578.7575073242188, 761.3980102539062], [230.78909301757812, 716.1743774414062, 569.9879760742188, 893.281982421875]]}