{"labels": [0], "scores": [0.998497486114502], "bboxes": [[209.37478637695312, 60.250213623046875, 605.034912109375, 773.9459228515625]]}