{"labels": [0, 0, 0, 0, 0, 0, 0, 0], "scores": [0.9506484270095825, 0.9450922012329102, 0.9012929797172546, 0.659685492515564, 0.12623091042041779, 0.09140095114707947, 0.0850718766450882, 0.06298504769802094], "bboxes": [[89.60161590576172, 169.82476806640625, 293.4142150878906, 731.8607788085938], [287.27301025390625, 185.1246337890625, 494.05145263671875, 746.8773193359375], [489.17718505859375, 155.141357421875, 708.2670288085938, 778.03515625], [14.25274658203125, 18.98382568359375, 785.1345825195312, 774.0728149414062], [49.839691162109375, 54.22662353515625, 418.625244140625, 739.5152587890625], [205.31240844726562, 104.31961059570312, 630.4215087890625, 754.1910400390625], [376.429931640625, 53.154998779296875, 758.2169189453125, 776.7305908203125], [47.346954345703125, 17.569313049316406, 724.3011474609375, 210.52993774414062]]}