{"labels": [0], "scores": [0.9979851245880127], "bboxes": [[182.9879608154297, 16.760589599609375, 652.4369506835938, 791.25927734375]]}