{"labels": [0, 0, 0, 0, 0, 0], "scores": [0.9901926517486572, 0.987908661365509, 0.9878139495849609, 0.9809674620628357, 0.6729137897491455, 0.1693076342344284], "bboxes": [[257.04290771484375, 175.68736267089844, 477.980224609375, 446.3575439453125], [354.1064758300781, 52.511566162109375, 691.3880615234375, 372.6261901855469], [446.67437744140625, 258.06396484375, 789.7290649414062, 579.866943359375], [47.8856201171875, 386.0785827636719, 515.811279296875, 770.29443359375], [39.296531677246094, 390.25347900390625, 292.97381591796875, 763.4649047851562], [364.8219909667969, 149.52655029296875, 737.4190673828125, 532.86669921875]]}