{"labels": [0, 0], "scores": [0.9976553916931152, 0.053792424499988556], "bboxes": [[187.71153259277344, 321.271240234375, 623.8617553710938, 796.718505859375], [321.92169189453125, 321.5685729980469, 532.3699951171875, 515.8312377929688]]}