{"labels": [0, 0], "scores": [0.9943660497665405, 0.06763345003128052], "bboxes": [[245.75633239746094, 193.27342224121094, 519.4343872070312, 884.6348266601562], [250.30564880371094, 187.65728759765625, 484.58453369140625, 427.97998046875]]}