{"labels": [0], "scores": [0.9868594408035278], "bboxes": [[226.8128204345703, 41.370635986328125, 602.3125610351562, 771.0482177734375]]}