{"labels": [0, 0], "scores": [0.9899029731750488, 0.18945389986038208], "bboxes": [[22.741241455078125, 348.33660888671875, 773.510986328125, 750.6941528320312], [0.0, 646.9287109375, 777.321533203125, 794.616943359375]]}