{"labels": [0, 0, 0], "scores": [0.985824465751648, 0.9621754288673401, 0.07241901010274887], "bboxes": [[118.74716186523438, 130.85516357421875, 735.6844482421875, 800.0], [66.06135559082031, 96.89227294921875, 449.15887451171875, 756.0814819335938], [269.82342529296875, 0.0, 798.0786743164062, 457.68463134765625]]}