{"labels": [0, 0], "scores": [0.9930086135864258, 0.4921548366546631], "bboxes": [[0.0, 153.4755859375, 792.7864379882812, 677.998046875], [5.015869140625, 411.54791259765625, 791.0772705078125, 670.3228149414062]]}