{"labels": [0, 0, 0, 0], "scores": [0.9848942160606384, 0.9541538953781128, 0.8982142806053162, 0.8147983551025391], "bboxes": [[143.39907836914062, 412.808837890625, 781.5638427734375, 624.4227294921875], [34.233245849609375, 163.9716339111328, 623.438720703125, 450.60906982421875], [124.1357421875, 279.207763671875, 650.0342407226562, 540.9318237304688], [49.823486328125, 192.8614044189453, 767.2996215820312, 607.1383056640625]]}