{"labels": [0, 0], "scores": [0.9981855750083923, 0.06455007195472717], "bboxes": [[142.37815856933594, 126.05976104736328, 550.7259521484375, 893.697509765625], [291.2774658203125, 93.25482940673828, 452.2152099609375, 375.41827392578125]]}