{"labels": [0, 0], "scores": [0.9919244647026062, 0.6003208756446838], "bboxes": [[110.38095092773438, 1.514495849609375, 737.2169189453125, 791.9488525390625], [170.31051635742188, 0.0, 554.931396484375, 251.25650024414062]]}