{"labels": [0, 0, 0, 0], "scores": [0.984183669090271, 0.31274208426475525, 0.15977463126182556, 0.07003016769886017], "bboxes": [[189.74588012695312, 206.56134033203125, 579.2591552734375, 628.8801879882812], [8.434295654296875, 168.94976806640625, 344.8346862792969, 733.923583984375], [62.5777587890625, 579.6068725585938, 613.7420043945312, 790.6764526367188], [125.25100708007812, 103.29937744140625, 718.0869140625, 756.1605224609375]]}