{"labels": [0, 0, 0, 0, 0], "scores": [0.9785215854644775, 0.8790012001991272, 0.12109007686376572, 0.0773003101348877, 0.06804250180721283], "bboxes": [[0.0419769287109375, 36.56545639038086, 566.8995971679688, 567.8832397460938], [66.44351196289062, 390.8382873535156, 494.4538269042969, 781.2799072265625], [135.11676025390625, 138.8235626220703, 230.8419952392578, 231.02114868164062], [258.6197509765625, 47.41120529174805, 561.4744262695312, 535.3414916992188], [128.1363525390625, 54.72635269165039, 296.2800598144531, 560.9981689453125]]}