{"labels": [0, 0, 0, 0], "scores": [0.965856671333313, 0.5722626447677612, 0.12659166753292084, 0.07683487236499786], "bboxes": [[98.16775512695312, 36.08013916015625, 676.3240966796875, 624.0789794921875], [283.23828125, 616.0126953125, 422.296142578125, 774.195068359375], [146.18289184570312, 210.23065185546875, 569.885009765625, 764.2190551757812], [285.1673278808594, 330.1253662109375, 559.975341796875, 750.6302490234375]]}