{"labels": [0], "scores": [0.997835099697113], "bboxes": [[274.40972900390625, 0.4033203125, 595.3383178710938, 783.7443237304688]]}