{"labels": [0, 0, 0, 0], "scores": [0.9970071911811829, 0.9951537847518921, 0.3527844250202179, 0.07032384723424911], "bboxes": [[327.62646484375, 206.84115600585938, 751.040283203125, 770.8817138671875], [76.25851440429688, 188.13372802734375, 479.0732727050781, 724.7406616210938], [375.8310852050781, 645.7144775390625, 673.8773193359375, 796.7540283203125], [120.18525695800781, 675.2809448242188, 381.06915283203125, 799.0546264648438]]}