{"labels": [0], "scores": [0.998785674571991], "bboxes": [[139.89431762695312, 241.0880889892578, 696.197021484375, 593.9384155273438]]}