{"labels": [0, 0, 0], "scores": [0.9922817349433899, 0.49173983931541443, 0.31470343470573425], "bboxes": [[13.229110717773438, 126.06828308105469, 302.052978515625, 590.1798706054688], [302.794189453125, 206.42774963378906, 754.9453125, 588.623779296875], [343.75115966796875, 604.3245239257812, 683.7621459960938, 724.3123168945312]]}