{"labels": [0, 0], "scores": [0.9799486994743347, 0.4099554121494293], "bboxes": [[75.09320068359375, 271.8749694824219, 687.82861328125, 658.2254638671875], [2.860748291015625, 0.0, 758.466552734375, 363.3531188964844]]}