{"labels": [0, 0], "scores": [0.9958093166351318, 0.15829285979270935], "bboxes": [[33.284873962402344, 1.5892486572265625, 616.0197143554688, 892.4825439453125], [295.31903076171875, 47.44282150268555, 634.0789184570312, 868.2891235351562]]}