{"labels": [0, 0, 0], "scores": [0.9954679012298584, 0.7958516478538513, 0.19373497366905212], "bboxes": [[5.424285888671875, 133.1466064453125, 657.203857421875, 780.062744140625], [433.936279296875, 172.4562225341797, 799.26025390625, 611.5151977539062], [231.74627685546875, 126.04452514648438, 677.1210327148438, 626.8232421875]]}