{"labels": [0], "scores": [0.9932674169540405], "bboxes": [[257.0123596191406, 38.34686279296875, 532.16357421875, 765.1749877929688]]}