{"labels": [0], "scores": [0.9850465059280396], "bboxes": [[44.417144775390625, 229.57733154296875, 746.2930908203125, 541.6478271484375]]}