{"labels": [0, 0, 0, 0, 0, 0], "scores": [0.9911722540855408, 0.9751836657524109, 0.39648452401161194, 0.3585634231567383, 0.15090705454349518, 0.12926773726940155], "bboxes": [[111.974853515625, 78.05563354492188, 504.00640869140625, 754.5499267578125], [504.29327392578125, 237.4929656982422, 698.1284790039062, 735.691650390625], [82.54975891113281, 610.89501953125, 171.96910095214844, 761.3408203125], [371.2968444824219, 628.2599487304688, 471.7521057128906, 788.2390747070312], [526.0169677734375, 633.5762939453125, 621.77490234375, 797.12109375], [230.41131591796875, 620.8726196289062, 322.704833984375, 774.2249145507812]]}