{"labels": [0], "scores": [0.9926921725273132], "bboxes": [[114.84346008300781, 257.5611877441406, 577.9003295898438, 842.4620361328125]]}