{"labels": [0], "scores": [0.9905858635902405], "bboxes": [[186.67767333984375, 137.72503662109375, 643.4066162109375, 685.649169921875]]}