{"labels": [0, 0], "scores": [0.9966590404510498, 0.16222774982452393], "bboxes": [[232.9093017578125, 85.34124755859375, 592.5372314453125, 655.9172973632812], [66.67823028564453, 120.86295318603516, 183.41702270507812, 272.35382080078125]]}