{"labels": [0], "scores": [0.9981753826141357], "bboxes": [[22.226654052734375, 183.89527893066406, 758.969970703125, 618.762939453125]]}