{"labels": [0, 0, 0, 0, 0, 0], "scores": [0.995293915271759, 0.7945756316184998, 0.7486193776130676, 0.22137315571308136, 0.21224841475486755, 0.05141209810972214], "bboxes": [[137.30422973632812, 290.4757080078125, 691.1259765625, 756.12841796875], [287.4884033203125, 390.0137939453125, 778.0478515625, 788.0877685546875], [11.192031860351562, 275.8310546875, 255.7548370361328, 626.653564453125], [14.84942626953125, 267.193603515625, 468.9477844238281, 689.4077758789062], [149.50442504882812, 253.0965576171875, 378.2258605957031, 568.22802734375], [563.9591064453125, 236.04443359375, 754.73193359375, 564.3753662109375]]}