{"labels": [0], "scores": [0.9975985884666443], "bboxes": [[209.24600219726562, 92.94354248046875, 590.94921875, 774.9061889648438]]}