{"labels": [0, 0], "scores": [0.9861298203468323, 0.07043403387069702], "bboxes": [[122.33282470703125, 170.09640502929688, 695.1896362304688, 769.6634521484375], [110.28428649902344, 109.15580749511719, 403.852783203125, 604.5787963867188]]}