{"labels": [0], "scores": [0.9976182579994202], "bboxes": [[44.582183837890625, 113.43389892578125, 748.9510498046875, 764.3615112304688]]}