{"labels": [0, 0, 0], "scores": [0.9788484573364258, 0.906917154788971, 0.08011364191770554], "bboxes": [[194.76095581054688, 144.67324829101562, 689.4892578125, 536.5323486328125], [313.06671142578125, 348.1036682128906, 680.9615478515625, 547.9594116210938], [206.88475036621094, 157.0850372314453, 501.04791259765625, 474.60992431640625]]}