{"labels": [0, 0], "scores": [0.9900363683700562, 0.2948421835899353], "bboxes": [[246.3313751220703, 14.027313232421875, 554.5446166992188, 792.5621337890625], [308.72149658203125, 20.824920654296875, 500.16241455078125, 453.4707336425781]]}