{"labels": [0], "scores": [0.995866060256958], "bboxes": [[302.69964599609375, 14.32232666015625, 511.47467041015625, 800.0]]}