{"labels": [0, 0, 0], "scores": [0.9792098999023438, 0.26290273666381836, 0.07768753170967102], "bboxes": [[1.926116943359375, 10.253631591796875, 587.9940185546875, 567.2952880859375], [103.85751342773438, 303.7279052734375, 752.9052734375, 783.0972900390625], [282.63165283203125, 419.63421630859375, 700.21826171875, 755.2910766601562]]}