{"labels": [0, 0], "scores": [0.9967748522758484, 0.12320660054683685], "bboxes": [[248.81793212890625, 183.12860107421875, 577.0792236328125, 709.871337890625], [479.7248840332031, 240.84259033203125, 643.0596923828125, 698.41455078125]]}