{"labels": [0, 0], "scores": [0.992413341999054, 0.05450926348567009], "bboxes": [[31.835845947265625, 37.282958984375, 776.0343017578125, 800.0], [222.62350463867188, 415.4515686035156, 750.7099609375, 800.0]]}