{"labels": [0, 0], "scores": [0.9931991696357727, 0.4708276689052582], "bboxes": [[39.39617919921875, 208.18576049804688, 741.2969970703125, 596.427734375], [489.9207763671875, 389.5023193359375, 787.5721435546875, 598.0698852539062]]}