{"labels": [0], "scores": [0.976250946521759], "bboxes": [[113.04652404785156, 252.56234741210938, 479.37823486328125, 789.5994873046875]]}