{"labels": [0], "scores": [0.9982137680053711], "bboxes": [[46.739532470703125, 178.3373260498047, 770.6712646484375, 679.2200927734375]]}