{"labels": [0, 0, 0, 0, 0], "scores": [0.906757652759552, 0.7689728736877441, 0.3055461645126343, 0.25391867756843567, 0.22589616477489471], "bboxes": [[205.4147491455078, 78.37802124023438, 528.3843383789062, 597.248046875], [391.6891784667969, 83.44097900390625, 534.4132080078125, 574.2628784179688], [284.9919128417969, 66.06777954101562, 447.3509826660156, 587.811279296875], [181.86517333984375, 554.6832275390625, 517.4900512695312, 788.087158203125], [171.1952362060547, 292.05987548828125, 525.8002319335938, 764.4727172851562]]}