{"labels": [0, 0, 0, 0, 0], "scores": [0.9347130060195923, 0.6044363975524902, 0.33397722244262695, 0.11214499920606613, 0.05983172357082367], "bboxes": [[319.551513671875, 129.56707763671875, 701.1458740234375, 321.8530578613281], [306.8970031738281, 548.0780029296875, 467.2663269042969, 715.05029296875], [474.20977783203125, 377.98333740234375, 659.7125854492188, 629.8080444335938], [402.10150146484375, 87.53804016113281, 531.2042846679688, 215.79750061035156], [2.683990478515625, 6.497406005859375, 710.227783203125, 800.0]]}