{"labels": [0], "scores": [0.9979471564292908], "bboxes": [[97.4658203125, 212.4114990234375, 724.0953979492188, 627.1375732421875]]}