{"labels": [0, 0, 0, 0], "scores": [0.9814923405647278, 0.22891832888126373, 0.2050546258687973, 0.12637671828269958], "bboxes": [[58.081878662109375, 360.04193115234375, 730.4371337890625, 714.4363403320312], [197.22817993164062, 156.96832275390625, 606.2822265625, 414.74322509765625], [88.20211791992188, 182.5230712890625, 706.14404296875, 620.533447265625], [130.78024291992188, 319.4581298828125, 684.7904052734375, 450.32147216796875]]}