{"labels": [0], "scores": [0.997979462146759], "bboxes": [[33.687469482421875, 71.88531494140625, 774.9090576171875, 714.20263671875]]}