{"labels": [0], "scores": [0.9954512715339661], "bboxes": [[32.51007080078125, 50.254150390625, 774.540283203125, 732.0543212890625]]}