{"labels": [0], "scores": [0.9987896084785461], "bboxes": [[4.609100341796875, 217.96363830566406, 799.681640625, 688.3148803710938]]}