{"labels": [0, 0], "scores": [0.991324782371521, 0.9858590960502625], "bboxes": [[126.15214538574219, 74.05389404296875, 430.425048828125, 739.5639038085938], [449.43560791015625, 219.92669677734375, 655.8328247070312, 741.4959106445312]]}