{"labels": [0, 0], "scores": [0.9974356293678284, 0.05262833833694458], "bboxes": [[25.097850799560547, 171.4746856689453, 585.6461791992188, 800.4764404296875], [216.89089965820312, 733.8043212890625, 506.68524169921875, 896.0]]}