{"labels": [0], "scores": [0.9834518432617188], "bboxes": [[252.142333984375, 12.62591552734375, 512.5408325195312, 745.4049682617188]]}