{"labels": [0, 0, 0], "scores": [0.9487293362617493, 0.6641107201576233, 0.29730480909347534], "bboxes": [[123.5657958984375, 207.66250610351562, 734.107421875, 799.5965576171875], [150.13385009765625, 227.3583221435547, 680.6222534179688, 555.9117431640625], [170.9196014404297, 284.792236328125, 639.8651123046875, 451.9219970703125]]}