{"labels": [0], "scores": [0.9977962970733643], "bboxes": [[62.880126953125, 125.10665893554688, 719.2869262695312, 668.0487060546875]]}