{"labels": [0], "scores": [0.9988114833831787], "bboxes": [[0.0, 190.38702392578125, 800.0, 703.1279296875]]}