{"labels": [0, 0, 0, 0], "scores": [0.9058482646942139, 0.5674636363983154, 0.1698790341615677, 0.06643310934305191], "bboxes": [[45.770111083984375, 321.33953857421875, 603.844482421875, 656.1504516601562], [17.494163513183594, 568.6373901367188, 238.24990844726562, 689.7142944335938], [253.81724548339844, 331.07879638671875, 547.698974609375, 625.3636474609375], [549.7568359375, 393.0045166015625, 716.0030517578125, 612.9183959960938]]}