{"labels": [0, 0, 0, 0, 0, 0], "scores": [0.9828289151191711, 0.6799045205116272, 0.44244375824928284, 0.27987417578697205, 0.21114873886108398, 0.06416941434144974], "bboxes": [[4.5115966796875, 118.725341796875, 749.4305419921875, 498.13262939453125], [360.6009826660156, 446.789794921875, 792.406494140625, 799.6859130859375], [153.33883666992188, 334.33056640625, 555.9703369140625, 583.6746826171875], [171.8251953125, 222.93093872070312, 784.4651489257812, 793.519287109375], [91.13360595703125, 215.61199951171875, 622.9348754882812, 568.0762939453125], [5.25189208984375, 187.6879119873047, 460.25244140625, 511.96728515625]]}