{"labels": [0, 0], "scores": [0.9891830086708069, 0.6888585686683655], "bboxes": [[193.4731903076172, 260.44256591796875, 691.8441772460938, 706.2667846679688], [74.8507080078125, 46.179412841796875, 725.9552001953125, 650.1619873046875]]}