{"labels": [0], "scores": [0.9975337982177734], "bboxes": [[48.61297607421875, 74.8316650390625, 718.4365844726562, 774.6195068359375]]}