{"labels": [0, 0, 0, 0], "scores": [0.9942544102668762, 0.715641438961029, 0.09321636706590652, 0.06088283285498619], "bboxes": [[20.88134765625, 32.79510498046875, 783.0347290039062, 778.4642944335938], [249.02789306640625, 160.21116638183594, 477.330322265625, 400.25897216796875], [231.30276489257812, 398.8292541503906, 461.8770446777344, 635.8602294921875], [167.57455444335938, 130.783447265625, 700.9791259765625, 401.53863525390625]]}