{"labels": [0, 0], "scores": [0.9885417222976685, 0.44591259956359863], "bboxes": [[84.72567749023438, 123.20556640625, 759.2021484375, 664.5521850585938], [9.771064758300781, 273.8069152832031, 263.2691650390625, 655.2867431640625]]}