{"labels": [0], "scores": [0.9979737401008606], "bboxes": [[63.104034423828125, 310.752197265625, 723.26123046875, 653.6146850585938]]}