{"labels": [0], "scores": [0.9959530830383301], "bboxes": [[223.62803649902344, 5.3616943359375, 570.8871459960938, 741.005126953125]]}