{"labels": [0, 0], "scores": [0.9968164563179016, 0.5376423597335815], "bboxes": [[61.03937911987305, 0.0, 629.7984008789062, 702.0], [77.33065032958984, 352.2041015625, 626.7003784179688, 698.2632446289062]]}