{"labels": [0, 0, 0], "scores": [0.9900068044662476, 0.9707315564155579, 0.05884478986263275], "bboxes": [[155.04428100585938, 384.36395263671875, 532.3114013671875, 785.2604370117188], [263.306640625, 11.427947998046875, 570.89892578125, 591.290771484375], [178.95254516601562, 2.11468505859375, 644.1025390625, 789.0664672851562]]}