{"labels": [0], "scores": [0.9990053772926331], "bboxes": [[43.58245849609375, 186.02073669433594, 736.176025390625, 648.1011962890625]]}