{"labels": [0, 0], "scores": [0.994186520576477, 0.10676118731498718], "bboxes": [[128.14993286132812, 0.0, 798.4559326171875, 763.2694091796875], [0.0, 189.87713623046875, 319.42010498046875, 796.9061889648438]]}