{"labels": [0, 0, 0, 0, 0, 0], "scores": [0.9796741604804993, 0.9080405831336975, 0.6636715531349182, 0.6253647804260254, 0.3785383403301239, 0.3287927210330963], "bboxes": [[468.50714111328125, 55.28619384765625, 768.2505493164062, 770.5697021484375], [184.648193359375, 61.02783203125, 369.00732421875, 772.0155639648438], [327.350830078125, 68.29925537109375, 530.7545776367188, 760.2710571289062], [47.77271270751953, 58.2547607421875, 234.591064453125, 771.311279296875], [84.72590637207031, 58.243804931640625, 493.0677490234375, 773.4879150390625], [234.0175018310547, 58.00213623046875, 726.4405517578125, 768.2536010742188]]}