{"labels": [0], "scores": [0.9987780451774597], "bboxes": [[7.72613525390625, 129.60089111328125, 797.751953125, 764.1088256835938]]}