{"labels": [0], "scores": [0.9974034428596497], "bboxes": [[155.7467803955078, 165.75991821289062, 643.9994506835938, 692.952392578125]]}