{"labels": [0, 0], "scores": [0.9947691559791565, 0.2385047972202301], "bboxes": [[1.24871826171875, 107.87176513671875, 765.780029296875, 800.0], [6.56292724609375, 256.2593078613281, 498.20196533203125, 794.23095703125]]}