{"labels": [0], "scores": [0.9734675288200378], "bboxes": [[296.3345031738281, 125.607421875, 532.3009033203125, 643.02685546875]]}