{"labels": [0], "scores": [0.999255359172821], "bboxes": [[147.3366241455078, 63.6212158203125, 652.455810546875, 777.92529296875]]}