{"labels": [0, 0, 0], "scores": [0.9972707629203796, 0.6705072522163391, 0.4155973792076111], "bboxes": [[152.94989013671875, 108.52288818359375, 577.4002075195312, 744.3024291992188], [140.38980102539062, 709.342529296875, 310.00543212890625, 843.690185546875], [514.5556030273438, 716.5773315429688, 699.3450927734375, 863.35986328125]]}