{"labels": [0, 0, 0, 0], "scores": [0.9965699911117554, 0.6599505543708801, 0.28876039385795593, 0.06515569239854813], "bboxes": [[34.86041259765625, 320.31561279296875, 769.7791137695312, 659.2374877929688], [580.95703125, 48.252227783203125, 753.130859375, 236.24050903320312], [5.77813720703125, 184.72555541992188, 574.0230102539062, 340.2778015136719], [3.825042724609375, 166.09478759765625, 639.690673828125, 569.9707641601562]]}