{"labels": [0], "scores": [0.995770275592804], "bboxes": [[112.06954956054688, 160.0345458984375, 738.30419921875, 755.576904296875]]}