{"labels": [0, 0, 0], "scores": [0.984588086605072, 0.7918630838394165, 0.08811912685632706], "bboxes": [[235.4690704345703, 213.36099243164062, 566.5509643554688, 779.6552734375], [235.405517578125, 221.6836700439453, 378.6668701171875, 501.1236572265625], [237.497802734375, 221.23634338378906, 503.863037109375, 550.1580200195312]]}