{"labels": [0], "scores": [0.9964243769645691], "bboxes": [[23.207796096801758, 55.170963287353516, 684.7088012695312, 662.193603515625]]}