{"labels": [0, 0, 0, 0, 0, 0, 0], "scores": [0.9313302636146545, 0.6435545086860657, 0.3356049060821533, 0.23912261426448822, 0.2182031273841858, 0.09712208807468414, 0.07276889681816101], "bboxes": [[0.0, 115.19699096679688, 788.0736083984375, 794.943115234375], [280.45953369140625, 128.653564453125, 695.9935302734375, 508.2607421875], [445.300537109375, 314.710205078125, 795.7864990234375, 787.23876953125], [223.80555725097656, 237.29820251464844, 633.13671875, 600.2041625976562], [124.5244140625, 151.65663146972656, 391.71966552734375, 454.9207763671875], [133.54527282714844, 331.8681640625, 574.5245971679688, 762.1212158203125], [47.89471435546875, 143.4914093017578, 455.8504943847656, 651.265380859375]]}