{"labels": [0, 0], "scores": [0.9981348514556885, 0.7542974352836609], "bboxes": [[236.06427001953125, 238.81350708007812, 615.8303833007812, 769.6817626953125], [5.7894744873046875, 323.40704345703125, 239.482177734375, 793.6177368164062]]}