{"labels": [0, 0, 0], "scores": [0.9900169968605042, 0.9811743497848511, 0.9295649528503418], "bboxes": [[47.89515686035156, 361.0341796875, 360.694091796875, 535.6746215820312], [295.682373046875, 299.34814453125, 800.0, 800.0], [444.6037292480469, 105.17304992675781, 663.2465209960938, 228.0804901123047]]}