{"labels": [0], "scores": [0.9951981902122498], "bboxes": [[209.66250610351562, 251.62693786621094, 542.2681274414062, 878.6851806640625]]}