{"labels": [0], "scores": [0.998149037361145], "bboxes": [[42.932403564453125, 165.36366271972656, 784.8782958984375, 597.2584838867188]]}