{"labels": [0], "scores": [0.998528003692627], "bboxes": [[175.2338409423828, 82.54513549804688, 621.639404296875, 676.496337890625]]}