{"labels": [0, 0], "scores": [0.9984373450279236, 0.07848348468542099], "bboxes": [[6.27667236328125, 104.36819458007812, 787.44287109375, 702.963623046875], [25.40570068359375, 476.08111572265625, 782.7798461914062, 696.3275756835938]]}