{"labels": [0], "scores": [0.997067391872406], "bboxes": [[71.62576293945312, 254.0989227294922, 741.5400390625, 541.8966674804688]]}