{"labels": [0], "scores": [0.999319314956665], "bboxes": [[2.11590576171875, 34.740692138671875, 799.8211669921875, 726.664794921875]]}