{"labels": [0], "scores": [0.9982393980026245], "bboxes": [[142.6784210205078, 22.73797607421875, 640.7078857421875, 786.1026000976562]]}