{"labels": [0, 0], "scores": [0.9936882853507996, 0.48312467336654663], "bboxes": [[46.136505126953125, 267.0372314453125, 763.0626220703125, 764.227294921875], [271.9102783203125, 0.32598114013671875, 536.0457153320312, 233.99227905273438]]}