{"labels": [0], "scores": [0.9981722831726074], "bboxes": [[60.656982421875, 245.75592041015625, 734.065185546875, 488.9547119140625]]}