{"labels": [0], "scores": [0.9989598989486694], "bboxes": [[72.28964233398438, 6.8421630859375, 738.02783203125, 800.0]]}