{"labels": [0, 0], "scores": [0.9948976635932922, 0.05448012053966522], "bboxes": [[155.89663696289062, 181.94252014160156, 622.962158203125, 546.5631713867188], [8.841156005859375, 173.76446533203125, 781.533935546875, 800.0]]}