{"labels": [0, 0], "scores": [0.9817690849304199, 0.10954657196998596], "bboxes": [[157.15234375, 156.78964233398438, 790.6334838867188, 717.4068603515625], [9.747940063476562, 0.0, 390.9664306640625, 798.7667236328125]]}