{"labels": [0, 0, 0], "scores": [0.9784769415855408, 0.35952913761138916, 0.05151801556348801], "bboxes": [[183.73175048828125, 250.7393035888672, 616.354248046875, 661.8372802734375], [0.0, 424.23822021484375, 130.8953857421875, 780.0151977539062], [4.173301696777344, 683.8060302734375, 115.26265716552734, 743.6898193359375]]}