{"labels": [0], "scores": [0.9953439831733704], "bboxes": [[19.621307373046875, 0.0, 765.6304931640625, 779.1812744140625]]}