{"labels": [0, 0], "scores": [0.9981065988540649, 0.06710860133171082], "bboxes": [[144.40023803710938, 240.80712890625, 610.556884765625, 758.9641723632812], [162.4802703857422, 255.03524780273438, 437.60986328125, 619.1458740234375]]}