{"labels": [0], "scores": [0.9995216131210327], "bboxes": [[8.708740234375, 34.118621826171875, 788.236083984375, 764.08203125]]}