{"labels": [0, 0, 0, 0, 0, 0, 0, 0, 0, 0, 0, 0], "scores": [0.9959568381309509, 0.992548942565918, 0.9839428663253784, 0.9293233752250671, 0.914023220539093, 0.7804146409034729, 0.6009947657585144, 0.5545874834060669, 0.0859927162528038, 0.07686272263526917, 0.07604366540908813, 0.05382159352302551], "bboxes": [[191.75595092773438, 126.34298706054688, 438.5733337402344, 378.5606994628906], [7.81878662109375, 285.5533752441406, 257.820068359375, 498.8441467285156], [291.8487243652344, 400.25146484375, 476.6808166503906, 585.6334228515625], [78.17473602294922, 514.1591796875, 296.5925598144531, 652.77197265625], [423.4568786621094, 185.0961456298828, 718.1728515625, 326.4346923828125], [337.08013916015625, 28.591903686523438, 632.3558349609375, 224.40847778320312], [402.2897644042969, 317.1651306152344, 745.572265625, 454.2811584472656], [406.44842529296875, 542.7474975585938, 690.7399291992188, 636.9357299804688], [388.258544921875, 482.20965576171875, 782.850830078125, 633.3330688476562], [481.97247314453125, 421.5481262207031, 800.0, 527.5174560546875], [232.24844360351562, 641.7037963867188, 510.9510192871094, 733.8042602539062], [76.74041748046875, 387.43011474609375, 747.3085327148438, 694.1149291992188]]}