{"labels": [0, 0], "scores": [0.9798959493637085, 0.14497289061546326], "bboxes": [[18.134323120117188, 141.43136596679688, 440.14288330078125, 741.126220703125], [540.441650390625, 568.9609985351562, 694.923583984375, 733.6218872070312]]}