{"labels": [0, 0], "scores": [0.9977037310600281, 0.1099151074886322], "bboxes": [[144.99038696289062, 17.143585205078125, 700.385498046875, 777.6051025390625], [171.92498779296875, 490.6351623535156, 505.7078857421875, 681.0731811523438]]}