{"labels": [0, 0, 0, 0, 0], "scores": [0.9731689095497131, 0.289783239364624, 0.16327054798603058, 0.15023478865623474, 0.10853990912437439], "bboxes": [[113.56695556640625, 276.35809326171875, 579.2428588867188, 680.002197265625], [127.04029846191406, 89.99661254882812, 456.095458984375, 543.891357421875], [166.4134063720703, 92.9205551147461, 463.30810546875, 284.2726135253906], [437.1287536621094, 151.58718872070312, 589.1812744140625, 304.4919738769531], [414.24481201171875, 309.16064453125, 612.7294311523438, 624.2759399414062]]}