{"labels": [0], "scores": [0.9991125464439392], "bboxes": [[24.006500244140625, 28.053985595703125, 775.4517822265625, 765.457763671875]]}