{"labels": [0], "scores": [0.9989932179450989], "bboxes": [[188.0826873779297, 199.8681640625, 609.0870361328125, 754.1241455078125]]}