{"labels": [0, 0, 0], "scores": [0.9920952916145325, 0.9863871335983276, 0.24022634327411652], "bboxes": [[362.57244873046875, 218.0023193359375, 693.85595703125, 769.5912475585938], [0.0, 250.68435668945312, 291.62677001953125, 765.913330078125], [1.5180721282958984, 352.3549499511719, 69.08694458007812, 568.871826171875]]}