{"labels": [0], "scores": [0.9974778294563293], "bboxes": [[0.606964111328125, 94.30654907226562, 755.3017578125, 688.525390625]]}