{"labels": [0], "scores": [0.9988829493522644], "bboxes": [[155.77899169921875, 30.3284912109375, 596.56884765625, 781.9859619140625]]}