{"labels": [0, 0, 0], "scores": [0.9940162897109985, 0.05386422574520111, 0.05318634584546089], "bboxes": [[121.6593017578125, 140.73683166503906, 652.104736328125, 588.566162109375], [3.45367431640625, 230.7760009765625, 737.8527221679688, 794.5770263671875], [10.181121826171875, 411.34588623046875, 338.39398193359375, 798.2278442382812]]}