{"labels": [0], "scores": [0.9954012632369995], "bboxes": [[0.0, 24.38623046875, 798.382080078125, 595.3258056640625]]}