{"labels": [0], "scores": [0.9910053014755249], "bboxes": [[8.25048828125, 204.13864135742188, 792.8318481445312, 652.8544921875]]}