{"labels": [0], "scores": [0.995684027671814], "bboxes": [[137.19192504882812, 218.23065185546875, 635.160400390625, 570.953369140625]]}