{"labels": [0], "scores": [0.9976398944854736], "bboxes": [[216.50636291503906, 223.2734832763672, 571.2310791015625, 710.492431640625]]}