{"labels": [0, 0, 0, 0, 0], "scores": [0.9905971884727478, 0.9663288593292236, 0.951361894607544, 0.2816610634326935, 0.0585913248360157], "bboxes": [[344.5153503417969, 167.31951904296875, 723.1138916015625, 738.2319946289062], [111.75106811523438, 223.64218139648438, 398.92523193359375, 696.7093505859375], [391.0350341796875, 546.7384033203125, 716.455078125, 725.3828125], [205.3584442138672, 210.17214965820312, 525.8837280273438, 731.347900390625], [133.6977996826172, 436.9956359863281, 336.35986328125, 684.99462890625]]}