{"labels": [0, 0, 0, 0, 0, 0, 0, 0, 0, 0, 0, 0, 0], "scores": [0.9937440752983093, 0.9676693081855774, 0.9562658667564392, 0.932378351688385, 0.5146127939224243, 0.23115287721157074, 0.16025127470493317, 0.12798365950584412, 0.11691159754991531, 0.067398302257061, 0.05936587229371071, 0.05431580916047096, 0.05331353843212128], "bboxes": [[160.75164794921875, 236.31405639648438, 667.47216796875, 674.1783447265625], [379.9588928222656, 574.352783203125, 798.261962890625, 799.413330078125], [67.8284912109375, 622.85693359375, 421.14208984375, 797.0302734375], [21.109100341796875, 132.35630798339844, 436.1233215332031, 507.524658203125], [0.0, 0.8286895751953125, 392.54656982421875, 278.80633544921875], [602.75830078125, 97.66483306884766, 799.966796875, 349.0675354003906], [0.0, 517.4850463867188, 232.87750244140625, 750.5463256835938], [179.17550659179688, 86.53565979003906, 453.0233459472656, 414.2734375], [459.14752197265625, 172.3231964111328, 610.9603881835938, 287.2123107910156], [267.45379638671875, 14.908798217773438, 799.3633422851562, 465.3116455078125], [12.46990966796875, 368.5142822265625, 672.5160522460938, 787.931884765625], [0.7929496765136719, 272.91448974609375, 92.80583190917969, 601.0504150390625], [10.43597412109375, 14.472442626953125, 622.1211547851562, 429.91839599609375]]}