{"labels": [0, 0], "scores": [0.9602038860321045, 0.33602866530418396], "bboxes": [[337.06884765625, 34.4964599609375, 525.6700439453125, 778.3788452148438], [258.62738037109375, 115.494873046875, 362.354248046875, 709.5844116210938]]}