{"labels": [0, 0, 0], "scores": [0.9919994473457336, 0.24779173731803894, 0.06931040436029434], "bboxes": [[107.87615966796875, 44.077545166015625, 679.9544677734375, 787.6861572265625], [250.68807983398438, 619.428466796875, 310.9300231933594, 675.333251953125], [129.85813903808594, 55.054168701171875, 196.65895080566406, 762.17578125]]}