{"labels": [0], "scores": [0.9968121647834778], "bboxes": [[152.67279052734375, 56.342315673828125, 711.43994140625, 783.1024169921875]]}