{"labels": [0], "scores": [0.9961481094360352], "bboxes": [[129.69725036621094, 212.969970703125, 545.866943359375, 786.2266845703125]]}