{"labels": [0, 0, 0], "scores": [0.9671215415000916, 0.8284478187561035, 0.12832053005695343], "bboxes": [[172.8392333984375, 65.52825927734375, 617.8375244140625, 774.1820678710938], [194.90101623535156, 232.13998413085938, 537.810302734375, 455.0527648925781], [189.28819274902344, 25.180801391601562, 521.52197265625, 425.0877685546875]]}