{"labels": [0, 0, 0, 0, 0, 0, 0, 0, 0], "scores": [0.972107470035553, 0.9264249205589294, 0.752846360206604, 0.5759328603744507, 0.41367700695991516, 0.18342503905296326, 0.15723931789398193, 0.15200038254261017, 0.11689720302820206], "bboxes": [[590.5780639648438, 491.4797058105469, 792.0925903320312, 766.0673828125], [35.192230224609375, 510.98687744140625, 216.72308349609375, 733.6383666992188], [473.61834716796875, 467.15032958984375, 541.6737060546875, 585.8107299804688], [14.803550720214844, 178.80154418945312, 237.67825317382812, 303.2035217285156], [398.3381652832031, 637.6888427734375, 562.589599609375, 787.413330078125], [36.137542724609375, 112.66229248046875, 800.0, 793.2951049804688], [252.10260009765625, 202.3947296142578, 428.45294189453125, 236.4658966064453], [264.5495300292969, 474.53533935546875, 404.5895690917969, 578.7742309570312], [16.266281127929688, 348.1971740722656, 235.57334899902344, 471.4594421386719]]}