{"labels": [0, 0], "scores": [0.9956402778625488, 0.05917825922369957], "bboxes": [[23.93683624267578, 159.20115661621094, 600.0117797851562, 848.5721435546875], [203.32391357421875, 152.66265869140625, 531.6348876953125, 752.67138671875]]}