{"labels": [0, 0, 0], "scores": [0.9815422892570496, 0.739257276058197, 0.4226284921169281], "bboxes": [[67.6364974975586, 114.44276428222656, 274.8664245605469, 412.509765625], [150.0322723388672, 553.5216064453125, 390.77532958984375, 788.66650390625], [189.12005615234375, 187.63543701171875, 771.0736083984375, 800.0]]}