{"labels": [0], "scores": [0.9981303811073303], "bboxes": [[0.194061279296875, 212.57553100585938, 796.3924560546875, 619.4771728515625]]}