{"labels": [0, 0], "scores": [0.9933661818504333, 0.1462944895029068], "bboxes": [[0.0, 36.68548583984375, 713.70947265625, 798.4436645507812], [567.0250854492188, 112.01272583007812, 797.5488891601562, 346.6752014160156]]}