{"labels": [0, 0], "scores": [0.9971367120742798, 0.07326307147741318], "bboxes": [[196.43934631347656, 174.40420532226562, 621.8464965820312, 786.077880859375], [372.48004150390625, 111.58915710449219, 445.87188720703125, 210.60484313964844]]}