{"labels": [0, 0, 0, 0, 0], "scores": [0.978097140789032, 0.7196661829948425, 0.43596380949020386, 0.43457162380218506, 0.1290227323770523], "bboxes": [[37.133087158203125, 36.830963134765625, 788.62109375, 791.486572265625], [6.815559387207031, 608.0319213867188, 77.0174789428711, 757.6160278320312], [8.454925537109375, 335.07598876953125, 784.5328369140625, 721.2172241210938], [42.604549407958984, 618.207763671875, 144.93479919433594, 799.5341796875], [68.2335205078125, 45.40155029296875, 749.0623779296875, 452.89727783203125]]}