{"labels": [0], "scores": [0.998482882976532], "bboxes": [[81.03372192382812, 64.27035522460938, 652.8511962890625, 756.404052734375]]}