{"labels": [0, 0], "scores": [0.9979762434959412, 0.10929524153470993], "bboxes": [[24.837249755859375, 248.74676513671875, 785.954345703125, 745.4464111328125], [423.3498229980469, 168.65975952148438, 619.8946533203125, 360.7888488769531]]}