{"labels": [0], "scores": [0.9976927042007446], "bboxes": [[187.42410278320312, 164.25259399414062, 726.8333740234375, 756.8912353515625]]}