{"labels": [0, 0, 0, 0], "scores": [0.9940124154090881, 0.8421773910522461, 0.36558032035827637, 0.050046373158693314], "bboxes": [[142.15802001953125, 118.49357604980469, 730.9618530273438, 604.634521484375], [5.110443115234375, 297.1260986328125, 166.94287109375, 428.09326171875], [2.4912033081054688, 97.6623306274414, 149.98403930664062, 325.33221435546875], [598.9459838867188, 488.6310119628906, 724.6015014648438, 595.483154296875]]}