{"labels": [0], "scores": [0.9982300400733948], "bboxes": [[20.744171142578125, 103.78289794921875, 774.178955078125, 725.9351806640625]]}