{"labels": [0], "scores": [0.9995984435081482], "bboxes": [[31.676849365234375, 7.493316650390625, 771.024658203125, 792.5860595703125]]}