{"labels": [0], "scores": [0.9984515905380249], "bboxes": [[74.13729858398438, 232.76161193847656, 726.9375, 567.2476806640625]]}