{"labels": [0], "scores": [0.9961217045783997], "bboxes": [[28.651885986328125, 74.37057495117188, 765.5677490234375, 740.5291748046875]]}