{"labels": [0, 0], "scores": [0.9676619172096252, 0.9284871220588684], "bboxes": [[307.22564697265625, 174.24844360351562, 781.9974975585938, 691.1505126953125], [8.01788330078125, 178.70022583007812, 587.8931274414062, 653.8270263671875]]}