{"labels": [0, 0, 0, 0, 0, 0, 0, 0], "scores": [0.9987220168113708, 0.7119719982147217, 0.5207256078720093, 0.21163561940193176, 0.1633988916873932, 0.15104329586029053, 0.12499711662530899, 0.08799396455287933], "bboxes": [[69.02020263671875, 64.29269409179688, 741.4779663085938, 753.534912109375], [385.02752685546875, 615.390380859375, 503.36627197265625, 737.8131103515625], [130.68203735351562, 162.7060546875, 246.26455688476562, 279.2386779785156], [224.71737670898438, 99.37194061279297, 339.5471496582031, 217.1602783203125], [86.86695861816406, 485.0144348144531, 211.59153747558594, 603.1795654296875], [489.0322570800781, 556.6034545898438, 611.0475463867188, 685.1432495117188], [572.3909301757812, 477.26214599609375, 688.3442993164062, 595.0776977539062], [615.8505859375, 374.0082092285156, 740.241455078125, 492.3581237792969]]}