{"labels": [0], "scores": [0.9977017045021057], "bboxes": [[14.927337646484375, 307.01556396484375, 787.5103759765625, 725.2310180664062]]}