{"labels": [0, 0], "scores": [0.9963349103927612, 0.9957364797592163], "bboxes": [[75.28413391113281, 106.1207275390625, 445.2615966796875, 761.44970703125], [447.4989318847656, 217.01724243164062, 754.47119140625, 763.107666015625]]}