{"labels": [0, 0], "scores": [0.9920458793640137, 0.061616022139787674], "bboxes": [[127.25054931640625, 368.6326904296875, 646.3051147460938, 751.200927734375], [122.66343688964844, 483.6625061035156, 509.28118896484375, 700.4266357421875]]}