{"labels": [0, 0, 0], "scores": [0.9435272216796875, 0.9165279269218445, 0.18294498324394226], "bboxes": [[467.25787353515625, 380.58099365234375, 721.1666870117188, 586.4815673828125], [94.46293640136719, 378.8187561035156, 344.5238037109375, 588.268798828125], [76.46591186523438, 376.345458984375, 725.5830078125, 590.086181640625]]}