{"labels": [0], "scores": [0.999154806137085], "bboxes": [[38.655975341796875, 125.6922607421875, 778.9158935546875, 653.0557250976562]]}