{"labels": [0], "scores": [0.9980031847953796], "bboxes": [[0.0, 195.98406982421875, 797.7394409179688, 547.9137573242188]]}