{"labels": [0, 0, 0], "scores": [0.9746719598770142, 0.16970369219779968, 0.05698717385530472], "bboxes": [[133.04959106445312, 159.0435028076172, 710.6400146484375, 521.6002197265625], [19.192962646484375, 169.03265380859375, 667.5440673828125, 800.0], [7.07293701171875, 165.47750854492188, 344.3283386230469, 800.0]]}