{"labels": [0, 0], "scores": [0.9810141921043396, 0.4768746793270111], "bboxes": [[178.21588134765625, 324.64990234375, 690.8742065429688, 728.4422607421875], [164.56112670898438, 322.5557556152344, 379.2696228027344, 572.8024291992188]]}