{"labels": [0], "scores": [0.9921851754188538], "bboxes": [[198.15211486816406, 233.1628875732422, 667.95458984375, 633.1203002929688]]}