{"labels": [0, 0, 0, 0, 0, 0, 0, 0, 0, 0], "scores": [0.8554133772850037, 0.8143746852874756, 0.6205909252166748, 0.43340378999710083, 0.3885563015937805, 0.2882562279701233, 0.23587273061275482, 0.12875862419605255, 0.12546709179878235, 0.06821795552968979], "bboxes": [[177.79750061035156, 451.23565673828125, 613.353759765625, 767.5493774414062], [3.2638702392578125, 112.96527099609375, 260.26214599609375, 790.4237060546875], [549.5523071289062, 102.662109375, 798.7218627929688, 771.26904296875], [244.10641479492188, 216.65481567382812, 551.4024658203125, 435.5762634277344], [349.20135498046875, 221.00778198242188, 385.4141845703125, 399.7251892089844], [553.841064453125, 120.41607666015625, 787.8922119140625, 470.07080078125], [413.28448486328125, 220.8310546875, 450.71868896484375, 401.947509765625], [249.78140258789062, 386.3218078613281, 552.916259765625, 441.2076721191406], [13.561874389648438, 118.08534240722656, 250.5009002685547, 481.28564453125], [50.67376708984375, 103.90753173828125, 594.4686889648438, 789.3515625]]}