{"labels": [0, 0], "scores": [0.9985238909721375, 0.7014257311820984], "bboxes": [[17.35101318359375, 150.27691650390625, 775.4050903320312, 778.0584106445312], [25.890243530273438, 0.0, 361.81390380859375, 228.34115600585938]]}