{"labels": [0, 0, 0], "scores": [0.9957728981971741, 0.9945183396339417, 0.9934006929397583], "bboxes": [[66.24339294433594, 219.0011749267578, 353.2593994140625, 529.7142333984375], [266.0572509765625, 290.2538146972656, 571.0863647460938, 670.288330078125], [436.99835205078125, 221.5117645263672, 769.8925170898438, 513.4983520507812]]}