{"labels": [0, 0], "scores": [0.990362286567688, 0.2760372459888458], "bboxes": [[145.4322509765625, 57.602386474609375, 585.9188842773438, 732.2891845703125], [571.49462890625, 0.379150390625, 714.17919921875, 354.9927673339844]]}