{"labels": [0], "scores": [0.9993545413017273], "bboxes": [[94.2216796875, 17.59478759765625, 704.7879638671875, 770.1665649414062]]}