{"labels": [0], "scores": [0.9959259033203125], "bboxes": [[146.86158752441406, 177.09971618652344, 655.0601806640625, 483.61981201171875]]}