{"labels": [0, 0], "scores": [0.9923466444015503, 0.0856807678937912], "bboxes": [[126.8140640258789, 185.45828247070312, 597.2640380859375, 776.4205932617188], [198.14381408691406, 607.0187377929688, 517.1739501953125, 881.841064453125]]}