{"labels": [0, 0, 0, 0], "scores": [0.9937998652458191, 0.46039584279060364, 0.10856406390666962, 0.057586174458265305], "bboxes": [[16.18511962890625, 186.33261108398438, 680.242919921875, 744.4249267578125], [173.7269287109375, 48.825462341308594, 301.1929016113281, 117.72765350341797], [242.52212524414062, 60.14851760864258, 278.8632507324219, 98.48799133300781], [632.1546630859375, 217.013671875, 795.3876953125, 729.6919555664062]]}