{"labels": [0], "scores": [0.9984984397888184], "bboxes": [[256.89202880859375, 10.28607177734375, 593.3455200195312, 783.5924682617188]]}