{"labels": [0, 0], "scores": [0.987059473991394, 0.9828094840049744], "bboxes": [[380.0281982421875, 145.35336303710938, 532.2899780273438, 345.12591552734375], [359.16943359375, 379.8600769042969, 540.90478515625, 784.1246337890625]]}