{"labels": [0], "scores": [0.9979684948921204], "bboxes": [[1.819549560546875, 147.5749053955078, 788.8455810546875, 569.2971801757812]]}