{"labels": [0, 0], "scores": [0.9976420998573303, 0.05478725954890251], "bboxes": [[0.0, 104.1748046875, 796.3316040039062, 697.3170166015625], [97.17129516601562, 0.50042724609375, 800.0, 302.21148681640625]]}