{"labels": [0, 0, 0, 0], "scores": [0.9865559339523315, 0.9306432604789734, 0.09848444163799286, 0.06414860486984253], "bboxes": [[10.28826904296875, 133.54446411132812, 335.51348876953125, 629.6051025390625], [387.268798828125, 104.43356323242188, 791.9801025390625, 648.161865234375], [0.0, 113.63705444335938, 800.0, 650.720947265625], [285.7933349609375, 125.90777587890625, 584.575439453125, 582.4581909179688]]}