{"labels": [0], "scores": [0.99925297498703], "bboxes": [[100.41574096679688, 1.142181396484375, 663.0654296875, 794.24951171875]]}