{"labels": [0, 0, 0, 0], "scores": [0.9949926733970642, 0.9864501357078552, 0.3244994878768921, 0.08775368332862854], "bboxes": [[368.6233215332031, 276.65118408203125, 673.581298828125, 784.4622192382812], [59.0164794921875, 211.68870544433594, 316.58050537109375, 659.6114501953125], [182.5758056640625, 203.42013549804688, 365.480224609375, 642.3101806640625], [417.9039001464844, 114.21661376953125, 603.5704345703125, 210.093017578125]]}