{"labels": [0, 0], "scores": [0.9970899820327759, 0.09168543666601181], "bboxes": [[209.06973266601562, 164.4011688232422, 514.4686279296875, 825.5067138671875], [253.40208435058594, 29.158992767333984, 436.1236572265625, 173.66090393066406]]}