{"labels": [0, 0, 0, 0], "scores": [0.9966063499450684, 0.9510334730148315, 0.4974559247493744, 0.13241276144981384], "bboxes": [[26.249114990234375, 411.87127685546875, 690.8277587890625, 795.0585327148438], [29.122833251953125, 12.237533569335938, 772.3892822265625, 388.79327392578125], [14.213592529296875, 49.829559326171875, 768.787109375, 755.2901611328125], [138.13116455078125, 0.5732498168945312, 681.6151123046875, 95.69036102294922]]}