{"labels": [0, 0], "scores": [0.9980252981185913, 0.12103404104709625], "bboxes": [[14.3011474609375, 175.4643096923828, 768.2884521484375, 678.13720703125], [98.96551513671875, 390.4651794433594, 783.8110961914062, 664.8260498046875]]}