{"labels": [0, 0], "scores": [0.9952901601791382, 0.05487896874547005], "bboxes": [[0.954681396484375, 349.54742431640625, 767.9984130859375, 723.3746948242188], [419.95306396484375, 104.24555206298828, 510.464111328125, 206.23114013671875]]}