{"labels": [0], "scores": [0.9981897473335266], "bboxes": [[174.5936737060547, 10.612945556640625, 627.6080932617188, 783.6544189453125]]}