{"labels": [0], "scores": [0.9989843964576721], "bboxes": [[47.307952880859375, 2.212127685546875, 730.8046875, 794.8511962890625]]}