{"labels": [0], "scores": [0.9979804158210754], "bboxes": [[180.7880859375, 64.32595825195312, 628.2598876953125, 737.1904296875]]}