{"labels": [0, 0], "scores": [0.9986526966094971, 0.06382981687784195], "bboxes": [[74.49977111816406, 72.91966247558594, 689.3120727539062, 690.7544555664062], [133.05921936035156, 264.52581787109375, 274.72930908203125, 406.103759765625]]}