{"labels": [0], "scores": [0.9995324611663818], "bboxes": [[60.46442794799805, 62.464019775390625, 640.9749755859375, 868.9200439453125]]}