{"labels": [0, 0, 0, 0, 0, 0, 0, 0, 0, 0, 0, 0, 0, 0], "scores": [0.721638560295105, 0.7209663391113281, 0.6812923550605774, 0.5187166333198547, 0.5002365708351135, 0.3775513470172882, 0.31199565529823303, 0.14547520875930786, 0.13423798978328705, 0.11841077357530594, 0.09590690582990646, 0.06621827930212021, 0.05820636451244354, 0.05341307073831558], "bboxes": [[406.5749206542969, 139.5924072265625, 448.0495300292969, 475.45806884765625], [462.4119567871094, 210.4149169921875, 509.9143371582031, 663.8729248046875], [237.89349365234375, 81.73414611816406, 452.37109375, 513.43212890625], [491.77508544921875, 428.78857421875, 800.0, 707.37939453125], [634.5120239257812, 206.9033966064453, 768.1045532226562, 436.32879638671875], [10.972183227539062, 419.7015380859375, 91.424072265625, 683.582275390625], [549.7987060546875, 632.6766967773438, 621.200927734375, 717.2870483398438], [237.37611389160156, 72.03277587890625, 531.2173461914062, 707.7062377929688], [94.66658020019531, 302.32373046875, 365.169921875, 693.85009765625], [306.7141418457031, 404.69476318359375, 482.4682312011719, 700.3950805664062], [74.18203735351562, 60.631866455078125, 765.1702880859375, 731.29052734375], [401.0434875488281, 124.26834106445312, 478.3061218261719, 697.18017578125], [521.8549194335938, 223.16644287109375, 630.9296264648438, 439.78570556640625], [232.94700622558594, 517.8452758789062, 304.6735534667969, 706.8429565429688]]}