{"labels": [0, 0, 0], "scores": [0.990393340587616, 0.3303745687007904, 0.10062798112630844], "bboxes": [[6.8071746826171875, 137.0516357421875, 234.7794952392578, 747.3104248046875], [222.99649047851562, 574.5964965820312, 390.2032165527344, 747.6030883789062], [187.45046997070312, 145.37545776367188, 786.5943603515625, 738.5753173828125]]}