{"labels": [0], "scores": [0.9979475140571594], "bboxes": [[144.242919921875, 182.52056884765625, 648.5762329101562, 670.7448120117188]]}