{"labels": [0, 0, 0], "scores": [0.8872738480567932, 0.8231663107872009, 0.13960078358650208], "bboxes": [[124.02609252929688, 48.477813720703125, 654.824462890625, 797.10888671875], [120.80929565429688, 414.33990478515625, 683.50927734375, 765.2315063476562], [180.99339294433594, 56.47442626953125, 547.8739624023438, 493.504150390625]]}