{"labels": [0], "scores": [0.997671902179718], "bboxes": [[1.200592041015625, 213.27529907226562, 800.0, 690.0897216796875]]}