{"labels": [0], "scores": [0.9920217394828796], "bboxes": [[57.423980712890625, 90.32315063476562, 747.099365234375, 753.7318115234375]]}