{"labels": [0], "scores": [0.9983068704605103], "bboxes": [[104.66250610351562, 39.538330078125, 669.7642822265625, 789.8318481445312]]}