{"labels": [0], "scores": [0.994987964630127], "bboxes": [[98.09078979492188, 62.69732666015625, 690.216064453125, 731.6487426757812]]}