{"labels": [0], "scores": [0.9994481205940247], "bboxes": [[11.60284423828125, 181.46380615234375, 778.3797607421875, 647.5673828125]]}