{"labels": [0, 0], "scores": [0.9955906867980957, 0.9589013457298279], "bboxes": [[154.673095703125, 195.5413360595703, 600.9940185546875, 670.3544921875], [0.0, 18.180511474609375, 440.2424621582031, 368.5987243652344]]}