{"labels": [0, 0, 0, 0], "scores": [0.9946244359016418, 0.2557601034641266, 0.16390900313854218, 0.06155254319310188], "bboxes": [[0.0, 113.77212524414062, 800.0, 709.49365234375], [470.1195068359375, 377.4049987792969, 549.7836303710938, 529.67919921875], [504.310546875, 529.8712158203125, 625.8970947265625, 681.270263671875], [11.550201416015625, 151.86778259277344, 525.8984375, 570.785400390625]]}