{"labels": [0], "scores": [0.9988341927528381], "bboxes": [[83.85102844238281, 132.34628295898438, 601.4364624023438, 842.3475952148438]]}