{"labels": [0], "scores": [0.9945577383041382], "bboxes": [[153.44882202148438, 17.48614501953125, 688.0703125, 538.1632080078125]]}