{"labels": [0, 0, 0, 0, 0], "scores": [0.9758939743041992, 0.9724162220954895, 0.9721644520759583, 0.9532591700553894, 0.15239693224430084], "bboxes": [[48.82171630859375, 263.29193115234375, 290.55291748046875, 648.701416015625], [433.333984375, 244.76927185058594, 658.17138671875, 661.7374267578125], [527.7420043945312, 537.6724853515625, 769.7034301757812, 726.83056640625], [120.46333312988281, 542.2647094726562, 405.1959228515625, 734.2748413085938], [87.77394104003906, 376.40191650390625, 404.9351806640625, 722.1566772460938]]}