{"labels": [0, 0, 0], "scores": [0.9902918934822083, 0.9598914980888367, 0.9150325059890747], "bboxes": [[0.0, 78.24555969238281, 253.82818603515625, 638.2041015625], [408.942138671875, 216.40609741210938, 689.5928344726562, 646.4844360351562], [441.07513427734375, 625.3396606445312, 693.7229614257812, 743.84619140625]]}