{"labels": [0, 0, 0], "scores": [0.974587082862854, 0.5616804361343384, 0.39862263202667236], "bboxes": [[92.77011108398438, 147.7781982421875, 597.456298828125, 707.1412353515625], [47.602996826171875, 119.88093566894531, 353.77587890625, 437.73443603515625], [497.70635986328125, 459.8192138671875, 799.0338745117188, 719.6156005859375]]}