{"labels": [0, 0, 0], "scores": [0.9908326268196106, 0.9780572056770325, 0.5213789939880371], "bboxes": [[0.0, 201.89532470703125, 334.459228515625, 743.3687133789062], [240.0915985107422, 162.8402099609375, 696.145263671875, 698.8656616210938], [548.420654296875, 168.02984619140625, 797.675048828125, 732.4713745117188]]}