{"labels": [0, 0, 0, 0], "scores": [0.8841285109519958, 0.09866245090961456, 0.0726141631603241, 0.07192656397819519], "bboxes": [[56.931304931640625, 23.56988525390625, 783.294189453125, 752.7637329101562], [291.79949951171875, 271.52716064453125, 618.4315185546875, 707.8695678710938], [78.1280517578125, 128.9613800048828, 556.3773803710938, 594.5691528320312], [691.5090942382812, 173.50494384765625, 798.7808227539062, 297.8669738769531]]}