{"labels": [0, 0], "scores": [0.9884321093559265, 0.7004067897796631], "bboxes": [[252.14682006835938, 78.59506225585938, 543.162109375, 762.3843994140625], [256.5645751953125, 78.01393127441406, 544.1886596679688, 414.26324462890625]]}