{"labels": [0], "scores": [0.9973438382148743], "bboxes": [[53.95758056640625, 84.84304809570312, 756.0001220703125, 757.3271484375]]}