{"labels": [0], "scores": [0.9874512553215027], "bboxes": [[247.16893005371094, 154.78875732421875, 615.5770874023438, 699.7656860351562]]}