{"labels": [0, 0, 0], "scores": [0.9826272130012512, 0.2671627700328827, 0.20812402665615082], "bboxes": [[0.0, 277.3960266113281, 771.0851440429688, 795.6396484375], [20.27392578125, 296.5461120605469, 742.0455932617188, 550.3690185546875], [55.918556213378906, 494.604736328125, 257.6336975097656, 592.755859375]]}