{"labels": [0], "scores": [0.9983750581741333], "bboxes": [[119.70333862304688, 98.45169067382812, 666.1962890625, 710.2391357421875]]}