{"labels": [0, 0], "scores": [0.9957785606384277, 0.1846761554479599], "bboxes": [[137.80410766601562, 264.4073791503906, 516.8121948242188, 680.127685546875], [139.69189453125, 565.3025512695312, 489.07464599609375, 894.5282592773438]]}