{"labels": [0, 0], "scores": [0.9517508149147034, 0.8536056280136108], "bboxes": [[109.677734375, 512.1544799804688, 709.6961059570312, 636.9813842773438], [32.3883056640625, 10.04608154296875, 785.87353515625, 648.4126586914062]]}