{"labels": [0, 0], "scores": [0.984525740146637, 0.970130205154419], "bboxes": [[401.21734619140625, 71.05706787109375, 619.8921508789062, 767.3192749023438], [183.1604766845703, 30.18768310546875, 451.3668212890625, 790.0004272460938]]}