{"labels": [0], "scores": [0.9990542531013489], "bboxes": [[2.120452880859375, 65.88134765625, 800.0, 727.7974853515625]]}