{"labels": [0], "scores": [0.9872164130210876], "bboxes": [[58.189849853515625, 219.8582305908203, 704.426513671875, 655.3399658203125]]}