{"labels": [0, 0, 0, 0, 0, 0], "scores": [0.9639511108398438, 0.9586289525032043, 0.9579312801361084, 0.9552236795425415, 0.9400777220726013, 0.42802420258522034], "bboxes": [[260.61920166015625, 588.67138671875, 505.70184326171875, 871.4441528320312], [548.2752685546875, 112.53311157226562, 697.55078125, 460.8150939941406], [259.7659606933594, 121.91858673095703, 500.759765625, 455.0665283203125], [539.40869140625, 574.3765258789062, 694.5203857421875, 895.52392578125], [0.3561229705810547, 170.92222595214844, 225.82337951660156, 896.0], [2.103799819946289, 176.64759826660156, 232.65765380859375, 497.37457275390625]]}