{"labels": [0, 0, 0, 0], "scores": [0.9859350919723511, 0.982437789440155, 0.4215051233768463, 0.1475963443517685], "bboxes": [[59.778717041015625, 120.57041931152344, 726.93408203125, 460.0350341796875], [22.54150390625, 412.5985412597656, 788.6162719726562, 761.0902099609375], [44.926055908203125, 208.16189575195312, 761.24560546875, 661.8153076171875], [39.473907470703125, 559.1010131835938, 713.7415771484375, 746.6397094726562]]}