{"labels": [0], "scores": [0.9973288774490356], "bboxes": [[0.0, 141.81591796875, 792.5166625976562, 754.984375]]}