{"labels": [0], "scores": [0.9996440410614014], "bboxes": [[0.0, 5.514598846435547, 700.0, 816.9513549804688]]}