{"labels": [0, 0, 0, 0], "scores": [0.9837225079536438, 0.9742270112037659, 0.5242867469787598, 0.06496541947126389], "bboxes": [[545.4169921875, 50.4520263671875, 739.1025390625, 781.0257568359375], [48.704254150390625, 19.207427978515625, 599.635009765625, 776.9371337890625], [356.89373779296875, 216.74777221679688, 602.5133666992188, 765.2674560546875], [237.99237060546875, 30.474578857421875, 421.6986083984375, 756.923828125]]}