{"labels": [0], "scores": [0.9961780309677124], "bboxes": [[44.716552734375, 214.8473358154297, 756.7598876953125, 605.5518798828125]]}