{"labels": [0], "scores": [0.9971936941146851], "bboxes": [[236.87933349609375, 4.077117919921875, 590.0724487304688, 785.8739013671875]]}