{"labels": [0], "scores": [0.9996150732040405], "bboxes": [[0.0, 156.38934326171875, 700.0, 842.1937255859375]]}