{"labels": [0, 0, 0, 0], "scores": [0.9889814853668213, 0.5353168845176697, 0.2916094660758972, 0.0751761719584465], "bboxes": [[28.361572265625, 118.58755493164062, 792.5557861328125, 640.948974609375], [135.35653686523438, 365.77740478515625, 785.824951171875, 644.5579223632812], [0.0, 567.6221923828125, 798.4107666015625, 800.0], [135.59249877929688, 290.62725830078125, 561.1541748046875, 614.0676879882812]]}