{"labels": [0], "scores": [0.9941348433494568], "bboxes": [[82.78274536132812, 124.8193359375, 684.7120361328125, 794.3013916015625]]}