{"labels": [0, 0], "scores": [0.9990177154541016, 0.05487031117081642], "bboxes": [[20.727176666259766, 15.558753967285156, 654.5859985351562, 896.0], [0.3191795349121094, 42.126625061035156, 85.75947570800781, 339.13568115234375]]}