{"labels": [0, 0, 0, 0, 0], "scores": [0.9973625540733337, 0.2837819457054138, 0.21647346019744873, 0.08246437460184097, 0.05417604744434357], "bboxes": [[175.95941162109375, 34.393043518066406, 499.8924560546875, 760.9743041992188], [310.9759216308594, 734.0427856445312, 529.8916015625, 844.919921875], [148.43357849121094, 723.228759765625, 543.333740234375, 888.228515625], [149.17457580566406, 733.96728515625, 295.2808532714844, 888.2341918945312], [410.78509521484375, 461.2259826660156, 583.4782104492188, 782.9465942382812]]}