{"labels": [0, 0, 0, 0], "scores": [0.8058980107307434, 0.8017579913139343, 0.764878511428833, 0.05931363254785538], "bboxes": [[42.08501434326172, 342.4600524902344, 353.9303894042969, 572.2020263671875], [59.7461051940918, 184.6087646484375, 648.8621215820312, 554.7904663085938], [333.3829345703125, 223.6924285888672, 558.9512329101562, 537.4147338867188], [199.1217803955078, 350.7936706542969, 351.61090087890625, 538.046630859375]]}