{"labels": [0], "scores": [0.998384952545166], "bboxes": [[149.09390258789062, 142.36758422851562, 720.2181396484375, 800.0]]}