{"labels": [0, 0], "scores": [0.9828338623046875, 0.054797396063804626], "bboxes": [[276.13726806640625, 1.069854736328125, 777.9111938476562, 792.75732421875], [496.8251953125, 81.12384033203125, 796.0018310546875, 788.7503662109375]]}