{"labels": [0, 0], "scores": [0.9980623126029968, 0.1323775351047516], "bboxes": [[3.3331871032714844, 13.579669952392578, 680.9734497070312, 860.8524169921875], [0.0, 117.0537338256836, 215.85853576660156, 387.98138427734375]]}