{"labels": [0], "scores": [0.9992921352386475], "bboxes": [[0.0, 274.3270263671875, 796.1751098632812, 794.30419921875]]}