{"labels": [0, 0], "scores": [0.994175136089325, 0.06240057200193405], "bboxes": [[150.04644775390625, 173.77102661132812, 750.384765625, 502.7571105957031], [160.4505615234375, 380.7394714355469, 525.9279174804688, 799.2362060546875]]}