{"labels": [0], "scores": [0.998040497303009], "bboxes": [[77.21438598632812, 123.20687866210938, 700.9114990234375, 679.093994140625]]}