{"labels": [0], "scores": [0.9986571073532104], "bboxes": [[0.0, 227.12440490722656, 799.106201171875, 634.372314453125]]}