{"labels": [0], "scores": [0.998116135597229], "bboxes": [[85.7120361328125, 67.89141845703125, 695.2334594726562, 734.2724609375]]}