{"labels": [0, 0, 0, 0], "scores": [0.9858270287513733, 0.24333681166172028, 0.12667880952358246, 0.11272536218166351], "bboxes": [[63.372100830078125, 45.117034912109375, 785.7430419921875, 692.8360595703125], [55.7442626953125, 172.97772216796875, 533.5941162109375, 663.2100830078125], [325.37677001953125, 164.0853271484375, 735.2671508789062, 695.7359619140625], [359.29052734375, 3.64398193359375, 768.6099853515625, 362.18096923828125]]}