{"labels": [0, 0], "scores": [0.9883832335472107, 0.9857417345046997], "bboxes": [[465.14605712890625, 195.14505004882812, 681.3637084960938, 773.667236328125], [214.83987426757812, 66.62686157226562, 425.3702087402344, 775.0177001953125]]}