{"labels": [0], "scores": [0.9980071187019348], "bboxes": [[67.98526000976562, 12.56146240234375, 715.0096435546875, 800.0]]}