{"labels": [0, 0, 0], "scores": [0.9951174259185791, 0.26833921670913696, 0.14250363409519196], "bboxes": [[42.97922134399414, 82.23360443115234, 572.02197265625, 713.4441528320312], [160.48252868652344, 658.2864990234375, 490.33367919921875, 895.6672973632812], [549.0220947265625, 144.97885131835938, 697.631591796875, 384.37152099609375]]}