{"labels": [0], "scores": [0.9971338510513306], "bboxes": [[271.82501220703125, 46.958221435546875, 527.1849975585938, 778.3228759765625]]}