{"labels": [0, 0, 0, 0], "scores": [0.9933890104293823, 0.9883637428283691, 0.9833785891532898, 0.06841026991605759], "bboxes": [[238.2998504638672, 29.424713134765625, 651.349853515625, 436.8349304199219], [391.3705749511719, 360.13653564453125, 784.876220703125, 768.8743286132812], [13.355224609375, 363.713623046875, 410.8700866699219, 732.099853515625], [177.11260986328125, 247.34434509277344, 758.8226928710938, 748.9376220703125]]}