{"labels": [0], "scores": [0.9986655712127686], "bboxes": [[174.45497131347656, 125.17274475097656, 554.7485961914062, 828.0402221679688]]}