{"labels": [0], "scores": [0.9989054203033447], "bboxes": [[33.162506103515625, 175.8719940185547, 737.5364990234375, 671.7587280273438]]}