{"labels": [0, 0, 0, 0], "scores": [0.9787651896476746, 0.9660273790359497, 0.8577778935432434, 0.06670074909925461], "bboxes": [[0.0, 157.47158813476562, 457.51153564453125, 620.7650146484375], [391.5532531738281, 222.36514282226562, 799.671630859375, 723.9830322265625], [0.0, 540.8126220703125, 442.2495422363281, 774.6396484375], [63.359710693359375, 534.2843017578125, 774.363037109375, 767.940185546875]]}