{"labels": [0], "scores": [0.9988667964935303], "bboxes": [[28.70355224609375, 105.34588623046875, 767.4696655273438, 700.7464599609375]]}