{"labels": [0], "scores": [0.998487114906311], "bboxes": [[6.541961669921875, 175.60235595703125, 790.7791748046875, 629.61181640625]]}