{"labels": [0], "scores": [0.9963382482528687], "bboxes": [[5.82379150390625, 29.317047119140625, 781.095458984375, 800.0]]}