{"labels": [0, 0, 0, 0, 0], "scores": [0.9677498936653137, 0.5859136581420898, 0.31414857506752014, 0.10168692469596863, 0.08925057202577591], "bboxes": [[16.349090576171875, 179.9633331298828, 769.67578125, 630.535888671875], [48.495574951171875, 169.4955596923828, 508.2980651855469, 546.0676879882812], [283.374755859375, 189.75961303710938, 568.7685546875, 434.3408508300781], [362.96368408203125, 217.2899627685547, 726.9931030273438, 607.6897583007812], [191.92982482910156, 168.74697875976562, 478.62921142578125, 436.1922912597656]]}