{"labels": [0, 0], "scores": [0.9890443086624146, 0.08362851291894913], "bboxes": [[242.3227081298828, 2.400970458984375, 559.8297119140625, 792.756591796875], [249.06472778320312, 2.6566925048828125, 560.369873046875, 180.1512908935547]]}