{"labels": [0], "scores": [0.9971109628677368], "bboxes": [[6.727691650390625, 131.56082153320312, 772.690185546875, 793.9329833984375]]}