{"labels": [0], "scores": [0.9986623525619507], "bboxes": [[0.78875732421875, 135.5908203125, 795.587646484375, 699.5668334960938]]}