{"labels": [0], "scores": [0.9985550045967102], "bboxes": [[261.3953857421875, 20.93060302734375, 522.8290405273438, 777.06201171875]]}