{"labels": [0], "scores": [0.998879611492157], "bboxes": [[0.0, 60.046142578125, 800.0, 800.0]]}