{"labels": [0, 0], "scores": [0.9526116847991943, 0.9410898685455322], "bboxes": [[0.0, 539.2119750976562, 687.2477416992188, 799.1859741210938], [5.54266357421875, 157.77957153320312, 799.0459594726562, 688.6434326171875]]}