{"labels": [0, 0, 0], "scores": [0.9974296689033508, 0.18203133344650269, 0.05958545580506325], "bboxes": [[5.31689453125, 17.865875244140625, 784.9225463867188, 796.51806640625], [358.1063537597656, 66.56231689453125, 758.5465087890625, 774.5784912109375], [499.3193664550781, 86.23373413085938, 695.9864501953125, 727.491943359375]]}