{"labels": [0, 0], "scores": [0.9820526242256165, 0.10047642141580582], "bboxes": [[32.173492431640625, 141.73129272460938, 680.0994873046875, 771.0040283203125], [48.222320556640625, 208.9097442626953, 564.080810546875, 599.8507080078125]]}