{"labels": [0, 0, 0], "scores": [0.9806087613105774, 0.9795676469802856, 0.07861340045928955], "bboxes": [[164.165771484375, 12.266571044921875, 699.16162109375, 786.00048828125], [81.75083923339844, 33.12371826171875, 451.95037841796875, 792.4227905273438], [398.12518310546875, 22.167388916015625, 704.7387084960938, 712.955810546875]]}