{"labels": [0], "scores": [0.9948773980140686], "bboxes": [[87.63995361328125, 69.72189331054688, 722.2271118164062, 770.93408203125]]}