{"labels": [0, 0, 0, 0, 0, 0, 0, 0, 0, 0, 0, 0], "scores": [0.9817282557487488, 0.8798091411590576, 0.40505167841911316, 0.39442938566207886, 0.31188273429870605, 0.2591930627822876, 0.15421180427074432, 0.09173674136400223, 0.08350662142038345, 0.07361326366662979, 0.06691350787878036, 0.05639909207820892], "bboxes": [[233.41709899902344, 370.0992431640625, 378.15020751953125, 769.1370849609375], [490.3638916015625, 179.47128295898438, 677.336669921875, 800.0], [333.4615783691406, 185.89944458007812, 716.9761962890625, 790.843505859375], [420.61968994140625, 370.3730163574219, 522.9196166992188, 756.8114013671875], [49.10801696777344, 352.04962158203125, 203.92091369628906, 767.6525268554688], [10.83929443359375, 162.739501953125, 759.6604614257812, 777.8212890625], [0.0, 6.3061370849609375, 792.9150390625, 393.8536376953125], [71.83438110351562, 164.4015655517578, 592.72900390625, 371.375244140625], [560.339111328125, 210.79763793945312, 715.582763671875, 779.7508544921875], [615.8302001953125, 322.36871337890625, 746.953125, 764.7177124023438], [630.5142211914062, 621.2777709960938, 694.8318481445312, 721.5436401367188], [418.4287109375, 171.46139526367188, 596.7180786132812, 778.7845458984375]]}