{"labels": [0, 0, 0, 0], "scores": [0.9954824447631836, 0.9883742332458496, 0.9821433424949646, 0.07203108817338943], "bboxes": [[0.0, 267.9466857910156, 448.98931884765625, 594.0487060546875], [415.378173828125, 365.7481384277344, 799.701171875, 673.3297119140625], [245.90829467773438, 71.2408447265625, 791.7615966796875, 427.79754638671875], [255.75836181640625, 193.6013946533203, 800.0, 664.5767211914062]]}