{"labels": [0, 0], "scores": [0.9973904490470886, 0.16078194975852966], "bboxes": [[142.65325927734375, 121.763671875, 723.843994140625, 584.9067993164062], [1.4189987182617188, 523.97265625, 121.718017578125, 615.2952880859375]]}