{"labels": [0, 0], "scores": [0.9952319264411926, 0.9932078719139099], "bboxes": [[7.835921287536621, 116.4257583618164, 368.7736511230469, 579.5833740234375], [383.53759765625, 111.1957015991211, 693.779052734375, 589.8566284179688]]}