{"labels": [0, 0, 0], "scores": [0.9973681569099426, 0.0943092331290245, 0.050004392862319946], "bboxes": [[0.068023681640625, 400.6481018066406, 672.57568359375, 748.14013671875], [289.0993957519531, 7.6764373779296875, 486.4697570800781, 214.59410095214844], [0.0, 0.0, 719.1351318359375, 509.62060546875]]}