{"labels": [0, 0, 0, 0, 0], "scores": [0.977944552898407, 0.9430521130561829, 0.7117060422897339, 0.6133252382278442, 0.05375827103853226], "bboxes": [[0.0, 293.1822204589844, 394.8710632324219, 896.0], [326.24139404296875, 240.01239013671875, 694.5879516601562, 627.5136108398438], [92.93411254882812, 29.97519874572754, 327.27691650390625, 290.0723876953125], [382.7510986328125, 17.480079650878906, 564.0369262695312, 139.05221557617188], [212.5041961669922, 241.38087463378906, 682.8355712890625, 895.57470703125]]}