{"labels": [0], "scores": [0.996820330619812], "bboxes": [[178.2642364501953, 31.71881103515625, 615.8613891601562, 785.93994140625]]}