{"labels": [0, 0], "scores": [0.997646152973175, 0.26905420422554016], "bboxes": [[88.0595703125, 196.0111083984375, 726.9274291992188, 789.2865600585938], [178.13458251953125, 0.0, 411.4212646484375, 194.55747985839844]]}