{"labels": [0, 0], "scores": [0.9983776807785034, 0.2553709149360657], "bboxes": [[35.959228515625, 151.98696899414062, 761.2877197265625, 745.721435546875], [66.80655670166016, 197.00738525390625, 213.06317138671875, 409.59320068359375]]}