{"labels": [0, 0], "scores": [0.9992173910140991, 0.28899914026260376], "bboxes": [[51.99163055419922, 33.9770393371582, 624.8280639648438, 687.996826171875], [38.635650634765625, 595.8968505859375, 666.3533325195312, 896.0]]}