{"labels": [0], "scores": [0.9905402660369873], "bboxes": [[228.3219757080078, 36.76818084716797, 465.8036193847656, 653.646484375]]}