{"labels": [0], "scores": [0.9985834360122681], "bboxes": [[80.92510986328125, 92.7757568359375, 718.4761352539062, 721.3839111328125]]}