{"labels": [0], "scores": [0.9961316585540771], "bboxes": [[73.7000732421875, 19.597381591796875, 734.2550048828125, 637.3756103515625]]}