{"labels": [0, 0, 0], "scores": [0.9886958599090576, 0.3598029911518097, 0.056531187146902084], "bboxes": [[33.357025146484375, 113.68423461914062, 699.7109375, 771.7726440429688], [12.591663360595703, 519.387451171875, 559.5548095703125, 896.0], [53.12114715576172, 127.58177185058594, 431.283935546875, 626.8565673828125]]}