{"labels": [0], "scores": [0.9981818199157715], "bboxes": [[92.93850708007812, 363.7322998046875, 672.12744140625, 731.0113525390625]]}