{"labels": [0, 0], "scores": [0.9900817275047302, 0.10924059897661209], "bboxes": [[8.496063232421875, 173.0640411376953, 794.142333984375, 599.9462890625], [10.5694580078125, 457.377197265625, 787.8787231445312, 597.1904296875]]}