{"labels": [0], "scores": [0.9989250302314758], "bboxes": [[0.0, 221.15602111816406, 797.4425048828125, 686.0279541015625]]}