{"labels": [0], "scores": [0.9990065693855286], "bboxes": [[0.0, 129.14877319335938, 794.9193115234375, 705.1353759765625]]}