{"labels": [0], "scores": [0.9993022680282593], "bboxes": [[17.593994140625, 106.42236328125, 720.9407958984375, 741.4017333984375]]}