{"labels": [0], "scores": [0.9990885257720947], "bboxes": [[131.48834228515625, 24.8673095703125, 691.5731811523438, 778.827392578125]]}