{"labels": [0, 0, 0, 0, 0], "scores": [0.9048018455505371, 0.7565157413482666, 0.7223020792007446, 0.14562401175498962, 0.0659177377820015], "bboxes": [[0.0, 0.0, 651.8416748046875, 423.54010009765625], [169.61138916015625, 424.0531311035156, 374.96820068359375, 712.5205078125], [184.25181579589844, 355.7037658691406, 655.8945922851562, 722.9407958984375], [0.0, 180.24783325195312, 671.280517578125, 712.98193359375], [0.4885406494140625, 306.23822021484375, 182.77896118164062, 655.0910034179688]]}