{"labels": [0, 0, 0, 0, 0], "scores": [0.8981165289878845, 0.5130031704902649, 0.3652130961418152, 0.14849260449409485, 0.06363522261381149], "bboxes": [[38.543212890625, 435.1029052734375, 783.184326171875, 701.49658203125], [32.609405517578125, 260.1955261230469, 510.8028259277344, 677.359619140625], [28.544189453125, 130.0345458984375, 789.9515380859375, 702.284912109375], [574.5646362304688, 94.28028869628906, 683.2549438476562, 212.04713439941406], [51.15919494628906, 259.2881164550781, 439.900146484375, 505.4803771972656]]}