{"labels": [0, 0, 0, 0, 0], "scores": [0.9858255982398987, 0.21621005237102509, 0.1611388772726059, 0.08349023759365082, 0.06546228379011154], "bboxes": [[241.54653930664062, 10.0267333984375, 479.6099548339844, 800.0], [494.8016357421875, 512.5828857421875, 550.4495849609375, 787.2374267578125], [99.89907836914062, 0.0, 651.175537109375, 800.0], [488.7758483886719, 501.3076171875, 597.6240234375, 793.40283203125], [585.1884765625, 716.4747924804688, 637.5643310546875, 734.7251586914062]]}