{"labels": [0], "scores": [0.9858220219612122], "bboxes": [[241.6188507080078, 130.74652099609375, 443.1268005371094, 580.9912109375]]}