{"labels": [0], "scores": [0.9978454113006592], "bboxes": [[169.42013549804688, 86.28433227539062, 597.356689453125, 799.448486328125]]}