{"labels": [0], "scores": [0.98433518409729], "bboxes": [[116.59326171875, 273.88995361328125, 659.89990234375, 749.2872314453125]]}