{"labels": [0, 0, 0, 0, 0, 0], "scores": [0.9928514957427979, 0.9902788996696472, 0.9818108677864075, 0.9355357885360718, 0.11306808888912201, 0.06614188849925995], "bboxes": [[133.32998657226562, 239.8495635986328, 472.9908752441406, 590.3822021484375], [487.0670471191406, 4.81549072265625, 794.1190185546875, 334.824951171875], [245.80673217773438, 83.48281860351562, 565.5003662109375, 389.7174072265625], [446.0412902832031, 421.5945739746094, 729.2735595703125, 642.228759765625], [55.85955810546875, 214.59547424316406, 730.9639282226562, 707.9782104492188], [149.16075134277344, 105.50094604492188, 609.3062744140625, 589.1544189453125]]}