{"labels": [0, 0, 0, 0], "scores": [0.9906116127967834, 0.1975817233324051, 0.07603546977043152, 0.059218499809503555], "bboxes": [[149.44754028320312, 145.06646728515625, 627.214599609375, 721.338623046875], [275.3608093261719, 8.066009521484375, 786.849365234375, 697.656005859375], [133.52590942382812, 362.69244384765625, 725.240234375, 774.8601684570312], [370.5007019042969, 347.52581787109375, 621.3176879882812, 715.9153442382812]]}