{"labels": [0], "scores": [0.993634819984436], "bboxes": [[28.0478515625, 118.10012817382812, 769.6254272460938, 727.1832275390625]]}