{"labels": [0, 0, 0, 0, 0, 0, 0], "scores": [0.9842224717140198, 0.6119372248649597, 0.5544067025184631, 0.12380236387252808, 0.05724170431494713, 0.05679922550916672, 0.053391821682453156], "bboxes": [[134.84210205078125, 221.05062866210938, 710.1572875976562, 776.95751953125], [82.46748352050781, 554.04638671875, 107.82789611816406, 571.8201904296875], [22.88412857055664, 560.525390625, 56.31312942504883, 577.5806884765625], [679.7515869140625, 552.283203125, 724.093994140625, 582.7724609375], [130.38821411132812, 396.5841064453125, 507.8575134277344, 762.5074462890625], [738.501220703125, 561.6851196289062, 795.3111572265625, 597.4115600585938], [362.49713134765625, 291.54742431640625, 707.9813842773438, 739.5473022460938]]}