{"labels": [0], "scores": [0.9928888082504272], "bboxes": [[227.20509338378906, 28.942657470703125, 516.2938842773438, 783.400634765625]]}