{"labels": [0, 0, 0], "scores": [0.9963537454605103, 0.08371829241514206, 0.08091305941343307], "bboxes": [[106.96652221679688, 331.13201904296875, 684.3538818359375, 800.0], [172.77481079101562, 255.2919158935547, 209.15484619140625, 294.22027587890625], [216.00172424316406, 254.33203125, 255.4402313232422, 294.64434814453125]]}