{"labels": [0], "scores": [0.9983325600624084], "bboxes": [[75.36361694335938, 146.1734161376953, 654.822509765625, 629.8017578125]]}