{"labels": [0], "scores": [0.998814582824707], "bboxes": [[94.11480712890625, 7.74432373046875, 698.7750854492188, 738.4840087890625]]}