{"labels": [0, 0], "scores": [0.9882110357284546, 0.22642681002616882], "bboxes": [[187.216552734375, 211.0045166015625, 535.19384765625, 750.2213134765625], [265.1864013671875, 568.1825561523438, 515.1571655273438, 741.1660766601562]]}