{"labels": [0, 0, 0], "scores": [0.9890424609184265, 0.8863884806632996, 0.0964183434844017], "bboxes": [[130.3660888671875, 103.99905395507812, 706.048828125, 635.51611328125], [241.4965362548828, 0.5335769653320312, 666.311279296875, 198.47659301757812], [202.23776245117188, 319.33148193359375, 668.088623046875, 627.5023193359375]]}