{"labels": [0, 0, 0], "scores": [0.9920921325683594, 0.1338275820016861, 0.05683233216404915], "bboxes": [[135.71670532226562, 120.31146240234375, 703.45703125, 781.8593139648438], [252.29832458496094, 248.38323974609375, 758.2740478515625, 454.47808837890625], [157.95730590820312, 8.997329711914062, 715.0865478515625, 497.15643310546875]]}