{"labels": [0], "scores": [0.9954286813735962], "bboxes": [[171.97825622558594, 220.91339111328125, 650.95068359375, 774.948486328125]]}