{"labels": [0, 0], "scores": [0.9584398865699768, 0.2752726376056671], "bboxes": [[179.01112365722656, 116.81535339355469, 537.6664428710938, 751.338134765625], [18.844696044921875, 264.3131103515625, 214.8719940185547, 429.7252502441406]]}