{"labels": [0], "scores": [0.9991119503974915], "bboxes": [[5.812652587890625, 261.2517395019531, 795.6732177734375, 656.6727294921875]]}