{"labels": [0, 0], "scores": [0.9867955446243286, 0.9759220480918884], "bboxes": [[201.5444793701172, 9.595373153686523, 533.1572875976562, 329.5551452636719], [203.630126953125, 256.08294677734375, 535.82421875, 894.2799072265625]]}