{"labels": [0, 0, 0, 0], "scores": [0.9935670495033264, 0.3489381670951843, 0.33228132128715515, 0.15893495082855225], "bboxes": [[40.471981048583984, 37.17844772338867, 689.9466552734375, 658.7730102539062], [41.98234939575195, 274.8528747558594, 652.4576416015625, 896.0], [68.9666748046875, 510.49853515625, 467.536376953125, 893.9332275390625], [1.2341737747192383, 568.6316528320312, 131.03445434570312, 759.2516479492188]]}