{"labels": [0, 0], "scores": [0.9967454671859741, 0.06097111105918884], "bboxes": [[26.80755615234375, 241.30410766601562, 761.073974609375, 633.5645751953125], [4.662384033203125, 437.2215576171875, 787.0609130859375, 762.2701416015625]]}