{"labels": [0], "scores": [0.9985648989677429], "bboxes": [[56.95989990234375, 135.19107055664062, 744.6569213867188, 612.2196044921875]]}