{"labels": [0, 0, 0, 0, 0, 0, 0], "scores": [0.9787663221359253, 0.9621433019638062, 0.9485096335411072, 0.733404278755188, 0.6780683398246765, 0.24004028737545013, 0.09324962645769119], "bboxes": [[319.3387145996094, 564.1708984375, 580.802001953125, 764.5521240234375], [78.92254638671875, 281.0150146484375, 435.95819091796875, 700.9191284179688], [309.9627685546875, 370.0166320800781, 533.0324096679688, 586.5819091796875], [510.03143310546875, 303.9261169433594, 786.4705200195312, 677.4949951171875], [43.15533447265625, 280.1341552734375, 273.7107238769531, 523.8833618164062], [67.0015869140625, 434.43609619140625, 345.9216613769531, 699.3073120117188], [128.95416259765625, 262.4269714355469, 428.53411865234375, 536.4932861328125]]}