{"labels": [0], "scores": [0.9979023933410645], "bboxes": [[104.56011962890625, 143.75643920898438, 732.9083251953125, 593.3056640625]]}