{"labels": [0], "scores": [0.9980196952819824], "bboxes": [[56.161773681640625, 115.07553100585938, 752.372802734375, 632.8592529296875]]}