{"labels": [0, 0, 0, 0, 0, 0], "scores": [0.8638805150985718, 0.7849486470222473, 0.5150968432426453, 0.3342885375022888, 0.14043603837490082, 0.13494493067264557], "bboxes": [[72.65771484375, 29.843597412109375, 732.6494750976562, 629.098876953125], [77.23104858398438, 211.91851806640625, 711.0537109375, 395.00531005859375], [45.760765075683594, 556.2432861328125, 252.0960693359375, 781.09033203125], [33.21917724609375, 373.2945556640625, 778.5293579101562, 784.39013671875], [200.06643676757812, 229.71823120117188, 587.815185546875, 332.7618713378906], [293.6260681152344, 405.7310485839844, 657.7264404296875, 682.3646240234375]]}