{"labels": [0, 0, 0, 0], "scores": [0.9980815649032593, 0.9933700561523438, 0.986799418926239, 0.06379958242177963], "bboxes": [[549.3417358398438, 42.96533203125, 622.6286010742188, 725.7539672851562], [410.14892578125, 55.8209228515625, 493.82379150390625, 724.5853881835938], [682.6204223632812, 55.831024169921875, 762.4645385742188, 733.16796875], [0.0, 33.469940185546875, 523.770263671875, 797.0390625]]}