{"labels": [0, 0], "scores": [0.9116544723510742, 0.2967285215854645], "bboxes": [[13.474395751953125, 363.85382080078125, 800.0, 796.3776245117188], [204.8743133544922, 9.655509948730469, 613.49658203125, 194.52752685546875]]}