{"labels": [0], "scores": [0.9993175268173218], "bboxes": [[28.77471923828125, 209.878662109375, 775.3965454101562, 661.9324340820312]]}