{"labels": [0], "scores": [0.9819098711013794], "bboxes": [[221.38943481445312, 218.123779296875, 533.6571044921875, 765.4346923828125]]}