{"labels": [0, 0, 0, 0, 0], "scores": [0.9921140670776367, 0.9661159515380859, 0.8916696906089783, 0.1151212677359581, 0.10644890367984772], "bboxes": [[124.12460327148438, 141.31956481933594, 721.21337890625, 625.3333129882812], [32.14137268066406, 494.7369384765625, 399.8812255859375, 774.511962890625], [467.418701171875, 535.03955078125, 795.8463134765625, 730.2744140625], [74.73382568359375, 509.2796630859375, 756.5707397460938, 770.6744384765625], [19.167694091796875, 406.4883117675781, 559.768310546875, 788.625]]}