{"labels": [0, 0, 0, 0], "scores": [0.9838916659355164, 0.798983097076416, 0.6190771460533142, 0.19753268361091614], "bboxes": [[237.66172790527344, 224.85101318359375, 588.4861450195312, 488.72052001953125], [87.13176727294922, 557.02783203125, 273.1245422363281, 750.8548583984375], [531.9494018554688, 573.0700073242188, 729.7515258789062, 719.2553100585938], [334.06414794921875, 608.7813110351562, 460.0943603515625, 689.6057739257812]]}