{"labels": [0], "scores": [0.9951564073562622], "bboxes": [[93.22555541992188, 92.18167114257812, 744.4287109375, 677.6561279296875]]}