{"labels": [0, 0, 0, 0, 0, 0], "scores": [0.9970274567604065, 0.8612900972366333, 0.2693464457988739, 0.20646162331104279, 0.1496250331401825, 0.0501956082880497], "bboxes": [[0.82135009765625, 35.585205078125, 736.718505859375, 611.2503662109375], [333.25177001953125, 677.4896850585938, 622.4784545898438, 795.6350708007812], [90.34776306152344, 553.0632934570312, 335.358642578125, 742.1026000976562], [635.8790283203125, 715.7913818359375, 793.481201171875, 759.39599609375], [636.4817504882812, 448.583740234375, 794.7023315429688, 550.7922973632812], [638.7293701171875, 768.9209594726562, 793.7049560546875, 790.9158325195312]]}