{"labels": [0, 0], "scores": [0.9743919968605042, 0.6127017140388489], "bboxes": [[440.3739013671875, 280.16851806640625, 714.9051513671875, 716.1557006835938], [57.92579650878906, 456.38201904296875, 357.85772705078125, 698.1521606445312]]}