{"labels": [0, 0, 0, 0, 0], "scores": [0.9378069043159485, 0.5624797940254211, 0.3758588135242462, 0.20373937487602234, 0.07824878394603729], "bboxes": [[48.1766357421875, 435.7364807128906, 780.7556762695312, 737.602294921875], [26.42315673828125, 150.86520385742188, 797.5513305664062, 749.01904296875], [11.905364990234375, 46.007110595703125, 350.759521484375, 301.5153503417969], [8.328231811523438, 23.196456909179688, 492.5443115234375, 408.54876708984375], [51.46260070800781, 481.83819580078125, 483.21343994140625, 739.4032592773438]]}