{"labels": [0, 0, 0], "scores": [0.9992782473564148, 0.38626334071159363, 0.05549656227231026], "bboxes": [[0.0, 87.70315551757812, 795.6414794921875, 768.695556640625], [192.69664001464844, 1.2889289855957031, 490.38836669921875, 125.74490356445312], [30.556411743164062, 0.05806732177734375, 502.70538330078125, 180.59820556640625]]}