{"labels": [0], "scores": [0.9993027448654175], "bboxes": [[34.40087890625, 29.8668212890625, 760.8253173828125, 752.9234619140625]]}