{"labels": [0, 0, 0], "scores": [0.9386067390441895, 0.3015829920768738, 0.1587883085012436], "bboxes": [[318.50714111328125, 70.73048400878906, 579.9327392578125, 556.8270263671875], [248.915283203125, 335.93121337890625, 587.7338256835938, 715.2189331054688], [210.7760467529297, 61.264404296875, 609.6682739257812, 736.18603515625]]}