{"labels": [0, 0], "scores": [0.9936894178390503, 0.05363812297582626], "bboxes": [[286.39093017578125, 215.92791748046875, 661.9573364257812, 695.55908203125], [22.9228515625, 208.7850341796875, 548.1996459960938, 794.912841796875]]}