{"labels": [0, 0], "scores": [0.9975626468658447, 0.1830766499042511], "bboxes": [[143.82655334472656, 82.65025329589844, 690.0306396484375, 896.0], [70.92689514160156, 521.5725708007812, 233.50013732910156, 869.8502197265625]]}