{"labels": [0], "scores": [0.997253954410553], "bboxes": [[168.2981719970703, 103.37435913085938, 633.1638793945312, 741.1158447265625]]}