{"labels": [0, 0, 0], "scores": [0.9814762473106384, 0.17236602306365967, 0.07242249697446823], "bboxes": [[230.24819946289062, 59.430572509765625, 537.3018798828125, 770.3212890625], [256.430908203125, 60.8240966796875, 535.5162353515625, 444.0807800292969], [226.0817108154297, 405.421142578125, 524.0858154296875, 776.920654296875]]}