{"labels": [0], "scores": [0.9979105591773987], "bboxes": [[154.033935546875, 22.1796875, 630.99169921875, 739.56591796875]]}