{"labels": [0, 0, 0, 0, 0], "scores": [0.9782901406288147, 0.8442439436912537, 0.13945196568965912, 0.07407120615243912, 0.06310853362083435], "bboxes": [[134.8258056640625, 515.9412841796875, 380.46673583984375, 706.281982421875], [416.2604675292969, 357.7196044921875, 662.7769165039062, 800.0], [41.95611572265625, 124.08575439453125, 720.2899169921875, 786.0640869140625], [38.67974853515625, 685.7815551757812, 340.4361572265625, 753.6375122070312], [191.22406005859375, 332.8369140625, 671.594970703125, 800.0]]}