{"labels": [0], "scores": [0.9835160374641418], "bboxes": [[285.24432373046875, 82.7491455078125, 544.162109375, 751.5419311523438]]}