{"labels": [0, 0, 0, 0], "scores": [0.9869058728218079, 0.9078224301338196, 0.5514601469039917, 0.12785106897354126], "bboxes": [[57.358306884765625, 157.84603881835938, 744.0667724609375, 460.6894226074219], [407.28106689453125, 411.71502685546875, 673.7890014648438, 620.6360473632812], [67.09878540039062, 236.716064453125, 746.50341796875, 646.7514038085938], [124.28558349609375, 400.9669189453125, 681.7866821289062, 625.8624267578125]]}