{"labels": [0, 0], "scores": [0.9944080114364624, 0.05307368189096451], "bboxes": [[211.60081481933594, 112.91888427734375, 675.2642211914062, 743.837158203125], [20.91314697265625, 143.58895874023438, 509.17144775390625, 754.3411865234375]]}