{"labels": [0, 0, 0, 0, 0, 0, 0], "scores": [0.9797244071960449, 0.8319137096405029, 0.38491570949554443, 0.1848400980234146, 0.18212640285491943, 0.06345351785421371, 0.05161646753549576], "bboxes": [[87.806884765625, 317.1894226074219, 800.0, 707.073974609375], [0.0, 318.5909423828125, 391.07513427734375, 694.6508178710938], [208.8257598876953, 329.24212646484375, 539.0452270507812, 673.4955444335938], [544.634033203125, 76.79953002929688, 631.849853515625, 286.8298034667969], [569.8522338867188, 30.486404418945312, 784.6928100585938, 270.02960205078125], [523.5791625976562, 280.4525146484375, 798.7750854492188, 487.5032958984375], [0.103759765625, 256.50732421875, 148.5117950439453, 454.45989990234375]]}