{"labels": [0], "scores": [0.9990518689155579], "bboxes": [[96.3177490234375, 100.27496337890625, 747.6527099609375, 743.0375366210938]]}