{"labels": [0], "scores": [0.999011754989624], "bboxes": [[153.42979431152344, 32.936798095703125, 648.6995849609375, 781.5074462890625]]}