{"labels": [0, 0], "scores": [0.9592346549034119, 0.19777263700962067], "bboxes": [[337.729248046875, 55.7315673828125, 460.529052734375, 697.601318359375], [369.25848388671875, 66.72470092773438, 429.09661865234375, 683.103271484375]]}