{"labels": [0], "scores": [0.9945747256278992], "bboxes": [[54.079986572265625, 107.65667724609375, 750.598876953125, 735.2957153320312]]}