{"labels": [0, 0], "scores": [0.9982276558876038, 0.07389690726995468], "bboxes": [[0.0, 7.34735107421875, 777.1483764648438, 741.2742919921875], [54.926666259765625, 1.253509521484375, 560.1470947265625, 429.9402770996094]]}