{"labels": [0, 0], "scores": [0.9968878626823425, 0.9918972253799438], "bboxes": [[48.756591796875, 177.00869750976562, 792.1300659179688, 768.813232421875], [36.84483337402344, 165.52871704101562, 339.55438232421875, 409.9906311035156]]}