{"labels": [0, 0, 0], "scores": [0.9937952756881714, 0.9543594717979431, 0.19189685583114624], "bboxes": [[361.47491455078125, 165.15245056152344, 739.9274291992188, 641.3526611328125], [3.8467559814453125, 235.9539794921875, 446.9444580078125, 792.5718994140625], [147.62890625, 250.94699096679688, 365.1436767578125, 772.0281982421875]]}