{"labels": [0], "scores": [0.9989460110664368], "bboxes": [[8.058135986328125, 321.9313659667969, 773.1826171875, 628.45068359375]]}