{"labels": [0], "scores": [0.9956091046333313], "bboxes": [[295.0481872558594, 36.18408203125, 483.5276794433594, 760.1019287109375]]}