{"labels": [0], "scores": [0.9992237091064453], "bboxes": [[4.860045433044434, 103.0896224975586, 692.08642578125, 618.8873901367188]]}