{"labels": [0], "scores": [0.9899311065673828], "bboxes": [[180.50491333007812, 47.81854248046875, 350.5130310058594, 724.597900390625]]}