{"labels": [0, 0], "scores": [0.9929487705230713, 0.7692035436630249], "bboxes": [[213.92385864257812, 195.48370361328125, 616.183349609375, 799.3867797851562], [292.62225341796875, 627.4169921875, 565.7562255859375, 800.0]]}