{"labels": [0], "scores": [0.9906692504882812], "bboxes": [[32.98272705078125, 75.50814819335938, 772.87109375, 747.2178955078125]]}