{"labels": [0, 0, 0, 0], "scores": [0.989257276058197, 0.8743123412132263, 0.19457519054412842, 0.054763250052928925], "bboxes": [[133.30850219726562, 319.1895751953125, 579.5509033203125, 775.1617431640625], [317.8831787109375, 67.00543212890625, 603.2485961914062, 417.1624755859375], [163.01988220214844, 76.80740356445312, 599.947509765625, 605.8375244140625], [46.69532012939453, 24.068161010742188, 193.93594360351562, 503.84527587890625]]}