{"labels": [0], "scores": [0.9973384737968445], "bboxes": [[156.1126708984375, 157.12136840820312, 631.4500122070312, 698.7147216796875]]}