{"labels": [0, 0, 0, 0], "scores": [0.9949446320533752, 0.9666619300842285, 0.14173802733421326, 0.061369553208351135], "bboxes": [[50.22758483886719, 223.32810974121094, 356.4468994140625, 616.2415771484375], [490.13494873046875, 409.9225158691406, 787.0148315429688, 670.4974365234375], [4.9292449951171875, 379.47412109375, 319.8548583984375, 626.9796142578125], [7.927886962890625, 294.23199462890625, 786.712890625, 706.0264282226562]]}