{"labels": [0, 0], "scores": [0.9944584369659424, 0.9476333856582642], "bboxes": [[278.2962951660156, 540.275146484375, 546.677001953125, 749.2279052734375], [224.4543914794922, 176.45425415039062, 556.9179077148438, 676.9664306640625]]}