{"labels": [0, 0], "scores": [0.9864576458930969, 0.143869549036026], "bboxes": [[57.0968017578125, 34.712615966796875, 799.188720703125, 707.9024658203125], [0.0, 407.87017822265625, 787.6929931640625, 741.2334594726562]]}