{"labels": [0, 0], "scores": [0.9954820871353149, 0.09890926629304886], "bboxes": [[98.5765380859375, 9.811553955078125, 714.8465576171875, 731.8135986328125], [372.8834533691406, 436.96636962890625, 497.7799377441406, 772.1161499023438]]}