{"labels": [0, 0, 0, 0], "scores": [0.9886295795440674, 0.9199948906898499, 0.08758603036403656, 0.0820404589176178], "bboxes": [[135.06790161132812, 40.806182861328125, 750.1866455078125, 739.8673095703125], [0.0, 1.361053466796875, 318.3707580566406, 533.8980712890625], [371.19952392578125, 136.200439453125, 749.0492553710938, 695.7366943359375], [69.1202392578125, 67.0250244140625, 452.4283447265625, 773.4599609375]]}