{"labels": [0, 0, 0], "scores": [0.9862837791442871, 0.9732166528701782, 0.05798093602061272], "bboxes": [[202.09719848632812, 163.57363891601562, 740.5069580078125, 741.28955078125], [18.801193237304688, 107.34756469726562, 519.9607543945312, 678.9129638671875], [177.58106994628906, 272.63604736328125, 599.20263671875, 675.9739379882812]]}