{"labels": [0], "scores": [0.998788058757782], "bboxes": [[22.746551513671875, 295.5501708984375, 782.768798828125, 659.8638305664062]]}