{"labels": [0], "scores": [0.9987965822219849], "bboxes": [[62.88690185546875, 124.73989868164062, 734.868896484375, 740.2635498046875]]}