{"labels": [0, 0], "scores": [0.9914339780807495, 0.9911862015724182], "bboxes": [[354.4290771484375, 329.31695556640625, 628.138916015625, 598.0183715820312], [141.60214233398438, 159.7363739013672, 431.0640563964844, 483.615966796875]]}