{"labels": [0], "scores": [0.9947689771652222], "bboxes": [[59.923370361328125, 32.67474365234375, 691.206787109375, 562.0477294921875]]}