{"labels": [0, 0, 0, 0], "scores": [0.9803937673568726, 0.476458877325058, 0.2134607881307602, 0.20502424240112305], "bboxes": [[9.6090087890625, 197.01950073242188, 783.5470581054688, 664.0433349609375], [1.370880126953125, 427.5048828125, 783.5947265625, 756.7393798828125], [131.92294311523438, 158.41226196289062, 679.7042236328125, 328.0020446777344], [0.0, 587.2137451171875, 759.8232421875, 757.659423828125]]}