{"labels": [0], "scores": [0.9955974221229553], "bboxes": [[223.87130737304688, 189.1524658203125, 675.41552734375, 575.6027221679688]]}