{"labels": [0], "scores": [0.9981899857521057], "bboxes": [[0.58428955078125, 146.12631225585938, 790.7550048828125, 712.2017822265625]]}