{"labels": [0], "scores": [0.9972767233848572], "bboxes": [[188.91053771972656, 85.63070678710938, 616.8665161132812, 713.923583984375]]}