{"labels": [0], "scores": [0.9991284012794495], "bboxes": [[0.0, 82.35862731933594, 701.5527954101562, 663.4974365234375]]}