{"labels": [0], "scores": [0.9901933073997498], "bboxes": [[77.61599731445312, 0.0, 442.8127746582031, 800.0]]}