{"labels": [0], "scores": [0.9977376461029053], "bboxes": [[54.927947998046875, 0.0, 783.1549072265625, 663.6243896484375]]}