{"labels": [0, 0], "scores": [0.9954441785812378, 0.09468882530927658], "bboxes": [[3.3236083984375, 118.72686767578125, 794.868408203125, 685.3389892578125], [8.619834899902344, 246.9519500732422, 237.3231201171875, 669.5304565429688]]}