{"labels": [0], "scores": [0.9778493642807007], "bboxes": [[195.2265625, 255.70872497558594, 550.758544921875, 668.9415283203125]]}