{"labels": [0, 0, 0], "scores": [0.9966637492179871, 0.4150901436805725, 0.2062048763036728], "bboxes": [[7.340301513671875, 363.1125793457031, 660.65380859375, 666.07763671875], [6.754425048828125, 153.50619506835938, 778.4046630859375, 684.8330078125], [126.96417236328125, 110.73876953125, 783.630859375, 477.11212158203125]]}