{"labels": [0, 0, 0], "scores": [0.9887590408325195, 0.5508061051368713, 0.06770522892475128], "bboxes": [[14.08441162109375, 303.6739501953125, 675.1370239257812, 794.7265625], [575.569091796875, 114.45975494384766, 788.6927490234375, 358.208984375], [83.1688232421875, 246.36024475097656, 532.3001098632812, 424.19976806640625]]}