{"labels": [0, 0], "scores": [0.9893304705619812, 0.5442562699317932], "bboxes": [[242.44778442382812, 84.65435791015625, 770.8507080078125, 790.5440673828125], [0.0, 0.0, 520.8504638671875, 532.1432495117188]]}