{"labels": [0, 0], "scores": [0.9983494281768799, 0.9968191385269165], "bboxes": [[138.73818969726562, 35.035064697265625, 375.8896179199219, 776.5472412109375], [406.65972900390625, 37.1060791015625, 629.8373413085938, 769.9821166992188]]}