{"labels": [0], "scores": [0.9976966977119446], "bboxes": [[86.93130493164062, 118.724365234375, 610.0126953125, 738.22314453125]]}