{"labels": [0], "scores": [0.9967028498649597], "bboxes": [[122.5948486328125, 54.3726806640625, 705.506591796875, 743.42626953125]]}