{"labels": [0, 0], "scores": [0.9980025887489319, 0.4926586449146271], "bboxes": [[183.71958923339844, 294.838623046875, 619.1483154296875, 727.91796875], [192.80712890625, 347.75958251953125, 452.821044921875, 668.580322265625]]}