{"labels": [0], "scores": [0.9987921118736267], "bboxes": [[61.256256103515625, 0.0, 773.7969970703125, 800.0]]}