{"labels": [0], "scores": [0.9961063265800476], "bboxes": [[262.6514892578125, 12.6114501953125, 539.6077270507812, 788.0496826171875]]}