{"labels": [0], "scores": [0.990185022354126], "bboxes": [[46.766876220703125, 44.883819580078125, 756.3837890625, 769.36865234375]]}