{"labels": [0, 0, 0, 0, 0, 0, 0], "scores": [0.9562808871269226, 0.947381317615509, 0.9127020239830017, 0.8437728881835938, 0.7400123476982117, 0.3197556734085083, 0.06931433826684952], "bboxes": [[509.15478515625, 316.8992919921875, 714.349365234375, 474.05010986328125], [111.43305969238281, 334.6893005371094, 300.5433349609375, 522.6237182617188], [216.61871337890625, 383.5904541015625, 438.78314208984375, 614.25341796875], [57.683349609375, 294.9408874511719, 777.8208618164062, 771.5181884765625], [398.143798828125, 342.56414794921875, 581.19384765625, 540.6809692382812], [295.897705078125, 286.1869812011719, 432.33453369140625, 396.7131652832031], [143.83094787597656, 343.3536682128906, 397.0836181640625, 572.9296264648438]]}