{"labels": [0, 0], "scores": [0.9926430583000183, 0.05028469115495682], "bboxes": [[0.0, 186.7167510986328, 800.0, 667.8643188476562], [0.0, 185.42247009277344, 510.0526428222656, 524.2789916992188]]}