{"labels": [0, 0, 0], "scores": [0.99654620885849, 0.9676300287246704, 0.11566530913114548], "bboxes": [[111.047119140625, 43.91156005859375, 773.2030639648438, 780.3482055664062], [27.781089782714844, 23.048370361328125, 166.18966674804688, 786.557373046875], [17.937408447265625, 8.518951416015625, 475.7574157714844, 786.4945068359375]]}