{"labels": [0], "scores": [0.9987534284591675], "bboxes": [[0.0, 146.32376098632812, 789.6517333984375, 682.659423828125]]}