{"labels": [0, 0], "scores": [0.996394693851471, 0.3106204569339752], "bboxes": [[172.14498901367188, 34.401031494140625, 595.796875, 782.9498291015625], [485.6890869140625, 5.876678466796875, 795.1961669921875, 664.4552001953125]]}