{"labels": [0, 0, 0, 0, 0], "scores": [0.9730483293533325, 0.909719705581665, 0.2758123278617859, 0.16129329800605774, 0.08256062865257263], "bboxes": [[80.90457153320312, 48.71043395996094, 739.4285888671875, 544.9172973632812], [70.87395477294922, 354.74481201171875, 290.5998840332031, 720.5466918945312], [398.84100341796875, 538.3836059570312, 789.6012573242188, 785.1771850585938], [414.3979187011719, 541.7403564453125, 624.4699096679688, 767.8045654296875], [543.2574462890625, 554.1265869140625, 784.2603759765625, 752.3763427734375]]}