{"labels": [0], "scores": [0.9988277554512024], "bboxes": [[61.066864013671875, 207.6070098876953, 753.0948486328125, 586.534912109375]]}