{"labels": [0, 0], "scores": [0.9935856461524963, 0.07930947840213776], "bboxes": [[222.696044921875, 60.914215087890625, 561.8641357421875, 612.0963134765625], [437.9293212890625, 554.33837890625, 757.384033203125, 674.3155517578125]]}