{"labels": [0, 0, 0, 0, 0, 0, 0, 0], "scores": [0.9633246660232544, 0.9053049087524414, 0.17598041892051697, 0.12794074416160583, 0.11922302097082138, 0.1024375632405281, 0.06602741777896881, 0.05239022523164749], "bboxes": [[231.92886352539062, 251.41387939453125, 700.0, 885.0950317382812], [23.567962646484375, 140.70745849609375, 610.7496948242188, 809.2772216796875], [0.0, 110.46607971191406, 428.50335693359375, 574.704833984375], [155.27398681640625, 253.95094299316406, 490.52801513671875, 815.9273681640625], [501.2591552734375, 368.8369140625, 700.0, 869.29833984375], [338.943359375, 323.9594421386719, 595.218505859375, 860.0003662109375], [271.27166748046875, 236.96385192871094, 443.9783020019531, 800.2195434570312], [0.0, 1.1558008193969727, 313.4150390625, 126.80274200439453]]}