{"labels": [0, 0, 0, 0, 0, 0], "scores": [0.9764841198921204, 0.38552573323249817, 0.20505160093307495, 0.14132779836654663, 0.09678637981414795, 0.07212982326745987], "bboxes": [[51.417083740234375, 67.1925048828125, 764.260498046875, 752.1856079101562], [428.5446472167969, 388.211181640625, 651.1326904296875, 583.560791015625], [220.7416229248047, 320.31146240234375, 648.6837158203125, 575.8110961914062], [222.01123046875, 363.7579345703125, 450.50762939453125, 571.9782104492188], [180.06478881835938, 0.0, 800.0, 254.6561279296875], [101.66024780273438, 25.177001953125, 798.8367919921875, 434.02996826171875]]}