{"labels": [0], "scores": [0.9957029223442078], "bboxes": [[63.35672378540039, 189.3936309814453, 564.8970947265625, 875.6797485351562]]}