{"labels": [0, 0], "scores": [0.9981308579444885, 0.13807639479637146], "bboxes": [[7.307216644287109, 243.52474975585938, 614.3646240234375, 866.6541748046875], [473.7435607910156, 15.780988693237305, 697.6919555664062, 341.1025390625]]}