{"labels": [0], "scores": [0.9986414313316345], "bboxes": [[29.996124267578125, 37.0025634765625, 776.9752197265625, 769.5723876953125]]}