{"labels": [0, 0, 0, 0], "scores": [0.9775089025497437, 0.9196093082427979, 0.08329388499259949, 0.07773666083812714], "bboxes": [[348.5674743652344, 18.922576904296875, 700.99072265625, 779.3621826171875], [113.2198257446289, 297.5874938964844, 363.9573669433594, 755.905029296875], [118.71040344238281, 91.18392944335938, 629.8705444335938, 772.0203857421875], [341.9122619628906, 391.9075622558594, 673.8583984375, 777.301513671875]]}