{"labels": [0], "scores": [0.9985857009887695], "bboxes": [[198.53616333007812, 75.49423217773438, 680.4144287109375, 759.2171630859375]]}