{"labels": [0, 0], "scores": [0.9943496584892273, 0.22040702402591705], "bboxes": [[245.78062438964844, 185.59445190429688, 508.07281494140625, 800.0], [356.4537048339844, 277.50390625, 800.0, 799.81298828125]]}