{"labels": [0, 0], "scores": [0.9912329316139221, 0.9795287847518921], "bboxes": [[160.08306884765625, 309.9241638183594, 765.3646240234375, 668.65576171875], [180.8096466064453, 51.79328918457031, 451.5838623046875, 418.8857421875]]}