{"labels": [0], "scores": [0.9353903532028198], "bboxes": [[223.26925659179688, 276.6446838378906, 617.31005859375, 459.8718566894531]]}