{"labels": [0], "scores": [0.9953463673591614], "bboxes": [[100.50006103515625, 17.602081298828125, 703.890869140625, 779.3153076171875]]}