{"labels": [0, 0], "scores": [0.9989318251609802, 0.07823614776134491], "bboxes": [[28.8525390625, 48.965087890625, 773.2374267578125, 750.1299438476562], [708.4474487304688, 286.82061767578125, 800.0, 475.89385986328125]]}