{"labels": [0, 0, 0, 0, 0, 0, 0], "scores": [0.8655571937561035, 0.7496778964996338, 0.25389745831489563, 0.21503624320030212, 0.09515096247196198, 0.06918861716985703, 0.05496637150645256], "bboxes": [[13.41473388671875, 0.0, 731.7440185546875, 800.0], [10.695465087890625, 14.604476928710938, 550.535400390625, 408.771484375], [29.18377685546875, 12.352874755859375, 391.38348388671875, 288.2124328613281], [142.4361114501953, 35.754669189453125, 449.62139892578125, 783.885986328125], [165.5786590576172, 642.2179565429688, 284.4056396484375, 796.9193725585938], [153.71438598632812, 312.55621337890625, 738.5511474609375, 783.5109252929688], [182.93772888183594, 17.427032470703125, 379.2520751953125, 321.27130126953125]]}