{"labels": [0], "scores": [0.998024582862854], "bboxes": [[142.55813598632812, 29.47540283203125, 658.892822265625, 797.1095581054688]]}