{"labels": [0], "scores": [0.9989056587219238], "bboxes": [[123.02499389648438, 12.21270751953125, 680.181884765625, 792.4738159179688]]}