{"labels": [0, 0], "scores": [0.9945755004882812, 0.5903235077857971], "bboxes": [[41.32380294799805, 146.70343017578125, 671.5827026367188, 743.7963256835938], [14.726371765136719, 5.30937385559082, 376.50152587890625, 160.7620391845703]]}