{"labels": [0], "scores": [0.9990293979644775], "bboxes": [[151.98500061035156, 164.531005859375, 630.3726806640625, 817.7433471679688]]}