{"labels": [0, 0, 0, 0, 0, 0], "scores": [0.9790098667144775, 0.6428784132003784, 0.6162409782409668, 0.4253089725971222, 0.3889172375202179, 0.0885557234287262], "bboxes": [[25.576934814453125, 287.6533203125, 507.2507019042969, 687.9472045898438], [458.35858154296875, 330.0389404296875, 795.4288940429688, 732.1370849609375], [253.03504943847656, 2.0216064453125, 592.1129760742188, 278.6413269042969], [77.88232421875, 309.1072082519531, 794.5274658203125, 736.790283203125], [185.44219970703125, 600.0992431640625, 565.874267578125, 800.0], [356.1875305175781, 336.056396484375, 673.8179931640625, 724.5216064453125]]}