{"labels": [0, 0, 0], "scores": [0.9828258156776428, 0.39323851466178894, 0.07775550335645676], "bboxes": [[34.246673583984375, 399.42706298828125, 763.3807373046875, 744.5776977539062], [397.248046875, 441.066650390625, 762.7391357421875, 739.023193359375], [520.5230712890625, 0.0, 729.1175537109375, 453.81634521484375]]}