{"labels": [0], "scores": [0.9976136684417725], "bboxes": [[183.39141845703125, 217.26239013671875, 772.3569946289062, 800.0]]}