{"labels": [0, 0], "scores": [0.9917727112770081, 0.0643896833062172], "bboxes": [[192.68955993652344, 196.37686157226562, 596.5311279296875, 773.5516357421875], [258.5091857910156, 687.3485717773438, 521.475830078125, 800.0]]}