{"labels": [0], "scores": [0.9972981810569763], "bboxes": [[176.66920471191406, 167.6644744873047, 653.3927612304688, 578.8938598632812]]}