{"labels": [0, 0, 0, 0, 0, 0], "scores": [0.9906015396118164, 0.9590100049972534, 0.6307491660118103, 0.29292625188827515, 0.16168566048145294, 0.07568900287151337], "bboxes": [[0.0, 426.2295227050781, 521.6788940429688, 782.803955078125], [201.956298828125, 278.08209228515625, 726.9639892578125, 561.4346923828125], [83.94609069824219, 171.97982788085938, 276.9241943359375, 399.5118103027344], [556.240966796875, 321.6312255859375, 796.1905517578125, 575.218017578125], [79.81475830078125, 299.6993408203125, 795.0869140625, 717.2122192382812], [310.4649963378906, 64.20650482177734, 569.732666015625, 294.40447998046875]]}