{"labels": [0], "scores": [0.9984914064407349], "bboxes": [[35.52044677734375, 347.57244873046875, 755.0650634765625, 701.2260131835938]]}