{"labels": [0], "scores": [0.9979409575462341], "bboxes": [[22.441986083984375, 81.3189697265625, 764.0460205078125, 750.01123046875]]}