{"labels": [0, 0], "scores": [0.9988678693771362, 0.3406083881855011], "bboxes": [[3.1645050048828125, 7.459316253662109, 698.5704956054688, 847.8473510742188], [94.02333068847656, 681.3171997070312, 526.99755859375, 886.8768310546875]]}