{"labels": [0, 0, 0], "scores": [0.894550621509552, 0.18231241405010223, 0.05366157367825508], "bboxes": [[258.15325927734375, 177.96890258789062, 513.5907592773438, 748.0203857421875], [262.2547302246094, 466.5921630859375, 503.4855041503906, 767.314208984375], [315.06689453125, 378.7919921875, 405.0242919921875, 489.29248046875]]}