{"labels": [0, 0, 0], "scores": [0.9893273115158081, 0.9729359745979309, 0.2598503828048706], "bboxes": [[13.772216796875, 290.116943359375, 497.50018310546875, 770.56982421875], [468.30224609375, 30.7923583984375, 796.6158447265625, 618.9259033203125], [17.443939208984375, 8.669342041015625, 785.6571044921875, 766.685302734375]]}