{"labels": [0, 0], "scores": [0.99774569272995, 0.3209494352340698], "bboxes": [[8.75341796875, 58.5845947265625, 776.0953979492188, 748.3494873046875], [137.56387329101562, 386.43341064453125, 604.2628173828125, 730.6651000976562]]}