{"labels": [0, 0], "scores": [0.9943872690200806, 0.9938971400260925], "bboxes": [[0.0, 259.8215637207031, 537.7495727539062, 783.4156494140625], [214.99472045898438, 27.87493896484375, 795.4176025390625, 706.26123046875]]}