{"labels": [0, 0, 0], "scores": [0.9986525774002075, 0.6458843350410461, 0.052661340683698654], "bboxes": [[90.19485473632812, 368.7721252441406, 688.759033203125, 758.709716796875], [254.86441040039062, 230.17698669433594, 303.6167297363281, 377.53900146484375], [152.3605194091797, 234.50714111328125, 197.8819122314453, 374.64862060546875]]}