{"labels": [0], "scores": [0.9902682900428772], "bboxes": [[301.7447509765625, 36.37506103515625, 496.24432373046875, 792.9953002929688]]}