{"labels": [0, 0, 0], "scores": [0.9776384234428406, 0.23182064294815063, 0.05886966735124588], "bboxes": [[91.741943359375, 100.26217651367188, 791.0804443359375, 741.5789794921875], [109.11045837402344, 189.53182983398438, 450.95892333984375, 735.8421630859375], [179.1279296875, 92.23100280761719, 793.5685424804688, 429.33087158203125]]}