{"labels": [0], "scores": [0.9980466365814209], "bboxes": [[166.952392578125, 46.91217041015625, 636.0955200195312, 763.7861328125]]}