{"labels": [0], "scores": [0.9945104122161865], "bboxes": [[203.3074493408203, 37.5009765625, 668.4909057617188, 789.5448608398438]]}