{"labels": [0, 0, 0, 0, 0], "scores": [0.9914851784706116, 0.7960279583930969, 0.0883985310792923, 0.0793486088514328, 0.057643305510282516], "bboxes": [[166.00900268554688, 17.28656005859375, 739.1751708984375, 743.0571899414062], [2.0434646606445312, 570.990478515625, 180.90127563476562, 793.88134765625], [156.55133056640625, 659.0288696289062, 737.4411010742188, 780.6528930664062], [179.80743408203125, 409.8365478515625, 646.8483276367188, 694.564697265625], [158.11981201171875, 530.7926025390625, 753.0303955078125, 771.7022705078125]]}