{"labels": [0, 0, 0, 0, 0, 0, 0, 0], "scores": [0.9358962178230286, 0.8852680325508118, 0.4735332429409027, 0.19279125332832336, 0.10611981898546219, 0.10298047959804535, 0.10254054516553879, 0.09500990062952042], "bboxes": [[0.0, 15.123077392578125, 788.576416015625, 800.0], [0.7892303466796875, 0.0, 189.51486206054688, 173.072509765625], [238.40809631347656, 319.94952392578125, 652.5450439453125, 681.4841918945312], [19.661422729492188, 159.79672241210938, 498.12255859375, 541.9873046875], [10.979888916015625, 537.7421875, 359.2931213378906, 798.098388671875], [212.8726806640625, 266.9339904785156, 786.5504150390625, 793.9788818359375], [151.20108032226562, 12.732009887695312, 737.3836669921875, 440.36737060546875], [7.58416748046875, 300.5423583984375, 576.2654418945312, 792.22021484375]]}