{"labels": [0], "scores": [0.9977286458015442], "bboxes": [[2.6303844451904297, 119.74166107177734, 682.0755615234375, 584.3203125]]}