{"labels": [0, 0], "scores": [0.9889937043190002, 0.11081884801387787], "bboxes": [[0.0, 224.96388244628906, 798.2576293945312, 652.0472412109375], [0.0, 224.22955322265625, 800.0, 398.24462890625]]}