{"labels": [0, 0, 0, 0, 0], "scores": [0.9820175766944885, 0.17087171971797943, 0.07403675466775894, 0.07098139077425003, 0.06870224326848984], "bboxes": [[82.98892211914062, 58.261016845703125, 778.0849609375, 744.6988525390625], [389.0133361816406, 67.23709106445312, 593.335205078125, 596.96484375], [8.480316162109375, 253.57064819335938, 214.50689697265625, 475.0902404785156], [128.28384399414062, 151.1903533935547, 359.8592834472656, 553.042724609375], [115.259765625, 141.85939025878906, 552.271240234375, 603.9699096679688]]}