{"labels": [0, 0], "scores": [0.9967969059944153, 0.10139389336109161], "bboxes": [[192.79461669921875, 75.74282836914062, 491.8072509765625, 764.5528564453125], [158.74664306640625, 721.4290161132812, 437.6134948730469, 859.1848754882812]]}