{"labels": [0, 0], "scores": [0.996242880821228, 0.1948976069688797], "bboxes": [[25.987701416015625, 301.95050048828125, 771.2525634765625, 739.5014038085938], [246.57345581054688, 36.41294860839844, 547.4837646484375, 306.50494384765625]]}