{"labels": [0], "scores": [0.9995369911193848], "bboxes": [[22.053009033203125, 46.620208740234375, 791.8646240234375, 753.829345703125]]}