{"labels": [0, 0, 0], "scores": [0.9985911250114441, 0.3526298999786377, 0.05441301688551903], "bboxes": [[141.89190673828125, 0.0, 580.7817993164062, 495.8448486328125], [14.753509521484375, 499.10333251953125, 680.2406005859375, 798.5593872070312], [115.96189880371094, 545.0875854492188, 472.8642578125, 799.5170288085938]]}