{"labels": [0, 0], "scores": [0.9835277199745178, 0.9497326612472534], "bboxes": [[196.8787078857422, 54.578033447265625, 650.930908203125, 680.966552734375], [302.6655578613281, 349.836181640625, 690.6434326171875, 738.63916015625]]}