{"labels": [0], "scores": [0.9984707236289978], "bboxes": [[56.491119384765625, 212.90762329101562, 750.2154541015625, 567.9639892578125]]}