{"labels": [0, 0, 0, 0], "scores": [0.9960302710533142, 0.8612213134765625, 0.13213029503822327, 0.08700703829526901], "bboxes": [[47.438018798828125, 292.6083068847656, 644.6976318359375, 701.31005859375], [485.3610534667969, 610.2611083984375, 720.5010375976562, 718.5042724609375], [0.0, 9.059684753417969, 309.84271240234375, 157.09002685546875], [0.8003082275390625, 172.71583557128906, 291.431396484375, 522.2051391601562]]}