{"labels": [0, 0], "scores": [0.9696444869041443, 0.07565134763717651], "bboxes": [[28.84991455078125, 165.92799377441406, 767.141357421875, 602.53076171875], [29.142333984375, 219.9208526611328, 468.0566101074219, 586.6331176757812]]}