{"labels": [0, 0], "scores": [0.9933624267578125, 0.10272955894470215], "bboxes": [[353.4935607910156, 90.62057495117188, 415.4941101074219, 760.032958984375], [182.1736297607422, 73.82672119140625, 650.599609375, 781.7799682617188]]}