{"labels": [0, 0, 0, 0, 0, 0, 0, 0, 0, 0, 0, 0, 0, 0, 0, 0], "scores": [0.4677554965019226, 0.2657707631587982, 0.23300838470458984, 0.21494905650615692, 0.2089170664548874, 0.1927439421415329, 0.1628619283437729, 0.15792560577392578, 0.15551963448524475, 0.1418023705482483, 0.13230764865875244, 0.11606636643409729, 0.11396420001983643, 0.10921195894479752, 0.07919114828109741, 0.07386450469493866], "bboxes": [[341.6063537597656, 596.443115234375, 384.5498352050781, 704.586669921875], [480.11065673828125, 596.17578125, 519.0513305664062, 705.272705078125], [141.4264678955078, 599.4068603515625, 181.40110778808594, 706.06005859375], [545.8737182617188, 596.865966796875, 588.3268432617188, 706.26220703125], [17.1884765625, 55.999114990234375, 759.4474487304688, 762.27734375], [73.66616821289062, 597.2305908203125, 113.72285461425781, 705.009033203125], [279.1273498535156, 598.638427734375, 320.5126037597656, 704.60888671875], [409.2197570800781, 595.6925048828125, 452.5626525878906, 700.93115234375], [477.4568786621094, 442.86920166015625, 519.46240234375, 551.2018432617188], [211.28582763671875, 598.1466064453125, 245.7183837890625, 705.7548828125], [677.5888061523438, 444.9605712890625, 716.1566772460938, 550.6294555664062], [547.606201171875, 442.19635009765625, 585.126708984375, 548.4871826171875], [614.09130859375, 444.67510986328125, 653.0184326171875, 549.924560546875], [687.2685546875, 600.6864624023438, 725.1851806640625, 706.6194458007812], [97.42962646484375, 68.85420989990234, 716.0328979492188, 147.2537841796875], [619.9039916992188, 598.9376220703125, 660.6845092773438, 705.310546875]]}