{"labels": [0, 0], "scores": [0.9955045580863953, 0.9951011538505554], "bboxes": [[488.740478515625, 105.64300537109375, 718.0560302734375, 746.1385498046875], [72.22264099121094, 50.785614013671875, 466.06756591796875, 763.0648193359375]]}