{"labels": [0, 0], "scores": [0.9598618745803833, 0.07735160738229752], "bboxes": [[82.4091796875, 75.02059936523438, 651.9906005859375, 748.896728515625], [148.98301696777344, 96.68362426757812, 522.5897827148438, 566.7313842773438]]}