{"labels": [0], "scores": [0.9994262456893921], "bboxes": [[0.0, 127.16278076171875, 793.6978759765625, 716.9158325195312]]}