{"labels": [0], "scores": [0.9956493973731995], "bboxes": [[214.16465759277344, 56.42091751098633, 464.0616760253906, 793.7739868164062]]}