{"labels": [0, 0, 0], "scores": [0.9936625957489014, 0.9936495423316956, 0.9540451765060425], "bboxes": [[185.1262664794922, 171.4754638671875, 552.550048828125, 554.0458984375], [444.345458984375, 337.04290771484375, 784.9951171875, 672.5235595703125], [22.915573120117188, 438.40008544921875, 444.92236328125, 675.0807495117188]]}