{"labels": [0, 0, 0, 0], "scores": [0.9916541576385498, 0.9907688498497009, 0.97913658618927, 0.9789864420890808], "bboxes": [[414.4549865722656, 189.25538635253906, 564.191162109375, 696.2528076171875], [228.103759765625, 185.16525268554688, 384.1143798828125, 702.8258056640625], [599.9698486328125, 181.17352294921875, 748.9285888671875, 695.8331909179688], [46.60950469970703, 191.63311767578125, 199.43792724609375, 700.0404663085938]]}