{"labels": [0, 0, 0], "scores": [0.9820978045463562, 0.34214574098587036, 0.08473459631204605], "bboxes": [[0.0, 0.0, 800.0, 799.313720703125], [495.0855712890625, 485.1510314941406, 701.5010986328125, 737.439453125], [271.2599792480469, 465.698974609375, 595.4212646484375, 798.0494384765625]]}