{"labels": [0, 0, 0], "scores": [0.9954097867012024, 0.9846134185791016, 0.1802796870470047], "bboxes": [[76.89311218261719, 120.47920227050781, 497.99493408203125, 604.16064453125], [515.7191162109375, 54.132537841796875, 771.7490234375, 787.9697265625], [84.96589660644531, 603.8323364257812, 410.541259765625, 773.6560668945312]]}