{"labels": [0, 0, 0, 0, 0, 0, 0, 0, 0], "scores": [0.9987138509750366, 0.9940640330314636, 0.9301024675369263, 0.8698541522026062, 0.5707369446754456, 0.22038377821445465, 0.08369623869657516, 0.0812559723854065, 0.05944565683603287], "bboxes": [[475.36810302734375, 167.60028076171875, 720.2564086914062, 412.74359130859375], [78.20906066894531, 167.96197509765625, 371.2998046875, 761.8209838867188], [404.6087951660156, 400.4864807128906, 603.9078369140625, 794.5301513671875], [561.99951171875, 517.4939575195312, 777.8023681640625, 661.6325073242188], [265.93096923828125, 310.6748962402344, 445.69244384765625, 586.968017578125], [187.3539581298828, 311.09710693359375, 445.8521728515625, 756.7548217773438], [307.293701171875, 340.4426574707031, 729.407958984375, 799.156494140625], [519.56787109375, 425.58587646484375, 774.69677734375, 691.8859252929688], [358.5657958984375, 425.4815673828125, 521.3360595703125, 796.7054443359375]]}