{"labels": [0, 0], "scores": [0.9886268973350525, 0.0869535282254219], "bboxes": [[103.70913696289062, 163.5809326171875, 690.2547607421875, 782.0396728515625], [0.0, 207.8824920654297, 375.7320251464844, 674.8482055664062]]}