{"labels": [0, 0, 0, 0, 0, 0], "scores": [0.9783105850219727, 0.8276615738868713, 0.4046626091003418, 0.3726620376110077, 0.20722995698451996, 0.0700157880783081], "bboxes": [[34.220123291015625, 449.43292236328125, 790.8638916015625, 800.0], [132.1688232421875, 369.6484680175781, 333.4809875488281, 528.8131103515625], [209.45924377441406, 63.51600646972656, 421.56121826171875, 265.16192626953125], [439.39434814453125, 259.21435546875, 716.1420288085938, 535.0908203125], [429.71160888671875, 414.3493957519531, 736.0175170898438, 548.18310546875], [487.77752685546875, 265.53955078125, 659.6229858398438, 482.11859130859375]]}