{"labels": [0, 0], "scores": [0.9986514449119568, 0.14702995121479034], "bboxes": [[57.05657958984375, 354.4354248046875, 761.4244384765625, 759.81201171875], [180.6669464111328, 0.0, 603.3683471679688, 410.46954345703125]]}