{"labels": [0, 0], "scores": [0.9945017099380493, 0.97918701171875], "bboxes": [[55.428741455078125, 54.254852294921875, 534.857421875, 590.391357421875], [334.6100769042969, 356.0302734375, 724.11376953125, 742.4835205078125]]}