{"labels": [0, 0, 0], "scores": [0.9903624653816223, 0.1455385982990265, 0.10748028010129929], "bboxes": [[13.679443359375, 56.22686767578125, 800.0, 494.33251953125], [66.28671264648438, 73.84170532226562, 653.15185546875, 358.128173828125], [138.65643310546875, 467.820068359375, 772.6514282226562, 794.3123779296875]]}