{"labels": [0], "scores": [0.9986446499824524], "bboxes": [[71.29296875, 288.65924072265625, 721.6273193359375, 646.0211791992188]]}