{"labels": [0], "scores": [0.999530553817749], "bboxes": [[71.65189361572266, 25.15195083618164, 676.2669677734375, 885.5068359375]]}