{"labels": [0, 0, 0], "scores": [0.847207248210907, 0.5664904713630676, 0.5224171280860901], "bboxes": [[222.0629119873047, 118.04077911376953, 446.79388427734375, 795.1467895507812], [247.63429260253906, 331.65869140625, 408.28228759765625, 784.0100708007812], [228.37002563476562, 125.67643737792969, 454.5716857910156, 456.7672119140625]]}