{"labels": [0], "scores": [0.998053789138794], "bboxes": [[136.18637084960938, 416.26922607421875, 661.1109619140625, 636.9293823242188]]}