{"labels": [0, 0], "scores": [0.9937289953231812, 0.9633382558822632], "bboxes": [[46.63984680175781, 168.12954711914062, 408.395263671875, 686.76318359375], [401.30322265625, 162.98745727539062, 763.2744140625, 680.55859375]]}