{"labels": [0], "scores": [0.9985783100128174], "bboxes": [[78.1905517578125, 153.49781799316406, 745.67822265625, 625.1093139648438]]}