{"labels": [0], "scores": [0.9990099668502808], "bboxes": [[0.75738525390625, 81.84579467773438, 774.3336181640625, 791.865966796875]]}