{"labels": [0, 0, 0], "scores": [0.9868979454040527, 0.704608142375946, 0.219824880361557], "bboxes": [[1.40191650390625, 139.54241943359375, 775.305908203125, 716.9514770507812], [11.77325439453125, 250.97352600097656, 559.3858642578125, 655.4859619140625], [339.7320251464844, 97.03262329101562, 703.3282470703125, 713.159423828125]]}