{"labels": [0], "scores": [0.9995086193084717], "bboxes": [[82.77169799804688, 64.06069946289062, 754.046875, 741.515625]]}