{"labels": [0], "scores": [0.9992782473564148], "bboxes": [[13.369110107421875, 345.1512451171875, 789.646728515625, 644.2320556640625]]}