{"labels": [0, 0, 0, 0, 0, 0, 0, 0, 0, 0, 0, 0, 0, 0, 0, 0, 0, 0, 0, 0, 0, 0, 0, 0, 0, 0, 0], "scores": [0.9958264231681824, 0.9950643181800842, 0.992970883846283, 0.9925538897514343, 0.9893254041671753, 0.9880807399749756, 0.9879434704780579, 0.9875555634498596, 0.986420214176178, 0.9861328601837158, 0.9838255047798157, 0.9772205948829651, 0.975136399269104, 0.9737085103988647, 0.9723674058914185, 0.9720341563224792, 0.9672532081604004, 0.9646763205528259, 0.9536526203155518, 0.9531429409980774, 0.9511991143226624, 0.9228087067604065, 0.8856135606765747, 0.8175567388534546, 0.17454396188259125, 0.09897856414318085, 0.06016034632921219], "bboxes": [[67.85845184326172, 464.498046875, 128.94236755371094, 534.5033569335938], [539.5836791992188, 309.95208740234375, 656.2785034179688, 410.58154296875], [152.56558227539062, 523.9210205078125, 244.90682983398438, 625.971923828125], [313.0976867675781, 417.6734313964844, 402.4649353027344, 505.4723815917969], [539.415283203125, 423.4002685546875, 653.478271484375, 524.2682495117188], [315.6265563964844, 315.2280578613281, 397.5355529785156, 398.2218322753906], [251.49610900878906, 417.4485168457031, 310.02301025390625, 519.064208984375], [239.72555541992188, 321.2047119140625, 320.7849426269531, 400.70306396484375], [180.30209350585938, 187.8452606201172, 247.4515380859375, 267.2626953125], [129.54632568359375, 295.33575439453125, 186.61846923828125, 362.6470947265625], [540.931396484375, 163.24847412109375, 636.0675048828125, 290.85430908203125], [541.3998413085938, 547.3156127929688, 649.9473266601562, 714.1661987304688], [413.5935974121094, 421.74664306640625, 517.6278076171875, 575.0177001953125], [71.03411865234375, 385.54827880859375, 122.89230346679688, 451.04888916015625], [660.5783081054688, 352.10784912109375, 767.4445190429688, 492.38531494140625], [659.661865234375, 517.6754760742188, 795.662109375, 630.2783813476562], [188.95343017578125, 278.6563415527344, 242.95709228515625, 372.7666320800781], [19.342601776123047, 308.7489013671875, 68.56001281738281, 370.42364501953125], [19.53951644897461, 385.6739501953125, 69.31092834472656, 493.18402099609375], [241.21827697753906, 131.93890380859375, 403.199462890625, 305.955322265625], [126.98147583007812, 380.4185791015625, 243.50970458984375, 520.0003051757812], [404.2469482421875, 152.83761596679688, 542.8021240234375, 402.7946472167969], [661.8076171875, 223.49942016601562, 794.2471923828125, 336.2676696777344], [68.14240264892578, 262.467041015625, 128.2021026611328, 376.01568603515625], [0.0, 106.51031494140625, 773.479736328125, 791.40380859375], [135.5872039794922, 283.2998352050781, 211.03392028808594, 370.0264587402344], [90.0217056274414, 275.2543640136719, 164.93563842773438, 371.7277526855469]]}