{"labels": [0, 0], "scores": [0.9905534386634827, 0.15269826352596283], "bboxes": [[67.09304809570312, 252.03433227539062, 661.5900268554688, 850.6617431640625], [205.45526123046875, 253.44825744628906, 542.9027099609375, 642.9877319335938]]}