{"labels": [0, 0], "scores": [0.9893196821212769, 0.19723913073539734], "bboxes": [[14.866607666015625, 93.00503540039062, 800.0, 740.0799560546875], [0.0, 94.68099975585938, 368.00921630859375, 727.0240478515625]]}