{"labels": [0], "scores": [0.9979879856109619], "bboxes": [[162.68492126464844, 126.34613037109375, 639.2470092773438, 687.3060913085938]]}