{"labels": [0, 0, 0], "scores": [0.9952728152275085, 0.3231538236141205, 0.07199174165725708], "bboxes": [[0.0, 24.035743713378906, 695.4893798828125, 890.5868530273438], [125.07521057128906, 230.0931396484375, 564.3159790039062, 875.8197021484375], [0.0, 75.6052017211914, 318.9201354980469, 882.1060180664062]]}