{"labels": [0], "scores": [0.9974279999732971], "bboxes": [[0.0, 158.8369903564453, 800.0, 620.0913696289062]]}