{"labels": [0], "scores": [0.9989824891090393], "bboxes": [[11.999664306640625, 109.18508911132812, 783.6219482421875, 726.7215576171875]]}