{"labels": [0, 0], "scores": [0.9977158308029175, 0.9879817366600037], "bboxes": [[26.494903564453125, 68.09867858886719, 577.6590576171875, 565.8157348632812], [330.53668212890625, 362.69256591796875, 764.4164428710938, 771.0330200195312]]}