{"labels": [0], "scores": [0.9994992017745972], "bboxes": [[37.088623046875, 50.008880615234375, 764.8840942382812, 791.7481689453125]]}