{"labels": [0, 0, 0, 0, 0, 0, 0, 0], "scores": [0.9922758936882019, 0.9813910722732544, 0.9202772974967957, 0.915511965751648, 0.6283911466598511, 0.6052044630050659, 0.1473943293094635, 0.10363734513521194], "bboxes": [[306.78057861328125, 531.42236328125, 570.2789916992188, 714.2218017578125], [557.35498046875, 529.7369995117188, 741.386474609375, 695.8654174804688], [86.16069030761719, 502.72454833984375, 308.10687255859375, 677.5484008789062], [272.7340393066406, 254.36361694335938, 517.143798828125, 533.8009033203125], [45.08623504638672, 235.2051544189453, 294.6578063964844, 600.9807739257812], [548.9968872070312, 242.3212127685547, 729.6499633789062, 521.5737915039062], [530.99462890625, 187.32901000976562, 741.332763671875, 700.251220703125], [438.8658142089844, 208.82568359375, 620.3328247070312, 631.2667236328125]]}