{"labels": [0], "scores": [0.9991804957389832], "bboxes": [[8.48602294921875, 208.1050567626953, 800.0, 652.712646484375]]}