{"labels": [0, 0, 0, 0, 0, 0, 0, 0, 0], "scores": [0.9464252591133118, 0.864104151725769, 0.8306332230567932, 0.7500515580177307, 0.4669284522533417, 0.16637423634529114, 0.1339830458164215, 0.11902039498090744, 0.07411626726388931], "bboxes": [[522.923095703125, 196.70484924316406, 645.14208984375, 574.080810546875], [368.18621826171875, 182.81924438476562, 557.4645385742188, 592.2406005859375], [157.93606567382812, 419.19482421875, 423.9164123535156, 675.9576416015625], [4.876091003417969, 68.23965454101562, 192.14581298828125, 671.794677734375], [0.09716796875, 21.787261962890625, 796.2241821289062, 669.186279296875], [438.3463439941406, 179.14385986328125, 625.779052734375, 588.7205200195312], [38.15959167480469, 64.1099853515625, 414.14642333984375, 664.1432495117188], [252.04776000976562, 163.481201171875, 521.972412109375, 588.22802734375], [627.9227294921875, 279.8251037597656, 768.849365234375, 606.8662109375]]}