{"labels": [0], "scores": [0.9941527247428894], "bboxes": [[52.94366455078125, 405.6318359375, 767.2437744140625, 659.106201171875]]}