{"labels": [0], "scores": [0.9939056038856506], "bboxes": [[293.817138671875, 29.3443603515625, 474.90631103515625, 765.4974975585938]]}