{"labels": [0], "scores": [0.9952985644340515], "bboxes": [[64.75411987304688, 156.43161010742188, 631.8966064453125, 631.3348388671875]]}