{"labels": [0, 0], "scores": [0.9665533304214478, 0.23436348140239716], "bboxes": [[103.07211303710938, 70.6810302734375, 687.65625, 715.4111938476562], [202.63121032714844, 261.17877197265625, 610.048583984375, 553.19384765625]]}