{"labels": [0], "scores": [0.9987334609031677], "bboxes": [[59.55204391479492, 249.41220092773438, 645.5070190429688, 794.5699462890625]]}