{"labels": [0], "scores": [0.9945878982543945], "bboxes": [[19.636016845703125, 240.35557556152344, 745.3797607421875, 667.2108764648438]]}