{"labels": [0], "scores": [0.9985265731811523], "bboxes": [[42.96221923828125, 208.09896850585938, 748.4075927734375, 660.6046142578125]]}