{"labels": [0, 0, 0, 0], "scores": [0.8793150782585144, 0.6771209836006165, 0.38016384840011597, 0.08402188867330551], "bboxes": [[423.352294921875, 174.95765686035156, 794.7906494140625, 528.2282104492188], [5.441497802734375, 261.8993835449219, 460.93487548828125, 529.4649658203125], [108.30418395996094, 491.98345947265625, 454.3953857421875, 607.5730590820312], [111.9575424194336, 287.1939392089844, 297.9312438964844, 454.8976745605469]]}