{"labels": [0], "scores": [0.9959881901741028], "bboxes": [[214.96383666992188, 159.8813934326172, 555.2091674804688, 855.3656005859375]]}