{"labels": [0], "scores": [0.9964338541030884], "bboxes": [[113.81040954589844, 366.8802490234375, 546.63330078125, 771.6243896484375]]}