{"labels": [0], "scores": [0.9991850256919861], "bboxes": [[16.188934326171875, 152.3253631591797, 800.0, 657.01904296875]]}