{"labels": [0], "scores": [0.9976922273635864], "bboxes": [[134.83016967773438, 113.53802490234375, 650.230224609375, 627.5342407226562]]}