{"labels": [0, 0, 0], "scores": [0.9137099981307983, 0.8782111406326294, 0.3882790803909302], "bboxes": [[182.20889282226562, 400.1468200683594, 626.6446533203125, 721.8153076171875], [231.15187072753906, 383.517333984375, 561.5551147460938, 557.4425659179688], [363.1593017578125, 260.0164794921875, 733.713134765625, 450.575439453125]]}