{"labels": [0, 0, 0], "scores": [0.9995518326759338, 0.22488029301166534, 0.08024796843528748], "bboxes": [[24.015670776367188, 16.68762969970703, 670.6475219726562, 699.0994873046875], [619.482421875, 0.0, 669.7408447265625, 639.3328857421875], [571.8182373046875, 10.501051902770996, 664.8335571289062, 660.4505004882812]]}