{"labels": [0], "scores": [0.9988186955451965], "bboxes": [[29.73773193359375, 108.09396362304688, 730.6817016601562, 771.140380859375]]}