{"labels": [0], "scores": [0.9977476000785828], "bboxes": [[237.88731384277344, 247.27450561523438, 676.9323120117188, 768.0931396484375]]}