{"labels": [0, 0, 0, 0, 0], "scores": [0.8342022895812988, 0.8246514797210693, 0.7626515030860901, 0.16437005996704102, 0.11738239973783493], "bboxes": [[496.61212158203125, 8.4290771484375, 587.4901733398438, 438.06219482421875], [171.8274383544922, 93.98385620117188, 629.1964111328125, 800.0], [216.053466796875, 119.21527099609375, 438.2371826171875, 416.86883544921875], [238.62997436523438, 106.75508880615234, 417.5111999511719, 305.5432434082031], [201.670654296875, 26.829727172851562, 611.687744140625, 507.75762939453125]]}