{"labels": [0, 0, 0], "scores": [0.996000349521637, 0.09251678735017776, 0.08262235671281815], "bboxes": [[17.6253662109375, 95.05203247070312, 794.3992919921875, 662.80126953125], [29.2083740234375, 27.590377807617188, 799.5551147460938, 310.96575927734375], [403.99920654296875, 0.0, 792.9275512695312, 251.25787353515625]]}