{"labels": [0, 0, 0], "scores": [0.9813708662986755, 0.6325815916061401, 0.15669699013233185], "bboxes": [[222.2008514404297, 55.448089599609375, 567.1803588867188, 778.5499267578125], [40.57196044921875, 183.82559204101562, 178.2646026611328, 758.8095703125], [544.791748046875, 29.98602294921875, 799.3245849609375, 790.94677734375]]}