{"labels": [0, 0], "scores": [0.9961968660354614, 0.5798911452293396], "bboxes": [[292.5167541503906, 463.2451171875, 508.5266418457031, 586.2408447265625], [225.8265838623047, 160.01002502441406, 561.5474243164062, 566.8924560546875]]}