{"labels": [0, 0, 0, 0], "scores": [0.8198818564414978, 0.6519266963005066, 0.5573267936706543, 0.11306051909923553], "bboxes": [[188.56101989746094, 107.52236938476562, 673.5143432617188, 781.485107421875], [202.97584533691406, 30.548171997070312, 503.72698974609375, 365.68695068359375], [190.6780548095703, 32.5400390625, 640.3138427734375, 481.78118896484375], [194.40969848632812, 433.63397216796875, 654.453369140625, 779.9760131835938]]}