{"labels": [0, 0, 0, 0, 0, 0], "scores": [0.970940113067627, 0.46739110350608826, 0.41154977679252625, 0.1309395283460617, 0.06154660880565643, 0.055258698761463165], "bboxes": [[251.9337615966797, 76.97053527832031, 704.2747192382812, 457.82806396484375], [0.757171630859375, 207.56631469726562, 185.73130798339844, 800.0], [537.2423095703125, 488.66192626953125, 750.9112548828125, 712.0125122070312], [198.38693237304688, 163.83975219726562, 690.8336181640625, 618.15869140625], [188.98329162597656, 307.30877685546875, 562.7385864257812, 652.0343017578125], [171.50103759765625, 226.5703887939453, 418.0653076171875, 677.4759521484375]]}