{"labels": [0, 0], "scores": [0.9975785613059998, 0.09404102712869644], "bboxes": [[130.17352294921875, 101.09408569335938, 740.2596435546875, 590.0869140625], [0.0, 124.26252746582031, 227.06106567382812, 250.3109588623047]]}