{"labels": [0, 0], "scores": [0.9984909296035767, 0.050440166145563126], "bboxes": [[226.6734161376953, 186.39376831054688, 567.10986328125, 800.0], [0.0, 450.17889404296875, 135.6898193359375, 745.9808959960938]]}