{"labels": [0], "scores": [0.9983048439025879], "bboxes": [[10.39910888671875, 178.5507354736328, 800.0, 640.7803344726562]]}