{"labels": [0], "scores": [0.9936908483505249], "bboxes": [[219.12652587890625, 185.61514282226562, 576.889404296875, 800.0]]}