{"labels": [0], "scores": [0.998099148273468], "bboxes": [[111.41641235351562, 11.455474853515625, 700.6556396484375, 794.536865234375]]}