{"labels": [0, 0, 0, 0], "scores": [0.9918740391731262, 0.9819769859313965, 0.9770157337188721, 0.4395490884780884], "bboxes": [[0.0, 50.008148193359375, 452.0685119628906, 694.098876953125], [396.0448913574219, 123.80972290039062, 800.0, 710.8681640625], [211.7410125732422, 425.58154296875, 592.7529907226562, 779.923828125], [120.39967346191406, 137.97555541992188, 617.6411743164062, 766.876220703125]]}