{"labels": [0, 0], "scores": [0.9967729449272156, 0.7969291806221008], "bboxes": [[275.48724365234375, 69.12155151367188, 762.6000366210938, 742.7769775390625], [133.5562286376953, 509.8489990234375, 479.03094482421875, 751.9871826171875]]}