{"labels": [0, 0, 0, 0], "scores": [0.8975706100463867, 0.8691983222961426, 0.7256534099578857, 0.2844579219818115], "bboxes": [[144.1864013671875, 252.75042724609375, 566.2160034179688, 538.9666748046875], [184.923828125, 87.50106811523438, 596.2017822265625, 339.2212829589844], [232.43142700195312, 262.600830078125, 775.624755859375, 695.7015380859375], [16.2310791015625, 165.02523803710938, 698.78515625, 623.6329345703125]]}