{"labels": [0], "scores": [0.9998272061347961], "bboxes": [[0.0, 10.582511901855469, 700.0, 896.0]]}