{"labels": [0], "scores": [0.996355414390564], "bboxes": [[92.77449035644531, 212.99517822265625, 599.4445190429688, 800.0]]}