{"labels": [0, 0], "scores": [0.9977471232414246, 0.9916531443595886], "bboxes": [[55.57379150390625, 374.11065673828125, 776.498779296875, 728.8201293945312], [156.1129150390625, 78.39579772949219, 550.3175048828125, 449.79913330078125]]}