{"labels": [0], "scores": [0.9977881908416748], "bboxes": [[61.800384521484375, 106.77957153320312, 747.8165283203125, 746.8087158203125]]}