{"labels": [0, 0, 0, 0], "scores": [0.9967656135559082, 0.35772350430488586, 0.061191197484731674, 0.05015944689512253], "bboxes": [[4.27203369140625, 338.03436279296875, 692.4081420898438, 731.9111938476562], [324.5177307128906, 108.37544250488281, 650.447021484375, 263.74749755859375], [0.611724853515625, 539.603271484375, 588.5201416015625, 787.5828857421875], [624.27392578125, 468.8623046875, 781.469970703125, 633.5166015625]]}