{"labels": [0, 0, 0, 0, 0, 0, 0], "scores": [0.9415621757507324, 0.6885986328125, 0.44668295979499817, 0.35939568281173706, 0.26912635564804077, 0.06455222517251968, 0.05104232206940651], "bboxes": [[70.54257202148438, 440.0377502441406, 735.3253173828125, 718.6590576171875], [41.412628173828125, 166.68310546875, 737.462646484375, 754.6790771484375], [80.50277709960938, 142.97366333007812, 192.41668701171875, 296.99285888671875], [5.0196685791015625, 557.729248046875, 216.29331970214844, 758.240966796875], [242.71194458007812, 211.3697509765625, 479.4936218261719, 505.49365234375], [302.6610107421875, 187.7174835205078, 702.9376831054688, 669.1085205078125], [183.4954071044922, 209.63551330566406, 562.2716674804688, 578.831298828125]]}