{"labels": [0], "scores": [0.9951362013816833], "bboxes": [[34.710418701171875, 111.96087646484375, 783.18798828125, 727.9866943359375]]}