{"labels": [0], "scores": [0.9936226010322571], "bboxes": [[11.646514892578125, 212.1337890625, 790.0262451171875, 735.7607421875]]}