{"labels": [0, 0], "scores": [0.9903221726417542, 0.9524585008621216], "bboxes": [[299.3025207519531, 492.135498046875, 546.7208251953125, 635.8985595703125], [153.72640991210938, 139.73690795898438, 645.6220703125, 510.8944396972656]]}