{"labels": [0], "scores": [0.9991511106491089], "bboxes": [[0.0, 27.4146728515625, 693.9559936523438, 801.7744750976562]]}