{"labels": [0], "scores": [0.997271716594696], "bboxes": [[27.3536376953125, 281.0348815917969, 778.041748046875, 526.158935546875]]}