{"labels": [0, 0], "scores": [0.9979091286659241, 0.9975535273551941], "bboxes": [[85.07281494140625, 267.15985107421875, 390.4200744628906, 591.7968139648438], [379.6441345214844, 279.3480224609375, 705.86572265625, 593.3086547851562]]}