{"labels": [0], "scores": [0.9970811009407043], "bboxes": [[199.73294067382812, 67.40179443359375, 580.6197509765625, 659.0399780273438]]}