{"labels": [0, 0], "scores": [0.9953448176383972, 0.09613185375928879], "bboxes": [[88.70083618164062, 3.13653564453125, 689.6376953125, 792.5645141601562], [183.27346801757812, 353.0356750488281, 615.9892578125, 775.8271484375]]}