{"labels": [0], "scores": [0.9990653395652771], "bboxes": [[59.552337646484375, 71.60189819335938, 752.828125, 748.40869140625]]}