{"labels": [0], "scores": [0.9967038035392761], "bboxes": [[188.69381713867188, 79.86016845703125, 782.9822998046875, 749.8369750976562]]}