{"labels": [0], "scores": [0.9992157220840454], "bboxes": [[0.0, 62.079559326171875, 718.8248291015625, 800.0]]}