{"labels": [0], "scores": [0.9962005019187927], "bboxes": [[137.46759033203125, 90.28024291992188, 670.6952514648438, 727.6251220703125]]}