{"labels": [0, 0], "scores": [0.977157711982727, 0.8718403577804565], "bboxes": [[0.0, 2.944183349609375, 782.517333984375, 800.0], [0.0, 285.16455078125, 559.831298828125, 766.401611328125]]}