{"labels": [0, 0, 0, 0], "scores": [0.9398385882377625, 0.579940915107727, 0.10267911851406097, 0.0735093206167221], "bboxes": [[2.687469482421875, 195.17572021484375, 784.609130859375, 790.9014892578125], [21.052902221679688, 6.530731201171875, 486.018798828125, 761.8829345703125], [170.08151245117188, 445.5571594238281, 799.781005859375, 795.6495361328125], [1.0219192504882812, 4.3892364501953125, 244.65032958984375, 234.61929321289062]]}