{"labels": [0, 0, 0], "scores": [0.98446124792099, 0.24217885732650757, 0.14990603923797607], "bboxes": [[0.0, 243.59033203125, 558.968994140625, 798.2447509765625], [358.171875, 303.9384765625, 656.4805908203125, 800.0], [406.12506103515625, 349.4200744628906, 653.7001342773438, 554.7422485351562]]}