{"labels": [0, 0], "scores": [0.9969286322593689, 0.9378014802932739], "bboxes": [[103.75848388671875, 303.0013427734375, 721.9690551757812, 684.4947509765625], [206.25042724609375, 203.57411193847656, 588.8267211914062, 367.3282470703125]]}