{"labels": [0], "scores": [0.9888355135917664], "bboxes": [[91.52885437011719, 212.80526733398438, 537.9412841796875, 857.9932861328125]]}