{"labels": [0, 0, 0, 0], "scores": [0.9770613312721252, 0.9564132690429688, 0.09573490172624588, 0.052947260439395905], "bboxes": [[119.34454345703125, 65.77359008789062, 685.5048828125, 657.579345703125], [131.59344482421875, 273.345458984375, 456.8017578125, 431.05816650390625], [124.95634460449219, 89.66378784179688, 604.0392456054688, 438.6584777832031], [85.31776428222656, 580.6226806640625, 197.99024963378906, 800.0]]}