{"labels": [0], "scores": [0.9985722303390503], "bboxes": [[129.5872802734375, 3.11273193359375, 670.350830078125, 800.0]]}