{"labels": [0, 0, 0, 0], "scores": [0.9978616833686829, 0.9853290915489197, 0.5258433222770691, 0.05283603072166443], "bboxes": [[250.47735595703125, 242.1887664794922, 794.3562622070312, 744.501708984375], [2.1016845703125, 130.6864013671875, 353.5986328125, 496.419189453125], [118.55290985107422, 561.5771484375, 255.27865600585938, 665.70751953125], [0.446624755859375, 119.29287719726562, 534.4796142578125, 714.450927734375]]}