{"labels": [0, 0, 0], "scores": [0.9551853537559509, 0.2072458565235138, 0.09526572376489639], "bboxes": [[213.49937438964844, 197.14743041992188, 536.76123046875, 420.0695495605469], [100.12802124023438, 147.27267456054688, 558.6209716796875, 669.58251953125], [47.964820861816406, 142.32870483398438, 205.15011596679688, 669.0975341796875]]}