{"labels": [0, 0, 0, 0, 0], "scores": [0.9925352334976196, 0.8886394500732422, 0.4431028664112091, 0.093109630048275, 0.05299641937017441], "bboxes": [[182.24575805664062, 286.24700927734375, 765.36181640625, 749.5700073242188], [77.52302551269531, 89.92741394042969, 504.726806640625, 448.5687255859375], [178.1042938232422, 164.98974609375, 406.2314453125, 355.03155517578125], [89.33853149414062, 85.42105102539062, 675.1287841796875, 650.416748046875], [139.33155822753906, 196.69834899902344, 503.64971923828125, 591.43505859375]]}