{"labels": [0, 0, 0], "scores": [0.9674041271209717, 0.48218435049057007, 0.3621315360069275], "bboxes": [[93.02432250976562, 126.02726745605469, 690.839599609375, 609.2586059570312], [95.22314453125, 165.88482666015625, 285.5180358886719, 616.8405151367188], [275.56793212890625, 119.99223327636719, 523.2839965820312, 581.2576904296875]]}