{"labels": [0], "scores": [0.9924339056015015], "bboxes": [[34.77008056640625, 127.64013671875, 744.8491821289062, 724.3527221679688]]}