{"labels": [0, 0], "scores": [0.9862108826637268, 0.4584847390651703], "bboxes": [[89.57913208007812, 190.12725830078125, 721.96240234375, 740.1121826171875], [3.9319915771484375, 308.4190368652344, 347.1536865234375, 799.0684814453125]]}