{"labels": [0, 0, 0, 0], "scores": [0.9606932401657104, 0.8284227848052979, 0.13180600106716156, 0.054737746715545654], "bboxes": [[583.4334716796875, 337.616455078125, 756.852783203125, 618.6421508789062], [0.0, 395.7142333984375, 763.316650390625, 799.630126953125], [227.44265747070312, 388.9501037597656, 346.9051208496094, 524.3204345703125], [4.495868682861328, 95.36732482910156, 130.21812438964844, 244.4993133544922]]}