{"labels": [0], "scores": [0.9992884397506714], "bboxes": [[15.735198974609375, 13.00323486328125, 792.24267578125, 795.6397094726562]]}