{"labels": [0], "scores": [0.9988088607788086], "bboxes": [[20.298065185546875, 229.42396545410156, 778.911376953125, 608.8273315429688]]}