{"labels": [0], "scores": [0.9969051480293274], "bboxes": [[52.66203308105469, 77.71814727783203, 480.1124572753906, 789.209228515625]]}