{"labels": [0], "scores": [0.9901844263076782], "bboxes": [[289.1194763183594, 1.529937744140625, 532.7818603515625, 690.996337890625]]}