{"labels": [0, 0], "scores": [0.9873900413513184, 0.0828222930431366], "bboxes": [[324.56707763671875, 310.6341552734375, 791.0106811523438, 505.8477783203125], [309.134521484375, 35.90879821777344, 567.8687744140625, 283.019287109375]]}