{"labels": [0, 0], "scores": [0.9857928156852722, 0.07008145749568939], "bboxes": [[202.21205139160156, 110.06515502929688, 561.6678466796875, 712.4881591796875], [236.57601928710938, 145.87417602539062, 482.0542907714844, 339.300048828125]]}