{"labels": [0, 0, 0, 0, 0], "scores": [0.9492408037185669, 0.91650390625, 0.34012314677238464, 0.19004833698272705, 0.09366437047719955], "bboxes": [[203.31622314453125, 345.40924072265625, 788.8162231445312, 799.8931274414062], [1.717437744140625, 54.36085510253906, 519.7691650390625, 415.79388427734375], [0.0, 87.01699829101562, 758.68896484375, 774.01806640625], [607.3682250976562, 65.74519348144531, 800.0, 346.8248291015625], [282.9772644042969, 453.04638671875, 435.3995056152344, 589.1680908203125]]}