{"labels": [0], "scores": [0.998744010925293], "bboxes": [[105.7933349609375, 36.416412353515625, 685.3764038085938, 773.4158935546875]]}