{"labels": [0], "scores": [0.9984460473060608], "bboxes": [[150.2788543701172, 210.2247772216797, 622.5194702148438, 657.4424438476562]]}