{"labels": [0], "scores": [0.9984965324401855], "bboxes": [[20.683807373046875, 32.749298095703125, 781.5440673828125, 783.7095947265625]]}