{"labels": [0, 0, 0], "scores": [0.9829119443893433, 0.9427457451820374, 0.054058562964200974], "bboxes": [[52.860748291015625, 188.2600860595703, 419.0528869628906, 649.2772216796875], [446.119384765625, 191.91986083984375, 787.5966796875, 640.2914428710938], [91.30343627929688, 171.87156677246094, 723.7587890625, 646.8294677734375]]}