{"labels": [0], "scores": [0.9980606436729431], "bboxes": [[170.98365783691406, 240.9043426513672, 531.2965698242188, 862.7733154296875]]}