{"labels": [0], "scores": [0.9950429201126099], "bboxes": [[101.11790466308594, 231.05038452148438, 697.0809326171875, 840.9523315429688]]}