{"labels": [0, 0], "scores": [0.9981659054756165, 0.665036678314209], "bboxes": [[0.58843994140625, 208.04074096679688, 475.8504943847656, 764.6180419921875], [13.102569580078125, 127.51861572265625, 771.2930908203125, 714.4506225585938]]}