{"labels": [0, 0], "scores": [0.9970892071723938, 0.16250339150428772], "bboxes": [[25.696075439453125, 53.453216552734375, 704.8544921875, 708.7677001953125], [472.6815185546875, 50.832923889160156, 598.4097900390625, 193.18109130859375]]}