{"labels": [0], "scores": [0.9997407793998718], "bboxes": [[0.0, 14.665355682373047, 699.8952026367188, 875.7947998046875]]}