{"labels": [0], "scores": [0.9982423782348633], "bboxes": [[40.30230712890625, 123.99639892578125, 744.13525390625, 654.3673095703125]]}