{"labels": [0], "scores": [0.9976527094841003], "bboxes": [[0.0, 0.0, 639.566162109375, 681.9940185546875]]}