{"labels": [0, 0], "scores": [0.9984153509140015, 0.06337064504623413], "bboxes": [[31.488922119140625, 181.98605346679688, 769.0460205078125, 785.7703857421875], [68.46849822998047, 0.0, 323.38616943359375, 450.99749755859375]]}