{"labels": [0, 0], "scores": [0.9946634769439697, 0.20215629041194916], "bboxes": [[50.993675231933594, 115.1514892578125, 270.25335693359375, 667.9586181640625], [367.2416687011719, 228.1068572998047, 766.792236328125, 676.9158325195312]]}