{"labels": [0, 0, 0, 0], "scores": [0.9950276017189026, 0.43342325091362, 0.35061559081077576, 0.08457792550325394], "bboxes": [[226.63568115234375, 123.7979736328125, 509.3016357421875, 765.2400512695312], [0.0, 97.43626403808594, 105.58515167236328, 335.4979248046875], [64.18360900878906, 129.51380920410156, 185.55108642578125, 283.42193603515625], [544.9039306640625, 187.38314819335938, 699.2029418945312, 284.26904296875]]}