{"labels": [0], "scores": [0.983022153377533], "bboxes": [[278.135986328125, 90.83969116210938, 529.3851928710938, 773.32177734375]]}