{"labels": [0, 0, 0, 0, 0], "scores": [0.9973123073577881, 0.29328736662864685, 0.20351244509220123, 0.19189925491809845, 0.06507345288991928], "bboxes": [[233.50782775878906, 32.171417236328125, 530.5731201171875, 735.1283569335938], [219.48492431640625, 740.0660400390625, 527.356689453125, 884.6027221679688], [1.0314254760742188, 136.23585510253906, 150.19686889648438, 677.6340942382812], [375.490234375, 739.1503295898438, 528.0538330078125, 885.202880859375], [222.58941650390625, 740.403564453125, 372.95318603515625, 880.8569946289062]]}