{"labels": [0, 0, 0, 0], "scores": [0.9923275113105774, 0.9871522784233093, 0.39984166622161865, 0.3053237497806549], "bboxes": [[0.844879150390625, 467.855712890625, 593.060791015625, 797.326904296875], [146.42935180664062, 40.058837890625, 779.8638916015625, 722.6332397460938], [343.7931213378906, 363.95623779296875, 618.6646728515625, 655.9755859375], [75.071044921875, 260.90106201171875, 677.5330200195312, 781.4009399414062]]}