{"labels": [0, 0], "scores": [0.9976028800010681, 0.7467778325080872], "bboxes": [[154.20680236816406, 146.37100219726562, 662.1664428710938, 799.349853515625], [364.8313293457031, 18.592205047607422, 487.2547302246094, 127.7779541015625]]}