{"labels": [0, 0, 0, 0, 0], "scores": [0.9986383318901062, 0.08392040431499481, 0.0788920521736145, 0.062202487140893936, 0.05750402808189392], "bboxes": [[18.00360107421875, 58.93865966796875, 794.1500854492188, 724.027587890625], [433.4667053222656, 87.77606964111328, 584.2275390625, 215.84954833984375], [1.6186370849609375, 188.43484497070312, 280.2733154296875, 412.5290222167969], [0.0, 125.10392761230469, 75.72299194335938, 261.95965576171875], [465.9903259277344, 203.87257385253906, 662.218994140625, 360.28912353515625]]}