{"labels": [0], "scores": [0.9633679389953613], "bboxes": [[138.332763671875, 18.377410888671875, 797.6473388671875, 739.875244140625]]}