{"labels": [0], "scores": [0.9992282390594482], "bboxes": [[12.030029296875, 0.0, 778.99462890625, 800.0]]}