{"labels": [0, 0, 0], "scores": [0.9964346885681152, 0.9887977242469788, 0.6068657636642456], "bboxes": [[57.9492301940918, 188.397216796875, 500.65850830078125, 804.7166748046875], [433.32421875, 342.53228759765625, 658.3443603515625, 862.587646484375], [412.8873596191406, 117.98731994628906, 636.400634765625, 243.01348876953125]]}