{"labels": [0], "scores": [0.9993420243263245], "bboxes": [[7.197998046875, 260.61212158203125, 794.9087524414062, 717.0960083007812]]}