{"labels": [0, 0, 0], "scores": [0.988160252571106, 0.9852746725082397, 0.40024659037590027], "bboxes": [[0.0, 259.2581787109375, 463.00469970703125, 762.1890258789062], [370.5774841308594, 272.5556945800781, 800.0, 789.4495849609375], [0.0, 509.1104736328125, 456.79669189453125, 738.2049560546875]]}