{"labels": [0, 0, 0, 0, 0], "scores": [0.9963538646697998, 0.5974728465080261, 0.48140108585357666, 0.11613599956035614, 0.060933273285627365], "bboxes": [[165.32901000976562, 114.2333755493164, 483.2431640625, 793.9540405273438], [417.3354187011719, 214.8988800048828, 632.5892944335938, 478.1112365722656], [381.0038146972656, 196.6300048828125, 637.6248779296875, 754.3264770507812], [388.71307373046875, 380.43408203125, 631.7256469726562, 670.0175170898438], [0.0, 341.1876220703125, 267.71337890625, 671.1828002929688]]}