{"labels": [0], "scores": [0.9962526559829712], "bboxes": [[47.6324462890625, 68.61093139648438, 531.250244140625, 745.2042236328125]]}