{"labels": [0, 0, 0], "scores": [0.9972413778305054, 0.8073504567146301, 0.07987231016159058], "bboxes": [[215.45233154296875, 31.601150512695312, 566.8757934570312, 770.1233520507812], [0.2768688201904297, 199.60662841796875, 150.05824279785156, 668.5148315429688], [184.0496368408203, 723.941650390625, 342.291748046875, 895.7457275390625]]}