{"labels": [0], "scores": [0.9992032647132874], "bboxes": [[31.102081298828125, 228.82681274414062, 774.672607421875, 610.15576171875]]}