{"labels": [0, 0], "scores": [0.9844873547554016, 0.22475457191467285], "bboxes": [[130.92233276367188, 370.051025390625, 605.0355224609375, 686.2047119140625], [39.64019775390625, 0.0, 562.8335571289062, 635.395751953125]]}