{"labels": [0], "scores": [0.9967355132102966], "bboxes": [[153.36949157714844, 170.986328125, 632.682373046875, 530.8506469726562]]}