{"labels": [0, 0, 0, 0], "scores": [0.9747503399848938, 0.464063823223114, 0.11705940216779709, 0.06275103241205215], "bboxes": [[156.1083984375, 123.33999633789062, 640.3740844726562, 882.7109375], [246.54763793945312, 463.9233093261719, 556.1946411132812, 874.7174072265625], [172.65533447265625, 145.13023376464844, 259.11138916015625, 315.5429992675781], [174.01930236816406, 128.53623962402344, 588.7984008789062, 534.658203125]]}