{"labels": [0, 0], "scores": [0.9766186475753784, 0.2099112719297409], "bboxes": [[85.29293823242188, 20.967742919921875, 713.7529296875, 800.0], [267.40966796875, 130.59500122070312, 709.7085571289062, 595.9290771484375]]}