{"labels": [0, 0, 0, 0, 0, 0, 0, 0, 0, 0], "scores": [0.9770101308822632, 0.42068949341773987, 0.3826126456260681, 0.2880514860153198, 0.19916103780269623, 0.16939549148082733, 0.11985040456056595, 0.10303252935409546, 0.08946897834539413, 0.07032454758882523], "bboxes": [[63.9271240234375, 171.66409301757812, 733.67138671875, 793.190673828125], [248.50868225097656, 440.03729248046875, 421.6065673828125, 544.8849487304688], [81.86854553222656, 426.7992858886719, 239.5542449951172, 523.3290405273438], [82.7213134765625, 336.6639099121094, 240.32550048828125, 431.3089294433594], [246.40048217773438, 534.6544189453125, 424.2698059082031, 642.8587646484375], [424.7771911621094, 551.3980102539062, 620.6544799804688, 672.6476440429688], [284.791015625, 358.156982421875, 729.6619873046875, 800.0], [82.31410217285156, 515.3720703125, 239.91807556152344, 614.26025390625], [190.7635498046875, 235.54541015625, 495.07452392578125, 739.0612182617188], [368.2547302246094, 0.0, 581.7872314453125, 188.11215209960938]]}