{"labels": [0, 0, 0], "scores": [0.99806147813797, 0.9250295162200928, 0.13917109370231628], "bboxes": [[142.9792938232422, 204.84471130371094, 458.20166015625, 847.7300415039062], [402.2349853515625, 261.71783447265625, 635.3930053710938, 500.104248046875], [420.7418212890625, 498.4857482910156, 633.3129272460938, 676.7189331054688]]}