{"labels": [0, 0], "scores": [0.9966967105865479, 0.9530489444732666], "bboxes": [[39.917236328125, 249.5347900390625, 680.1180419921875, 797.05126953125], [66.44183349609375, 99.35213470458984, 218.48989868164062, 319.7660217285156]]}