{"labels": [0, 0], "scores": [0.9848650693893433, 0.7121115922927856], "bboxes": [[131.00634765625, 11.684139251708984, 471.4261779785156, 763.9315185546875], [280.3359375, 656.3308715820312, 488.50457763671875, 888.39013671875]]}