{"labels": [0, 0], "scores": [0.9987245202064514, 0.059575729072093964], "bboxes": [[218.7294921875, 36.887237548828125, 590.3428955078125, 770.914794921875], [468.7140197753906, 603.2590942382812, 531.9259033203125, 659.4386596679688]]}