{"labels": [0], "scores": [0.9991258978843689], "bboxes": [[140.49468994140625, 190.27674865722656, 659.9662475585938, 896.0]]}