{"labels": [0], "scores": [0.996224045753479], "bboxes": [[168.82052612304688, 218.136962890625, 647.06396484375, 663.3341674804688]]}