{"labels": [0, 0], "scores": [0.9966625571250916, 0.9538938403129578], "bboxes": [[146.8363494873047, 58.70306396484375, 365.4832763671875, 782.04736328125], [355.9503173828125, 38.487030029296875, 668.9827880859375, 781.952880859375]]}