{"labels": [0, 0, 0, 0, 0, 0, 0, 0, 0], "scores": [0.7739382386207581, 0.7383197546005249, 0.7370219230651855, 0.7229085564613342, 0.5582385063171387, 0.4237978756427765, 0.09353470802307129, 0.08872124552726746, 0.08285153657197952], "bboxes": [[0.0, 42.884613037109375, 679.7808837890625, 749.4442138671875], [271.81329345703125, 137.46347045898438, 363.63812255859375, 746.6397705078125], [434.622314453125, 65.5035400390625, 545.7410888671875, 729.3908081054688], [544.0753173828125, 180.44119262695312, 643.0108642578125, 716.9625244140625], [365.718017578125, 85.44198608398438, 481.739501953125, 732.644775390625], [168.59364318847656, 94.08038330078125, 275.5486145019531, 752.8201293945312], [328.55377197265625, 58.676361083984375, 616.7618408203125, 740.0748291015625], [164.94557189941406, 51.34619140625, 482.7142333984375, 756.8739013671875], [106.91275787353516, 50.432769775390625, 328.4446105957031, 775.935302734375]]}