{"labels": [0, 0, 0, 0], "scores": [0.9956992864608765, 0.9870069026947021, 0.22459131479263306, 0.08942689001560211], "bboxes": [[22.784011840820312, 245.60260009765625, 462.4918212890625, 677.4891357421875], [362.7060546875, 230.64527893066406, 766.54931640625, 620.7516479492188], [198.4666290283203, 149.2233428955078, 530.6309814453125, 305.32232666015625], [110.26498413085938, 203.79986572265625, 719.0518798828125, 660.9901123046875]]}