{"labels": [0, 0, 0, 0], "scores": [0.97633957862854, 0.0784795805811882, 0.062219541519880295, 0.055105339735746384], "bboxes": [[240.0066680908203, 212.22076416015625, 577.2021484375, 679.7241821289062], [238.19891357421875, 393.6261901855469, 439.36553955078125, 709.869384765625], [160.52114868164062, 686.8233642578125, 366.3063049316406, 793.2891845703125], [4.218048095703125, 6.86370849609375, 519.5250244140625, 590.4773559570312]]}