{"labels": [0, 0], "scores": [0.9965921640396118, 0.8924005627632141], "bboxes": [[5.837371826171875, 132.74334716796875, 668.3465576171875, 687.9180297851562], [634.3038940429688, 310.2071228027344, 794.9702758789062, 645.9993896484375]]}