{"labels": [0, 0], "scores": [0.9974285960197449, 0.06557406485080719], "bboxes": [[33.84296417236328, 32.015472412109375, 658.93798828125, 832.3955688476562], [36.34189987182617, 172.0095977783203, 318.08154296875, 867.591552734375]]}