{"labels": [0, 0], "scores": [0.995812714099884, 0.9920483231544495], "bboxes": [[38.387176513671875, 6.0970458984375, 502.6289367675781, 800.0], [490.08270263671875, 152.72451782226562, 767.6145629882812, 784.72998046875]]}