{"labels": [0, 0, 0, 0, 0, 0], "scores": [0.9935285449028015, 0.9868258833885193, 0.9749064445495605, 0.9705670475959778, 0.1315930038690567, 0.07816992700099945], "bboxes": [[1.482635498046875, 304.1977233886719, 445.03375244140625, 761.2740478515625], [0.0935821533203125, 41.85906982421875, 378.61566162109375, 431.7904357910156], [358.93389892578125, 0.9492340087890625, 799.2791137695312, 418.72259521484375], [427.1701965332031, 379.9588317871094, 800.0, 700.109619140625], [40.98796081542969, 1.9661865234375, 336.0992431640625, 175.29095458984375], [275.59332275390625, 263.4664001464844, 787.3991088867188, 726.152587890625]]}