{"labels": [0, 0, 0, 0, 0], "scores": [0.8801662921905518, 0.8505253195762634, 0.29305893182754517, 0.1950778067111969, 0.05566734820604324], "bboxes": [[459.1759948730469, 287.45709228515625, 513.7327880859375, 345.85064697265625], [25.180694580078125, 208.98284912109375, 776.1064453125, 800.0], [403.9811096191406, 521.151123046875, 455.8306579589844, 573.5421142578125], [12.572845458984375, 246.68060302734375, 401.71417236328125, 800.0], [208.8678741455078, 243.88681030273438, 574.8905029296875, 538.5421142578125]]}