{"labels": [0, 0], "scores": [0.9960821270942688, 0.2796080708503723], "bboxes": [[171.8466796875, 71.18435668945312, 624.5734252929688, 795.1068115234375], [506.33319091796875, 60.823875427246094, 691.6185913085938, 279.8991394042969]]}