{"labels": [0], "scores": [0.9975720047950745], "bboxes": [[4.131988525390625, 274.0846862792969, 784.670654296875, 636.8372802734375]]}