{"labels": [0], "scores": [0.9914473295211792], "bboxes": [[29.492279052734375, 247.1093292236328, 799.406982421875, 581.3206176757812]]}