{"labels": [0, 0], "scores": [0.9915953278541565, 0.5171504020690918], "bboxes": [[135.84878540039062, 287.92254638671875, 717.8753662109375, 760.7880249023438], [82.67072296142578, 343.5331726074219, 295.23541259765625, 581.1990966796875]]}