{"labels": [0], "scores": [0.9945152401924133], "bboxes": [[96.55924987792969, 279.1483154296875, 634.9075927734375, 844.3342895507812]]}