{"labels": [0, 0, 0, 0, 0], "scores": [0.7720528244972229, 0.28053751587867737, 0.1496017426252365, 0.06999576836824417, 0.050496309995651245], "bboxes": [[14.826798439025879, 0.18863250315189362, 678.319091796875, 702.0], [107.64815521240234, 8.111010551452637, 577.094482421875, 488.3330383300781], [131.86920166015625, 323.8548278808594, 660.0018920898438, 702.0], [0.0, 583.3511352539062, 203.40904235839844, 695.6063232421875], [9.198639869689941, 119.30001831054688, 168.6649932861328, 337.9916076660156]]}