{"labels": [0], "scores": [0.9992663264274597], "bboxes": [[44.879058837890625, 53.722381591796875, 746.6904296875, 758.8095703125]]}