{"labels": [0], "scores": [0.9976377487182617], "bboxes": [[156.60665893554688, 66.17892456054688, 652.0179443359375, 580.0902099609375]]}