{"labels": [0], "scores": [0.9982123374938965], "bboxes": [[81.81552124023438, 243.9450225830078, 739.2581787109375, 651.6529541015625]]}