{"labels": [0], "scores": [0.994421660900116], "bboxes": [[184.47288513183594, 33.763885498046875, 628.0137329101562, 800.0]]}