{"labels": [0], "scores": [0.9968902468681335], "bboxes": [[200.09439086914062, 263.7539367675781, 629.1209716796875, 796.798095703125]]}