{"labels": [0], "scores": [0.9953813552856445], "bboxes": [[50.92474365234375, 79.29718017578125, 748.4498901367188, 757.64453125]]}