{"labels": [0, 0, 0], "scores": [0.9747680425643921, 0.1981317102909088, 0.06622480601072311], "bboxes": [[199.3668212890625, 290.9239501953125, 646.516845703125, 721.4285278320312], [3.8732147216796875, 0.0, 499.1011962890625, 396.83441162109375], [75.12966918945312, 20.709747314453125, 654.02197265625, 679.6839599609375]]}