{"labels": [0, 0], "scores": [0.9881504774093628, 0.30670613050460815], "bboxes": [[149.24313354492188, 99.71189880371094, 445.7135009765625, 733.6624755859375], [429.0296936035156, 193.1039276123047, 541.36376953125, 457.29296875]]}