{"labels": [0, 0, 0, 0], "scores": [0.9956241250038147, 0.9938607215881348, 0.8831908106803894, 0.6474506258964539], "bboxes": [[128.7314453125, 138.92593383789062, 404.46173095703125, 794.296630859375], [395.99566650390625, 138.87457275390625, 671.5856323242188, 796.2860107421875], [654.6725463867188, 615.7025146484375, 789.3749389648438, 789.6048583984375], [10.288108825683594, 613.2901611328125, 145.67645263671875, 784.4298095703125]]}