{"labels": [0, 0, 0, 0, 0, 0, 0], "scores": [0.9963590502738953, 0.9229406118392944, 0.8302014470100403, 0.603886604309082, 0.5498848557472229, 0.32109078764915466, 0.08686822652816772], "bboxes": [[246.1507110595703, 112.76751708984375, 490.2923583984375, 869.20166015625], [532.119140625, 111.92256164550781, 698.0933837890625, 413.7671813964844], [0.0, 124.50875091552734, 208.08621215820312, 834.4156494140625], [531.2999267578125, 152.10031127929688, 700.0, 707.0878295898438], [1.6696577072143555, 116.4785385131836, 205.00279235839844, 392.282958984375], [0.0, 336.7700500488281, 143.20684814453125, 827.5921630859375], [246.06982421875, 113.27584838867188, 479.14935302734375, 459.2254638671875]]}