{"labels": [0], "scores": [0.9971042275428772], "bboxes": [[205.37869262695312, 68.06069946289062, 589.78125, 745.4881591796875]]}