{"labels": [0, 0, 0, 0], "scores": [0.977659285068512, 0.9363049864768982, 0.37639862298965454, 0.16235701739788055], "bboxes": [[28.0457763671875, 366.6986083984375, 381.03680419921875, 578.6763305664062], [395.78045654296875, 197.91481018066406, 799.2921752929688, 548.9661254882812], [36.599151611328125, 193.24053955078125, 795.425048828125, 586.5914916992188], [400.44989013671875, 347.7078857421875, 578.9669189453125, 547.8792724609375]]}