{"labels": [0], "scores": [0.9920138716697693], "bboxes": [[127.19180297851562, 144.5732421875, 717.8446044921875, 581.9345092773438]]}