{"labels": [0, 0, 0, 0, 0, 0, 0, 0], "scores": [0.9961678385734558, 0.9904449582099915, 0.7016041278839111, 0.10471831262111664, 0.10313018411397934, 0.07599519938230515, 0.060479871928691864, 0.05059272423386574], "bboxes": [[279.6749267578125, 554.2900390625, 527.04443359375, 734.716796875], [227.494140625, 147.5389862060547, 473.957763671875, 408.95269775390625], [138.2569122314453, 119.77398681640625, 574.4568481445312, 423.550537109375], [232.79136657714844, 97.61590576171875, 684.2538452148438, 767.22802734375], [376.0200500488281, 153.18272399902344, 579.8745727539062, 422.6080322265625], [246.47683715820312, 168.62310791015625, 589.8079833984375, 591.3361206054688], [367.01593017578125, 70.92485046386719, 782.0960083007812, 483.4205322265625], [122.67347717285156, 94.57159423828125, 328.786376953125, 412.3417663574219]]}