{"labels": [0], "scores": [0.9983645081520081], "bboxes": [[0.0, 0.0, 791.4693603515625, 800.0]]}