{"labels": [0], "scores": [0.9982460737228394], "bboxes": [[68.47555541992188, 62.153045654296875, 716.18212890625, 683.021484375]]}