{"labels": [0], "scores": [0.9987970590591431], "bboxes": [[106.04586791992188, 65.3553466796875, 691.08935546875, 749.5901489257812]]}