{"labels": [0], "scores": [0.9987803101539612], "bboxes": [[28.220062255859375, 238.6103057861328, 753.1324462890625, 562.3544311523438]]}