{"labels": [0, 0, 0], "scores": [0.9851743578910828, 0.8465363383293152, 0.7909286022186279], "bboxes": [[137.97369384765625, 67.77011108398438, 675.458984375, 767.1585693359375], [159.10060119628906, 89.61041259765625, 415.8128662109375, 752.02783203125], [1.9943923950195312, 265.32598876953125, 137.96865844726562, 571.8493041992188]]}