{"labels": [0], "scores": [0.9993459582328796], "bboxes": [[104.2333984375, 12.748046875, 672.4680786132812, 790.9164428710938]]}