{"labels": [0, 0, 0, 0, 0, 0, 0, 0, 0, 0, 0], "scores": [0.7062844038009644, 0.5501897931098938, 0.4751167595386505, 0.315112829208374, 0.2758769690990448, 0.14989128708839417, 0.09237177670001984, 0.07126794010400772, 0.07054511457681656, 0.06935767829418182, 0.060760024935007095], "bboxes": [[158.6149444580078, 1.6130828857421875, 194.8266143798828, 488.27984619140625], [296.2801513671875, 2.68609619140625, 335.26959228515625, 569.0032348632812], [434.1960144042969, 0.0, 469.4455871582031, 694.4682006835938], [576.0986938476562, 11.9598388671875, 612.0950317382812, 785.89599609375], [294.1099853515625, 5.45477294921875, 379.04254150390625, 581.2146606445312], [146.90481567382812, 0.0, 717.05810546875, 791.379150390625], [541.6046142578125, 0.0, 629.3912353515625, 793.572265625], [160.9111328125, 0.3555755615234375, 247.8729248046875, 499.54736328125], [411.4672546386719, 0.0, 629.7669067382812, 788.9747314453125], [428.35211181640625, 8.443817138671875, 508.226806640625, 702.6715087890625], [143.15733337402344, 0.0, 406.8134765625, 589.9227294921875]]}