{"labels": [0], "scores": [0.9988604784011841], "bboxes": [[134.58145141601562, 0.130584716796875, 678.6878662109375, 800.0]]}