{"labels": [0, 0], "scores": [0.9952195286750793, 0.06119086965918541], "bboxes": [[74.07958984375, 45.62591552734375, 703.6622314453125, 720.3233032226562], [150.07325744628906, 211.78941345214844, 550.8955078125, 705.0812377929688]]}