{"labels": [0, 0], "scores": [0.9985986351966858, 0.06537443399429321], "bboxes": [[70.09051513671875, 284.3976745605469, 736.4203491210938, 595.3251953125], [34.85263442993164, 33.53837966918945, 118.30697631835938, 118.26426696777344]]}