{"labels": [0, 0, 0, 0, 0, 0], "scores": [0.992656409740448, 0.33435487747192383, 0.29865553975105286, 0.21409253776073456, 0.06319507211446762, 0.05078897625207901], "bboxes": [[198.96337890625, 25.972412109375, 713.2706909179688, 793.2259521484375], [217.3792724609375, 426.710205078125, 353.10345458984375, 780.70556640625], [247.24752807617188, 544.3336791992188, 332.6764831542969, 638.0350952148438], [207.0033416748047, 377.81072998046875, 694.8289184570312, 780.4199829101562], [85.05934143066406, 6.915008544921875, 529.5335693359375, 738.7158203125], [12.652084350585938, 381.3231506347656, 407.83599853515625, 793.296875]]}