{"labels": [0, 0], "scores": [0.9954590797424316, 0.06985921412706375], "bboxes": [[96.18905639648438, 118.8114013671875, 693.9083251953125, 791.5379638671875], [6.06500244140625, 576.8139038085938, 610.33251953125, 800.0]]}