{"labels": [0, 0, 0], "scores": [0.9874811768531799, 0.40007466077804565, 0.05105147138237953], "bboxes": [[68.248046875, 10.60565185546875, 725.8364868164062, 768.931396484375], [182.773193359375, 583.2114868164062, 347.63616943359375, 793.8795776367188], [371.43072509765625, 144.06112670898438, 717.9086303710938, 683.528076171875]]}