{"labels": [0], "scores": [0.9947234392166138], "bboxes": [[88.3643798828125, 259.05364990234375, 746.0244750976562, 610.710693359375]]}