{"labels": [0], "scores": [0.9981726408004761], "bboxes": [[73.70376586914062, 201.38540649414062, 739.6260986328125, 740.29833984375]]}