{"labels": [0, 0], "scores": [0.991101861000061, 0.9806481003761292], "bboxes": [[215.55166625976562, 159.3359832763672, 385.5002136230469, 664.8146362304688], [479.68707275390625, 161.6905059814453, 654.9475708007812, 658.3094482421875]]}