{"labels": [0, 0, 0, 0], "scores": [0.9682615995407104, 0.4813351035118103, 0.2242414653301239, 0.16549313068389893], "bboxes": [[143.896484375, 241.8589324951172, 787.0394897460938, 634.6111450195312], [7.594017028808594, 274.4090576171875, 200.86129760742188, 600.798583984375], [686.078369140625, 90.33181762695312, 799.8438720703125, 322.3815612792969], [4.7065887451171875, 212.82481384277344, 508.26318359375, 628.5757446289062]]}