{"labels": [0, 0, 0, 0, 0, 0, 0], "scores": [0.9883869290351868, 0.9855273962020874, 0.9762160778045654, 0.9598419666290283, 0.9534522294998169, 0.1608835607767105, 0.06096281856298447], "bboxes": [[611.6581420898438, 166.40646362304688, 761.1620483398438, 686.36279296875], [478.2762451171875, 178.97378540039062, 613.733154296875, 664.6424560546875], [196.21487426757812, 192.83914184570312, 325.2663879394531, 670.0323486328125], [42.789817810058594, 179.8686981201172, 186.130859375, 686.0592651367188], [328.30157470703125, 179.0250244140625, 465.3768310546875, 675.8958129882812], [335.2142028808594, 218.4634246826172, 446.4168395996094, 502.33807373046875], [52.583251953125, 171.61289978027344, 599.7199096679688, 676.2869873046875]]}