{"labels": [0, 0], "scores": [0.9975430965423584, 0.05605052411556244], "bboxes": [[23.909637451171875, 200.0951690673828, 773.826171875, 671.3173828125], [32.57330322265625, 403.97576904296875, 627.0707397460938, 661.1828002929688]]}