{"labels": [0, 0], "scores": [0.99869304895401, 0.997829258441925], "bboxes": [[421.28643798828125, 231.52809143066406, 800.0, 666.526123046875], [58.43370056152344, 221.67520141601562, 400.99267578125, 696.0892333984375]]}