{"labels": [0], "scores": [0.9965974688529968], "bboxes": [[124.49322509765625, 125.03054809570312, 688.0702514648438, 689.9951171875]]}