{"labels": [0, 0, 0, 0], "scores": [0.9836350679397583, 0.9699504971504211, 0.8772774934768677, 0.5416366457939148], "bboxes": [[0.3873119354248047, 242.97364807128906, 312.98077392578125, 701.170654296875], [495.8799743652344, 177.8181610107422, 697.0501708984375, 467.1302490234375], [13.210168838500977, 634.812255859375, 320.51446533203125, 872.8294067382812], [479.0274658203125, 541.96142578125, 690.6236572265625, 692.8797607421875]]}