{"labels": [0], "scores": [0.9978894591331482], "bboxes": [[186.82557678222656, 57.94220733642578, 559.0947265625, 819.1373291015625]]}