{"labels": [0, 0], "scores": [0.933954656124115, 0.9169450998306274], "bboxes": [[34.20794677734375, 59.32600402832031, 764.402099609375, 334.16259765625], [25.273101806640625, 68.71041870117188, 775.01171875, 800.0]]}