{"labels": [0, 0, 0, 0, 0, 0, 0, 0, 0], "scores": [0.9571767449378967, 0.9396219253540039, 0.9284278154373169, 0.8752229809761047, 0.827311098575592, 0.5737179517745972, 0.553182065486908, 0.16446346044540405, 0.08264736086130142], "bboxes": [[208.25955200195312, 263.918212890625, 504.9888610839844, 504.8681640625], [200.583251953125, 478.0404052734375, 543.0114135742188, 737.4130859375], [14.055198669433594, 432.900634765625, 260.89300537109375, 677.6568603515625], [440.2328186035156, 427.50067138671875, 762.7381591796875, 662.2593383789062], [415.13531494140625, 186.43565368652344, 642.8427124023438, 433.0677490234375], [178.04489135742188, 165.8921661376953, 485.3455505371094, 446.1148681640625], [173.62477111816406, 100.68212890625, 627.306884765625, 491.972412109375], [70.343017578125, 107.22573852539062, 753.6990966796875, 719.2779541015625], [289.59124755859375, 438.3933410644531, 727.8284301757812, 717.1343994140625]]}