{"labels": [0], "scores": [0.9988149404525757], "bboxes": [[142.38601684570312, 36.554107666015625, 650.1578369140625, 799.3023681640625]]}