{"labels": [0, 0], "scores": [0.9933434724807739, 0.9746918082237244], "bboxes": [[72.91098022460938, 86.84480285644531, 424.7972412109375, 549.7109985351562], [312.4541015625, 329.2974853515625, 800.0, 800.0]]}