{"labels": [0, 0, 0, 0, 0, 0, 0], "scores": [0.9454816579818726, 0.3044349253177643, 0.23888425529003143, 0.19343821704387665, 0.16558009386062622, 0.06102534011006355, 0.05230579152703285], "bboxes": [[77.420654296875, 237.5873565673828, 494.8619384765625, 386.79144287109375], [530.0543212890625, 590.2190551757812, 784.497802734375, 678.9738159179688], [280.72271728515625, 575.0050048828125, 520.2581787109375, 740.894287109375], [512.4068603515625, 192.17868041992188, 699.3243408203125, 404.8847961425781], [59.91827392578125, 187.15216064453125, 710.312744140625, 423.03863525390625], [8.14813232421875, 99.76565551757812, 785.0922241210938, 732.5333251953125], [195.3649444580078, 16.05533218383789, 676.867431640625, 126.39044189453125]]}