{"labels": [0], "scores": [0.9972912669181824], "bboxes": [[8.784576416015625, 35.62603759765625, 740.9134521484375, 799.8975219726562]]}