{"labels": [0], "scores": [0.9985137581825256], "bboxes": [[36.01007080078125, 211.4813690185547, 746.3319091796875, 607.8052368164062]]}