{"labels": [0, 0, 0, 0, 0], "scores": [0.9451726675033569, 0.13504764437675476, 0.08990128338336945, 0.06915226578712463, 0.05010029673576355], "bboxes": [[183.42861938476562, 1.231109619140625, 480.08160400390625, 426.25592041015625], [276.7485046386719, 101.16809844970703, 476.26361083984375, 402.1472473144531], [233.4638671875, 414.3277893066406, 326.6383056640625, 741.142333984375], [232.90003967285156, 522.0936889648438, 700.0, 894.2923583984375], [329.7965393066406, 399.2416076660156, 453.8941345214844, 731.621337890625]]}