{"labels": [0], "scores": [0.998819887638092], "bboxes": [[73.67605590820312, 253.22314453125, 606.404296875, 895.2059326171875]]}