{"labels": [0, 0, 0], "scores": [0.9899995923042297, 0.9888529777526855, 0.9877849817276001], "bboxes": [[55.39503479003906, 260.2557373046875, 351.69537353515625, 769.5872802734375], [426.143310546875, 271.7178039550781, 729.64404296875, 762.381103515625], [56.18389892578125, 64.75887298583984, 763.436767578125, 212.60134887695312]]}