{"labels": [0, 0, 0], "scores": [0.9766402244567871, 0.13689939677715302, 0.050000254064798355], "bboxes": [[107.792236328125, 122.07025146484375, 786.7098388671875, 800.0], [10.0648193359375, 69.55563354492188, 659.88720703125, 475.5578308105469], [593.5047607421875, 580.2503051757812, 765.6044921875, 745.8927612304688]]}