{"labels": [0, 0], "scores": [0.994434654712677, 0.8194805979728699], "bboxes": [[168.6349639892578, 26.11444091796875, 663.9109497070312, 743.8472900390625], [13.675979614257812, 447.3469543457031, 324.04400634765625, 786.827880859375]]}