{"labels": [0, 0], "scores": [0.9835827946662903, 0.11958615481853485], "bboxes": [[202.13931274414062, 204.3478546142578, 615.21728515625, 513.1062622070312], [282.51727294921875, 264.8809509277344, 794.6714477539062, 511.9151306152344]]}