{"labels": [0, 0, 0, 0, 0, 0, 0, 0, 0, 0, 0, 0, 0, 0, 0, 0], "scores": [0.9908468127250671, 0.9323780536651611, 0.8846603035926819, 0.882260799407959, 0.572376549243927, 0.5045981407165527, 0.40328434109687805, 0.3768562376499176, 0.26352983713150024, 0.23960918188095093, 0.217929869890213, 0.20055919885635376, 0.1128874346613884, 0.09713809192180634, 0.08801218122243881, 0.06812146306037903], "bboxes": [[553.505615234375, 285.5896911621094, 792.879638671875, 502.3152770996094], [275.7662353515625, 327.732421875, 436.7681884765625, 487.9139404296875], [395.64959716796875, 315.7819519042969, 518.8269653320312, 475.2496032714844], [5.113883972167969, 280.8349609375, 258.279296875, 534.14111328125], [546.4495849609375, 566.6826782226562, 763.6689453125, 779.0487670898438], [557.1973266601562, 66.49663543701172, 678.1471557617188, 234.592041015625], [19.264205932617188, 40.227088928222656, 224.77197265625, 196.5537109375], [17.27344512939453, 587.23828125, 247.3077392578125, 744.736572265625], [87.89434051513672, 283.57562255859375, 248.66162109375, 449.1585693359375], [261.1007995605469, 534.6528930664062, 530.5628662109375, 793.0812377929688], [327.6995544433594, 616.2813110351562, 474.5999450683594, 745.2658081054688], [550.0670776367188, 25.044097900390625, 791.2557983398438, 239.61038208007812], [33.10218048095703, 612.5020751953125, 172.19366455078125, 729.31494140625], [264.6968994140625, 293.6871643066406, 527.98388671875, 504.2016296386719], [639.8431396484375, 30.073867797851562, 785.4874267578125, 188.45321655273438], [330.7550964355469, 613.1364135742188, 366.5442199707031, 661.0509643554688]]}