{"labels": [0, 0], "scores": [0.997946560382843, 0.9932560920715332], "bboxes": [[285.0664978027344, 570.16015625, 586.42041015625, 731.2830810546875], [258.13702392578125, 296.728759765625, 512.267822265625, 491.83099365234375]]}