{"labels": [0, 0, 0], "scores": [0.9925668239593506, 0.9767076373100281, 0.08294861018657684], "bboxes": [[310.53271484375, 183.77362060546875, 749.9234619140625, 717.8900756835938], [34.375091552734375, 252.72845458984375, 331.04449462890625, 708.4204711914062], [55.291259765625, 201.73297119140625, 542.0305786132812, 714.0196533203125]]}