{"labels": [0, 0, 0, 0], "scores": [0.9809412360191345, 0.587917685508728, 0.15526926517486572, 0.1186293438076973], "bboxes": [[187.82379150390625, 46.92144775390625, 707.3023681640625, 716.9955444335938], [288.0589904785156, 493.948486328125, 471.1177673339844, 684.550048828125], [19.020187377929688, 59.7347412109375, 516.2994995117188, 754.0552978515625], [137.00999450683594, 505.456298828125, 404.9820556640625, 736.0885009765625]]}