{"labels": [0, 0, 0], "scores": [0.971390426158905, 0.496600478887558, 0.06170954927802086], "bboxes": [[172.6279296875, 196.687255859375, 720.5307006835938, 770.41650390625], [165.2704620361328, 249.86419677734375, 457.345947265625, 757.4715576171875], [407.6078186035156, 45.224708557128906, 592.7601318359375, 252.72897338867188]]}