{"labels": [0], "scores": [0.9906781911849976], "bboxes": [[242.6904296875, 0.0, 553.40087890625, 788.4049072265625]]}