{"labels": [0, 0], "scores": [0.9984682202339172, 0.2008897215127945], "bboxes": [[155.2841796875, 169.74395751953125, 600.6741943359375, 734.3214721679688], [350.13006591796875, 0.0, 580.64306640625, 154.08456420898438]]}