{"labels": [0], "scores": [0.9990196228027344], "bboxes": [[22.11016845703125, 174.0846405029297, 777.6021728515625, 632.5830078125]]}