{"labels": [0, 0, 0], "scores": [0.9722720980644226, 0.295422226190567, 0.23234304785728455], "bboxes": [[376.716064453125, 279.9757995605469, 724.29541015625, 787.0084228515625], [85.48062133789062, 162.71435546875, 709.7891845703125, 788.3582763671875], [6.206451416015625, 117.58477783203125, 453.2814025878906, 793.6537475585938]]}