{"labels": [0, 0, 0, 0, 0, 0], "scores": [0.9902185797691345, 0.9887741804122925, 0.9883976578712463, 0.9592538475990295, 0.27296602725982666, 0.08199228346347809], "bboxes": [[0.22560882568359375, 223.13671875, 236.01492309570312, 800.0], [170.84249877929688, 354.2674560546875, 399.2045593261719, 800.0], [355.81689453125, 319.73193359375, 593.6006469726562, 800.0], [486.5833435058594, 142.59039306640625, 796.880859375, 798.0503540039062], [234.6277313232422, 323.3454895019531, 493.1026611328125, 800.0], [483.10107421875, 146.46734619140625, 769.289306640625, 506.322265625]]}