{"labels": [0, 0, 0], "scores": [0.9939046502113342, 0.13064630329608917, 0.051292065531015396], "bboxes": [[181.9879913330078, 21.232982635498047, 533.1013793945312, 682.2755737304688], [278.9562072753906, 616.1539306640625, 479.37921142578125, 823.5482177734375], [264.91510009765625, 706.416259765625, 457.8560791015625, 884.7578735351562]]}