{"labels": [0, 0, 0, 0], "scores": [0.9712619781494141, 0.3675122857093811, 0.13829033076763153, 0.13035117089748383], "bboxes": [[58.25281524658203, 7.775665283203125, 542.6502685546875, 585.9136352539062], [84.35755157470703, 97.74031066894531, 646.2687377929688, 894.0590209960938], [466.11810302734375, 498.995361328125, 699.7448120117188, 612.1881103515625], [121.23570251464844, 495.0242919921875, 512.3600463867188, 895.32080078125]]}