{"labels": [0], "scores": [0.9965909719467163], "bboxes": [[227.94479370117188, 192.61102294921875, 660.1002197265625, 763.8419799804688]]}