{"labels": [0, 0], "scores": [0.9961417317390442, 0.9674248695373535], "bboxes": [[335.09033203125, 50.312347412109375, 680.0647583007812, 772.94482421875], [126.28933715820312, 48.0059814453125, 353.63128662109375, 766.035888671875]]}