{"labels": [0], "scores": [0.9989965558052063], "bboxes": [[12.364044189453125, 33.963653564453125, 774.127685546875, 780.092041015625]]}