{"labels": [0], "scores": [0.997897744178772], "bboxes": [[41.332763671875, 45.186004638671875, 737.3912353515625, 769.5865478515625]]}