{"labels": [0], "scores": [0.9984579086303711], "bboxes": [[115.087890625, 120.55911254882812, 680.018798828125, 690.519775390625]]}