{"labels": [0], "scores": [0.9987198114395142], "bboxes": [[131.57058715820312, 35.269744873046875, 602.4210205078125, 768.1365966796875]]}