{"labels": [0, 0, 0], "scores": [0.9598479866981506, 0.7370931506156921, 0.31902173161506653], "bboxes": [[1.8710174560546875, 551.4227294921875, 281.517822265625, 800.0], [383.3968505859375, 150.85003662109375, 625.7086181640625, 797.3695678710938], [6.921142578125, 0.3671875, 686.6760864257812, 800.0]]}