{"labels": [0], "scores": [0.9961543679237366], "bboxes": [[0.0, 133.31776428222656, 800.0, 641.8981323242188]]}