{"labels": [0, 0, 0], "scores": [0.9612324237823486, 0.5503877401351929, 0.21041855216026306], "bboxes": [[2.287109375, 205.83096313476562, 800.0, 672.449462890625], [410.4786682128906, 232.08062744140625, 784.6697998046875, 670.1788330078125], [230.44297790527344, 228.7196502685547, 593.205810546875, 582.6867065429688]]}