{"labels": [0, 0, 0], "scores": [0.981562614440918, 0.8585270047187805, 0.059612713754177094], "bboxes": [[164.5630340576172, 163.0052490234375, 655.6919555664062, 778.46533203125], [199.93466186523438, 68.02571105957031, 652.67919921875, 483.56732177734375], [13.523651123046875, 72.31867980957031, 453.325927734375, 383.0328369140625]]}