{"labels": [0], "scores": [0.9976984858512878], "bboxes": [[27.73388671875, 255.29689025878906, 786.327392578125, 579.4873046875]]}