{"labels": [0], "scores": [0.9966629147529602], "bboxes": [[114.3668212890625, 299.4472351074219, 691.9827270507812, 500.4302062988281]]}