{"labels": [0], "scores": [0.9977732300758362], "bboxes": [[15.8961181640625, 210.26345825195312, 770.457275390625, 653.9713134765625]]}