{"labels": [0], "scores": [0.9989176988601685], "bboxes": [[29.3675537109375, 329.02099609375, 746.9171142578125, 611.4058837890625]]}