{"labels": [0, 0, 0], "scores": [0.9824178814888, 0.11852387338876724, 0.07732902467250824], "bboxes": [[113.12394714355469, 232.31646728515625, 591.5792846679688, 795.6782836914062], [559.9237670898438, 647.1292114257812, 673.6781616210938, 777.9114379882812], [121.99085998535156, 326.2028503417969, 410.292236328125, 786.387451171875]]}