{"labels": [0, 0], "scores": [0.9941933751106262, 0.0596621111035347], "bboxes": [[23.52008056640625, 167.20372009277344, 611.8941650390625, 650.66796875], [62.63824462890625, 182.36294555664062, 616.3685302734375, 381.4883117675781]]}