{"labels": [0, 0, 0, 0, 0, 0], "scores": [0.9454119205474854, 0.927778959274292, 0.9168106317520142, 0.6726124286651611, 0.09315451979637146, 0.08599759638309479], "bboxes": [[15.280303955078125, 240.47137451171875, 264.32696533203125, 435.26959228515625], [467.9410095214844, 328.46923828125, 788.3311767578125, 528.6078491210938], [17.981201171875, 280.639892578125, 473.03692626953125, 670.6541137695312], [20.351318359375, 180.25955200195312, 752.8155517578125, 696.270751953125], [306.1051025390625, 160.65599060058594, 782.5743408203125, 526.0092163085938], [315.12298583984375, 27.572784423828125, 558.7334594726562, 388.912841796875]]}