{"labels": [0, 0, 0, 0, 0, 0], "scores": [0.997495710849762, 0.8907691240310669, 0.48102182149887085, 0.39302751421928406, 0.3447011411190033, 0.3394548296928406], "bboxes": [[110.23497009277344, 264.31231689453125, 601.2688598632812, 668.4042358398438], [14.163597106933594, 245.97447204589844, 162.23126220703125, 487.37054443359375], [201.5350341796875, 449.8533935546875, 438.027099609375, 767.3834228515625], [464.08642578125, 251.88827514648438, 611.3421630859375, 466.6862487792969], [41.281005859375, 386.60589599609375, 231.66473388671875, 699.6326293945312], [546.7027587890625, 376.4720458984375, 791.6180419921875, 708.2503662109375]]}