{"labels": [0], "scores": [0.9988176226615906], "bboxes": [[37.6712646484375, 376.86199951171875, 761.6556396484375, 655.3751831054688]]}