{"labels": [0, 0], "scores": [0.9864615797996521, 0.9709261655807495], "bboxes": [[279.6536865234375, 520.0343627929688, 536.5195922851562, 746.3655395507812], [213.3681640625, 202.03857421875, 593.464599609375, 690.6585693359375]]}