{"labels": [0], "scores": [0.9942736029624939], "bboxes": [[157.35671997070312, 163.50523376464844, 575.0699462890625, 567.753173828125]]}