{"labels": [0], "scores": [0.9987438321113586], "bboxes": [[29.463623046875, 302.13031005859375, 761.2617797851562, 603.0136108398438]]}