{"labels": [0, 0, 0, 0], "scores": [0.9907738566398621, 0.9815998673439026, 0.969806969165802, 0.18141096830368042], "bboxes": [[24.452041625976562, 550.2742919921875, 326.67071533203125, 758.007568359375], [358.04229736328125, 7.2232666015625, 754.3139038085938, 778.919677734375], [32.34657287597656, 217.38516235351562, 328.4066162109375, 538.8155517578125], [141.19851684570312, 397.89727783203125, 232.8958740234375, 492.394775390625]]}