{"labels": [0, 0, 0], "scores": [0.9990193843841553, 0.3066941499710083, 0.05088688060641289], "bboxes": [[11.8331298828125, 139.05667114257812, 644.2708740234375, 689.4517822265625], [441.7818603515625, 413.24212646484375, 786.5362548828125, 688.1253051757812], [423.8729248046875, 166.01214599609375, 788.3485107421875, 709.682861328125]]}