{"labels": [0, 0, 0, 0, 0, 0], "scores": [0.9955723285675049, 0.9952875375747681, 0.9940916895866394, 0.9923794269561768, 0.9920801520347595, 0.99064040184021], "bboxes": [[291.71746826171875, 72.79595947265625, 474.54205322265625, 774.3612670898438], [159.1072998046875, 73.59564208984375, 313.7417907714844, 734.5301513671875], [437.9720458984375, 74.66879272460938, 580.5653686523438, 744.9052734375], [542.7628784179688, 75.10577392578125, 679.0286254882812, 694.1136474609375], [37.283477783203125, 78.01376342773438, 183.58544921875, 689.4190673828125], [648.9663696289062, 76.8404541015625, 768.4712524414062, 659.20556640625]]}