{"labels": [0], "scores": [0.996299684047699], "bboxes": [[132.70220947265625, 75.05062866210938, 668.83984375, 686.130615234375]]}