{"labels": [0, 0, 0, 0], "scores": [0.9938787817955017, 0.9928620457649231, 0.7217795252799988, 0.11259227991104126], "bboxes": [[69.94256591796875, 351.6762390136719, 386.5432434082031, 770.476806640625], [7.5460205078125, 13.272735595703125, 402.7187194824219, 337.3283386230469], [428.59210205078125, 432.897216796875, 768.6326293945312, 785.0369873046875], [492.13031005859375, 60.93341064453125, 734.8626098632812, 316.3504943847656]]}