{"labels": [0], "scores": [0.9988196492195129], "bboxes": [[82.47369384765625, 24.273719787597656, 602.1356201171875, 804.5234375]]}