{"labels": [0], "scores": [0.9993398785591125], "bboxes": [[99.367431640625, 0.0, 717.9340209960938, 800.0]]}