{"labels": [0], "scores": [0.9987766146659851], "bboxes": [[12.1121826171875, 392.50152587890625, 797.7550659179688, 697.2567749023438]]}