{"labels": [0, 0], "scores": [0.9940967559814453, 0.15662138164043427], "bboxes": [[26.962129592895508, 113.10176086425781, 663.314697265625, 668.9625244140625], [461.976806640625, 37.39531707763672, 530.477294921875, 147.95252990722656]]}