{"labels": [0], "scores": [0.9974034428596497], "bboxes": [[9.898834228515625, 188.49200439453125, 793.1282958984375, 615.915771484375]]}