{"labels": [0, 0, 0], "scores": [0.9872087836265564, 0.8867431282997131, 0.20864848792552948], "bboxes": [[9.62139892578125, 291.0235290527344, 723.4359741210938, 732.8280029296875], [48.006500244140625, 96.8916015625, 728.81982421875, 353.43975830078125], [23.043975830078125, 48.1396484375, 735.0506591796875, 621.372802734375]]}