{"labels": [0], "scores": [0.9798241853713989], "bboxes": [[37.33685302734375, 124.5882568359375, 768.1052856445312, 755.052978515625]]}