{"labels": [0, 0, 0], "scores": [0.9939277172088623, 0.3381767272949219, 0.18708394467830658], "bboxes": [[49.2322998046875, 208.89328002929688, 788.2122802734375, 756.90966796875], [146.22364807128906, 567.5574951171875, 228.09043884277344, 761.4136962890625], [65.98799896240234, 555.6998291015625, 150.2496337890625, 764.193115234375]]}