{"labels": [0], "scores": [0.9975226521492004], "bboxes": [[48.55517578125, 169.0225067138672, 756.3988037109375, 634.5772094726562]]}