{"labels": [0], "scores": [0.9984564781188965], "bboxes": [[108.64608764648438, 59.09173583984375, 625.1011962890625, 729.003173828125]]}