{"labels": [0, 0], "scores": [0.9973994493484497, 0.8461747765541077], "bboxes": [[23.940826416015625, 29.5653076171875, 620.0914306640625, 774.1712646484375], [485.7698974609375, 71.18972778320312, 757.82373046875, 673.46630859375]]}