{"labels": [0], "scores": [0.9993478655815125], "bboxes": [[106.04458618164062, 43.303260803222656, 622.6646118164062, 853.856689453125]]}