{"labels": [0, 0], "scores": [0.9951573014259338, 0.10855058580636978], "bboxes": [[256.6111145019531, 14.5455322265625, 573.3199462890625, 770.5834350585938], [354.4237976074219, 24.403011322021484, 428.0618591308594, 120.35810852050781]]}