{"labels": [0], "scores": [0.9989514350891113], "bboxes": [[253.78509521484375, 36.879913330078125, 551.9852294921875, 720.12353515625]]}