{"labels": [0, 0, 0, 0, 0, 0], "scores": [0.9542098045349121, 0.9481106400489807, 0.8929653763771057, 0.7380586862564087, 0.17607717216014862, 0.14278768002986908], "bboxes": [[43.777870178222656, 362.5115966796875, 242.75831604003906, 760.1481323242188], [432.3509216308594, 196.05508422851562, 687.185302734375, 620.6472778320312], [54.052425384521484, 131.5404510498047, 231.9729766845703, 379.26605224609375], [352.77362060546875, 584.4322509765625, 669.7024536132812, 896.0], [56.54551315307617, 784.1377563476562, 258.23638916015625, 889.4931030273438], [323.5504455566406, 204.4153594970703, 695.6883544921875, 877.8897705078125]]}