{"labels": [0, 0, 0, 0, 0], "scores": [0.9927733540534973, 0.8692342638969421, 0.29134801030158997, 0.09562017023563385, 0.08191661536693573], "bboxes": [[165.28955078125, 49.359169006347656, 511.63690185546875, 413.207763671875], [520.57861328125, 8.938655853271484, 699.2175903320312, 731.6585083007812], [234.226806640625, 450.1830139160156, 497.7962646484375, 878.5850219726562], [166.5377960205078, 67.087646484375, 527.1424560546875, 863.5416870117188], [52.56205749511719, 659.79248046875, 99.64578247070312, 699.125244140625]]}