{"labels": [0, 0, 0, 0, 0, 0, 0], "scores": [0.8955683708190918, 0.3513152301311493, 0.33409467339515686, 0.2825351655483246, 0.25586456060409546, 0.08863313496112823, 0.050964295864105225], "bboxes": [[226.9226837158203, 20.72784423828125, 549.7021484375, 699.44091796875], [639.4138793945312, 72.54341888427734, 719.2824096679688, 215.13494873046875], [278.066650390625, 498.3847351074219, 561.5053100585938, 797.15283203125], [34.88037109375, 82.41047668457031, 294.35260009765625, 380.75311279296875], [91.98513793945312, 13.78668212890625, 679.497314453125, 800.0], [341.20758056640625, 74.54803466796875, 538.5299682617188, 619.2024536132812], [693.6770629882812, 24.507308959960938, 798.2673950195312, 244.27540588378906]]}