{"labels": [0, 0], "scores": [0.9943299293518066, 0.05005766078829765], "bboxes": [[198.214111328125, 87.4632568359375, 709.9169921875, 779.6709594726562], [14.523475646972656, 0.0, 161.78604125976562, 383.8482666015625]]}