{"labels": [0], "scores": [0.9934724569320679], "bboxes": [[17.573028564453125, 0.0, 800.0, 713.83447265625]]}