{"labels": [0], "scores": [0.9948775768280029], "bboxes": [[319.78216552734375, 24.041168212890625, 485.300537109375, 782.6312255859375]]}