{"labels": [0], "scores": [0.9985198378562927], "bboxes": [[80.8448486328125, 20.125885009765625, 711.4334106445312, 774.7698974609375]]}