{"labels": [0, 0, 0], "scores": [0.989301860332489, 0.09341136366128922, 0.05552574247121811], "bboxes": [[107.74325561523438, 87.23291015625, 693.3353271484375, 677.046630859375], [194.14730834960938, 414.9250793457031, 491.5744323730469, 683.2802734375], [360.56591796875, 157.83328247070312, 688.89453125, 642.6590576171875]]}