{"labels": [0, 0], "scores": [0.9925389885902405, 0.9843903183937073], "bboxes": [[79.99381256103516, 135.97509765625, 242.93930053710938, 753.5061645507812], [247.8294677734375, 0.0, 785.015625, 800.0]]}