{"labels": [0], "scores": [0.9984033703804016], "bboxes": [[16.03692626953125, 264.7701110839844, 757.4064331054688, 620.2957763671875]]}