{"labels": [0], "scores": [0.9972903728485107], "bboxes": [[268.16436767578125, 48.260498046875, 568.7396850585938, 766.1860961914062]]}