{"labels": [0, 0, 0], "scores": [0.9663446545600891, 0.8981401324272156, 0.8531015515327454], "bboxes": [[323.39959716796875, 410.4671325683594, 628.8130493164062, 800.0], [74.31980895996094, 347.67047119140625, 350.8267822265625, 793.6605834960938], [189.2688751220703, 149.53173828125, 540.167724609375, 720.1104736328125]]}