{"labels": [0], "scores": [0.9861814379692078], "bboxes": [[98.04803466796875, 153.71124267578125, 703.7069091796875, 618.8283081054688]]}