{"labels": [0, 0, 0], "scores": [0.9947701096534729, 0.7203563451766968, 0.10844486951828003], "bboxes": [[211.85728454589844, 170.54441833496094, 650.9334716796875, 612.5289306640625], [5.428363800048828, 139.30247497558594, 108.58856201171875, 259.2057189941406], [66.373291015625, 160.85629272460938, 727.3446655273438, 751.8302001953125]]}