{"labels": [0], "scores": [0.9994379878044128], "bboxes": [[47.49517822265625, 68.04287719726562, 753.6959228515625, 745.8052978515625]]}