{"labels": [0, 0], "scores": [0.9852020144462585, 0.49465063214302063], "bboxes": [[126.42431640625, 248.1134490966797, 618.9901123046875, 675.3885498046875], [225.38479614257812, 25.116775512695312, 446.5569763183594, 312.5654296875]]}