{"labels": [0, 0, 0], "scores": [0.9851991534233093, 0.9822215437889099, 0.2866421639919281], "bboxes": [[13.584136962890625, 181.5340576171875, 394.7451477050781, 663.6029663085938], [380.9611511230469, 176.5760040283203, 776.8931884765625, 670.3209228515625], [26.58428955078125, 172.56016540527344, 730.5928344726562, 675.2233276367188]]}