{"labels": [0], "scores": [0.990885853767395], "bboxes": [[283.13232421875, 57.53668212890625, 514.1307983398438, 741.235595703125]]}