{"labels": [0], "scores": [0.997815728187561], "bboxes": [[188.09878540039062, 49.03591537475586, 529.1505126953125, 839.9075927734375]]}