{"labels": [0], "scores": [0.9968296885490417], "bboxes": [[203.175537109375, 71.66177368164062, 501.686767578125, 859.4999389648438]]}