{"labels": [0], "scores": [0.9968520998954773], "bboxes": [[91.76781463623047, 221.7051239013672, 560.7691040039062, 837.3670043945312]]}