{"labels": [0, 0], "scores": [0.9614648818969727, 0.09197606146335602], "bboxes": [[0.0, 1.458831787109375, 771.7210693359375, 800.0], [56.34663391113281, 552.1072387695312, 316.56341552734375, 798.6828002929688]]}