{"labels": [0], "scores": [0.9987049102783203], "bboxes": [[177.87632751464844, 35.44834899902344, 640.1265869140625, 435.1773681640625]]}