{"labels": [0, 0, 0], "scores": [0.9948998093605042, 0.3904673755168915, 0.1122051253914833], "bboxes": [[9.755340576171875, 0.0, 777.1033935546875, 800.0], [338.84722900390625, 162.02313232421875, 781.4083862304688, 575.1682739257812], [48.200836181640625, 1.330230712890625, 554.22021484375, 534.802001953125]]}