{"labels": [0, 0], "scores": [0.9973764419555664, 0.2082914113998413], "bboxes": [[0.0, 32.91448974609375, 799.7608642578125, 785.8572998046875], [0.0, 191.01596069335938, 463.6807861328125, 773.2525634765625]]}