{"labels": [0, 0], "scores": [0.997218132019043, 0.0824630931019783], "bboxes": [[141.22296142578125, 190.53646850585938, 638.0740356445312, 587.0850830078125], [367.626220703125, 199.28602600097656, 620.481689453125, 572.8050537109375]]}