{"labels": [0, 0], "scores": [0.9875816106796265, 0.2480740249156952], "bboxes": [[213.58047485351562, 64.77261352539062, 553.2101440429688, 773.3717041015625], [415.7864685058594, 676.906005859375, 593.0084838867188, 846.9168701171875]]}