{"labels": [0], "scores": [0.9992762207984924], "bboxes": [[27.08941650390625, 136.59463500976562, 766.9943237304688, 692.378173828125]]}