{"labels": [0], "scores": [0.9960448145866394], "bboxes": [[33.642547607421875, 166.63577270507812, 763.9635009765625, 755.3409423828125]]}