{"labels": [0, 0, 0], "scores": [0.9959486722946167, 0.7577736973762512, 0.09600665420293808], "bboxes": [[269.1588439941406, 329.4951171875, 743.74658203125, 768.9132080078125], [0.0, 133.89129638671875, 682.859619140625, 761.794677734375], [85.6561279296875, 101.64820098876953, 509.863525390625, 337.1575927734375]]}