{"labels": [0, 0, 0, 0, 0, 0, 0, 0], "scores": [0.8973654508590698, 0.715663731098175, 0.5775960683822632, 0.24598051607608795, 0.14560215175151825, 0.12161549925804138, 0.09099878370761871, 0.08642473071813583], "bboxes": [[217.19049072265625, 123.87796020507812, 448.44305419921875, 628.8795166015625], [62.888458251953125, 63.77508544921875, 767.85205078125, 679.907958984375], [375.75604248046875, 112.88693237304688, 755.9838256835938, 680.6455078125], [30.492111206054688, 74.86404418945312, 391.5478515625, 726.86669921875], [115.99088287353516, 441.7645263671875, 352.70745849609375, 726.00048828125], [424.4208984375, 173.6699981689453, 614.309814453125, 615.0946655273438], [18.962989807128906, 249.143310546875, 194.15280151367188, 679.0112915039062], [362.875, 214.84707641601562, 560.2830810546875, 619.628173828125]]}