{"labels": [0, 0], "scores": [0.9907206296920776, 0.055295657366514206], "bboxes": [[132.47775268554688, 260.3437805175781, 707.6827392578125, 693.6051025390625], [101.33387756347656, 166.626708984375, 560.9140625, 403.41363525390625]]}