{"labels": [0, 0], "scores": [0.989124059677124, 0.9651691317558289], "bboxes": [[332.4422912597656, 128.2073516845703, 565.6392822265625, 635.0266723632812], [197.6339569091797, 407.31463623046875, 385.8846435546875, 776.5280151367188]]}