{"labels": [0], "scores": [0.9955915808677673], "bboxes": [[18.661468505859375, 16.452953338623047, 497.3009033203125, 764.739990234375]]}