{"labels": [0, 0, 0, 0, 0, 0], "scores": [0.9971170425415039, 0.9934770464897156, 0.9848072528839111, 0.6769947409629822, 0.19678553938865662, 0.08283215016126633], "bboxes": [[0.0, 12.954021453857422, 383.40167236328125, 609.1347045898438], [379.8271789550781, 59.344871520996094, 694.459716796875, 480.4465026855469], [83.02690887451172, 566.894287109375, 358.8821716308594, 759.63525390625], [400.8739013671875, 451.72015380859375, 667.2120361328125, 629.9034423828125], [508.92437744140625, 548.6986083984375, 659.8135986328125, 638.4952392578125], [410.703857421875, 456.47515869140625, 582.1182250976562, 588.5303344726562]]}