{"labels": [0, 0], "scores": [0.9967429041862488, 0.7313222885131836], "bboxes": [[15.941497802734375, 212.35353088378906, 785.2335205078125, 560.8133544921875], [295.69110107421875, 534.1749267578125, 510.6978759765625, 597.6240234375]]}