{"labels": [0, 0, 0], "scores": [0.9955822825431824, 0.0749402642250061, 0.07164396345615387], "bboxes": [[46.499176025390625, 228.90628051757812, 770.6015625, 770.305419921875], [56.46669006347656, 302.0726623535156, 445.2431640625, 662.497802734375], [173.45530700683594, 324.8848876953125, 603.9478149414062, 753.6270751953125]]}