{"labels": [0], "scores": [0.9991496801376343], "bboxes": [[28.664161682128906, 165.8394012451172, 684.9669799804688, 473.18731689453125]]}