{"labels": [0, 0, 0, 0, 0, 0, 0, 0, 0, 0, 0, 0, 0], "scores": [0.9545524716377258, 0.9399569034576416, 0.9255112409591675, 0.9057205319404602, 0.2345091700553894, 0.23215803503990173, 0.18440063297748566, 0.16503633558750153, 0.10107432305812836, 0.08174056559801102, 0.05492671951651573, 0.05275474488735199, 0.051727909594774246], "bboxes": [[511.372802734375, 483.70172119140625, 766.2852783203125, 716.1958618164062], [403.5850830078125, 85.1383056640625, 789.33203125, 419.3214111328125], [13.3411865234375, 78.23271179199219, 375.67498779296875, 427.393310546875], [11.528182983398438, 494.19158935546875, 412.929931640625, 734.6845092773438], [452.5773010253906, 75.00068664550781, 540.62158203125, 333.21563720703125], [424.51220703125, 111.85702514648438, 481.66961669921875, 329.94122314453125], [371.0815734863281, 487.3502502441406, 783.9989013671875, 770.2608642578125], [549.3192138671875, 104.33181762695312, 775.533203125, 355.10260009765625], [0.0, 485.0433654785156, 800.0, 792.1085205078125], [404.2547607421875, 585.722900390625, 532.7584838867188, 747.5506591796875], [9.132110595703125, 591.8259887695312, 394.5516052246094, 783.1615600585938], [400.3228759765625, 152.59474182128906, 794.6295166015625, 657.1105346679688], [0.0, 55.328704833984375, 750.345947265625, 436.6843566894531]]}