{"labels": [0, 0, 0, 0, 0], "scores": [0.9198009967803955, 0.6439910531044006, 0.45659470558166504, 0.11853031814098358, 0.09070509672164917], "bboxes": [[5.328704833984375, 95.25326538085938, 634.4163818359375, 786.1632080078125], [21.9151611328125, 452.7625732421875, 620.265380859375, 800.0], [37.60741424560547, 105.88998413085938, 219.8197021484375, 492.3192443847656], [180.85418701171875, 108.75343322753906, 350.06158447265625, 490.73291015625], [61.14689636230469, 98.10592651367188, 474.6363525390625, 556.9642333984375]]}