{"labels": [0], "scores": [0.9976656436920166], "bboxes": [[67.63043212890625, 130.9678955078125, 736.2733154296875, 672.6336059570312]]}