{"labels": [0, 0], "scores": [0.9941178560256958, 0.21190647780895233], "bboxes": [[210.20065307617188, 193.462646484375, 599.3717651367188, 867.7208251953125], [1.1771163940429688, 523.8976440429688, 137.3257598876953, 778.2160034179688]]}