{"labels": [0, 0, 0], "scores": [0.8010377883911133, 0.7974536418914795, 0.13011550903320312], "bboxes": [[22.3681640625, 108.495361328125, 699.9341430664062, 796.7727661132812], [290.9545593261719, 203.03564453125, 554.16455078125, 450.08270263671875], [232.43719482421875, 196.230224609375, 562.1728515625, 615.9139404296875]]}