{"labels": [0, 0, 0, 0, 0], "scores": [0.9718660116195679, 0.804448664188385, 0.7526836395263672, 0.22370749711990356, 0.0699540302157402], "bboxes": [[76.18328094482422, 142.93502807617188, 328.1551818847656, 657.986083984375], [315.3654479980469, 182.38052368164062, 434.8605651855469, 615.3551025390625], [426.6507568359375, 206.04396057128906, 560.4584350585938, 591.1312866210938], [472.43389892578125, 206.43589782714844, 644.1589965820312, 574.3025512695312], [80.70419311523438, 136.63352966308594, 634.1783447265625, 645.6908569335938]]}