{"labels": [0, 0, 0, 0, 0], "scores": [0.9601098299026489, 0.9545845985412598, 0.24595864117145538, 0.245146244764328, 0.1216050237417221], "bboxes": [[509.8098449707031, 7.370513916015625, 741.2276000976562, 797.0736083984375], [32.04986572265625, 316.07830810546875, 523.4466552734375, 739.0770874023438], [435.76690673828125, 329.8228759765625, 543.3471069335938, 597.607421875], [32.159210205078125, 18.020751953125, 748.838623046875, 800.0], [337.02764892578125, 440.5799560546875, 433.8194580078125, 691.144775390625]]}