{"labels": [0], "scores": [0.9990804195404053], "bboxes": [[90.4422836303711, 201.47569274902344, 631.5861206054688, 880.1428833007812]]}