{"labels": [0], "scores": [0.9953922033309937], "bboxes": [[48.7259521484375, 219.67669677734375, 652.6038818359375, 500.68310546875]]}