{"labels": [0, 0], "scores": [0.9889453053474426, 0.15681838989257812], "bboxes": [[116.12417602539062, 266.01287841796875, 651.702392578125, 768.4254760742188], [214.18862915039062, 3.371551513671875, 787.40478515625, 452.35821533203125]]}