{"labels": [0], "scores": [0.9984063506126404], "bboxes": [[47.755615234375, 279.8028564453125, 741.973388671875, 670.896728515625]]}