{"labels": [0], "scores": [0.9977694749832153], "bboxes": [[0.01068115234375, 351.8582458496094, 796.9266967773438, 677.9771728515625]]}