{"labels": [0, 0], "scores": [0.9967241883277893, 0.07266668230295181], "bboxes": [[0.295928955078125, 23.483642578125, 800.0, 778.5202026367188], [366.7091064453125, 207.81106567382812, 800.0, 767.0147705078125]]}