{"labels": [0], "scores": [0.9984685778617859], "bboxes": [[203.33746337890625, 8.60601806640625, 612.8075561523438, 783.8477172851562]]}