{"labels": [0], "scores": [0.9991913437843323], "bboxes": [[0.0, 262.130859375, 800.0, 611.4862060546875]]}