{"labels": [0], "scores": [0.998042106628418], "bboxes": [[40.50811767578125, 81.54208374023438, 739.0057373046875, 744.96728515625]]}