{"labels": [0], "scores": [0.998714804649353], "bboxes": [[25.442291259765625, 223.12864685058594, 765.1949462890625, 603.8121948242188]]}