{"labels": [0, 0, 0, 0, 0, 0], "scores": [0.9688233137130737, 0.4622044265270233, 0.1523360013961792, 0.14560888707637787, 0.0694926455616951, 0.055293548852205276], "bboxes": [[0.0, 40.2606201171875, 662.145263671875, 706.15185546875], [471.322509765625, 232.5866241455078, 658.9532470703125, 510.17596435546875], [0.0, 547.930908203125, 473.0244140625, 800.0], [207.15194702148438, 257.86822509765625, 684.3651123046875, 693.9714965820312], [213.20481872558594, 89.36314392089844, 479.70965576171875, 312.56011962890625], [368.26385498046875, 229.56936645507812, 654.5960083007812, 581.41650390625]]}