{"labels": [0, 0, 0, 0], "scores": [0.9282404184341431, 0.9175673127174377, 0.877923309803009, 0.856213390827179], "bboxes": [[450.63458251953125, 184.5743408203125, 770.7554321289062, 600.4541625976562], [17.7578125, 298.6318664550781, 590.755859375, 475.1246032714844], [27.05224609375, 206.9969482421875, 726.43408203125, 555.366455078125], [183.33132934570312, 429.0634460449219, 596.98583984375, 561.4243774414062]]}