{"labels": [0, 0, 0], "scores": [0.9709054827690125, 0.9550158381462097, 0.11107923090457916], "bboxes": [[289.7269287109375, 183.49822998046875, 713.622314453125, 601.9614868164062], [85.07843780517578, 310.022216796875, 317.84027099609375, 643.0419921875], [291.15496826171875, 181.58343505859375, 602.4176025390625, 433.976806640625]]}