{"labels": [0], "scores": [0.9971649050712585], "bboxes": [[29.101318359375, 166.26629638671875, 776.4900512695312, 712.4659423828125]]}