{"labels": [0, 0, 0, 0, 0, 0, 0, 0, 0, 0, 0, 0, 0, 0, 0, 0, 0, 0, 0, 0, 0, 0, 0, 0, 0, 0, 0, 0], "scores": [0.9546199440956116, 0.8688570261001587, 0.8463398814201355, 0.8447575569152832, 0.7901487350463867, 0.7007011771202087, 0.6999044418334961, 0.5547311902046204, 0.5056216716766357, 0.4626607298851013, 0.2440211921930313, 0.2387068271636963, 0.23476636409759521, 0.21688298881053925, 0.17592363059520721, 0.15166641771793365, 0.1381341516971588, 0.13640724122524261, 0.11732268333435059, 0.11725157499313354, 0.10565568506717682, 0.09791859984397888, 0.08858936280012131, 0.0669708177447319, 0.06595920771360397, 0.06582076847553253, 0.05295777693390846, 0.0516178235411644], "bboxes": [[462.4742431640625, 62.524940490722656, 695.5543212890625, 313.8104248046875], [241.7201385498047, 261.1473388671875, 548.8479614257812, 441.6944580078125], [497.0464782714844, 225.00198364257812, 738.6221923828125, 483.5696716308594], [225.37362670898438, 615.212890625, 339.8068542480469, 748.5350341796875], [333.41607666015625, 523.6061401367188, 442.71392822265625, 744.5913696289062], [445.5139465332031, 533.7595825195312, 541.7906494140625, 747.4263305664062], [641.1140747070312, 449.86639404296875, 773.1747436523438, 740.3101196289062], [590.5961303710938, 513.0714111328125, 697.2708129882812, 761.8607177734375], [519.6649780273438, 507.3055725097656, 626.1234741210938, 737.3880615234375], [224.61509704589844, 179.1243438720703, 351.08428955078125, 347.38671875], [5.264892578125, 272.73297119140625, 338.9256286621094, 733.1227416992188], [28.687896728515625, 207.27252197265625, 756.38525390625, 758.205078125], [500.6044921875, 478.42987060546875, 710.449462890625, 735.0772094726562], [72.4504623413086, 506.8348083496094, 211.98687744140625, 747.0804443359375], [456.704345703125, 64.94852447509766, 579.9122314453125, 296.2352600097656], [213.94175720214844, 235.01290893554688, 697.4708251953125, 474.3406677246094], [556.691650390625, 81.10946655273438, 692.6961669921875, 294.5347900390625], [359.78594970703125, 148.78933715820312, 474.912353515625, 216.29248046875], [348.9717712402344, 63.602073669433594, 516.1828002929688, 305.12567138671875], [311.029296875, 529.7930908203125, 527.3816528320312, 743.18505859375], [33.93260955810547, 487.3030700683594, 151.27249145507812, 727.953125], [228.1150360107422, 267.7555236816406, 552.4556884765625, 609.6590576171875], [530.7172241210938, 224.0811767578125, 593.1040649414062, 324.617919921875], [80.9157943725586, 465.2132263183594, 296.4912109375, 725.479248046875], [11.7738037109375, 275.4007873535156, 303.4958801269531, 437.4269714355469], [349.899658203125, 128.76773071289062, 472.04107666015625, 271.4359436035156], [57.10418701171875, 377.8570861816406, 494.391845703125, 747.3389892578125], [468.77923583984375, 221.80897521972656, 735.6952514648438, 697.8128662109375]]}