{"labels": [0, 0], "scores": [0.9886830449104309, 0.910346508026123], "bboxes": [[0.0, 72.36770629882812, 794.2310791015625, 796.8414306640625], [1.8919677734375, 4.2896728515625, 793.79736328125, 393.63702392578125]]}