{"labels": [0], "scores": [0.9982677698135376], "bboxes": [[173.34510803222656, 10.612213134765625, 627.9515991210938, 783.75830078125]]}