{"labels": [0, 0, 0, 0, 0, 0, 0], "scores": [0.995860755443573, 0.9941277503967285, 0.9913811087608337, 0.9895597696304321, 0.10209895670413971, 0.09938562661409378, 0.06987948715686798], "bboxes": [[555.2047119140625, 147.15518188476562, 768.45361328125, 557.32763671875], [352.2647705078125, 155.5452423095703, 617.6631469726562, 619.1185913085938], [54.340789794921875, 151.4197998046875, 329.9703369140625, 612.3871459960938], [289.31640625, 154.16329956054688, 437.655029296875, 514.3193359375], [197.00912475585938, 157.4102783203125, 392.8723449707031, 567.5597534179688], [12.833648681640625, 456.90350341796875, 759.390380859375, 730.1593627929688], [25.577178955078125, 238.96751403808594, 669.787109375, 693.431396484375]]}