{"labels": [0], "scores": [0.9990038275718689], "bboxes": [[110.93707275390625, 135.11251831054688, 697.5126953125, 751.6077880859375]]}