{"labels": [0, 0, 0, 0], "scores": [0.9884957075119019, 0.4555794894695282, 0.19742844998836517, 0.060295991599559784], "bboxes": [[226.0334930419922, 66.59457397460938, 548.6781616210938, 444.9930419921875], [279.7395324707031, 308.35992431640625, 526.693603515625, 775.5604858398438], [215.80975341796875, 61.577880859375, 555.1829833984375, 786.7461547851562], [354.087890625, 1.3035736083984375, 441.60498046875, 68.76055145263672]]}