{"labels": [0, 0], "scores": [0.996994137763977, 0.9909001588821411], "bboxes": [[96.76235961914062, 213.45303344726562, 346.5640563964844, 763.1634521484375], [374.53802490234375, 262.44720458984375, 741.8551635742188, 772.1421508789062]]}