{"labels": [0], "scores": [0.9971869587898254], "bboxes": [[60.86334228515625, 162.32803344726562, 719.1085205078125, 780.261962890625]]}