{"labels": [0, 0, 0, 0, 0, 0], "scores": [0.9937174320220947, 0.9858223795890808, 0.9552369117736816, 0.22853241860866547, 0.08795243501663208, 0.05725645646452904], "bboxes": [[56.48370361328125, 223.58460998535156, 444.0380859375, 669.1478271484375], [443.718017578125, 246.4085693359375, 761.8992919921875, 672.3549194335938], [166.05453491210938, 32.79429626464844, 372.1874694824219, 153.16993713378906], [498.05352783203125, 34.138710021972656, 696.1812133789062, 187.00906372070312], [170.20608520507812, 579.1685180664062, 365.2685852050781, 799.5787963867188], [507.30450439453125, 579.9500122070312, 701.0274047851562, 798.9575805664062]]}