{"labels": [0, 0, 0, 0, 0, 0], "scores": [0.8610415458679199, 0.8324021697044373, 0.7981708645820618, 0.3645138740539551, 0.32823216915130615, 0.09976968914270401], "bboxes": [[202.17030334472656, 501.9432067871094, 455.89288330078125, 700.25048828125], [49.04078674316406, 439.5753173828125, 258.70269775390625, 737.183837890625], [103.53628540039062, 30.230056762695312, 730.43212890625, 416.2667236328125], [406.57525634765625, 515.921142578125, 722.4494018554688, 699.603515625], [67.18392944335938, 45.97705078125, 741.38916015625, 730.9666748046875], [236.41075134277344, 461.7576599121094, 726.9522094726562, 712.5070190429688]]}