{"labels": [0, 0, 0, 0], "scores": [0.9972129464149475, 0.993121325969696, 0.973627507686615, 0.0710645467042923], "bboxes": [[38.015380859375, 166.52232360839844, 343.916015625, 437.6641845703125], [163.39010620117188, 343.337890625, 560.7435302734375, 661.130126953125], [458.1050109863281, 256.2803649902344, 766.5594482421875, 460.5292663574219], [448.0487365722656, 270.76275634765625, 783.0029296875, 659.6119995117188]]}