{"labels": [0, 0], "scores": [0.9941430687904358, 0.06200342997908592], "bboxes": [[143.76470947265625, 318.7099609375, 656.187255859375, 740.1705322265625], [143.8664093017578, 343.1324157714844, 398.3182373046875, 722.7872314453125]]}