{"labels": [0], "scores": [0.9995667338371277], "bboxes": [[23.56756591796875, 24.81243896484375, 760.3153076171875, 789.2948608398438]]}