{"labels": [0, 0, 0, 0, 0], "scores": [0.9962450861930847, 0.9864723682403564, 0.7981582283973694, 0.2703545391559601, 0.1389617621898651], "bboxes": [[144.7327880859375, 6.567840576171875, 346.2351379394531, 796.9056396484375], [451.0664367675781, 0.0, 665.4409790039062, 780.250732421875], [353.3238525390625, 600.9197387695312, 458.36138916015625, 710.8673706054688], [381.9012145996094, 27.95977783203125, 563.18701171875, 736.9630126953125], [205.6586456298828, 2.469879150390625, 650.2852783203125, 800.0]]}