{"labels": [0], "scores": [0.9986874461174011], "bboxes": [[56.676055908203125, 106.13214111328125, 707.8076171875, 684.179443359375]]}