{"labels": [0], "scores": [0.9968775510787964], "bboxes": [[96.14901733398438, 104.94619750976562, 672.56494140625, 762.4400634765625]]}