{"labels": [0, 0], "scores": [0.9973108768463135, 0.383327841758728], "bboxes": [[207.63580322265625, 56.386898040771484, 495.91351318359375, 783.4921875], [313.4710693359375, 668.4971923828125, 526.31787109375, 853.8013305664062]]}