{"labels": [0, 0, 0, 0, 0, 0], "scores": [0.9810290932655334, 0.6977636814117432, 0.6102638840675354, 0.11726769059896469, 0.06965265423059464, 0.059932414442300797], "bboxes": [[500.4208068847656, 0.0, 588.955810546875, 799.2032470703125], [324.5671691894531, 86.54360961914062, 429.5021667480469, 797.34521484375], [370.1067199707031, 111.878662109375, 419.1001281738281, 797.1914672851562], [669.50146484375, 13.542724609375, 727.0377197265625, 743.6812744140625], [318.2892761230469, 46.52056884765625, 523.9594116210938, 800.0], [275.5281066894531, 3.471435546875, 666.0146484375, 800.0]]}