{"labels": [0, 0], "scores": [0.9985961318016052, 0.08581020683050156], "bboxes": [[241.35072326660156, 372.2130432128906, 640.8239135742188, 691.8909912109375], [90.19085693359375, 135.11236572265625, 676.9785766601562, 710.2181396484375]]}