{"labels": [0, 0, 0, 0, 0, 0, 0, 0, 0, 0, 0], "scores": [0.6710751056671143, 0.5859819650650024, 0.5592063665390015, 0.49567940831184387, 0.3004280626773834, 0.2318762242794037, 0.19746431708335876, 0.19479767978191376, 0.07374536991119385, 0.0553843230009079, 0.05061308667063713], "bboxes": [[79.8470687866211, 107.49913024902344, 257.28955078125, 492.30694580078125], [503.47247314453125, 161.04539489746094, 716.5028686523438, 431.562255859375], [217.52566528320312, 332.44976806640625, 344.1735534667969, 681.036376953125], [442.69720458984375, 318.2912292480469, 558.1588134765625, 515.29443359375], [85.9778060913086, 368.72930908203125, 233.45535278320312, 633.0529174804688], [583.3646240234375, 332.5086669921875, 719.791259765625, 611.7130126953125], [76.18637084960938, 192.52743530273438, 339.8746337890625, 666.2783203125], [446.94268798828125, 166.96835327148438, 721.9880981445312, 586.3170166015625], [446.12969970703125, 398.5257568359375, 557.5364990234375, 646.3642578125], [230.94955444335938, 503.54986572265625, 338.8942565917969, 677.6334838867188], [441.41607666015625, 308.5931396484375, 616.8489379882812, 660.2274169921875]]}