{"labels": [0], "scores": [0.99665367603302], "bboxes": [[129.65255737304688, 39.045318603515625, 653.9091796875, 760.9029541015625]]}