{"labels": [0, 0, 0], "scores": [0.9933839440345764, 0.9742826819419861, 0.9559507966041565], "bboxes": [[44.52677917480469, 66.46502685546875, 401.661376953125, 745.2714233398438], [614.9721069335938, 121.52005004882812, 755.6416625976562, 718.887451171875], [439.59454345703125, 356.1549072265625, 541.604736328125, 702.9683837890625]]}