{"labels": [0, 0, 0], "scores": [0.9929384589195251, 0.15240004658699036, 0.08189436048269272], "bboxes": [[372.57879638671875, 5.415435791015625, 765.4345092773438, 789.53125], [115.09220123291016, 641.3624877929688, 369.83038330078125, 778.7316284179688], [9.58709716796875, 0.0, 749.1963500976562, 798.62939453125]]}