{"labels": [0], "scores": [0.9986850619316101], "bboxes": [[16.437713623046875, 99.199951171875, 765.5618896484375, 725.1871337890625]]}