{"labels": [0], "scores": [0.9977745413780212], "bboxes": [[228.3499755859375, 184.4825439453125, 569.8723754882812, 782.9905395507812]]}