{"labels": [0], "scores": [0.9979158043861389], "bboxes": [[48.4564208984375, 204.3674774169922, 746.2353515625, 574.1187133789062]]}