{"labels": [0], "scores": [0.98268061876297], "bboxes": [[317.0142822265625, 129.7352294921875, 497.881591796875, 759.9232177734375]]}