{"labels": [0, 0], "scores": [0.9915450811386108, 0.06964896619319916], "bboxes": [[105.60650634765625, 153.84756469726562, 711.2053833007812, 782.461181640625], [401.67779541015625, 136.63076782226562, 508.880859375, 265.2200012207031]]}