{"labels": [0], "scores": [0.9964165687561035], "bboxes": [[73.31875610351562, 80.94296264648438, 744.7626953125, 710.333984375]]}