{"labels": [0], "scores": [0.996190071105957], "bboxes": [[283.2642822265625, 18.8802490234375, 533.49560546875, 793.6651000976562]]}