{"labels": [0, 0, 0, 0, 0, 0, 0], "scores": [0.9861976504325867, 0.7562661170959473, 0.3899785876274109, 0.3316124379634857, 0.29373809695243835, 0.1928865760564804, 0.10406665503978729], "bboxes": [[72.73941040039062, 291.9676818847656, 742.0379638671875, 741.8704833984375], [615.642333984375, 323.8324890136719, 699.328369140625, 433.3785095214844], [75.96394348144531, 153.116943359375, 418.141357421875, 741.9771728515625], [336.79986572265625, 242.5361328125, 402.5628662109375, 363.042236328125], [477.49853515625, 403.8697814941406, 734.122314453125, 736.1199951171875], [276.8160400390625, 338.77520751953125, 569.0195922851562, 733.1641235351562], [99.45861053466797, 132.79177856445312, 235.43936157226562, 303.3591613769531]]}