{"labels": [0, 0, 0, 0, 0], "scores": [0.9917346239089966, 0.18172916769981384, 0.12874993681907654, 0.060176730155944824, 0.059625692665576935], "bboxes": [[18.467803955078125, 35.74237060546875, 777.2476806640625, 685.9822998046875], [0.0, 3.4639892578125, 780.8198852539062, 369.9639892578125], [123.85164642333984, 550.173583984375, 331.7083435058594, 800.0], [12.76800537109375, 291.82806396484375, 545.9584350585938, 684.8487548828125], [159.80789184570312, 273.025390625, 796.3419189453125, 793.5867919921875]]}