{"labels": [0, 0, 0, 0], "scores": [0.9942169189453125, 0.4396883249282837, 0.4163984954357147, 0.23800809681415558], "bboxes": [[16.396087646484375, 138.3582763671875, 791.5467529296875, 736.7513427734375], [136.544921875, 311.4349365234375, 327.32720947265625, 614.1017456054688], [210.49473571777344, 287.8626403808594, 466.5240478515625, 661.16064453125], [136.74827575683594, 211.8908233642578, 571.7207641601562, 659.40185546875]]}