{"labels": [0, 0, 0], "scores": [0.9952695965766907, 0.2579803168773651, 0.1270928829908371], "bboxes": [[45.821014404296875, 82.08349609375, 767.8524169921875, 719.09619140625], [3.254180908203125, 30.836517333984375, 431.4942321777344, 418.8748779296875], [70.86236572265625, 71.62590026855469, 690.9766235351562, 453.75738525390625]]}