{"labels": [0], "scores": [0.9954934120178223], "bboxes": [[174.0612030029297, 36.519287109375, 593.2376098632812, 724.1266479492188]]}