{"labels": [0, 0, 0, 0, 0, 0], "scores": [0.9787123203277588, 0.788702130317688, 0.5235336422920227, 0.1665954738855362, 0.08740688860416412, 0.07026931643486023], "bboxes": [[157.63845825195312, 138.47900390625, 685.3173828125, 721.6937866210938], [42.58091735839844, 406.99017333984375, 223.49717712402344, 748.3060913085938], [608.986572265625, 179.9305877685547, 732.400146484375, 688.5903930664062], [173.0325469970703, 339.8266906738281, 277.5531311035156, 692.5206298828125], [112.7214126586914, 328.8867492675781, 267.4489440917969, 751.7962646484375], [550.8797607421875, 168.63365173339844, 687.62109375, 680.6299438476562]]}