{"labels": [0, 0], "scores": [0.9888771176338196, 0.32879477739334106], "bboxes": [[238.74400329589844, 110.07608032226562, 583.5219116210938, 791.8046875], [0.0, 94.41122436523438, 264.3410339355469, 800.0]]}