{"labels": [0], "scores": [0.9973306655883789], "bboxes": [[0.0, 121.31085205078125, 798.063720703125, 783.9927368164062]]}