{"labels": [0, 0, 0, 0, 0], "scores": [0.6038373112678528, 0.3725568652153015, 0.3644952178001404, 0.11708487570285797, 0.08006800711154938], "bboxes": [[139.52883911132812, 485.41680908203125, 800.0, 795.4984741210938], [155.103515625, 341.0173034667969, 401.24591064453125, 568.6817626953125], [127.731689453125, 23.240264892578125, 800.0, 800.0], [162.4043426513672, 349.9268798828125, 591.6656494140625, 594.1439208984375], [223.99728393554688, 173.82589721679688, 786.5657958984375, 599.138671875]]}