{"labels": [0, 0], "scores": [0.999187171459198, 0.09894794970750809], "bboxes": [[22.39019775390625, 77.6400146484375, 659.7515869140625, 765.3956909179688], [318.11907958984375, 3.6451644897460938, 739.7294311523438, 130.75173950195312]]}