{"labels": [0, 0, 0], "scores": [0.9721356630325317, 0.9201928973197937, 0.7092305421829224], "bboxes": [[157.43206787109375, 323.6470947265625, 331.3125, 566.048828125], [337.5417175292969, 379.5687561035156, 584.458251953125, 761.915771484375], [176.81979370117188, 309.91400146484375, 623.1041259765625, 758.5245971679688]]}