{"labels": [0], "scores": [0.9788990616798401], "bboxes": [[211.70091247558594, 152.2578125, 554.6622924804688, 577.8496704101562]]}