{"labels": [0, 0], "scores": [0.995101273059845, 0.057388175278902054], "bboxes": [[214.91624450683594, 42.463775634765625, 508.8125, 817.4495849609375], [251.91091918945312, 749.0726318359375, 371.9781188964844, 859.5477905273438]]}