{"labels": [0], "scores": [0.9963836669921875], "bboxes": [[61.988548278808594, 260.56683349609375, 626.5083618164062, 858.3389892578125]]}