{"labels": [0], "scores": [0.997836172580719], "bboxes": [[94.47372436523438, 202.83653259277344, 654.5433349609375, 619.346435546875]]}