{"labels": [0], "scores": [0.9903836846351624], "bboxes": [[29.896575927734375, 287.72589111328125, 762.794677734375, 674.6563720703125]]}