{"labels": [0, 0, 0, 0], "scores": [0.6999179720878601, 0.6528469324111938, 0.3142560124397278, 0.09978403151035309], "bboxes": [[483.2036437988281, 403.113037109375, 800.0, 738.8612060546875], [402.184814453125, 282.9750671386719, 528.1224975585938, 369.0651550292969], [13.6455078125, 115.55624389648438, 800.0, 775.3641357421875], [544.1521606445312, 348.6475830078125, 785.4266967773438, 548.369140625]]}