{"labels": [0, 0, 0, 0], "scores": [0.9155008792877197, 0.9050195217132568, 0.8544795513153076, 0.3247077763080597], "bboxes": [[18.975027084350586, 307.47625732421875, 401.32122802734375, 888.9468383789062], [78.19342041015625, 34.801475524902344, 282.72369384765625, 278.57012939453125], [145.77821350097656, 244.75009155273438, 657.8219604492188, 896.0], [67.91259765625, 423.9358825683594, 332.72650146484375, 832.9532470703125]]}