{"labels": [0], "scores": [0.9987849593162537], "bboxes": [[30.003204345703125, 57.750244140625, 791.33349609375, 762.0278930664062]]}