{"labels": [0, 0, 0], "scores": [0.9410345554351807, 0.858705461025238, 0.07114652544260025], "bboxes": [[21.903472900390625, 72.11207580566406, 786.863037109375, 558.2501831054688], [0.0, 509.6347351074219, 796.5170288085938, 796.1212158203125], [4.618499755859375, 251.8853302001953, 202.19305419921875, 534.2044677734375]]}