{"labels": [0, 0, 0, 0, 0], "scores": [0.9927411079406738, 0.9899985194206238, 0.9865013957023621, 0.9214460253715515, 0.09396956115961075], "bboxes": [[236.0586395263672, 170.49798583984375, 523.1339721679688, 476.820068359375], [122.56948852539062, 357.8323974609375, 388.5720520019531, 671.8125610351562], [49.896934509277344, 339.5142517089844, 257.3672790527344, 615.3905029296875], [375.3102722167969, 385.48291015625, 674.406494140625, 663.0249633789062], [226.70504760742188, 360.4762268066406, 611.9943237304688, 669.2655029296875]]}