{"labels": [0, 0, 0, 0], "scores": [0.834915816783905, 0.8224440217018127, 0.22136132419109344, 0.16388072073459625], "bboxes": [[35.392601013183594, 4.598785400390625, 229.595947265625, 798.2982177734375], [27.526214599609375, 35.38873291015625, 730.1973876953125, 800.0], [119.67120361328125, 0.0, 567.236572265625, 317.179443359375], [42.188873291015625, 31.704605102539062, 601.937744140625, 484.72515869140625]]}