{"labels": [0, 0], "scores": [0.9820044636726379, 0.34597620368003845], "bboxes": [[23.159881591796875, 94.744873046875, 681.204833984375, 800.0], [27.789329528808594, 4.2767486572265625, 234.36898803710938, 313.9901123046875]]}