{"labels": [0], "scores": [0.9985583424568176], "bboxes": [[0.0, 297.2696228027344, 790.1885375976562, 792.5499267578125]]}