{"labels": [0, 0, 0, 0, 0, 0, 0, 0, 0, 0], "scores": [0.9973564147949219, 0.8400923609733582, 0.433586984872818, 0.4260152280330658, 0.23576591908931732, 0.17223918437957764, 0.17027083039283752, 0.12038502842187881, 0.1173429787158966, 0.08461392670869827], "bboxes": [[73.29116821289062, 35.46192932128906, 724.88134765625, 415.6552734375], [474.29559326171875, 398.50592041015625, 752.8681030273438, 676.2610473632812], [75.60247802734375, 557.7447509765625, 349.808837890625, 717.7774658203125], [157.23422241210938, 405.8564453125, 227.59991455078125, 494.6221923828125], [64.40596008300781, 384.1454772949219, 156.13624572753906, 495.0971984863281], [177.01028442382812, 629.892578125, 788.1295166015625, 800.0], [390.49505615234375, 35.370513916015625, 726.7118530273438, 350.021484375], [231.4349822998047, 413.46380615234375, 289.47418212890625, 503.44293212890625], [513.766845703125, 449.0614318847656, 710.2772216796875, 629.2291259765625], [528.544677734375, 480.0824279785156, 677.716552734375, 591.6170654296875]]}