{"labels": [0], "scores": [0.9965198040008545], "bboxes": [[98.34386444091797, 214.8359832763672, 572.5980834960938, 478.41192626953125]]}