{"labels": [0, 0], "scores": [0.9716318845748901, 0.8971877694129944], "bboxes": [[159.08592224121094, 45.02032470703125, 473.94134521484375, 709.2533569335938], [301.6878662109375, 53.151153564453125, 638.7246704101562, 708.7467041015625]]}