{"labels": [0], "scores": [0.9981949925422668], "bboxes": [[166.6437530517578, 149.01104736328125, 612.3308715820312, 740.1536865234375]]}