{"labels": [0], "scores": [0.9962765574455261], "bboxes": [[207.2727508544922, 9.231109619140625, 583.5261840820312, 787.5667724609375]]}