{"labels": [0, 0], "scores": [0.9918287396430969, 0.6363974809646606], "bboxes": [[70.57363891601562, 193.5434112548828, 712.0736083984375, 606.1519775390625], [7.158721923828125, 360.66400146484375, 796.75244140625, 784.5377807617188]]}