{"labels": [0], "scores": [0.9990525841712952], "bboxes": [[51.891326904296875, 329.94195556640625, 750.48486328125, 686.00341796875]]}