{"labels": [0, 0, 0, 0, 0, 0, 0, 0, 0, 0, 0], "scores": [0.9968761205673218, 0.9753109812736511, 0.834774911403656, 0.6430649161338806, 0.5520529747009277, 0.44759342074394226, 0.4016369879245758, 0.13190129399299622, 0.11364011466503143, 0.1108364686369896, 0.10192199051380157], "bboxes": [[353.0821533203125, 54.64874267578125, 429.18927001953125, 769.4555053710938], [633.566162109375, 317.0774841308594, 678.51513671875, 749.521484375], [195.48965454101562, 160.30963134765625, 247.15838623046875, 372.8809814453125], [451.91180419921875, 311.01727294921875, 734.1480102539062, 752.8788452148438], [49.50422668457031, 158.65164184570312, 97.05003356933594, 382.8125305175781], [603.69580078125, 319.53704833984375, 717.1590576171875, 744.6470336914062], [12.6793212890625, 150.00445556640625, 339.7760314941406, 397.204833984375], [26.11145782470703, 156.49510192871094, 160.15066528320312, 391.24774169921875], [148.81854248046875, 159.0302276611328, 266.4076232910156, 386.44183349609375], [19.248382568359375, 332.6571960449219, 335.7280578613281, 396.1449890136719], [375.79150390625, 83.92401123046875, 786.7923583984375, 761.2648315429688]]}