{"labels": [0, 0, 0, 0, 0, 0], "scores": [0.9633272290229797, 0.9029535055160522, 0.8452691435813904, 0.690508246421814, 0.5890808701515198, 0.375945508480072], "bboxes": [[406.2286682128906, 146.00738525390625, 594.598876953125, 716.1913452148438], [206.38717651367188, 137.55136108398438, 402.9696350097656, 721.20654296875], [524.6638793945312, 136.66766357421875, 773.1787719726562, 723.43408203125], [15.491851806640625, 120.90536499023438, 312.64111328125, 711.216552734375], [350.18365478515625, 136.27960205078125, 735.1741333007812, 720.8268432617188], [87.91665649414062, 114.24661254882812, 496.6272888183594, 717.3690185546875]]}