{"labels": [0, 0, 0], "scores": [0.996606707572937, 0.2523290812969208, 0.07131744921207428], "bboxes": [[186.27061462402344, 157.09054565429688, 579.800537109375, 799.4981689453125], [267.52874755859375, 0.0, 516.5575561523438, 210.95620727539062], [634.8531494140625, 144.05723571777344, 765.9844970703125, 511.1614990234375]]}