{"labels": [0], "scores": [0.9989113807678223], "bboxes": [[20.473785400390625, 209.70260620117188, 789.311767578125, 654.3961181640625]]}