{"labels": [0, 0, 0, 0], "scores": [0.9859684705734253, 0.9715383648872375, 0.11578790843486786, 0.07607755810022354], "bboxes": [[160.26736450195312, 4.2703857421875, 750.0714111328125, 781.7320556640625], [426.854736328125, 48.009979248046875, 779.6942138671875, 787.8955078125], [146.6398468017578, 66.28857421875, 573.6868896484375, 570.1735229492188], [132.38128662109375, 278.4495849609375, 569.9854125976562, 800.0]]}