{"labels": [0], "scores": [0.9990507960319519], "bboxes": [[97.87496948242188, 26.6336669921875, 720.864013671875, 787.1898803710938]]}