{"labels": [0], "scores": [0.9961462020874023], "bboxes": [[238.91104125976562, 60.193695068359375, 542.91796875, 787.594482421875]]}