{"labels": [0], "scores": [0.9991528987884521], "bboxes": [[45.6661376953125, 126.73248291015625, 765.98779296875, 644.1211547851562]]}