{"labels": [0], "scores": [0.996025562286377], "bboxes": [[180.154296875, 230.16217041015625, 644.4329833984375, 793.5171508789062]]}