{"labels": [0], "scores": [0.9976563453674316], "bboxes": [[1.211090087890625, 89.19912719726562, 733.250732421875, 762.112060546875]]}