{"labels": [0], "scores": [0.9986635446548462], "bboxes": [[2.31378173828125, 88.402587890625, 793.8809204101562, 706.9721069335938]]}