{"labels": [0, 0, 0], "scores": [0.9947169423103333, 0.9856081008911133, 0.29601016640663147], "bboxes": [[41.134246826171875, 126.05953979492188, 449.4946594238281, 720.704345703125], [345.63616943359375, 63.1337890625, 772.9403686523438, 688.4669189453125], [175.9237060546875, 70.97698974609375, 647.8087768554688, 707.1007080078125]]}