{"labels": [0, 0], "scores": [0.9974452257156372, 0.870395302772522], "bboxes": [[25.26824951171875, 129.88848876953125, 712.6928100585938, 717.635009765625], [471.9013671875, 41.75950622558594, 754.888916015625, 360.01519775390625]]}