{"labels": [0, 0, 0], "scores": [0.9964362382888794, 0.09729692339897156, 0.07821695506572723], "bboxes": [[275.74591064453125, 71.2427978515625, 560.328369140625, 737.5437622070312], [535.117919921875, 460.337646484375, 798.0615234375, 787.149658203125], [278.6116638183594, 77.47978210449219, 541.173583984375, 409.14630126953125]]}