{"labels": [0], "scores": [0.9915906190872192], "bboxes": [[71.98260498046875, 222.4597930908203, 502.6964111328125, 683.121337890625]]}