{"labels": [0], "scores": [0.9849525094032288], "bboxes": [[112.36892700195312, 0.0, 674.888916015625, 800.0]]}