{"labels": [0], "scores": [0.9983213543891907], "bboxes": [[0.0, 128.26593017578125, 799.15625, 701.2214965820312]]}