{"labels": [0, 0, 0], "scores": [0.9921332597732544, 0.10087399929761887, 0.05926121771335602], "bboxes": [[459.8326416015625, 58.28314208984375, 582.394775390625, 754.7064208984375], [0.0, 10.003662109375, 642.6293334960938, 785.7037963867188], [341.38690185546875, 42.911102294921875, 640.8690185546875, 761.626708984375]]}