{"labels": [0, 0, 0, 0], "scores": [0.9725549221038818, 0.4082745313644409, 0.15255537629127502, 0.10799100995063782], "bboxes": [[4.170522689819336, 33.618125915527344, 263.6994934082031, 766.136474609375], [407.53167724609375, 397.9947814941406, 700.0, 685.6650390625], [410.2364501953125, 1.5288200378417969, 697.7025146484375, 383.4113464355469], [404.8167724609375, 669.8973999023438, 699.5852661132812, 895.2536010742188]]}