{"labels": [0, 0, 0], "scores": [0.9100655913352966, 0.4403231143951416, 0.2931208312511444], "bboxes": [[228.3146209716797, 163.6590576171875, 544.7924194335938, 750.2735595703125], [0.0, 0.0, 142.75665283203125, 748.45068359375], [554.497314453125, 395.56695556640625, 799.5574951171875, 800.0]]}