{"labels": [0], "scores": [0.9990149736404419], "bboxes": [[60.433349609375, 48.498748779296875, 735.4961547851562, 770.188232421875]]}