{"labels": [0, 0, 0, 0, 0, 0], "scores": [0.9885857701301575, 0.35335680842399597, 0.14352591335773468, 0.1270936280488968, 0.1157277524471283, 0.05744116008281708], "bboxes": [[24.13037109375, 56.452484130859375, 722.1314697265625, 749.08740234375], [494.08697509765625, 465.9103698730469, 714.6642456054688, 644.3876953125], [390.6681823730469, 106.73155212402344, 699.622802734375, 384.80780029296875], [436.3116455078125, 303.9132080078125, 709.5726318359375, 472.8323974609375], [12.757217407226562, 103.34878540039062, 470.49041748046875, 632.4996337890625], [16.301010131835938, 293.8916015625, 275.25537109375, 576.0714111328125]]}