{"labels": [0, 0], "scores": [0.9959404468536377, 0.9872196912765503], "bboxes": [[21.059585571289062, 121.40353393554688, 509.3316650390625, 650.1458740234375], [334.57354736328125, 320.21636962890625, 781.0460815429688, 734.7722778320312]]}