{"labels": [0, 0, 0, 0, 0, 0, 0, 0], "scores": [0.94575035572052, 0.9348733425140381, 0.7621747255325317, 0.7583712339401245, 0.2954958975315094, 0.14922863245010376, 0.0929097905755043, 0.0843329206109047], "bboxes": [[409.96600341796875, 301.04461669921875, 793.4071655273438, 705.6246948242188], [8.370834350585938, 6.166748046875, 499.9129638671875, 718.2960205078125], [55.052276611328125, 24.213226318359375, 792.9578857421875, 537.4407958984375], [200.5402374267578, 188.4003143310547, 534.8695678710938, 488.5606689453125], [462.29595947265625, 128.68096923828125, 791.8626098632812, 477.15728759765625], [0.0, 267.75823974609375, 372.8222351074219, 709.9297485351562], [216.10626220703125, 71.45855712890625, 699.6923217773438, 457.50396728515625], [118.804931640625, 90.03118896484375, 477.89654541015625, 544.004638671875]]}