{"labels": [0, 0], "scores": [0.9967177510261536, 0.23931623995304108], "bboxes": [[118.40669250488281, 176.42678833007812, 511.7628173828125, 514.2236328125], [0.810302734375, 0.0, 319.89501953125, 195.02810668945312]]}