{"labels": [0, 0], "scores": [0.9897416830062866, 0.20314115285873413], "bboxes": [[61.252166748046875, 238.96543884277344, 739.4716796875, 514.61669921875], [64.33074951171875, 245.00718688964844, 574.7879028320312, 423.767822265625]]}