{"labels": [0, 0, 0], "scores": [0.9571740031242371, 0.18293212354183197, 0.10837063193321228], "bboxes": [[155.80999755859375, 22.159759521484375, 641.77978515625, 772.741943359375], [159.9090576171875, 463.1157531738281, 635.1343994140625, 768.6226806640625], [261.6436767578125, 28.14697265625, 622.2203369140625, 435.36798095703125]]}