{"labels": [0, 0, 0], "scores": [0.9683094620704651, 0.9194918870925903, 0.7941265106201172], "bboxes": [[478.4029541015625, 300.90325927734375, 752.2698974609375, 562.5880126953125], [5.218231201171875, 185.67507934570312, 438.2460021972656, 767.5697021484375], [9.67034912109375, 20.480224609375, 431.94390869140625, 431.2239074707031]]}