{"labels": [0], "scores": [0.9983254075050354], "bboxes": [[14.997283935546875, 61.86572265625, 769.7584228515625, 697.0429077148438]]}