{"labels": [0], "scores": [0.9962205290794373], "bboxes": [[222.14236450195312, 56.249114990234375, 542.85791015625, 770.220947265625]]}