{"labels": [0, 0], "scores": [0.9960020184516907, 0.10990288108587265], "bboxes": [[205.96202087402344, 6.060085296630859, 564.1400146484375, 753.1908569335938], [244.13343811035156, 714.9676513671875, 369.66058349609375, 866.1571044921875]]}