{"labels": [0], "scores": [0.9985331296920776], "bboxes": [[90.95663452148438, 12.02972412109375, 703.719482421875, 796.8153076171875]]}