{"labels": [0], "scores": [0.9990918636322021], "bboxes": [[241.72860717773438, 5.504425048828125, 517.0057373046875, 795.218505859375]]}