{"labels": [0], "scores": [0.9988056421279907], "bboxes": [[24.757476806640625, 259.05889892578125, 778.537841796875, 659.1890258789062]]}