{"labels": [0, 0, 0], "scores": [0.9913254380226135, 0.9802322387695312, 0.8586757779121399], "bboxes": [[309.5561218261719, 222.95570373535156, 486.6174621582031, 727.0053100585938], [395.55230712890625, 236.836181640625, 654.2843627929688, 737.5402221679688], [148.13272094726562, 230.82818603515625, 492.7228698730469, 754.5289916992188]]}