{"labels": [0], "scores": [0.998445451259613], "bboxes": [[14.13372802734375, 199.97286987304688, 775.8840942382812, 618.23974609375]]}