{"labels": [0], "scores": [0.9993226528167725], "bboxes": [[32.054107666015625, 17.271484375, 779.825927734375, 790.8170166015625]]}