{"labels": [0, 0], "scores": [0.9971338510513306, 0.9410094618797302], "bboxes": [[340.71673583984375, 17.37786865234375, 753.7171020507812, 787.8312377929688], [46.51844787597656, 41.831634521484375, 312.40283203125, 390.97296142578125]]}