{"labels": [0, 0], "scores": [0.9952086806297302, 0.07121944427490234], "bboxes": [[232.4999237060547, 219.46435546875, 641.5689697265625, 711.015380859375], [217.85574340820312, 160.9998779296875, 563.09228515625, 559.8771362304688]]}