{"labels": [0], "scores": [0.9972725510597229], "bboxes": [[50.730709075927734, 61.101104736328125, 678.9168701171875, 674.1513671875]]}