{"labels": [0, 0], "scores": [0.9944260120391846, 0.9921660423278809], "bboxes": [[403.3589172363281, 198.58457946777344, 797.1591796875, 594.0416870117188], [0.0, 216.10018920898438, 390.17254638671875, 601.4317626953125]]}