{"labels": [0], "scores": [0.9987323880195618], "bboxes": [[55.422149658203125, 199.1656951904297, 753.852294921875, 644.3128051757812]]}