{"labels": [0, 0], "scores": [0.9916101098060608, 0.9611414670944214], "bboxes": [[239.62338256835938, 506.9276123046875, 466.69537353515625, 697.74169921875], [247.27273559570312, 192.76901245117188, 456.01934814453125, 509.3374328613281]]}