{"labels": [0, 0], "scores": [0.9766116738319397, 0.08721211552619934], "bboxes": [[215.6122589111328, 123.05809020996094, 476.3931884765625, 430.19012451171875], [448.7255859375, 753.9444580078125, 534.6990356445312, 877.7609252929688]]}