{"labels": [0], "scores": [0.9970670342445374], "bboxes": [[264.3553161621094, 7.7451171875, 535.1005859375, 798.532470703125]]}