{"labels": [0, 0], "scores": [0.9934678673744202, 0.5108452439308167], "bboxes": [[242.16744995117188, 12.874755859375, 605.408203125, 459.15325927734375], [17.815216064453125, 468.942138671875, 781.87255859375, 794.6783447265625]]}