{"labels": [0], "scores": [0.999201238155365], "bboxes": [[25.024658203125, 22.2392578125, 790.23046875, 777.0540161132812]]}