{"labels": [0], "scores": [0.997735857963562], "bboxes": [[125.22332763671875, 122.09197998046875, 779.0275268554688, 741.4329223632812]]}