{"labels": [0, 0, 0, 0], "scores": [0.7246212959289551, 0.6130641102790833, 0.3958325684070587, 0.31585395336151123], "bboxes": [[201.3018035888672, 477.81719970703125, 611.4783325195312, 747.1621704101562], [221.86669921875, 116.20285034179688, 673.1458740234375, 690.46240234375], [290.6702880859375, 132.48391723632812, 567.0313720703125, 580.5791015625], [482.73077392578125, 106.50547790527344, 785.6203002929688, 519.9135131835938]]}