{"labels": [0], "scores": [0.9996751546859741], "bboxes": [[0.0, 81.52481079101562, 800.0, 798.8941650390625]]}