{"labels": [0, 0], "scores": [0.9956138134002686, 0.11867690086364746], "bboxes": [[212.56716918945312, 54.67529296875, 569.0546875, 716.6586303710938], [346.781494140625, 74.67222595214844, 549.514892578125, 528.614013671875]]}