{"labels": [0], "scores": [0.9989008903503418], "bboxes": [[265.41357421875, 288.41595458984375, 508.3887939453125, 572.720947265625]]}