{"labels": [0], "scores": [0.9975340366363525], "bboxes": [[80.04275512695312, 252.6755828857422, 752.580078125, 623.2783203125]]}