{"labels": [0, 0], "scores": [0.9983722567558289, 0.9234699606895447], "bboxes": [[10.362533569335938, 5.773002624511719, 677.5001831054688, 832.665283203125], [332.1019592285156, 776.0149536132812, 398.57476806640625, 845.4678344726562]]}