{"labels": [0], "scores": [0.9634599685668945], "bboxes": [[0.506744384765625, 270.8179626464844, 792.418212890625, 584.972412109375]]}