{"labels": [0], "scores": [0.9982942938804626], "bboxes": [[237.9331512451172, 4.912872314453125, 613.36328125, 783.9368896484375]]}