{"labels": [0], "scores": [0.9924713373184204], "bboxes": [[164.47068786621094, 362.1961975097656, 602.7327270507812, 764.1788330078125]]}