{"labels": [0, 0, 0, 0, 0], "scores": [0.6323345899581909, 0.41888636350631714, 0.11700037121772766, 0.0955069288611412, 0.051968492567539215], "bboxes": [[219.10694885253906, 286.92437744140625, 661.005615234375, 791.7012329101562], [274.70440673828125, 227.23667907714844, 621.7366943359375, 570.0641479492188], [57.098388671875, 85.14578247070312, 707.575927734375, 796.2266845703125], [216.25706481933594, 448.74102783203125, 534.331298828125, 788.5907592773438], [291.6878662109375, 414.5986328125, 480.32147216796875, 532.0753173828125]]}