{"labels": [0, 0], "scores": [0.997875452041626, 0.16055379807949066], "bboxes": [[7.514984130859375, 68.77764892578125, 764.947998046875, 662.8713989257812], [7.9342803955078125, 282.150146484375, 512.614501953125, 641.0794067382812]]}