{"labels": [0], "scores": [0.9987457990646362], "bboxes": [[166.06976318359375, 92.88601684570312, 607.5361328125, 737.6273193359375]]}