{"labels": [0], "scores": [0.9990639090538025], "bboxes": [[18.350341796875, 235.09750366210938, 773.890869140625, 624.431884765625]]}