{"labels": [0, 0], "scores": [0.9949359893798828, 0.10551312565803528], "bboxes": [[252.2589111328125, 70.87740325927734, 495.3609619140625, 787.5594482421875], [189.97122192382812, 236.76382446289062, 253.05258178710938, 548.830078125]]}