{"labels": [0], "scores": [0.9985080361366272], "bboxes": [[248.775146484375, 179.71710205078125, 594.0296630859375, 786.836181640625]]}