{"labels": [0], "scores": [0.9983610510826111], "bboxes": [[90.60418701171875, 25.335205078125, 736.8662719726562, 770.5579833984375]]}