{"labels": [0], "scores": [0.9986801743507385], "bboxes": [[1.376373291015625, 139.956787109375, 794.7330322265625, 688.1112060546875]]}