{"labels": [0, 0, 0], "scores": [0.9983437061309814, 0.996174156665802, 0.9940654039382935], "bboxes": [[323.558837890625, 108.66368103027344, 714.2520751953125, 323.83184814453125], [3.550506591796875, 194.1200714111328, 368.68768310546875, 616.1021728515625], [328.4449157714844, 223.00973510742188, 796.7279052734375, 694.8416748046875]]}