{"labels": [0], "scores": [0.9945100545883179], "bboxes": [[221.07972717285156, 159.18942260742188, 589.5936889648438, 667.7568359375]]}