{"labels": [0], "scores": [0.9974302649497986], "bboxes": [[10.083892822265625, 26.31195068359375, 799.5877685546875, 788.9313354492188]]}