{"labels": [0, 0], "scores": [0.9945008754730225, 0.12918581068515778], "bboxes": [[110.36904907226562, 314.74822998046875, 709.173583984375, 688.5321044921875], [81.365234375, 29.62548828125, 739.696044921875, 736.736083984375]]}