{"labels": [0], "scores": [0.9980375170707703], "bboxes": [[46.0997314453125, 205.054931640625, 754.8220825195312, 575.66748046875]]}