{"labels": [0], "scores": [0.9988895058631897], "bboxes": [[159.54795837402344, 116.82244873046875, 659.2005615234375, 747.0394287109375]]}