{"labels": [0, 0, 0, 0, 0, 0], "scores": [0.998878538608551, 0.9902204275131226, 0.24994273483753204, 0.17774434387683868, 0.13058534264564514, 0.10497232526540756], "bboxes": [[389.4725036621094, 43.788726806640625, 653.95849609375, 773.9456787109375], [112.48794555664062, 50.702667236328125, 371.7845153808594, 782.56640625], [54.41149139404297, 562.0789184570312, 279.5089416503906, 795.2631225585938], [155.0623321533203, 660.2133178710938, 242.61390686035156, 693.8246459960938], [644.1248779296875, 242.3317108154297, 743.810302734375, 371.8558349609375], [210.74862670898438, 55.973419189453125, 578.8892822265625, 777.794189453125]]}