{"labels": [0, 0, 0], "scores": [0.9660771489143372, 0.954449474811554, 0.9262483716011047], "bboxes": [[296.7230224609375, 97.35916137695312, 542.0362548828125, 781.1875], [563.4651489257812, 78.4991455078125, 788.2335815429688, 800.0], [7.5891571044921875, 53.627685546875, 320.9088134765625, 776.7490844726562]]}