{"labels": [0], "scores": [0.9963350296020508], "bboxes": [[285.382568359375, 50.546539306640625, 532.4422607421875, 758.16845703125]]}