{"labels": [0, 0], "scores": [0.9876225590705872, 0.10286726802587509], "bboxes": [[55.49176025390625, 242.3065948486328, 707.0184936523438, 645.9849243164062], [68.95681762695312, 475.8467712402344, 524.75341796875, 643.77294921875]]}