{"labels": [0, 0, 0], "scores": [0.9963346719741821, 0.3462226092815399, 0.07159639149904251], "bboxes": [[0.0, 154.089599609375, 785.9239501953125, 800.0], [367.19000244140625, 13.249679565429688, 741.2063598632812, 316.7027587890625], [21.916412353515625, 8.762725830078125, 793.8431396484375, 409.6583251953125]]}