{"labels": [0], "scores": [0.9963458180427551], "bboxes": [[63.95648193359375, 287.9830017089844, 759.395751953125, 644.76513671875]]}