{"labels": [0], "scores": [0.9773455858230591], "bboxes": [[237.09408569335938, 10.09344482421875, 788.3189697265625, 678.9412231445312]]}