{"labels": [0, 0, 0], "scores": [0.9901363253593445, 0.3036929666996002, 0.08554773032665253], "bboxes": [[45.98956298828125, 393.63775634765625, 755.9342041015625, 746.0787963867188], [450.9572448730469, 0.0, 731.1864013671875, 468.32037353515625], [67.30868530273438, 45.167083740234375, 734.845458984375, 761.4886474609375]]}