{"labels": [0, 0, 0, 0, 0], "scores": [0.9957732558250427, 0.8497507572174072, 0.7968559861183167, 0.7917963266372681, 0.06835512816905975], "bboxes": [[47.848785400390625, 402.9984130859375, 736.5367431640625, 707.425048828125], [105.14244079589844, 68.03587341308594, 225.65565490722656, 236.59336853027344], [561.6157836914062, 59.198890686035156, 688.6378784179688, 230.887939453125], [279.73822021484375, 65.59868621826172, 515.1095581054688, 247.0545654296875], [155.84991455078125, 310.53460693359375, 660.1110229492188, 460.59710693359375]]}