{"labels": [0, 0, 0, 0, 0, 0], "scores": [0.9757509231567383, 0.9457393884658813, 0.47129616141319275, 0.2194499373435974, 0.1314980536699295, 0.07500413805246353], "bboxes": [[13.619617462158203, 247.7688751220703, 436.64837646484375, 868.8849487304688], [338.97137451171875, 190.94920349121094, 699.1245727539062, 576.385498046875], [269.5955505371094, 209.83355712890625, 683.2057495117188, 886.7425537109375], [74.10323333740234, 547.2393188476562, 367.2665100097656, 893.1055297851562], [370.4105529785156, 544.0615844726562, 693.0383911132812, 891.621826171875], [64.23605346679688, 455.2792053222656, 664.7283935546875, 889.1837158203125]]}