{"labels": [0, 0, 0, 0, 0], "scores": [0.9052566885948181, 0.4239007234573364, 0.30139389634132385, 0.22768421471118927, 0.05878038331866264], "bboxes": [[240.70932006835938, 579.5117797851562, 482.13446044921875, 789.8854370117188], [3.9090347290039062, 572.6369018554688, 498.77740478515625, 840.0263061523438], [309.4687194824219, 212.17308044433594, 690.5465087890625, 523.9902954101562], [58.145790100097656, 185.30752563476562, 667.4059448242188, 819.4474487304688], [299.7979736328125, 139.85089111328125, 667.323974609375, 415.38739013671875]]}