{"labels": [0], "scores": [0.9787713885307312], "bboxes": [[340.3860168457031, 50.65185546875, 465.6019592285156, 780.5928344726562]]}