{"labels": [0, 0, 0, 0, 0], "scores": [0.996009111404419, 0.36894816160202026, 0.1405322551727295, 0.11258285492658615, 0.05641495808959007], "bboxes": [[75.8077392578125, 481.7760009765625, 744.4885864257812, 773.538818359375], [44.147056579589844, 18.868743896484375, 286.2667541503906, 586.602294921875], [73.29536437988281, 0.0, 514.0349731445312, 587.8113403320312], [54.15484619140625, 63.2955322265625, 734.2606201171875, 729.9623413085938], [262.9007568359375, 8.714431762695312, 664.0480346679688, 474.9093017578125]]}