{"labels": [0], "scores": [0.9965379238128662], "bboxes": [[249.46923828125, 107.11126708984375, 542.7032470703125, 711.86083984375]]}