{"labels": [0, 0, 0, 0], "scores": [0.9983590245246887, 0.7595530152320862, 0.17486590147018433, 0.10602203756570816], "bboxes": [[340.70770263671875, 99.37832641601562, 548.7557983398438, 737.800048828125], [0.0, 0.2481689453125, 480.0753479003906, 797.458984375], [430.6114807128906, 63.4537353515625, 796.471923828125, 787.6331176757812], [250.27328491210938, 66.91290283203125, 693.829833984375, 785.0298461914062]]}