{"labels": [0, 0, 0, 0], "scores": [0.775568962097168, 0.30432748794555664, 0.288373738527298, 0.11526589095592499], "bboxes": [[70.75592041015625, 15.205810546875, 718.2473754882812, 788.7648315429688], [84.500732421875, 5.831695556640625, 706.2265625, 332.5738525390625], [153.68682861328125, 324.06903076171875, 680.8026123046875, 790.0844116210938], [170.7189483642578, 354.6678161621094, 676.4232177734375, 593.3096923828125]]}