{"labels": [0, 0, 0], "scores": [0.9969393014907837, 0.1350213587284088, 0.07019234448671341], "bboxes": [[4.296356201171875, 45.208343505859375, 755.21630859375, 800.0], [0.0, 158.13845825195312, 430.2870788574219, 800.0], [400.8302001953125, 158.33160400390625, 735.5206298828125, 800.0]]}