{"labels": [0, 0, 0, 0, 0, 0, 0, 0, 0, 0], "scores": [0.9861043095588684, 0.9825977683067322, 0.9824572205543518, 0.9818549156188965, 0.9744064807891846, 0.9669254422187805, 0.9423395991325378, 0.9410651922225952, 0.9077006578445435, 0.08177521824836731], "bboxes": [[501.5728454589844, 390.9412536621094, 636.09912109375, 554.9708251953125], [157.4683074951172, 386.1381530761719, 291.6759033203125, 553.4055786132812], [163.89271545410156, 183.55758666992188, 290.1465148925781, 344.3647155761719], [506.0104675292969, 190.07913208007812, 637.421142578125, 353.0211486816406], [297.650390625, 313.2875061035156, 480.75836181640625, 446.5760192871094], [310.0784912109375, 462.5769348144531, 482.23211669921875, 603.621826171875], [662.2304077148438, 297.8717956542969, 800.0, 466.7052917480469], [0.0, 293.4701232910156, 130.9781494140625, 461.8670959472656], [313.9617004394531, 157.94345092773438, 482.1679382324219, 292.3116455078125], [0.0, 84.0321044921875, 800.0, 800.0]]}