{"labels": [0, 0], "scores": [0.995644211769104, 0.3465932309627533], "bboxes": [[106.1522216796875, 195.24034118652344, 673.6558837890625, 642.6950073242188], [295.13970947265625, 27.230789184570312, 573.139892578125, 182.694580078125]]}