{"labels": [0], "scores": [0.9979913234710693], "bboxes": [[115.82711029052734, 11.01186466217041, 577.6921997070312, 693.848388671875]]}