{"labels": [0, 0], "scores": [0.9954079985618591, 0.06614179164171219], "bboxes": [[164.8055419921875, 66.29806518554688, 644.7689208984375, 764.185302734375], [689.7460327148438, 109.84197998046875, 774.4448852539062, 474.48895263671875]]}