{"labels": [0], "scores": [0.9977188110351562], "bboxes": [[0.0, 377.7369384765625, 799.2799072265625, 797.3837890625]]}