{"labels": [0], "scores": [0.9987455606460571], "bboxes": [[22.623268127441406, 113.27973937988281, 614.87646484375, 896.0]]}