{"labels": [0], "scores": [0.9979889392852783], "bboxes": [[19.317184448242188, 43.97438430786133, 616.276611328125, 779.4891357421875]]}