{"labels": [0], "scores": [0.9991544485092163], "bboxes": [[53.871185302734375, 82.93170166015625, 761.4569091796875, 732.79052734375]]}