{"labels": [0, 0, 0], "scores": [0.9949809908866882, 0.492501437664032, 0.12328586727380753], "bboxes": [[215.88714599609375, 139.70587158203125, 471.8119201660156, 820.9701538085938], [16.53055191040039, 203.5767059326172, 385.8659973144531, 882.1109619140625], [15.350444793701172, 471.2366943359375, 316.90948486328125, 864.7544555664062]]}