{"labels": [0, 0, 0], "scores": [0.9826633930206299, 0.20845401287078857, 0.051558494567871094], "bboxes": [[226.61517333984375, 120.49664306640625, 453.2450866699219, 772.3740844726562], [3.7642650604248047, 172.64114379882812, 433.8258361816406, 755.4236450195312], [426.4916687011719, 345.88421630859375, 578.5918579101562, 468.80731201171875]]}