{"labels": [0, 0, 0, 0, 0], "scores": [0.9840998649597168, 0.9666270613670349, 0.29379937052726746, 0.124696746468544, 0.12188045680522919], "bboxes": [[13.990463256835938, 354.2596435546875, 402.4884033203125, 668.5557250976562], [373.8310241699219, 77.20207214355469, 794.663818359375, 531.6975708007812], [14.134552001953125, 57.795989990234375, 797.1190185546875, 675.059326171875], [389.7527770996094, 229.26219177246094, 712.9793701171875, 522.1159057617188], [22.897857666015625, 233.13961791992188, 561.754638671875, 660.024658203125]]}