{"labels": [0], "scores": [0.9980983138084412], "bboxes": [[202.85910034179688, 8.573944091796875, 643.463134765625, 733.4852294921875]]}