{"labels": [0], "scores": [0.9950780868530273], "bboxes": [[81.27963256835938, 90.77044677734375, 730.7598876953125, 728.5619506835938]]}