{"labels": [0], "scores": [0.9973469972610474], "bboxes": [[209.2678985595703, 137.78656005859375, 556.666015625, 750.6365356445312]]}