{"labels": [0, 0], "scores": [0.9891355037689209, 0.0687430277466774], "bboxes": [[8.958309173583984, 28.610240936279297, 595.1918334960938, 740.2050170898438], [156.3688507080078, 666.4660034179688, 417.4016418457031, 896.0]]}