{"labels": [0, 0, 0, 0, 0], "scores": [0.9346855878829956, 0.5842858552932739, 0.4426344931125641, 0.1485162377357483, 0.12185575813055038], "bboxes": [[25.638427734375, 342.9534912109375, 747.1988525390625, 725.9525146484375], [0.0, 10.865386962890625, 768.2255249023438, 730.3851318359375], [0.0, 3.762603759765625, 358.9427490234375, 520.80224609375], [43.06776428222656, 398.26776123046875, 453.4730224609375, 725.3042602539062], [319.004150390625, 397.90289306640625, 741.1129150390625, 722.8997192382812]]}