{"labels": [0], "scores": [0.998439610004425], "bboxes": [[47.349212646484375, 42.273040771484375, 796.088134765625, 746.30224609375]]}