{"labels": [0, 0, 0, 0, 0, 0, 0, 0], "scores": [0.9099870324134827, 0.8533632159233093, 0.7762266993522644, 0.42253538966178894, 0.217607781291008, 0.10542579740285873, 0.07767681032419205, 0.059517305344343185], "bboxes": [[7.920257568359375, 167.55841064453125, 793.1727294921875, 765.2284545898438], [556.565673828125, 62.35346984863281, 620.26318359375, 359.288818359375], [221.48731994628906, 61.76628112792969, 277.34954833984375, 355.122802734375], [218.800048828125, 67.53007507324219, 620.0341186523438, 345.7757568359375], [132.60409545898438, 323.2811279296875, 682.1240234375, 501.098388671875], [99.5186767578125, 298.9444274902344, 683.0438232421875, 693.3948974609375], [131.56338500976562, 77.13844299316406, 724.8330078125, 535.923828125], [25.090362548828125, 451.479736328125, 638.9468994140625, 769.6434326171875]]}