{"labels": [0, 0], "scores": [0.9437095522880554, 0.39930927753448486], "bboxes": [[272.53363037109375, 130.46627807617188, 589.5759887695312, 540.8096923828125], [295.63934326171875, 382.1130676269531, 566.0607299804688, 786.9913330078125]]}