{"labels": [0], "scores": [0.9948732256889343], "bboxes": [[251.6151123046875, 29.873626708984375, 543.2257690429688, 796.533935546875]]}