{"labels": [0], "scores": [0.9960930943489075], "bboxes": [[132.94430541992188, 12.878753662109375, 685.3153076171875, 792.329833984375]]}