{"labels": [0], "scores": [0.9990127086639404], "bboxes": [[0.0, 44.88312911987305, 701.5177612304688, 659.8175659179688]]}