{"labels": [0], "scores": [0.9983155727386475], "bboxes": [[140.68209838867188, 271.77667236328125, 671.5140991210938, 827.867919921875]]}