{"labels": [0, 0, 0, 0], "scores": [0.9845527410507202, 0.957873523235321, 0.4347454905509949, 0.07068295776844025], "bboxes": [[148.9120635986328, 468.79541015625, 383.95611572265625, 740.78466796875], [397.11114501953125, 332.684814453125, 656.5853881835938, 726.579345703125], [166.25148010253906, 331.69500732421875, 652.5765380859375, 743.8919067382812], [220.93399047851562, 15.583160400390625, 622.4844970703125, 673.2933349609375]]}