{"labels": [0, 0, 0, 0], "scores": [0.9742166996002197, 0.3239838480949402, 0.1606930047273636, 0.07267693430185318], "bboxes": [[51.04254150390625, 284.6652526855469, 603.8860473632812, 799.391845703125], [497.23870849609375, 290.4378356933594, 647.1071166992188, 795.1962890625], [420.10015869140625, 291.9095458984375, 734.1182250976562, 798.4991455078125], [611.7122192382812, 278.53369140625, 736.3611450195312, 800.0]]}