{"labels": [0, 0, 0, 0, 0], "scores": [0.9883928894996643, 0.17049920558929443, 0.13912874460220337, 0.07070446014404297, 0.05172675475478172], "bboxes": [[2.401641845703125, 17.3687744140625, 790.8055419921875, 793.939208984375], [9.22723388671875, 63.21229553222656, 444.9048156738281, 398.54541015625], [9.064117431640625, 6.694915771484375, 692.5257568359375, 447.6665954589844], [60.4605712890625, 333.369873046875, 685.137939453125, 779.0374755859375], [0.0, 377.6004638671875, 102.46749877929688, 617.6148681640625]]}