{"labels": [0], "scores": [0.9993736147880554], "bboxes": [[40.650970458984375, 64.048828125, 762.1734619140625, 776.3136596679688]]}