{"labels": [0], "scores": [0.9987437129020691], "bboxes": [[176.17599487304688, 104.9986572265625, 654.2373046875, 723.9749755859375]]}