{"labels": [0, 0], "scores": [0.9918832778930664, 0.0549270324409008], "bboxes": [[67.2264404296875, 184.65362548828125, 780.8218383789062, 743.778076171875], [69.49652099609375, 165.514404296875, 422.57159423828125, 693.665771484375]]}