{"labels": [0, 0], "scores": [0.9948504567146301, 0.9170354008674622], "bboxes": [[15.353271484375, 203.38973999023438, 740.9961547851562, 777.7757568359375], [388.94757080078125, 33.36448669433594, 668.3154907226562, 264.7562255859375]]}