{"labels": [0, 0], "scores": [0.9949123859405518, 0.10313570499420166], "bboxes": [[118.06161499023438, 187.65655517578125, 706.561767578125, 517.8907470703125], [0.9340667724609375, 1.3909759521484375, 218.4317169189453, 482.26361083984375]]}