{"labels": [0], "scores": [0.9498647451400757], "bboxes": [[260.5072021484375, 231.75021362304688, 542.3342895507812, 723.185302734375]]}