{"labels": [0], "scores": [0.998703122138977], "bboxes": [[4.5611572265625, 65.46539306640625, 784.0242309570312, 753.0387573242188]]}