{"labels": [0], "scores": [0.9992730021476746], "bboxes": [[17.4013671875, 133.98248291015625, 779.895263671875, 706.4150390625]]}