{"labels": [0], "scores": [0.9969059824943542], "bboxes": [[121.91109466552734, 250.05165100097656, 566.96044921875, 859.0662841796875]]}