{"labels": [0, 0, 0, 0, 0, 0], "scores": [0.991380512714386, 0.7808043956756592, 0.186870276927948, 0.16355754435062408, 0.08201679587364197, 0.07151485234498978], "bboxes": [[0.0, 17.345794677734375, 774.7691040039062, 800.0], [419.47662353515625, 631.77685546875, 637.1370239257812, 791.7850341796875], [472.72943115234375, 345.13031005859375, 762.0972290039062, 710.6340942382812], [1.9708709716796875, 357.11883544921875, 207.12530517578125, 609.696044921875], [380.2713623046875, 113.854736328125, 794.312744140625, 744.0734252929688], [262.0546569824219, 309.56646728515625, 564.865234375, 733.5891723632812]]}