{"labels": [0, 0, 0, 0], "scores": [0.9633849263191223, 0.8871332406997681, 0.0637938603758812, 0.06024499237537384], "bboxes": [[201.47036743164062, 400.6831970214844, 526.8907470703125, 819.929443359375], [149.05931091308594, 144.85580444335938, 394.3272705078125, 457.745361328125], [145.75173950195312, 132.756103515625, 518.9700317382812, 866.4683837890625], [169.80789184570312, 512.0894775390625, 458.8569030761719, 869.0823364257812]]}