{"labels": [0, 0, 0, 0, 0], "scores": [0.99427729845047, 0.9936391711235046, 0.9912658333778381, 0.9841405153274536, 0.06380793452262878], "bboxes": [[27.503005981445312, 14.835128784179688, 392.9296875, 385.35150146484375], [24.507644653320312, 408.7953186035156, 388.13909912109375, 786.056640625], [418.0054931640625, 409.06719970703125, 779.33349609375, 785.0941772460938], [420.22686767578125, 14.969268798828125, 774.5775756835938, 394.373046875], [19.525421142578125, 95.54611206054688, 378.9625549316406, 600.8004150390625]]}