{"labels": [0], "scores": [0.9991400241851807], "bboxes": [[51.83001708984375, 199.4930419921875, 750.1188354492188, 749.1696166992188]]}