{"labels": [0], "scores": [0.9991618394851685], "bboxes": [[18.03045654296875, 152.93771362304688, 772.66845703125, 668.36376953125]]}