{"labels": [0, 0, 0, 0, 0, 0], "scores": [0.9972593784332275, 0.6123351454734802, 0.24761533737182617, 0.22068603336811066, 0.17200098931789398, 0.06139649450778961], "bboxes": [[355.2994384765625, 184.19329833984375, 757.598388671875, 699.5199584960938], [0.8472442626953125, 565.105712890625, 279.77056884765625, 731.6441650390625], [4.14404296875, 560.06103515625, 130.40965270996094, 721.0787353515625], [514.69287109375, 197.9266357421875, 761.0401611328125, 613.3833618164062], [48.11036682128906, 161.67984008789062, 252.58778381347656, 392.8563537597656], [148.54248046875, 603.9845581054688, 279.1248779296875, 733.0053100585938]]}