{"labels": [0, 0], "scores": [0.9842639565467834, 0.15211504697799683], "bboxes": [[321.6806335449219, 3.816375732421875, 450.6270446777344, 800.0], [278.6466064453125, 0.0, 545.842041015625, 800.0]]}