{"labels": [0], "scores": [0.9993029832839966], "bboxes": [[6.35321044921875, 122.13751220703125, 796.6390991210938, 690.1558227539062]]}