{"labels": [0], "scores": [0.9986516833305359], "bboxes": [[91.91998291015625, 5.839263916015625, 690.5009155273438, 800.0]]}