{"labels": [0, 0], "scores": [0.9954836368560791, 0.786270260810852], "bboxes": [[11.037445068359375, 170.3642578125, 556.241943359375, 636.770263671875], [475.9129943847656, 188.8035125732422, 783.348876953125, 602.74169921875]]}