{"labels": [0], "scores": [0.9979913234710693], "bboxes": [[92.92202758789062, 2.862457275390625, 738.261962890625, 800.0]]}