{"labels": [0, 0, 0], "scores": [0.9846561551094055, 0.9677782654762268, 0.9491998553276062], "bboxes": [[270.8246154785156, 283.3820495605469, 537.85693359375, 549.614013671875], [527.404296875, 275.0799560546875, 780.49365234375, 530.5363159179688], [31.12261199951172, 261.0949401855469, 282.959228515625, 517.333984375]]}