{"labels": [0, 0], "scores": [0.9830139875411987, 0.14007891714572906], "bboxes": [[174.0248565673828, 91.77964782714844, 565.8058471679688, 769.344482421875], [510.6524353027344, 606.5322265625, 698.348876953125, 856.2067260742188]]}