{"labels": [0, 0, 0, 0], "scores": [0.9058805704116821, 0.17329885065555573, 0.13871191442012787, 0.07152289897203445], "bboxes": [[100.926513671875, 2.188995361328125, 789.1990356445312, 799.781005859375], [303.5585021972656, 115.59138488769531, 617.3017578125, 360.9295654296875], [248.21109008789062, 6.8749237060546875, 670.8812255859375, 392.9993896484375], [85.6473388671875, 280.52423095703125, 616.8460693359375, 799.6124877929688]]}