{"labels": [0], "scores": [0.9973857998847961], "bboxes": [[69.29086303710938, 77.39306640625, 682.9068603515625, 763.01123046875]]}