{"labels": [0, 0], "scores": [0.9947949051856995, 0.9943570494651794], "bboxes": [[17.462722778320312, 310.33203125, 426.49017333984375, 571.9951782226562], [376.9596862792969, 228.68365478515625, 744.8670654296875, 463.361083984375]]}