{"labels": [0, 0], "scores": [0.9958001971244812, 0.09418292343616486], "bboxes": [[155.13916015625, 93.23831176757812, 680.8382568359375, 683.07958984375], [0.0, 587.6641845703125, 800.0, 796.073486328125]]}