{"labels": [0], "scores": [0.9926198124885559], "bboxes": [[189.8685302734375, 317.385986328125, 686.9089965820312, 736.8951416015625]]}