{"labels": [0], "scores": [0.9980396628379822], "bboxes": [[141.01165771484375, 155.71536254882812, 677.0924682617188, 717.537109375]]}