{"labels": [0, 0], "scores": [0.9896395206451416, 0.7196121215820312], "bboxes": [[168.43356323242188, 29.98095703125, 763.6724853515625, 800.0], [39.39512634277344, 84.72561645507812, 538.7183227539062, 780.4710693359375]]}