{"labels": [0], "scores": [0.9997196793556213], "bboxes": [[0.0, 18.77837371826172, 696.6220703125, 886.540283203125]]}