{"labels": [0], "scores": [0.9997716546058655], "bboxes": [[0.0, 17.63580322265625, 788.0545654296875, 788.7337036132812]]}