{"labels": [0, 0], "scores": [0.997584342956543, 0.7087759375572205], "bboxes": [[40.13914489746094, 208.1644744873047, 398.296630859375, 800.4878540039062], [438.9969482421875, 17.069976806640625, 576.9773559570312, 589.96142578125]]}