{"labels": [0, 0, 0, 0, 0, 0, 0, 0, 0, 0, 0, 0, 0, 0, 0, 0, 0, 0], "scores": [0.8862856030464172, 0.5254567265510559, 0.4474923014640808, 0.43947598338127136, 0.30507412552833557, 0.21650703251361847, 0.21172155439853668, 0.20551913976669312, 0.19941826164722443, 0.19571368396282196, 0.10137934982776642, 0.09596598893404007, 0.0735921859741211, 0.06028427928686142, 0.05997058376669884, 0.057790134102106094, 0.053612157702445984, 0.051360420882701874], "bboxes": [[28.516845703125, 267.6032409667969, 767.352783203125, 782.8367919921875], [225.28651428222656, 244.89552307128906, 339.30474853515625, 472.586669921875], [338.3584899902344, 187.74208068847656, 506.6183166503906, 515.1253051757812], [29.711833953857422, 428.5631103515625, 124.91987609863281, 716.5291748046875], [95.35750579833984, 279.2650146484375, 245.56295776367188, 703.38037109375], [106.34374237060547, 526.9088134765625, 313.4695739746094, 745.2880859375], [474.62091064453125, 458.9842834472656, 692.7243041992188, 781.7607421875], [264.72503662109375, 466.89227294921875, 751.9051513671875, 786.1238403320312], [295.4201354980469, 691.2627563476562, 374.5102844238281, 771.7456665039062], [32.162986755371094, 404.1705322265625, 211.32058715820312, 719.0731201171875], [55.58282470703125, 439.65399169921875, 568.2278442382812, 779.5509643554688], [565.1721801757812, 463.7821960449219, 637.8882446289062, 558.939208984375], [341.62408447265625, 242.64431762695312, 516.8780517578125, 790.83642578125], [261.5570983886719, 618.5527954101562, 333.7873840332031, 699.9697875976562], [336.9020690917969, 295.16796875, 509.1067810058594, 458.72998046875], [479.8495788574219, 494.2325744628906, 608.4154663085938, 717.0970458984375], [223.749755859375, 197.1803741455078, 433.3057861328125, 483.254150390625], [138.65875244140625, 575.7033081054688, 266.7873840332031, 744.6652221679688]]}