{"labels": [0, 0], "scores": [0.9853343963623047, 0.40273603796958923], "bboxes": [[100.04203796386719, 13.168365478515625, 560.2652587890625, 726.466552734375], [58.56663513183594, 5.9031829833984375, 330.5101318359375, 423.37786865234375]]}