{"labels": [0, 0, 0], "scores": [0.9815917015075684, 0.9658768773078918, 0.48177358508110046], "bboxes": [[336.910400390625, 136.39816284179688, 784.6478271484375, 779.186767578125], [2.7684326171875, 42.19207763671875, 394.5378112792969, 677.65673828125], [2.497711181640625, 17.96051025390625, 775.398681640625, 787.82763671875]]}