{"labels": [0], "scores": [0.9963229894638062], "bboxes": [[98.83683776855469, 263.8123779296875, 578.0615234375, 877.4249267578125]]}