{"labels": [0, 0, 0, 0], "scores": [0.9428315758705139, 0.4688412845134735, 0.07030905783176422, 0.05314146354794502], "bboxes": [[0.0, 212.82357788085938, 549.583740234375, 799.581787109375], [81.53366088867188, 18.600860595703125, 800.0, 691.6441650390625], [306.151123046875, 76.10031127929688, 783.44873046875, 561.5338134765625], [171.30963134765625, 276.66900634765625, 800.0, 800.0]]}