{"labels": [0, 0], "scores": [0.9978815913200378, 0.7381991147994995], "bboxes": [[124.28138732910156, 44.33978271484375, 555.5934448242188, 770.48193359375], [539.4095458984375, 330.66131591796875, 713.482421875, 509.8443603515625]]}