{"labels": [0, 0], "scores": [0.9806804060935974, 0.16430158913135529], "bboxes": [[135.724609375, 125.11972045898438, 680.9376220703125, 755.096923828125], [230.2183837890625, 88.75390625, 665.5670776367188, 527.2459106445312]]}