{"labels": [0], "scores": [0.9996635913848877], "bboxes": [[0.0, 16.4583740234375, 696.7864990234375, 879.2839965820312]]}