{"labels": [0, 0, 0, 0], "scores": [0.9817944765090942, 0.361424058675766, 0.14093108475208282, 0.10797303915023804], "bboxes": [[0.0, 193.34063720703125, 791.4195556640625, 738.0126342773438], [364.23748779296875, 17.964935302734375, 789.6166381835938, 412.87164306640625], [8.510986328125, 12.5269775390625, 789.2095947265625, 559.72509765625], [177.7156524658203, 99.81513977050781, 578.3195190429688, 275.65081787109375]]}