{"labels": [0], "scores": [0.9991894364356995], "bboxes": [[15.85089111328125, 156.53274536132812, 792.4407348632812, 652.9732666015625]]}