{"labels": [0, 0, 0, 0, 0, 0], "scores": [0.9909583330154419, 0.24413105845451355, 0.11116188764572144, 0.08768369257450104, 0.0839223861694336, 0.05276545509696007], "bboxes": [[88.05487060546875, 32.45408630371094, 715.9937133789062, 487.07781982421875], [91.41265869140625, 612.4117431640625, 281.128662109375, 726.3280029296875], [99.31595611572266, 121.14126586914062, 354.3063659667969, 339.4894104003906], [191.90176391601562, 683.01220703125, 449.6460266113281, 797.8740234375], [388.7804870605469, 404.6005554199219, 784.0531005859375, 758.0909423828125], [303.17724609375, 47.627357482910156, 472.60321044921875, 197.78610229492188]]}