{"labels": [0, 0, 0, 0, 0, 0], "scores": [0.9909834861755371, 0.9114965200424194, 0.22987230122089386, 0.08472567796707153, 0.07578530162572861, 0.07163640856742859], "bboxes": [[36.027587890625, 401.1958923339844, 669.8428955078125, 655.543701171875], [94.71217346191406, 0.0, 405.73956298828125, 214.23638916015625], [333.16943359375, 57.424461364746094, 695.47265625, 305.7961120605469], [15.609375, 193.7318115234375, 702.9750366210938, 696.8177490234375], [0.0, 497.3551025390625, 713.7977294921875, 792.446044921875], [320.47662353515625, 295.52362060546875, 689.9789428710938, 442.83099365234375]]}