{"labels": [0], "scores": [0.997017502784729], "bboxes": [[9.346649169921875, 295.85888671875, 777.1826171875, 604.2200317382812]]}