{"labels": [0, 0, 0, 0, 0, 0], "scores": [0.9402022957801819, 0.8949220180511475, 0.40108710527420044, 0.3365563452243805, 0.2222985029220581, 0.06772264093160629], "bboxes": [[0.0, 205.17611694335938, 789.4327392578125, 799.3858642578125], [9.505691528320312, 353.2311096191406, 179.30996704101562, 579.0794067382812], [387.973388671875, 526.7632446289062, 521.2738037109375, 760.9054565429688], [22.463973999023438, 110.99252319335938, 493.6798095703125, 247.84878540039062], [233.75607299804688, 243.55682373046875, 616.987548828125, 800.0], [0.0, 663.7159423828125, 319.61669921875, 800.0]]}