{"labels": [0], "scores": [0.9988312125205994], "bboxes": [[163.48126220703125, 1.52630615234375, 748.4318237304688, 756.3269653320312]]}