{"labels": [0, 0], "scores": [0.9986541271209717, 0.10056717693805695], "bboxes": [[105.36264038085938, 226.36683654785156, 749.0438232421875, 730.5606689453125], [280.7641906738281, 1.9070587158203125, 796.6064453125, 277.34228515625]]}