{"labels": [0, 0], "scores": [0.9913032054901123, 0.6277373433113098], "bboxes": [[103.85989379882812, 174.19979858398438, 772.660888671875, 641.8968505859375], [82.32351684570312, 137.11898803710938, 761.6883544921875, 221.23098754882812]]}