{"labels": [0], "scores": [0.9951515197753906], "bboxes": [[210.4717254638672, 215.95033264160156, 532.9915771484375, 875.48095703125]]}