{"labels": [0], "scores": [0.9967708587646484], "bboxes": [[91.68499755859375, 113.93869018554688, 601.74169921875, 643.4525146484375]]}