{"labels": [0, 0], "scores": [0.9667521715164185, 0.8408411741256714], "bboxes": [[63.492774963378906, 80.1576156616211, 516.7418212890625, 701.1093139648438], [169.3662109375, 305.54443359375, 586.06494140625, 828.2562866210938]]}