{"labels": [0, 0], "scores": [0.996067225933075, 0.9776918888092041], "bboxes": [[86.23016357421875, 164.59609985351562, 396.05084228515625, 794.9755859375], [483.97021484375, 116.06533813476562, 730.6309814453125, 552.9974365234375]]}