{"labels": [0], "scores": [0.9981427192687988], "bboxes": [[55.654571533203125, 199.25717163085938, 750.4658203125, 656.5543212890625]]}