{"labels": [0], "scores": [0.9960697889328003], "bboxes": [[14.052764892578125, 8.999237060546875, 664.340087890625, 800.0]]}