{"labels": [0], "scores": [0.9973098039627075], "bboxes": [[17.83538818359375, 195.51962280273438, 783.9901123046875, 746.6593017578125]]}