{"labels": [0, 0, 0, 0, 0], "scores": [0.912580132484436, 0.6804328560829163, 0.6083044409751892, 0.21736851334571838, 0.12911450862884521], "bboxes": [[152.95484924316406, 61.875244140625, 589.3489990234375, 659.4725341796875], [153.35946655273438, 100.22264099121094, 420.4804992675781, 580.8417358398438], [332.74835205078125, 48.264991760253906, 576.0475463867188, 248.35354614257812], [176.33395385742188, 237.58770751953125, 473.3625183105469, 659.8767700195312], [381.3930969238281, 207.931396484375, 559.347900390625, 426.9205322265625]]}