{"labels": [0, 0, 0, 0, 0, 0, 0], "scores": [0.9624128341674805, 0.4865756034851074, 0.3644537627696991, 0.28510624170303345, 0.08416948467493057, 0.05167015641927719, 0.05046912655234337], "bboxes": [[4.991790771484375, 46.0758056640625, 787.0279541015625, 783.600830078125], [143.24307250976562, 95.01547241210938, 572.733642578125, 668.803955078125], [39.315345764160156, 184.6671142578125, 230.35836791992188, 472.347412109375], [538.4332885742188, 334.18798828125, 743.5791625976562, 534.0953979492188], [17.975845336914062, 159.0679931640625, 389.0140380859375, 480.9083251953125], [166.63272094726562, 465.6976013183594, 398.6986999511719, 666.3880615234375], [488.12353515625, 218.8206787109375, 678.286376953125, 392.49468994140625]]}