{"labels": [0], "scores": [0.9924088716506958], "bboxes": [[232.0181427001953, 230.19183349609375, 594.831787109375, 615.265869140625]]}