{"labels": [0, 0, 0], "scores": [0.9832157492637634, 0.3773261606693268, 0.35526883602142334], "bboxes": [[198.55886840820312, 295.11309814453125, 572.0086669921875, 630.8348999023438], [62.063873291015625, 276.52569580078125, 775.5845947265625, 750.4411010742188], [24.705963134765625, 3.27752685546875, 796.67041015625, 551.9815673828125]]}