{"labels": [0, 0, 0], "scores": [0.9959916472434998, 0.8037434816360474, 0.05837700143456459], "bboxes": [[42.96612548828125, 212.59054565429688, 692.2975463867188, 764.486572265625], [332.18353271484375, 5.637725830078125, 787.5197143554688, 348.5980224609375], [2.02923583984375, 1.9339599609375, 306.777587890625, 240.6470947265625]]}