{"labels": [0], "scores": [0.9966674447059631], "bboxes": [[211.0001678466797, 13.458385467529297, 524.4041748046875, 832.2606201171875]]}