{"labels": [0], "scores": [0.9990832805633545], "bboxes": [[119.8662109375, 33.569244384765625, 633.10302734375, 777.7249755859375]]}