{"labels": [0], "scores": [0.9928016662597656], "bboxes": [[0.0, 48.919769287109375, 800.0, 795.1622314453125]]}