{"labels": [0, 0, 0, 0], "scores": [0.98887038230896, 0.764628529548645, 0.30114707350730896, 0.05598403140902519], "bboxes": [[80.22805786132812, 168.00091552734375, 739.5340576171875, 651.8851318359375], [79.86082458496094, 190.99281311035156, 362.4976806640625, 652.883056640625], [334.3781433105469, 209.05279541015625, 739.7569580078125, 591.9829711914062], [511.7226867675781, 104.71324157714844, 661.51513671875, 207.02272033691406]]}