{"labels": [0, 0, 0], "scores": [0.9877312779426575, 0.31335195899009705, 0.14081640541553497], "bboxes": [[225.62197875976562, 160.5531463623047, 589.3358154296875, 665.7271728515625], [9.592239379882812, 17.257354736328125, 474.76495361328125, 755.602294921875], [208.49017333984375, 141.28985595703125, 786.1262817382812, 799.2706909179688]]}