{"labels": [0, 0], "scores": [0.9939149022102356, 0.12427280098199844], "bboxes": [[65.19586181640625, 211.8382568359375, 590.0878295898438, 715.66650390625], [191.01217651367188, 542.02685546875, 603.1520385742188, 892.951416015625]]}