{"labels": [0], "scores": [0.9983863830566406], "bboxes": [[0.0, 0.0, 797.91748046875, 800.0]]}