{"labels": [0], "scores": [0.9942989349365234], "bboxes": [[119.05709838867188, 2.60186767578125, 631.9605712890625, 765.4970092773438]]}