{"labels": [0, 0], "scores": [0.9938532114028931, 0.09467119723558426], "bboxes": [[198.87428283691406, 117.2745361328125, 620.0527954101562, 741.8948364257812], [307.53839111328125, 113.37645721435547, 511.85894775390625, 242.85302734375]]}