{"labels": [0, 0, 0, 0, 0, 0], "scores": [0.9767518043518066, 0.881355345249176, 0.6613002419471741, 0.5380576848983765, 0.36724236607551575, 0.20586331188678741], "bboxes": [[2.1809234619140625, 232.64315795898438, 291.4578857421875, 711.6956787109375], [309.9555969238281, 78.297119140625, 699.303955078125, 690.6254272460938], [0.0, 38.9693603515625, 800.0, 717.5792846679688], [535.5753784179688, 91.06538391113281, 786.8062133789062, 564.1775512695312], [208.78054809570312, 0.0, 448.4427185058594, 298.86688232421875], [322.304443359375, 142.07659912109375, 587.2442626953125, 539.3015747070312]]}