{"labels": [0], "scores": [0.9960728883743286], "bboxes": [[103.979736328125, 193.73153686523438, 649.2268676757812, 704.940185546875]]}