{"labels": [0, 0], "scores": [0.9964308738708496, 0.05176909267902374], "bboxes": [[2.5911865234375, 11.020294189453125, 764.2075805664062, 693.6531982421875], [259.906982421875, 186.4461212158203, 744.1355590820312, 664.0527954101562]]}