{"labels": [0, 0], "scores": [0.9970420002937317, 0.9275580644607544], "bboxes": [[101.49989318847656, 39.679443359375, 524.7206420898438, 331.77838134765625], [156.4520263671875, 475.51910400390625, 728.196533203125, 768.7265014648438]]}