{"labels": [0], "scores": [0.9806101322174072], "bboxes": [[249.4889678955078, 177.85321044921875, 573.8742065429688, 743.482177734375]]}