{"labels": [0], "scores": [0.9980700612068176], "bboxes": [[108.772705078125, 0.0, 706.7303466796875, 761.8685302734375]]}