{"labels": [0, 0], "scores": [0.6755726933479309, 0.06649290770292282], "bboxes": [[227.0284881591797, 286.4678039550781, 560.0748901367188, 783.9283447265625], [98.89520263671875, 40.7021484375, 625.7067260742188, 800.0]]}