{"labels": [0, 0, 0, 0], "scores": [0.9635556936264038, 0.8501272201538086, 0.0837940201163292, 0.06270651519298553], "bboxes": [[0.0, 10.813934326171875, 800.0, 650.5465087890625], [170.74302673339844, 430.75299072265625, 448.53131103515625, 693.1530151367188], [385.99786376953125, 434.47869873046875, 439.1778564453125, 629.3322143554688], [101.33001708984375, 318.4869079589844, 658.7380981445312, 720.180419921875]]}