{"labels": [0, 0, 0], "scores": [0.9971680045127869, 0.8231986165046692, 0.14741499722003937], "bboxes": [[185.69676208496094, 52.633087158203125, 605.9976196289062, 270.1188659667969], [28.11737060546875, 473.1531982421875, 742.8231201171875, 800.0], [12.240509033203125, 60.559326171875, 720.639404296875, 800.0]]}