{"labels": [0, 0, 0], "scores": [0.9974550604820251, 0.9894890189170837, 0.0634823888540268], "bboxes": [[288.064208984375, 162.18911743164062, 790.960205078125, 702.4561767578125], [4.0938262939453125, 99.6717529296875, 371.43890380859375, 616.3525390625], [86.01165771484375, 132.055908203125, 651.42626953125, 686.2841186523438]]}