{"labels": [0, 0], "scores": [0.9880728125572205, 0.12296414375305176], "bboxes": [[170.37326049804688, 296.388427734375, 687.2481689453125, 596.0338134765625], [8.60418701171875, 97.18719482421875, 741.4348754882812, 691.8367309570312]]}