{"labels": [0], "scores": [0.9927071928977966], "bboxes": [[180.2709503173828, 277.0613708496094, 561.9561767578125, 633.6580200195312]]}