{"labels": [0], "scores": [0.9983454942703247], "bboxes": [[5.995330810546875, 0.0, 777.83642578125, 800.0]]}