{"labels": [0], "scores": [0.9962373971939087], "bboxes": [[20.5020751953125, 87.35519409179688, 722.34375, 702.4825439453125]]}