{"labels": [0], "scores": [0.9952117800712585], "bboxes": [[170.45028686523438, 10.387901306152344, 530.9891357421875, 784.3375244140625]]}