{"labels": [0, 0, 0], "scores": [0.9913151860237122, 0.5709950923919678, 0.10931745171546936], "bboxes": [[84.68954467773438, 48.349639892578125, 717.39111328125, 720.3116455078125], [473.0301513671875, 21.97930908203125, 734.9434814453125, 679.6190795898438], [208.59889221191406, 102.19720458984375, 529.2427978515625, 706.0339965820312]]}