{"labels": [0], "scores": [0.9935448169708252], "bboxes": [[20.98052978515625, 147.09442138671875, 777.7973022460938, 776.78271484375]]}