{"labels": [0, 0], "scores": [0.9928150177001953, 0.1408938765525818], "bboxes": [[190.45236206054688, 311.98919677734375, 567.35791015625, 665.0033569335938], [192.4945068359375, 306.09356689453125, 346.42376708984375, 528.7174682617188]]}