{"labels": [0, 0, 0], "scores": [0.9992457628250122, 0.9639489054679871, 0.9622538685798645], "bboxes": [[0.0, 4.772899627685547, 452.6514892578125, 883.582763671875], [519.8797607421875, 370.5085144042969, 698.8629150390625, 718.4515380859375], [521.1822509765625, 32.43090057373047, 697.4920654296875, 365.7084045410156]]}