{"labels": [0, 0, 0, 0, 0, 0, 0, 0, 0], "scores": [0.9956523776054382, 0.9928653240203857, 0.9917140007019043, 0.9869763255119324, 0.9859524965286255, 0.9832677245140076, 0.980560302734375, 0.9792401790618896, 0.9765297174453735], "bboxes": [[264.201416015625, 28.117599487304688, 543.422607421875, 237.93458557128906], [264.1429443359375, 311.9879150390625, 536.9119873046875, 503.2470703125], [531.8008422851562, 309.2119140625, 798.2986450195312, 496.83795166015625], [0.0, 35.32807159423828, 270.9052734375, 230.76171875], [263.78887939453125, 570.6237182617188, 533.6497802734375, 788.2546997070312], [539.007568359375, 49.65936279296875, 798.787841796875, 225.63015747070312], [530.8216552734375, 582.4752197265625, 796.64794921875, 763.8968505859375], [0.0, 305.7607421875, 271.6058349609375, 506.624755859375], [0.0, 561.2649536132812, 271.0823669433594, 771.8530883789062]]}