{"labels": [0, 0, 0, 0], "scores": [0.9875418543815613, 0.9141640663146973, 0.18372993171215057, 0.11686594784259796], "bboxes": [[58.39935302734375, 233.13169860839844, 422.348876953125, 728.8745727539062], [499.54876708984375, 166.3206329345703, 720.8075561523438, 608.345703125], [491.287109375, 389.8985900878906, 688.938232421875, 711.06201171875], [124.71318054199219, 643.513916015625, 349.775390625, 799.9764404296875]]}