{"labels": [0, 0, 0, 0, 0, 0, 0, 0], "scores": [0.8505063652992249, 0.6808468699455261, 0.4217343330383301, 0.3828471899032593, 0.21003788709640503, 0.14608636498451233, 0.09394541382789612, 0.06667529791593552], "bboxes": [[11.538772583007812, 11.765380859375, 439.4324951171875, 395.67108154296875], [397.2900390625, 416.8902587890625, 793.2574462890625, 791.859619140625], [0.195648193359375, 5.527801513671875, 797.14990234375, 800.0], [25.566802978515625, 426.70245361328125, 645.3668212890625, 800.0], [38.9921875, 453.99786376953125, 392.19329833984375, 779.7684936523438], [474.018310546875, 1.614105224609375, 790.026611328125, 299.0998840332031], [171.2706298828125, 471.9200439453125, 290.88043212890625, 737.6785888671875], [337.9088134765625, 5.151580810546875, 778.7099609375, 697.41552734375]]}