{"labels": [0], "scores": [0.9987370371818542], "bboxes": [[4.99749755859375, 228.90475463867188, 794.1786499023438, 573.9158935546875]]}