{"labels": [0, 0], "scores": [0.9958586096763611, 0.061889611184597015], "bboxes": [[130.19931030273438, 40.92828369140625, 662.13330078125, 779.155029296875], [326.9500427246094, 188.79461669921875, 490.8096008300781, 521.8922729492188]]}