{"labels": [0], "scores": [0.9975243210792542], "bboxes": [[117.26052856445312, 210.00955200195312, 666.1358642578125, 777.064453125]]}