{"labels": [0], "scores": [0.998087465763092], "bboxes": [[208.3488006591797, 99.3746337890625, 591.0175170898438, 701.7576293945312]]}