{"labels": [0], "scores": [0.9991604089736938], "bboxes": [[26.570404052734375, 267.09686279296875, 767.376220703125, 617.922119140625]]}