{"labels": [0, 0, 0, 0, 0], "scores": [0.9959110021591187, 0.9898834824562073, 0.9700616598129272, 0.9528323411941528, 0.38600292801856995], "bboxes": [[292.91448974609375, 38.46051025390625, 653.4531860351562, 368.5267333984375], [44.87248229980469, 280.72515869140625, 376.14501953125, 636.3223876953125], [280.2720947265625, 144.07302856445312, 597.7353515625, 445.1772155761719], [367.411865234375, 374.8698425292969, 708.0274658203125, 738.1397705078125], [235.40415954589844, 189.91212463378906, 615.9345092773438, 657.9392700195312]]}