{"labels": [0], "scores": [0.9964801669120789], "bboxes": [[92.18759155273438, 186.773681640625, 687.037841796875, 715.7860717773438]]}