{"labels": [0, 0], "scores": [0.9989112615585327, 0.0589338093996048], "bboxes": [[44.264556884765625, 123.57403564453125, 765.7955322265625, 669.6746215820312], [317.3283996582031, 687.7898559570312, 441.9886779785156, 775.8236694335938]]}