{"labels": [0], "scores": [0.9993730187416077], "bboxes": [[6.744873046875, 99.30596923828125, 793.6959228515625, 793.147216796875]]}