{"labels": [0], "scores": [0.9976791739463806], "bboxes": [[200.92327880859375, 39.362762451171875, 513.2396240234375, 744.26611328125]]}