{"labels": [0, 0, 0, 0], "scores": [0.8499031066894531, 0.4793371558189392, 0.4058680832386017, 0.24645088613033295], "bboxes": [[505.0060119628906, 345.8433837890625, 637.8917236328125, 479.78778076171875], [128.17388916015625, 377.07159423828125, 287.5196533203125, 555.4266357421875], [126.32077026367188, 313.872314453125, 692.0460205078125, 568.8841552734375], [29.875640869140625, 89.09835815429688, 775.7205810546875, 715.951171875]]}