{"labels": [0, 0], "scores": [0.9945878982543945, 0.05993787571787834], "bboxes": [[100.68954467773438, 272.8906555175781, 707.9345703125, 767.2823486328125], [121.61381530761719, 134.26051330566406, 170.9346466064453, 185.40550231933594]]}