{"labels": [0], "scores": [0.9959518909454346], "bboxes": [[169.50399780273438, 295.578125, 734.8333740234375, 521.0902099609375]]}