{"labels": [0], "scores": [0.9917160868644714], "bboxes": [[30.4423828125, 55.374847412109375, 772.5422973632812, 800.0]]}