{"labels": [0, 0, 0, 0, 0, 0, 0, 0, 0, 0, 0, 0], "scores": [0.8742630481719971, 0.5623125433921814, 0.4584061801433563, 0.337607204914093, 0.3290787935256958, 0.2650720179080963, 0.24014098942279816, 0.12048230320215225, 0.1157427579164505, 0.09764786064624786, 0.07145930081605911, 0.0643470510840416], "bboxes": [[48.796905517578125, 181.90118408203125, 483.8581237792969, 668.9771118164062], [141.14810180664062, 573.552001953125, 651.2349853515625, 749.3638916015625], [520.653564453125, 532.56591796875, 638.3494873046875, 633.314453125], [638.5485229492188, 432.86663818359375, 772.5132446289062, 553.4017333984375], [58.260284423828125, 260.89288330078125, 717.3531494140625, 750.1477661132812], [509.04034423828125, 125.427490234375, 781.3338012695312, 364.8245544433594], [636.115234375, 137.44683837890625, 780.25732421875, 281.2210998535156], [433.4560852050781, 580.1513671875, 646.2416381835938, 753.3968505859375], [506.8742980957031, 403.82904052734375, 771.7672119140625, 646.4882202148438], [554.9871215820312, 416.8683166503906, 767.5071411132812, 561.703369140625], [515.517578125, 128.46690368652344, 684.61669921875, 319.85504150390625], [517.0731201171875, 415.4686279296875, 680.662109375, 563.5228881835938]]}