{"labels": [0, 0], "scores": [0.9557421207427979, 0.1841897964477539], "bboxes": [[16.551345825195312, 286.1651611328125, 362.0726318359375, 687.8622436523438], [2.530181884765625, 71.5804443359375, 800.0, 769.3662109375]]}