{"labels": [0], "scores": [0.9990835189819336], "bboxes": [[10.00958251953125, 262.6205139160156, 799.2824096679688, 598.970947265625]]}