{"labels": [0], "scores": [0.9910139441490173], "bboxes": [[14.93911075592041, 70.98655700683594, 687.71630859375, 598.5792236328125]]}