{"labels": [0, 0, 0, 0, 0], "scores": [0.9913349747657776, 0.41947999596595764, 0.2400791198015213, 0.09795185178518295, 0.08855083584785461], "bboxes": [[17.775238037109375, 208.31546020507812, 761.6983642578125, 698.9248046875], [0.0, 0.0, 798.3434448242188, 357.1787109375], [656.8477172851562, 367.3880310058594, 799.9375610351562, 539.1221313476562], [377.2947998046875, 239.82261657714844, 552.3902587890625, 401.29425048828125], [39.81170654296875, 302.3504638671875, 235.74917602539062, 483.4306640625]]}