{"labels": [0], "scores": [0.9936805963516235], "bboxes": [[6.6260986328125, 0.0, 680.77880859375, 800.0]]}