{"labels": [0, 0], "scores": [0.995502769947052, 0.6654855608940125], "bboxes": [[99.76983642578125, 190.13766479492188, 769.3492431640625, 742.5361328125], [0.0, 58.947113037109375, 112.0402603149414, 681.8564453125]]}