{"labels": [0, 0], "scores": [0.9913771152496338, 0.9752315282821655], "bboxes": [[121.61540222167969, 91.36843872070312, 525.3646850585938, 759.06689453125], [446.99359130859375, 114.26791381835938, 620.8786010742188, 787.932373046875]]}