{"labels": [0], "scores": [0.9971722960472107], "bboxes": [[193.6197509765625, 17.02791404724121, 507.8121032714844, 702.0]]}