{"labels": [0], "scores": [0.9933997392654419], "bboxes": [[243.5440216064453, 80.51739501953125, 580.6527709960938, 742.0762329101562]]}