{"labels": [0, 0], "scores": [0.9956912398338318, 0.1738435924053192], "bboxes": [[6.780059814453125, 36.55108642578125, 705.323974609375, 800.0], [18.286453247070312, 149.77224731445312, 313.29925537109375, 800.0]]}