{"labels": [0], "scores": [0.9985052347183228], "bboxes": [[25.445648193359375, 174.65199279785156, 771.1728515625, 665.1885375976562]]}