{"labels": [0], "scores": [0.9973691701889038], "bboxes": [[41.788330078125, 130.2041015625, 755.08642578125, 720.2843017578125]]}