{"labels": [0], "scores": [0.9982366561889648], "bboxes": [[236.09341430664062, 4.950874328613281, 471.57196044921875, 754.2140502929688]]}