{"labels": [0], "scores": [0.9990991353988647], "bboxes": [[69.4844970703125, 242.20777893066406, 717.1063232421875, 629.2426147460938]]}