{"labels": [0, 0, 0, 0, 0, 0, 0, 0, 0, 0, 0, 0, 0, 0, 0], "scores": [0.9951867461204529, 0.9937233328819275, 0.9923570156097412, 0.9894657135009766, 0.9864792227745056, 0.9818049073219299, 0.9767665863037109, 0.9663048982620239, 0.920042097568512, 0.8855760097503662, 0.5631038546562195, 0.4621771574020386, 0.3601797819137573, 0.1351243257522583, 0.09240896999835968], "bboxes": [[579.6344604492188, 151.88807678222656, 659.5560913085938, 275.276123046875], [656.7167358398438, 213.23638916015625, 742.3385620117188, 303.25091552734375], [188.27374267578125, 89.96630859375, 291.8921813964844, 233.18426513671875], [624.2538452148438, 312.0754089355469, 701.0750122070312, 395.8049011230469], [306.5333251953125, 95.11762237548828, 408.0291748046875, 244.70236206054688], [537.8168334960938, 297.533203125, 619.7909545898438, 424.6004638671875], [391.25616455078125, 275.9166259765625, 538.0144653320312, 482.8751220703125], [40.01945495605469, 132.9431915283203, 169.550048828125, 234.53785705566406], [422.00146484375, 60.98631286621094, 577.5553588867188, 251.8650665283203], [83.94490814208984, 255.7666778564453, 236.53842163085938, 387.1865234375], [260.82305908203125, 269.789306640625, 369.6402587890625, 434.82757568359375], [580.6160278320312, 425.505126953125, 783.6123657226562, 644.1148681640625], [545.5667114257812, 539.7991943359375, 630.6997680664062, 706.957763671875], [629.0405883789062, 520.3375244140625, 727.5578002929688, 687.6353759765625], [222.3246612548828, 561.4359741210938, 579.7501831054688, 782.6487426757812]]}