{"labels": [0, 0, 0, 0], "scores": [0.9954932928085327, 0.9950357675552368, 0.9933627843856812, 0.050506025552749634], "bboxes": [[0.0, 140.93429565429688, 251.97964477539062, 655.6392822265625], [255.60671997070312, 151.48524475097656, 521.6976318359375, 662.18115234375], [526.4984130859375, 149.57571411132812, 792.4117431640625, 665.779052734375], [104.88249206542969, 152.145263671875, 405.0443115234375, 666.7672729492188]]}