{"labels": [0], "scores": [0.9987230896949768], "bboxes": [[1.277374267578125, 23.617889404296875, 796.7755126953125, 761.81640625]]}