{"labels": [0], "scores": [0.9993054866790771], "bboxes": [[10.7728271484375, 71.35275268554688, 788.1807861328125, 706.2335205078125]]}