{"labels": [0, 0], "scores": [0.9982233643531799, 0.6848753690719604], "bboxes": [[239.4619598388672, 17.407012939453125, 684.8231811523438, 664.6220703125], [51.781150817871094, 352.6805725097656, 232.19207763671875, 652.5609130859375]]}