{"labels": [0], "scores": [0.9987242817878723], "bboxes": [[45.131500244140625, 43.788818359375, 755.3076171875, 756.7891845703125]]}