{"labels": [0, 0, 0, 0, 0], "scores": [0.9928880333900452, 0.9825516939163208, 0.19132637977600098, 0.1756262183189392, 0.14437785744667053], "bboxes": [[20.264053344726562, 183.5145721435547, 443.1173095703125, 503.44268798828125], [184.14231872558594, 440.99200439453125, 607.0101318359375, 767.3958129882812], [30.597381591796875, 13.26519775390625, 796.611083984375, 750.2523803710938], [430.81134033203125, 0.2561492919921875, 789.8521118164062, 279.1185302734375], [127.56161499023438, 0.6236114501953125, 796.91845703125, 311.47991943359375]]}