{"labels": [0], "scores": [0.9983204007148743], "bboxes": [[0.0, 106.04965209960938, 797.521728515625, 700.330078125]]}