{"labels": [0, 0, 0], "scores": [0.9630717039108276, 0.5035344958305359, 0.3270449936389923], "bboxes": [[182.9073944091797, 78.22142028808594, 665.962646484375, 588.8671875], [0.0, 322.81756591796875, 303.66802978515625, 739.5192260742188], [324.04669189453125, 93.35037231445312, 794.6096801757812, 690.9716796875]]}