{"labels": [0, 0], "scores": [0.9469427466392517, 0.7934193015098572], "bboxes": [[198.53094482421875, 290.8614501953125, 664.96484375, 740.4061279296875], [240.3663787841797, 49.675384521484375, 553.006103515625, 605.2222900390625]]}