{"labels": [0, 0], "scores": [0.9917522072792053, 0.9816262722015381], "bboxes": [[143.47052001953125, 228.75018310546875, 756.5052490234375, 685.6104736328125], [38.16912841796875, 209.61964416503906, 405.2364501953125, 676.3714599609375]]}