{"labels": [0], "scores": [0.9987200498580933], "bboxes": [[236.1976318359375, 22.61822509765625, 567.7794189453125, 770.5556640625]]}