{"labels": [0], "scores": [0.9987959861755371], "bboxes": [[190.89207458496094, 47.154998779296875, 633.1259765625, 751.907958984375]]}