{"labels": [0, 0, 0], "scores": [0.9790396094322205, 0.25336283445358276, 0.09563867747783661], "bboxes": [[24.90765380859375, 196.89657592773438, 780.93359375, 798.1068115234375], [140.5255889892578, 280.0323181152344, 543.7391967773438, 765.52734375], [352.7673645019531, 222.15432739257812, 724.1600341796875, 797.9405517578125]]}