{"labels": [0, 0, 0, 0], "scores": [0.9894126057624817, 0.4978013038635254, 0.08736460655927658, 0.08158829063177109], "bboxes": [[233.9263916015625, 123.2281494140625, 774.3271484375, 564.7791137695312], [58.02276611328125, 141.83526611328125, 698.942138671875, 797.686767578125], [1.20867919921875, 3.39166259765625, 158.40048217773438, 330.8991394042969], [527.6344604492188, 456.67144775390625, 800.0, 800.0]]}