{"labels": [0, 0], "scores": [0.9960730075836182, 0.5230663418769836], "bboxes": [[22.515106201171875, 83.68917846679688, 669.06591796875, 767.578369140625], [484.119384765625, 438.7024230957031, 790.9959716796875, 772.682861328125]]}