{"labels": [0], "scores": [0.9933873414993286], "bboxes": [[74.42556762695312, 3.00152587890625, 352.7916259765625, 775.9890747070312]]}