{"labels": [0, 0], "scores": [0.9958524703979492, 0.422109991312027], "bboxes": [[6.23455810546875, 131.514404296875, 783.4943237304688, 705.1527709960938], [606.574462890625, 0.0, 795.1287841796875, 244.46389770507812]]}