{"labels": [0, 0], "scores": [0.9962605834007263, 0.08338291198015213], "bboxes": [[178.44483947753906, 73.27043151855469, 498.13787841796875, 801.1195068359375], [361.5531005859375, 734.0369873046875, 479.5744934082031, 845.54248046875]]}