{"labels": [0, 0, 0], "scores": [0.9933424592018127, 0.986113965511322, 0.9531357884407043], "bboxes": [[13.838912963867188, 231.7382049560547, 506.47979736328125, 665.3973999023438], [611.8720092773438, 207.145751953125, 758.9199829101562, 440.58782958984375], [582.5211181640625, 468.3212890625, 792.1435546875, 728.8304443359375]]}