{"labels": [0, 0], "scores": [0.9505682587623596, 0.6634096503257751], "bboxes": [[185.8773651123047, 44.2369384765625, 602.5418701171875, 738.5374755859375], [212.39926147460938, 379.01123046875, 604.9766845703125, 768.155517578125]]}