{"labels": [0], "scores": [0.9986138343811035], "bboxes": [[0.0, 153.63336181640625, 792.5284423828125, 678.7499389648438]]}