{"labels": [0, 0, 0], "scores": [0.9872093200683594, 0.77761310338974, 0.2602694034576416], "bboxes": [[303.49676513671875, 207.19384765625, 674.0270385742188, 571.3120727539062], [44.974639892578125, 498.89166259765625, 779.3731689453125, 737.1652221679688], [13.50860595703125, 161.01919555664062, 767.8534545898438, 728.283203125]]}