{"labels": [0, 0, 0, 0], "scores": [0.9951480031013489, 0.9646068811416626, 0.9620294570922852, 0.938172459602356], "bboxes": [[121.28941345214844, 166.75631713867188, 533.434326171875, 682.2879638671875], [565.3892822265625, 352.292236328125, 683.7825927734375, 471.87933349609375], [565.7638549804688, 179.60592651367188, 681.9458618164062, 299.619873046875], [563.1279907226562, 525.9193725585938, 683.2988891601562, 643.9732055664062]]}