{"labels": [0, 0], "scores": [0.9859049916267395, 0.12825196981430054], "bboxes": [[241.15560913085938, 136.79525756835938, 510.5736083984375, 827.3727416992188], [243.49520874023438, 135.19866943359375, 403.93115234375, 466.99713134765625]]}