{"labels": [0], "scores": [0.9788574576377869], "bboxes": [[202.83811950683594, 0.0, 566.8583374023438, 792.607421875]]}