{"labels": [0], "scores": [0.996802806854248], "bboxes": [[0.0, 27.596832275390625, 784.5157470703125, 740.853515625]]}