{"labels": [0], "scores": [0.9962922930717468], "bboxes": [[152.91329956054688, 155.2936553955078, 595.7584228515625, 644.9049682617188]]}