{"labels": [0, 0], "scores": [0.995876669883728, 0.06403076648712158], "bboxes": [[46.554840087890625, 39.927093505859375, 720.47119140625, 768.1634521484375], [527.4397583007812, 44.20745849609375, 737.5116577148438, 753.1041259765625]]}