{"labels": [0, 0, 0, 0], "scores": [0.9968228340148926, 0.9950628876686096, 0.9835493564605713, 0.39017024636268616], "bboxes": [[0.0, 55.3643798828125, 447.283447265625, 686.8485717773438], [388.30059814453125, 131.8939208984375, 797.9496459960938, 715.1158447265625], [210.55030822753906, 423.85430908203125, 592.095947265625, 779.8202514648438], [165.7108917236328, 167.89297485351562, 609.8399047851562, 768.16845703125]]}