{"labels": [0, 0, 0], "scores": [0.9861515164375305, 0.9810177087783813, 0.784318208694458], "bboxes": [[43.26829528808594, 25.62823486328125, 428.41156005859375, 752.7394409179688], [545.9070434570312, 385.03240966796875, 744.9257202148438, 642.7326049804688], [388.900634765625, 436.60504150390625, 572.500244140625, 674.5429077148438]]}