{"labels": [0, 0], "scores": [0.9632545113563538, 0.3330637514591217], "bboxes": [[105.27384948730469, 36.41680145263672, 532.01953125, 873.9087524414062], [194.04722595214844, 17.319995880126953, 524.386962890625, 524.2819213867188]]}