{"labels": [0], "scores": [0.9963485598564148], "bboxes": [[294.209716796875, 16.185821533203125, 533.3905639648438, 776.466064453125]]}