{"labels": [0], "scores": [0.99846351146698], "bboxes": [[81.49362182617188, 50.5755615234375, 697.3372802734375, 786.7672119140625]]}