{"labels": [0], "scores": [0.9986617565155029], "bboxes": [[69.07546997070312, 137.8507080078125, 723.7991943359375, 652.657958984375]]}