{"labels": [0], "scores": [0.9968006610870361], "bboxes": [[38.537567138671875, 25.442291259765625, 756.549072265625, 792.040771484375]]}