{"labels": [0], "scores": [0.9923412799835205], "bboxes": [[271.48638916015625, 29.614227294921875, 496.90179443359375, 783.3236083984375]]}