{"labels": [0], "scores": [0.9951150417327881], "bboxes": [[298.568603515625, 27.854949951171875, 501.82476806640625, 774.9783935546875]]}