{"labels": [0], "scores": [0.9988605976104736], "bboxes": [[34.70758056640625, 260.8450012207031, 770.2276000976562, 612.376953125]]}