{"labels": [0, 0, 0, 0, 0, 0, 0, 0, 0, 0, 0], "scores": [0.9723680019378662, 0.9689533710479736, 0.9449529051780701, 0.9439888596534729, 0.9367406368255615, 0.9350107908248901, 0.48523813486099243, 0.2650587558746338, 0.17413918673992157, 0.14879301190376282, 0.09058685600757599], "bboxes": [[317.4387512207031, 288.55255126953125, 504.5478820800781, 489.10369873046875], [479.5444641113281, 232.04595947265625, 656.9599609375, 436.45269775390625], [44.14952850341797, 381.63916015625, 217.864013671875, 559.2080078125], [521.2406005859375, 613.0113525390625, 711.9215087890625, 786.8055419921875], [199.407470703125, 338.15203857421875, 358.2640380859375, 518.0404052734375], [615.484130859375, 209.84097290039062, 790.934326171875, 389.6950988769531], [497.3466491699219, 0.11333465576171875, 798.2603759765625, 150.71182250976562], [219.79254150390625, 0.551300048828125, 411.03179931640625, 125.52671813964844], [13.8189697265625, 226.82859802246094, 747.3219604492188, 629.83056640625], [495.8270568847656, 0.0, 654.4984741210938, 144.57992553710938], [1.6478462219238281, 416.9998474121094, 75.94023132324219, 591.19091796875]]}