{"labels": [0], "scores": [0.9996278285980225], "bboxes": [[15.064239501953125, 0.0, 790.4420166015625, 798.16796875]]}