{"labels": [0], "scores": [0.9957247972488403], "bboxes": [[196.42897033691406, 70.84893798828125, 575.5663452148438, 740.2562866210938]]}