{"labels": [0], "scores": [0.9995751976966858], "bboxes": [[33.79962158203125, 19.437255859375, 761.4000854492188, 779.78271484375]]}