{"labels": [0, 0, 0], "scores": [0.9623249769210815, 0.8432831168174744, 0.4089450240135193], "bboxes": [[7.28216552734375, 242.19528198242188, 468.82342529296875, 751.7645263671875], [1.512420654296875, 156.465576171875, 796.445068359375, 757.1023559570312], [384.53326416015625, 222.04637145996094, 800.0, 691.7142333984375]]}