{"labels": [0], "scores": [0.9968405961990356], "bboxes": [[17.309844970703125, 99.5753173828125, 777.0418701171875, 738.449462890625]]}