{"labels": [0, 0, 0], "scores": [0.9946005344390869, 0.9559623599052429, 0.26582562923431396], "bboxes": [[0.0, 11.08251953125, 640.34033203125, 791.5443725585938], [570.145751953125, 591.5440063476562, 793.9874267578125, 782.8086547851562], [576.67626953125, 231.0308837890625, 741.3643798828125, 465.94403076171875]]}