{"labels": [0, 0, 0], "scores": [0.9927946925163269, 0.2169913351535797, 0.10590647161006927], "bboxes": [[74.99554443359375, 66.9073486328125, 672.4380493164062, 837.086181640625], [4.407003402709961, 589.096435546875, 356.2427978515625, 751.7130126953125], [100.38066864013672, 1.2047138214111328, 275.82720947265625, 135.7679443359375]]}