{"labels": [0, 0], "scores": [0.9990091323852539, 0.3267267942428589], "bboxes": [[39.863929748535156, 14.106143951416016, 690.6475219726562, 879.21240234375], [240.083251953125, 721.662841796875, 404.3851623535156, 825.2067260742188]]}