{"labels": [0], "scores": [0.9942945837974548], "bboxes": [[100.96563720703125, 71.93487548828125, 694.7863159179688, 732.3504638671875]]}