{"labels": [0], "scores": [0.9948840737342834], "bboxes": [[33.58575439453125, 331.94964599609375, 766.4251098632812, 463.61285400390625]]}