{"labels": [0, 0], "scores": [0.9907947182655334, 0.1432829350233078], "bboxes": [[42.38582992553711, 104.9296646118164, 700.0, 701.6603393554688], [0.0, 475.2991027832031, 694.4852294921875, 873.839599609375]]}