{"labels": [0, 0], "scores": [0.9935290217399597, 0.9905994534492493], "bboxes": [[448.53466796875, 153.68878173828125, 658.63671875, 756.4647216796875], [112.15754699707031, 69.32882690429688, 444.46923828125, 776.0177001953125]]}