{"labels": [0], "scores": [0.9918503165245056], "bboxes": [[127.28851318359375, 186.01979064941406, 663.2111206054688, 673.1423950195312]]}