{"labels": [0, 0, 0, 0, 0, 0], "scores": [0.9873448014259338, 0.9837585091590881, 0.9382076263427734, 0.4015224575996399, 0.22182224690914154, 0.057689979672431946], "bboxes": [[426.67279052734375, 35.82420349121094, 771.4546508789062, 372.42120361328125], [424.04437255859375, 424.102783203125, 775.7454223632812, 765.8775634765625], [126.5030517578125, 154.5028839111328, 344.00543212890625, 525.3685913085938], [431.8434143066406, 40.47071838378906, 658.5010986328125, 290.39422607421875], [99.27971649169922, 468.94549560546875, 237.74139404296875, 615.6293334960938], [451.99420166015625, 434.9219665527344, 660.9454956054688, 677.92529296875]]}