{"labels": [0], "scores": [0.9976671934127808], "bboxes": [[184.619873046875, 83.44027709960938, 627.4451293945312, 755.9609375]]}