{"labels": [0, 0], "scores": [0.9977172613143921, 0.053121764212846756], "bboxes": [[27.35791015625, 51.477783203125, 800.0, 800.0], [38.9058837890625, 59.89152526855469, 600.8486938476562, 564.1785278320312]]}