{"labels": [0], "scores": [0.998977780342102], "bboxes": [[38.452545166015625, 125.74197387695312, 738.3746337890625, 696.6717529296875]]}