{"labels": [0, 0, 0, 0, 0, 0, 0], "scores": [0.9585369229316711, 0.9570645093917847, 0.8857198357582092, 0.7989975810050964, 0.322029173374176, 0.274780809879303, 0.09506131708621979], "bboxes": [[290.6615295410156, 149.9303436279297, 562.5194091796875, 493.5994873046875], [349.3518371582031, 513.8269653320312, 619.2283935546875, 800.0], [424.21295166015625, 108.87696838378906, 725.5872192382812, 458.30426025390625], [34.522430419921875, 327.5093994140625, 470.68646240234375, 699.5982666015625], [22.1790771484375, 87.74560546875, 704.8009643554688, 771.96044921875], [227.17347717285156, 109.631591796875, 725.8785400390625, 556.5665283203125], [177.35150146484375, 282.84228515625, 628.1395874023438, 789.3536376953125]]}