{"labels": [0], "scores": [0.9984036087989807], "bboxes": [[32.550262451171875, 149.43252563476562, 795.6124267578125, 710.1160888671875]]}