{"labels": [0, 0, 0], "scores": [0.993517279624939, 0.12382522225379944, 0.050437770783901215], "bboxes": [[331.95721435546875, 213.02117919921875, 716.6804809570312, 779.6129760742188], [1.2562408447265625, 87.68846130371094, 306.27362060546875, 221.3885040283203], [4.331756591796875, 92.12554931640625, 753.2099609375, 777.712158203125]]}