{"labels": [0, 0, 0], "scores": [0.9958193302154541, 0.46177902817726135, 0.2677811086177826], "bboxes": [[228.79647827148438, 125.54794311523438, 781.9632568359375, 707.656494140625], [0.0, 0.287811279296875, 112.599609375, 289.63470458984375], [574.4902954101562, 508.8353576660156, 770.1505737304688, 668.5087890625]]}