{"labels": [0, 0, 0], "scores": [0.8724563121795654, 0.1469028890132904, 0.052639249712228775], "bboxes": [[61.89312744140625, 144.05593872070312, 701.3629150390625, 469.5789489746094], [132.1298828125, 604.943115234375, 586.3504638671875, 797.195556640625], [43.311309814453125, 78.94808959960938, 741.630126953125, 687.1463623046875]]}