{"labels": [0, 0, 0, 0], "scores": [0.9216649532318115, 0.8455057740211487, 0.17543697357177734, 0.05390545353293419], "bboxes": [[613.5704345703125, 213.48007202148438, 793.1484375, 451.6495666503906], [447.5400085449219, 264.42730712890625, 617.7864990234375, 511.2762451171875], [41.9678955078125, 296.16033935546875, 479.1611328125, 794.9771118164062], [56.97596740722656, 569.0606689453125, 432.51385498046875, 772.3143310546875]]}