{"labels": [0, 0], "scores": [0.9905005097389221, 0.32814300060272217], "bboxes": [[191.30560302734375, 238.77297973632812, 695.8023681640625, 614.6171875], [137.93081665039062, 162.0538330078125, 520.65185546875, 573.3238525390625]]}