{"labels": [0, 0], "scores": [0.984745442867279, 0.7758986353874207], "bboxes": [[251.77809143066406, 257.38055419921875, 565.4454345703125, 671.5147094726562], [304.08941650390625, 661.3142700195312, 521.5000610351562, 799.6282348632812]]}