{"labels": [0, 0, 0, 0], "scores": [0.9333634972572327, 0.819517970085144, 0.18073594570159912, 0.08862727135419846], "bboxes": [[289.9033203125, 485.18328857421875, 586.1920776367188, 773.6272583007812], [273.8066101074219, 176.9269561767578, 479.7781677246094, 473.0777587890625], [276.9691467285156, 132.27589416503906, 406.9051208496094, 295.97442626953125], [258.3665466308594, 32.41291809082031, 445.9454040527344, 384.2039794921875]]}