{"labels": [0], "scores": [0.9989340901374817], "bboxes": [[33.225921630859375, 24.76226806640625, 785.6474609375, 770.0220336914062]]}