{"labels": [0, 0, 0, 0, 0, 0], "scores": [0.9670763611793518, 0.9541901350021362, 0.8045006394386292, 0.5335046052932739, 0.1827521175146103, 0.1579427570104599], "bboxes": [[569.1792602539062, 34.082672119140625, 755.7496948242188, 297.12286376953125], [582.755859375, 442.37652587890625, 799.634765625, 674.8842163085938], [56.13725280761719, 165.62298583984375, 339.9178466796875, 682.6148681640625], [82.18250274658203, 566.4214477539062, 304.15185546875, 741.5899047851562], [369.19903564453125, 162.32896423339844, 578.5567016601562, 324.2762451171875], [412.7061767578125, 593.9371337890625, 610.6878662109375, 766.4755859375]]}