{"labels": [0], "scores": [0.998941957950592], "bboxes": [[0.0, 206.4214324951172, 796.6656494140625, 617.4307250976562]]}