{"labels": [0], "scores": [0.9911207556724548], "bboxes": [[284.8431396484375, 94.97445678710938, 547.3809814453125, 737.22998046875]]}