{"labels": [0], "scores": [0.9674217700958252], "bboxes": [[138.77774047851562, 216.5010986328125, 751.2396240234375, 708.2739868164062]]}