{"labels": [0, 0, 0], "scores": [0.9888219833374023, 0.23034675419330597, 0.06933131068944931], "bboxes": [[228.38369750976562, 123.47337341308594, 460.03338623046875, 887.63818359375], [228.8215789794922, 132.6436309814453, 462.6322021484375, 505.0383605957031], [242.7808837890625, 366.7998046875, 406.52166748046875, 880.46826171875]]}