{"labels": [0, 0], "scores": [0.9536247849464417, 0.8238165974617004], "bboxes": [[194.11866760253906, 239.06336975097656, 563.8262329101562, 690.1495971679688], [338.40826416015625, 319.90045166015625, 595.3607788085938, 720.3156127929688]]}