{"labels": [0], "scores": [0.9987292885780334], "bboxes": [[159.8338165283203, 154.23583984375, 550.4985961914062, 857.240478515625]]}