{"labels": [0], "scores": [0.9994412064552307], "bboxes": [[7.488983154296875, 61.688812255859375, 777.632568359375, 782.6781005859375]]}