{"labels": [0], "scores": [0.9831977486610413], "bboxes": [[417.72406005859375, 102.858154296875, 717.6647338867188, 658.7572021484375]]}