{"labels": [0, 0], "scores": [0.9962245225906372, 0.09251327067613602], "bboxes": [[0.352569580078125, 202.77337646484375, 635.722900390625, 711.054931640625], [45.32703399658203, 54.357749938964844, 228.36798095703125, 238.28140258789062]]}