{"labels": [0, 0, 0, 0, 0, 0, 0, 0, 0, 0, 0, 0, 0, 0, 0, 0, 0, 0, 0, 0, 0], "scores": [0.9552772045135498, 0.9275822639465332, 0.8944036364555359, 0.830189049243927, 0.8299343585968018, 0.8207604289054871, 0.7675198316574097, 0.7504217624664307, 0.6198551654815674, 0.5503051280975342, 0.3640119135379791, 0.28958791494369507, 0.23823079466819763, 0.19953179359436035, 0.13950969278812408, 0.13222287595272064, 0.0904068872332573, 0.07196547836065292, 0.07160508632659912, 0.06907589733600616, 0.05708679184317589], "bboxes": [[418.37353515625, 455.2472839355469, 613.2239990234375, 661.0521240234375], [208.68173217773438, 88.0011978149414, 401.6564025878906, 280.8005065917969], [24.755783081054688, 86.71231079101562, 216.00360107421875, 280.9175720214844], [576.9879760742188, 78.59332275390625, 790.1271362304688, 282.0345458984375], [31.27404022216797, 477.6822204589844, 227.947265625, 659.498046875], [401.92889404296875, 85.54090881347656, 589.8975219726562, 281.0240478515625], [222.55364990234375, 481.9720458984375, 420.065185546875, 661.4373779296875], [0.0, 37.266204833984375, 799.5651245117188, 685.8218994140625], [602.7855834960938, 483.0794982910156, 796.8731079101562, 654.16455078125], [592.8330688476562, 275.598388671875, 791.2474975585938, 474.017333984375], [221.29013061523438, 272.7052307128906, 407.3679504394531, 466.8749694824219], [403.77276611328125, 275.3740234375, 600.0940551757812, 467.49212646484375], [29.506065368652344, 657.31689453125, 234.68743896484375, 800.0], [25.0936279296875, 270.47637939453125, 219.50634765625, 470.7130126953125], [431.7043151855469, 698.211669921875, 622.6375122070312, 800.0], [231.98773193359375, 690.2596435546875, 428.142333984375, 799.5025634765625], [18.290435791015625, 80.22161865234375, 226.38157653808594, 599.5090942382812], [485.87200927734375, 711.3514404296875, 528.3043823242188, 800.0], [613.4609375, 690.2762451171875, 789.8309326171875, 799.2962646484375], [18.101409912109375, 30.332763671875, 337.966552734375, 760.3289794921875], [590.6078491210938, 166.4334716796875, 787.9346313476562, 406.2857666015625]]}