{"labels": [0], "scores": [0.9976692795753479], "bboxes": [[0.0, 94.62060546875, 800.0, 786.1754150390625]]}