{"labels": [0], "scores": [0.9952056407928467], "bboxes": [[216.18331909179688, 4.4833984375, 784.40625, 707.5467529296875]]}