{"labels": [0], "scores": [0.9975215792655945], "bboxes": [[3.20611572265625, 0.0, 782.4426879882812, 618.4013671875]]}