{"labels": [0], "scores": [0.9988529682159424], "bboxes": [[28.189788818359375, 143.719482421875, 708.2410888671875, 620.5970458984375]]}