{"labels": [0, 0, 0], "scores": [0.9884534478187561, 0.9619715213775635, 0.45084360241889954], "bboxes": [[354.195556640625, 107.23422241210938, 519.721923828125, 727.8519287109375], [198.21575927734375, 29.256805419921875, 342.2239990234375, 719.7391357421875], [109.9934310913086, 108.96945190429688, 299.6272277832031, 727.90869140625]]}