{"labels": [0, 0, 0], "scores": [0.9540849924087524, 0.0891513004899025, 0.053419455885887146], "bboxes": [[338.26959228515625, 62.31640625, 486.521240234375, 748.056640625], [96.34307861328125, 41.04290771484375, 756.4244995117188, 776.9253540039062], [251.66160583496094, 47.223388671875, 586.9093627929688, 761.0236206054688]]}