{"labels": [0, 0, 0, 0, 0, 0, 0, 0, 0, 0], "scores": [0.7771027088165283, 0.7511341571807861, 0.6524308919906616, 0.5835311412811279, 0.5260257124900818, 0.23043274879455566, 0.17136511206626892, 0.08871085196733475, 0.07694356143474579, 0.05378783866763115], "bboxes": [[419.81744384765625, 181.67083740234375, 791.1940307617188, 713.31201171875], [259.60479736328125, 299.90570068359375, 442.4189453125, 692.1742553710938], [31.878005981445312, 243.97048950195312, 364.68804931640625, 712.7838134765625], [412.1505432128906, 290.6944580078125, 606.6343994140625, 669.9814453125], [12.179534912109375, 175.49740600585938, 770.4266357421875, 728.1475830078125], [570.2621459960938, 523.37451171875, 629.6337280273438, 630.8734130859375], [334.68511962890625, 231.8834686279297, 658.6488037109375, 714.04638671875], [108.75520324707031, 137.52301025390625, 433.97906494140625, 618.7513427734375], [112.85659790039062, 143.408447265625, 428.7024841308594, 337.2459411621094], [649.016845703125, 201.81732177734375, 782.3426513671875, 703.4535522460938]]}