{"labels": [0, 0, 0, 0, 0, 0, 0, 0], "scores": [0.9984278678894043, 0.992676317691803, 0.9765018820762634, 0.9730237722396851, 0.9641903042793274, 0.6797798871994019, 0.4979652166366577, 0.1798686534166336], "bboxes": [[343.73480224609375, 159.2806396484375, 552.6079711914062, 676.7905883789062], [223.22900390625, 173.55303955078125, 416.01788330078125, 671.37060546875], [462.1668701171875, 138.84701538085938, 788.600341796875, 728.723388671875], [174.79006958007812, 175.12744140625, 346.8336486816406, 638.0364379882812], [79.53316497802734, 174.55577087402344, 307.9050598144531, 626.36767578125], [10.432876586914062, 168.998779296875, 222.96975708007812, 610.2586669921875], [58.93829345703125, 159.1056671142578, 498.5538330078125, 660.6863403320312], [260.4357604980469, 148.56832885742188, 682.085205078125, 696.5106201171875]]}