{"labels": [0, 0, 0], "scores": [0.9989542961120605, 0.6720805168151855, 0.05624963343143463], "bboxes": [[156.02120971679688, 156.01300048828125, 516.8998413085938, 551.8682250976562], [278.83233642578125, 550.9198608398438, 397.95458984375, 883.7616577148438], [623.6868286132812, 213.24301147460938, 647.4513549804688, 233.86642456054688]]}