{"labels": [0], "scores": [0.9903545379638672], "bboxes": [[257.80963134765625, 8.021759033203125, 534.2369995117188, 792.144775390625]]}