{"labels": [0], "scores": [0.9993802309036255], "bboxes": [[0.0, 18.10161590576172, 700.0, 896.0]]}