{"labels": [0, 0, 0, 0, 0, 0], "scores": [0.5835520625114441, 0.5696374177932739, 0.5671878457069397, 0.47072795033454895, 0.20566752552986145, 0.07276193052530289], "bboxes": [[0.0, 179.5419921875, 791.975341796875, 780.5958251953125], [21.701217651367188, 380.6748046875, 406.6749267578125, 800.0], [491.7332458496094, 353.9779968261719, 548.722900390625, 408.9370422363281], [89.45578002929688, 370.96197509765625, 794.052978515625, 708.5520629882812], [306.3626403808594, 344.1969909667969, 349.1609191894531, 396.8703308105469], [0.0, 5.348480224609375, 756.42138671875, 526.93212890625]]}