{"labels": [0], "scores": [0.9973986148834229], "bboxes": [[168.39370727539062, 18.42645263671875, 598.9476318359375, 766.2943725585938]]}