{"labels": [0], "scores": [0.9955175518989563], "bboxes": [[276.33319091796875, 10.6954345703125, 596.2186279296875, 800.0]]}