{"labels": [0], "scores": [0.998410701751709], "bboxes": [[120.11460876464844, 278.8875732421875, 690.3054809570312, 872.8455200195312]]}