{"labels": [0], "scores": [0.9977351427078247], "bboxes": [[186.5391082763672, 233.36331176757812, 607.6254272460938, 798.8465576171875]]}