{"labels": [0, 0], "scores": [0.9972437620162964, 0.27438247203826904], "bboxes": [[126.96511840820312, 98.56904602050781, 797.798583984375, 605.5707397460938], [77.80992889404297, 322.6934814453125, 238.91961669921875, 480.56689453125]]}