{"labels": [0, 0, 0, 0, 0], "scores": [0.9912678599357605, 0.7163041830062866, 0.34850677847862244, 0.25662264227867126, 0.1264357715845108], "bboxes": [[240.71588134765625, 11.4783935546875, 699.22265625, 544.9011840820312], [232.19651794433594, 82.66191101074219, 439.064697265625, 543.0375366210938], [304.728515625, 29.096893310546875, 502.89215087890625, 544.1905517578125], [254.18667602539062, 511.18017578125, 537.068115234375, 787.2772216796875], [380.55206298828125, 145.8047637939453, 433.52960205078125, 538.6860961914062]]}