{"labels": [0, 0, 0, 0], "scores": [0.7577497363090515, 0.43526914715766907, 0.13338692486286163, 0.07014857977628708], "bboxes": [[241.64109802246094, 321.9292907714844, 399.37396240234375, 788.9282836914062], [213.17140197753906, 168.86581420898438, 485.71429443359375, 784.5867309570312], [184.25791931152344, 135.6619110107422, 495.4268798828125, 334.5151672363281], [58.572608947753906, 98.89468383789062, 552.7320556640625, 811.0081787109375]]}