{"labels": [0], "scores": [0.9947807192802429], "bboxes": [[72.94610595703125, 157.7933349609375, 742.314697265625, 445.31610107421875]]}