{"labels": [0], "scores": [0.9862186312675476], "bboxes": [[54.370086669921875, 67.90362548828125, 702.76904296875, 792.8630981445312]]}