{"labels": [0, 0], "scores": [0.9977532029151917, 0.0753888189792633], "bboxes": [[19.378936767578125, 41.22032165527344, 745.00732421875, 504.7720947265625], [68.21652221679688, 479.55780029296875, 785.581787109375, 800.0]]}