{"labels": [0], "scores": [0.9980282187461853], "bboxes": [[169.64566040039062, 52.97344970703125, 701.02294921875, 729.1873779296875]]}