{"labels": [0, 0], "scores": [0.9933723211288452, 0.12988223135471344], "bboxes": [[17.00482177734375, 95.26785278320312, 787.6028442382812, 709.606201171875], [94.93438720703125, 405.468505859375, 733.010498046875, 707.670166015625]]}