{"labels": [0], "scores": [0.9981616139411926], "bboxes": [[2.7939453125, 170.8134002685547, 800.0, 558.0783081054688]]}