{"labels": [0], "scores": [0.9986756443977356], "bboxes": [[181.4088134765625, 33.735931396484375, 634.9862060546875, 707.13134765625]]}