{"labels": [0], "scores": [0.9968461394309998], "bboxes": [[154.6979217529297, 66.94451904296875, 448.05340576171875, 800.0]]}