{"labels": [0, 0], "scores": [0.9821818470954895, 0.11265262216329575], "bboxes": [[283.8377685546875, 209.0469970703125, 554.3934326171875, 771.2452392578125], [316.56072998046875, 205.87066650390625, 546.3368530273438, 447.60595703125]]}