{"labels": [0, 0, 0, 0, 0, 0, 0], "scores": [0.9765413999557495, 0.8480271100997925, 0.33749136328697205, 0.11059176921844482, 0.10463091731071472, 0.1023930087685585, 0.0715283676981926], "bboxes": [[273.7503662109375, 100.86982727050781, 762.638671875, 556.3794555664062], [52.14935302734375, 448.33056640625, 687.5980224609375, 704.1927490234375], [1.6403045654296875, 31.310150146484375, 373.484375, 393.70208740234375], [285.7408447265625, 138.40081787109375, 626.4041748046875, 382.302001953125], [176.11221313476562, 529.5888671875, 586.5811767578125, 703.347900390625], [31.052520751953125, 191.8292236328125, 739.634521484375, 692.9066772460938], [21.033477783203125, 27.451492309570312, 676.5458984375, 494.6766357421875]]}