{"labels": [0, 0, 0], "scores": [0.9922354817390442, 0.39882203936576843, 0.0669676810503006], "bboxes": [[10.746349334716797, 42.59423065185547, 475.0876159667969, 568.0595703125], [247.14471435546875, 476.94122314453125, 679.693603515625, 648.7322998046875], [97.85784912109375, 86.21858215332031, 688.2667846679688, 636.6984252929688]]}