{"labels": [0, 0], "scores": [0.9971553087234497, 0.11331610381603241], "bboxes": [[45.523681640625, 181.498291015625, 738.5773315429688, 790.0454711914062], [274.42608642578125, 246.92025756835938, 328.7457275390625, 322.4106140136719]]}