{"labels": [0, 0], "scores": [0.9949063062667847, 0.5636509656906128], "bboxes": [[105.70584106445312, 2.82745361328125, 727.147216796875, 799.3477172851562], [104.28765869140625, 0.4657135009765625, 736.808837890625, 327.27685546875]]}