{"labels": [0], "scores": [0.9986252784729004], "bboxes": [[39.46978759765625, 196.26556396484375, 746.2923583984375, 608.1511840820312]]}