{"labels": [0], "scores": [0.9968811273574829], "bboxes": [[38.71185302734375, 38.545166015625, 720.64794921875, 792.2796020507812]]}