{"labels": [0, 0, 0], "scores": [0.9891476631164551, 0.9778255820274353, 0.150835782289505], "bboxes": [[242.3424530029297, 206.16868591308594, 589.279541015625, 536.5602416992188], [276.64666748046875, 689.7987060546875, 573.1810913085938, 799.2176513671875], [23.856353759765625, 178.1202392578125, 715.1927490234375, 797.1350708007812]]}