{"labels": [0], "scores": [0.9975444674491882], "bboxes": [[39.837188720703125, 131.63943481445312, 775.4354248046875, 693.1558837890625]]}