{"labels": [0, 0, 0, 0], "scores": [0.9716185927391052, 0.418789267539978, 0.35256776213645935, 0.22435465455055237], "bboxes": [[205.62750244140625, 415.70819091796875, 530.2717895507812, 896.0], [22.565135955810547, 156.5153045654297, 556.8697509765625, 896.0], [310.7225341796875, 163.36643981933594, 556.8250122070312, 439.3926086425781], [0.0, 417.42108154296875, 345.18402099609375, 894.0537109375]]}