{"labels": [0], "scores": [0.9992727637290955], "bboxes": [[5.652039527893066, 67.14875030517578, 686.4926147460938, 629.9140014648438]]}