{"labels": [0], "scores": [0.997974693775177], "bboxes": [[55.4349365234375, 214.85281372070312, 721.4869384765625, 541.701171875]]}