{"labels": [0, 0, 0, 0, 0], "scores": [0.990912914276123, 0.9721644520759583, 0.13761959969997406, 0.11879958212375641, 0.060024380683898926], "bboxes": [[155.33624267578125, 87.95236206054688, 695.2625122070312, 505.8487854003906], [353.315673828125, 482.63116455078125, 784.0911865234375, 705.3478393554688], [90.01226806640625, 254.9059295654297, 263.14691162109375, 720.5963745117188], [95.68536376953125, 182.92950439453125, 569.8969116210938, 722.7372436523438], [191.11300659179688, 389.7724914550781, 777.8123779296875, 710.6541748046875]]}