{"labels": [0], "scores": [0.9989129304885864], "bboxes": [[31.27593994140625, 193.77310180664062, 770.8662109375, 613.4796142578125]]}