{"labels": [0], "scores": [0.9983447790145874], "bboxes": [[53.474853515625, 320.88189697265625, 717.9338989257812, 492.473876953125]]}