{"labels": [0], "scores": [0.9990200996398926], "bboxes": [[72.08331298828125, 205.63934326171875, 725.4771118164062, 547.4859619140625]]}