{"labels": [0], "scores": [0.9663935303688049], "bboxes": [[165.9590606689453, 183.28961181640625, 595.39306640625, 775.2222900390625]]}