{"labels": [0], "scores": [0.9979249238967896], "bboxes": [[163.6744384765625, 238.66615295410156, 598.9533081054688, 770.1054077148438]]}