{"labels": [0], "scores": [0.9987603425979614], "bboxes": [[2.094085693359375, 36.472381591796875, 786.376708984375, 768.1734619140625]]}