{"labels": [0, 0], "scores": [0.9963766932487488, 0.13835753500461578], "bboxes": [[49.612152099609375, 40.154510498046875, 800.0, 598.921142578125], [54.91949462890625, 178.74429321289062, 570.1865234375, 583.647216796875]]}