{"labels": [0], "scores": [0.9984142780303955], "bboxes": [[151.09768676757812, 293.2112121582031, 601.068359375, 771.58349609375]]}