{"labels": [0, 0, 0], "scores": [0.9936681389808655, 0.18496538698673248, 0.056972991675138474], "bboxes": [[133.5117645263672, 250.31954956054688, 619.4613037109375, 694.4520263671875], [185.1175537109375, 150.03271484375, 336.9144287109375, 249.77487182617188], [127.72613525390625, 258.6344299316406, 383.97119140625, 683.481689453125]]}