{"labels": [0], "scores": [0.9849599003791809], "bboxes": [[345.7190856933594, 56.386932373046875, 440.4895324707031, 752.3232421875]]}