{"labels": [0], "scores": [0.9933111667633057], "bboxes": [[268.302490234375, 49.430755615234375, 517.320556640625, 780.5814208984375]]}