{"labels": [0], "scores": [0.998357355594635], "bboxes": [[150.63400268554688, 228.02127075195312, 570.7225952148438, 825.59765625]]}