{"labels": [0], "scores": [0.9961016178131104], "bboxes": [[14.453765869140625, 96.59234619140625, 774.3409423828125, 749.8068237304688]]}