{"labels": [0, 0, 0], "scores": [0.8632472157478333, 0.7321507334709167, 0.6206809878349304], "bboxes": [[107.8560791015625, 211.0635986328125, 768.1102294921875, 714.1891479492188], [291.395263671875, 316.17803955078125, 781.3720703125, 668.3530883789062], [72.10456848144531, 134.887939453125, 508.17022705078125, 516.3050537109375]]}