{"labels": [0, 0], "scores": [0.9922226071357727, 0.08331403136253357], "bboxes": [[2.239959716796875, 20.309051513671875, 800.0, 800.0], [191.04302978515625, 411.23443603515625, 764.806396484375, 793.2290649414062]]}