{"labels": [0, 0, 0], "scores": [0.9798690676689148, 0.3179454803466797, 0.1092575192451477], "bboxes": [[72.58163452148438, 15.1768798828125, 676.6290283203125, 785.501220703125], [79.97743225097656, 17.751373291015625, 397.72064208984375, 322.087158203125], [337.87225341796875, 24.274276733398438, 671.90478515625, 388.707275390625]]}