{"labels": [0, 0], "scores": [0.978364884853363, 0.07549551129341125], "bboxes": [[244.6695098876953, 88.342041015625, 532.3225708007812, 536.115478515625], [259.68267822265625, 305.2916259765625, 527.3178100585938, 714.3937377929688]]}