{"labels": [0], "scores": [0.9867830276489258], "bboxes": [[184.8562774658203, 6.04290771484375, 599.3439331054688, 786.7910766601562]]}