{"labels": [0, 0], "scores": [0.9940411448478699, 0.05415714159607887], "bboxes": [[138.83773803710938, 326.66986083984375, 569.11083984375, 712.9535522460938], [440.1800231933594, 417.64404296875, 594.1019287109375, 611.96484375]]}