{"labels": [0], "scores": [0.9985167384147644], "bboxes": [[30.623046875, 163.6041259765625, 764.178466796875, 747.5369262695312]]}