{"labels": [0, 0, 0], "scores": [0.9870615601539612, 0.29230713844299316, 0.08245214074850082], "bboxes": [[139.8770751953125, 51.75971984863281, 581.4754028320312, 395.1456298828125], [76.52139282226562, 410.0133972167969, 655.0264892578125, 795.026123046875], [106.41070556640625, 83.02294921875, 684.29345703125, 800.0]]}