{"labels": [0, 0, 0, 0], "scores": [0.9390106201171875, 0.6459592580795288, 0.3216060996055603, 0.20133619010448456], "bboxes": [[457.65802001953125, 95.01327514648438, 791.2594604492188, 411.7453918457031], [390.5617370605469, 464.3830261230469, 722.8284912109375, 776.91259765625], [70.2269287109375, 204.72067260742188, 636.8427734375, 791.3302001953125], [99.03834533691406, 342.2239685058594, 368.074951171875, 674.296875]]}