{"labels": [0], "scores": [0.9989290833473206], "bboxes": [[53.86595916748047, 153.80075073242188, 618.688720703125, 896.0]]}