{"labels": [0, 0, 0], "scores": [0.994236409664154, 0.6824248433113098, 0.2646140158176422], "bboxes": [[127.8701171875, 75.58245849609375, 560.2520751953125, 751.5689697265625], [392.4981689453125, 109.71464538574219, 730.4906005859375, 394.7193603515625], [176.13058471679688, 64.59809875488281, 384.1343688964844, 511.25494384765625]]}