{"labels": [0, 0], "scores": [0.9858286380767822, 0.08956238627433777], "bboxes": [[81.02798461914062, 43.714508056640625, 708.2333984375, 721.801025390625], [93.5606689453125, 170.20738220214844, 490.42889404296875, 607.2489624023438]]}