{"labels": [0], "scores": [0.9929572343826294], "bboxes": [[293.1908874511719, 103.88180541992188, 545.378662109375, 728.6109619140625]]}