{"labels": [0], "scores": [0.9972245693206787], "bboxes": [[2.536651611328125, 160.64578247070312, 800.0, 685.8221435546875]]}