{"labels": [0], "scores": [0.9988204836845398], "bboxes": [[55.30462646484375, 170.2206268310547, 714.4702758789062, 619.0154418945312]]}