{"labels": [0], "scores": [0.9990108013153076], "bboxes": [[0.0, 88.63827514648438, 700.3172607421875, 688.2005615234375]]}