{"labels": [0], "scores": [0.9962215423583984], "bboxes": [[221.26622009277344, 200.76882934570312, 576.700439453125, 799.9952392578125]]}