{"labels": [0, 0, 0, 0, 0, 0], "scores": [0.624608039855957, 0.5945191979408264, 0.5343831777572632, 0.33684927225112915, 0.06240499019622803, 0.05704417824745178], "bboxes": [[503.5599060058594, 353.1290588378906, 706.3624267578125, 523.1015625], [320.47406005859375, 407.06842041015625, 471.2442626953125, 520.0943603515625], [63.738861083984375, 233.2895965576172, 753.832763671875, 547.9703369140625], [91.37934112548828, 375.9420166015625, 255.87814331054688, 510.9217529296875], [276.28985595703125, 235.51422119140625, 437.53857421875, 402.2724609375], [95.33070373535156, 352.08984375, 606.3692016601562, 521.0222778320312]]}