{"labels": [0], "scores": [0.9986312985420227], "bboxes": [[110.24032592773438, 118.85946655273438, 715.6182861328125, 731.49755859375]]}