{"labels": [0, 0, 0, 0, 0, 0], "scores": [0.9689202308654785, 0.9058305621147156, 0.16047725081443787, 0.14838260412216187, 0.074982188642025, 0.06172318384051323], "bboxes": [[283.00433349609375, 150.96376037597656, 448.750732421875, 563.2749633789062], [259.1650695800781, 757.5177612304688, 419.640380859375, 879.114013671875], [6.829742431640625, 563.8490600585938, 545.5257568359375, 891.28125], [154.40774536132812, 373.3172302246094, 427.3216552734375, 828.3609008789062], [222.59291076660156, 118.51066589355469, 479.81793212890625, 831.656982421875], [174.87643432617188, 372.60784912109375, 336.75933837890625, 742.80322265625]]}