{"labels": [0], "scores": [0.9978904128074646], "bboxes": [[207.17532348632812, 97.09243774414062, 563.435791015625, 764.0062255859375]]}