{"labels": [0], "scores": [0.9626592397689819], "bboxes": [[103.26028442382812, 209.72183227539062, 519.0885009765625, 776.001708984375]]}