{"labels": [0, 0, 0, 0, 0, 0, 0], "scores": [0.4773498773574829, 0.40433165431022644, 0.2772117257118225, 0.1867779642343521, 0.11323477327823639, 0.10857158899307251, 0.08393702656030655], "bboxes": [[154.7996368408203, 567.5465087890625, 665.1008911132812, 794.9501953125], [632.925048828125, 486.4058837890625, 772.4571533203125, 667.950439453125], [214.7350311279297, 282.1011047363281, 639.4735107421875, 553.7071533203125], [7.4755859375, 12.069732666015625, 800.0, 762.7559814453125], [169.75323486328125, 609.4337158203125, 328.4204406738281, 731.138916015625], [117.34439086914062, 207.01658630371094, 737.6998291015625, 596.4470825195312], [243.26573181152344, 610.2835083007812, 347.8792724609375, 756.5245971679688]]}