{"labels": [0, 0, 0], "scores": [0.9938569664955139, 0.22097159922122955, 0.20458835363388062], "bboxes": [[98.42537689208984, 201.91036987304688, 572.5513916015625, 629.350341796875], [107.27556610107422, 294.69189453125, 569.8385009765625, 872.1677856445312], [166.44512939453125, 584.515380859375, 491.0174865722656, 873.594482421875]]}