{"labels": [0, 0, 0, 0, 0, 0, 0], "scores": [0.9406402111053467, 0.7984364628791809, 0.6282403469085693, 0.17326422035694122, 0.13722491264343262, 0.1096327155828476, 0.0515797883272171], "bboxes": [[469.64495849609375, 11.13726806640625, 778.5850219726562, 792.5947265625], [297.2489013671875, 318.8414611816406, 505.5406494140625, 786.5433349609375], [8.383682250976562, 532.6578369140625, 433.19793701171875, 799.2960205078125], [299.0425720214844, 329.92962646484375, 501.6700744628906, 551.696533203125], [8.898941040039062, 534.2657470703125, 404.03460693359375, 675.2506103515625], [189.9369659423828, 433.93560791015625, 443.08612060546875, 793.2395629882812], [201.92095947265625, 548.8375854492188, 408.19732666015625, 662.3042602539062]]}