{"labels": [0, 0, 0], "scores": [0.8068161606788635, 0.7121347188949585, 0.15842276811599731], "bboxes": [[352.42401123046875, 76.0653076171875, 764.2407836914062, 685.1522827148438], [483.5621643066406, 216.71287536621094, 796.5491943359375, 687.2294921875], [6.176361083984375, 46.692474365234375, 785.42626953125, 719.0576171875]]}