{"labels": [0], "scores": [0.9989776611328125], "bboxes": [[122.250732421875, 196.90965270996094, 744.032470703125, 572.5399169921875]]}