{"labels": [0, 0, 0], "scores": [0.9959194660186768, 0.9855491518974304, 0.2703554034233093], "bboxes": [[31.254318237304688, 206.66961669921875, 404.1285400390625, 641.6808471679688], [410.6715087890625, 188.55581665039062, 768.5206298828125, 799.54541015625], [472.0057373046875, 623.8193969726562, 704.1138916015625, 800.0]]}