{"labels": [0], "scores": [0.9976099729537964], "bboxes": [[162.97801208496094, 60.659332275390625, 637.7749633789062, 754.1439208984375]]}