{"labels": [0, 0, 0, 0, 0, 0, 0], "scores": [0.8693948984146118, 0.763914942741394, 0.48811468482017517, 0.3441203832626343, 0.23756830394268036, 0.09864888340234756, 0.07040664553642273], "bboxes": [[134.22618103027344, 103.26861572265625, 409.596923828125, 383.42547607421875], [18.792327880859375, 433.66290283203125, 783.9368896484375, 795.3329467773438], [419.58477783203125, 94.48051452636719, 711.5031127929688, 389.79150390625], [385.291748046875, 622.1111450195312, 717.39892578125, 793.4962768554688], [0.0, 552.3109130859375, 182.7852783203125, 799.484130859375], [76.34796142578125, 438.1806640625, 788.206298828125, 607.38037109375], [294.8713684082031, 515.2088012695312, 746.0853271484375, 774.4031372070312]]}