{"labels": [0, 0, 0, 0, 0, 0], "scores": [0.9977824091911316, 0.29859697818756104, 0.1566721349954605, 0.14709189534187317, 0.09837138652801514, 0.0606779009103775], "bboxes": [[217.80970764160156, 39.176361083984375, 584.265625, 763.8739013671875], [720.3824462890625, 345.939208984375, 798.227294921875, 555.2171630859375], [574.4208374023438, 447.35516357421875, 748.8126831054688, 574.6771850585938], [14.574569702148438, 441.841796875, 234.3420867919922, 613.1827392578125], [574.7001342773438, 442.19281005859375, 745.6276245117188, 495.86834716796875], [688.2051391601562, 554.6000366210938, 789.8991088867188, 592.9024047851562]]}