{"labels": [0, 0], "scores": [0.9926885962486267, 0.980065643787384], "bboxes": [[231.71759033203125, 76.18588256835938, 748.6928100585938, 735.7313232421875], [18.1572265625, 51.457794189453125, 415.01068115234375, 419.40557861328125]]}