{"labels": [0, 0, 0, 0, 0, 0, 0, 0], "scores": [0.9902306199073792, 0.963356077671051, 0.772102952003479, 0.45869341492652893, 0.4571835994720459, 0.25575095415115356, 0.0978783369064331, 0.07362718880176544], "bboxes": [[238.5742950439453, 213.2007598876953, 678.3069458007812, 723.1964721679688], [0.3285369873046875, 39.73936462402344, 128.9844970703125, 356.00482177734375], [166.51058959960938, 5.1212921142578125, 708.8057861328125, 256.75286865234375], [18.298538208007812, 259.7366027832031, 469.76531982421875, 602.637939453125], [155.96600341796875, 0.0, 414.01019287109375, 208.79115295410156], [19.77435302734375, 136.6915740966797, 695.6220703125, 639.7697143554688], [658.4187622070312, 8.319389343261719, 798.8429565429688, 199.15518188476562], [683.217041015625, 137.47628784179688, 798.57470703125, 356.4170227050781]]}