{"labels": [0, 0], "scores": [0.9599453210830688, 0.8703852891921997], "bboxes": [[460.17559814453125, 126.20130920410156, 787.7837524414062, 451.90972900390625], [1.652587890625, 5.936767578125, 788.0582275390625, 800.0]]}