{"labels": [0], "scores": [0.9979478716850281], "bboxes": [[5.3739013671875, 234.1248321533203, 794.2999267578125, 601.9646606445312]]}