{"labels": [0], "scores": [0.997312605381012], "bboxes": [[11.99371337890625, 502.82861328125, 797.2269897460938, 668.10302734375]]}