{"labels": [0], "scores": [0.9950945377349854], "bboxes": [[134.66473388671875, 125.19845581054688, 642.945068359375, 707.8326416015625]]}