{"labels": [0], "scores": [0.9975842237472534], "bboxes": [[26.9542236328125, 99.18374633789062, 741.1296997070312, 697.46435546875]]}