{"labels": [0], "scores": [0.9965605139732361], "bboxes": [[86.45364379882812, 127.20712280273438, 705.854736328125, 718.9244384765625]]}