{"labels": [0], "scores": [0.9966865181922913], "bboxes": [[96.29196166992188, 275.279296875, 715.0626220703125, 696.0197143554688]]}