{"labels": [0, 0, 0, 0, 0], "scores": [0.9003011584281921, 0.4959633946418762, 0.21605926752090454, 0.058456260710954666, 0.05248023942112923], "bboxes": [[103.11251831054688, 247.65213012695312, 765.9232177734375, 797.44091796875], [172.55252075195312, 15.2918701171875, 773.481689453125, 522.4215087890625], [538.3515625, 415.6727294921875, 741.371337890625, 638.5916748046875], [664.3958129882812, 154.17498779296875, 699.9734497070312, 191.07537841796875], [230.79263305664062, 92.11599731445312, 735.25048828125, 373.401123046875]]}