{"labels": [0, 0], "scores": [0.9975341558456421, 0.8239562511444092], "bboxes": [[23.736968994140625, 113.47930908203125, 614.91162109375, 737.02734375], [535.9663696289062, 258.79779052734375, 797.0021362304688, 675.4434204101562]]}