{"labels": [0, 0], "scores": [0.9980428218841553, 0.07265833765268326], "bboxes": [[292.16082763671875, 348.3200988769531, 569.5673828125, 662.500732421875], [185.56497192382812, 346.904541015625, 532.3397216796875, 754.1351318359375]]}