{"labels": [0, 0], "scores": [0.9991514682769775, 0.085233673453331], "bboxes": [[0.579742431640625, 0.0, 783.0931396484375, 800.0], [0.0, 417.3833312988281, 787.6764526367188, 793.556640625]]}