{"labels": [0, 0, 0, 0], "scores": [0.9373816847801208, 0.8766998052597046, 0.5435486435890198, 0.2001066654920578], "bboxes": [[118.27386474609375, 290.8756103515625, 575.51171875, 611.98095703125], [0.0, 122.08883666992188, 764.0361328125, 656.2879638671875], [554.3385009765625, 316.2069396972656, 709.80322265625, 419.2336120605469], [430.06884765625, 170.8802947998047, 637.2391357421875, 293.19659423828125]]}