{"labels": [0], "scores": [0.9988700747489929], "bboxes": [[10.881378173828125, 129.39498901367188, 773.62744140625, 677.0528564453125]]}