{"labels": [0], "scores": [0.99978107213974], "bboxes": [[0.8828773498535156, 28.016876220703125, 700.0, 882.9883422851562]]}