{"labels": [0], "scores": [0.9943789839744568], "bboxes": [[227.0877227783203, 13.949737548828125, 564.8607177734375, 800.0]]}