{"labels": [0], "scores": [0.998897910118103], "bboxes": [[15.041046142578125, 97.56890869140625, 772.115234375, 703.3941040039062]]}