{"labels": [0], "scores": [0.99753737449646], "bboxes": [[0.909423828125, 256.43902587890625, 793.89794921875, 560.538330078125]]}