{"labels": [0, 0], "scores": [0.943015992641449, 0.9170264005661011], "bboxes": [[10.275238037109375, 167.1254119873047, 785.001953125, 581.4594116210938], [8.326568603515625, 472.05804443359375, 765.0255126953125, 787.0551147460938]]}