{"labels": [0], "scores": [0.9976886510848999], "bboxes": [[0.0, 187.14703369140625, 799.2852783203125, 610.4290161132812]]}