{"labels": [0, 0, 0, 0, 0], "scores": [0.9859189987182617, 0.9769334197044373, 0.8538133502006531, 0.0967387929558754, 0.059182751923799515], "bboxes": [[364.2712707519531, 278.5242919921875, 773.2509765625, 786.7855224609375], [0.0, 112.17367553710938, 441.30621337890625, 709.9244384765625], [83.77717590332031, 451.0466613769531, 418.351806640625, 793.762451171875], [159.67576599121094, 425.326416015625, 615.1978759765625, 793.489501953125], [394.4647216796875, 446.876220703125, 694.7237548828125, 787.0579833984375]]}