{"labels": [0], "scores": [0.994326651096344], "bboxes": [[99.29388427734375, 217.3815155029297, 753.4352416992188, 536.9662475585938]]}