{"labels": [0], "scores": [0.9988852143287659], "bboxes": [[22.222349166870117, 20.235361099243164, 680.2611083984375, 702.0]]}