{"labels": [0, 0], "scores": [0.9943187832832336, 0.21760936081409454], "bboxes": [[27.281707763671875, 108.76437377929688, 776.5767822265625, 690.275390625], [297.7333679199219, 260.80548095703125, 775.71142578125, 677.3082275390625]]}