{"labels": [0], "scores": [0.9996854066848755], "bboxes": [[33.96096420288086, 73.35049438476562, 658.080078125, 828.4359130859375]]}