{"labels": [0], "scores": [0.9990817308425903], "bboxes": [[4.9830322265625, 193.50308227539062, 793.2156982421875, 730.7216796875]]}