{"labels": [0, 0, 0, 0, 0], "scores": [0.9714289903640747, 0.6391612887382507, 0.5794219970703125, 0.16661714017391205, 0.06519261002540588], "bboxes": [[100.09844970703125, 125.34259033203125, 617.7330322265625, 710.9548950195312], [106.18623352050781, 130.49916076660156, 553.8746337890625, 438.0638427734375], [472.0885009765625, 291.0023193359375, 735.2364501953125, 552.0303955078125], [108.47575378417969, 164.77560424804688, 372.56536865234375, 407.9298400878906], [103.49752807617188, 312.7511291503906, 439.4253845214844, 706.365966796875]]}