{"labels": [0, 0, 0, 0, 0], "scores": [0.9882708191871643, 0.5777673721313477, 0.41065797209739685, 0.3174583911895752, 0.05667538195848465], "bboxes": [[52.88629150390625, 28.754852294921875, 781.7051391601562, 715.941650390625], [0.0, 511.62274169921875, 242.13070678710938, 794.3716430664062], [550.572265625, 42.75653076171875, 800.0, 343.6877746582031], [271.4110107421875, 608.798095703125, 399.9610595703125, 740.670654296875], [45.40193176269531, 20.004493713378906, 538.3355102539062, 264.1838684082031]]}