{"labels": [0, 0, 0, 0, 0], "scores": [0.9791536331176758, 0.7240719795227051, 0.22849060595035553, 0.1615123301744461, 0.06290660798549652], "bboxes": [[49.173431396484375, 11.184173583984375, 754.564208984375, 799.244140625], [31.224639892578125, 260.6939697265625, 428.27789306640625, 623.064697265625], [17.441497802734375, 272.743896484375, 565.438720703125, 786.231689453125], [88.96136474609375, 10.504959106445312, 746.2800903320312, 320.44390869140625], [402.7400817871094, 59.554351806640625, 743.4425048828125, 779.9735107421875]]}