{"labels": [0], "scores": [0.9985578656196594], "bboxes": [[4.34228515625, 288.47900390625, 800.0, 587.1306762695312]]}