{"labels": [0], "scores": [0.9972770810127258], "bboxes": [[83.09530639648438, 61.16497802734375, 678.2774047851562, 895.3671264648438]]}