{"labels": [0], "scores": [0.9951595664024353], "bboxes": [[161.89442443847656, 48.066162109375, 663.4851684570312, 777.2857055664062]]}