{"labels": [0, 0, 0], "scores": [0.9294490814208984, 0.892410397529602, 0.4789619445800781], "bboxes": [[394.45928955078125, 326.20587158203125, 786.1395874023438, 658.6332397460938], [13.7916259765625, 299.1832580566406, 464.01824951171875, 526.981201171875], [19.026885986328125, 299.52850341796875, 597.0972900390625, 674.4281005859375]]}