{"labels": [0, 0, 0, 0, 0, 0, 0], "scores": [0.9859156608581543, 0.9177941083908081, 0.6743525862693787, 0.6283650994300842, 0.3109157085418701, 0.20778608322143555, 0.06025915592908859], "bboxes": [[21.73577880859375, 121.17375183105469, 288.25982666015625, 412.1356201171875], [503.4817199707031, 106.34648132324219, 788.930908203125, 410.557373046875], [491.0753173828125, 483.43951416015625, 772.857177734375, 736.5547485351562], [12.217666625976562, 483.15069580078125, 320.17437744140625, 743.3169555664062], [0.0, 439.32611083984375, 768.1358032226562, 745.4157104492188], [0.0, 30.981353759765625, 794.11328125, 675.3680419921875], [0.0, 361.4320068359375, 752.419189453125, 472.24072265625]]}