{"labels": [0, 0, 0], "scores": [0.9698629975318909, 0.9478131532669067, 0.09583576023578644], "bboxes": [[119.68524932861328, 53.38784408569336, 615.8961181640625, 387.5569763183594], [0.0, 434.37451171875, 652.9052124023438, 893.55029296875], [37.01361083984375, 55.968170166015625, 619.8133544921875, 838.9561767578125]]}