{"labels": [0], "scores": [0.9990615248680115], "bboxes": [[13.12249755859375, 220.30369567871094, 782.65234375, 673.7110595703125]]}