{"labels": [0], "scores": [0.9998650550842285], "bboxes": [[0.0, 0.0, 699.3003540039062, 896.0]]}