{"labels": [0, 0], "scores": [0.9673934578895569, 0.18073028326034546], "bboxes": [[295.45257568359375, 80.36370849609375, 532.1876220703125, 664.9744262695312], [377.61932373046875, 682.2314453125, 501.0579833984375, 791.7099609375]]}