{"labels": [0, 0, 0], "scores": [0.996479332447052, 0.9904110431671143, 0.05367537960410118], "bboxes": [[432.10162353515625, 115.30563354492188, 571.4677124023438, 743.656005859375], [230.1472930908203, 118.59088134765625, 371.67681884765625, 737.8675537109375], [219.89785766601562, 113.39736938476562, 508.9895935058594, 748.5740966796875]]}