{"labels": [0, 0], "scores": [0.9924033880233765, 0.9855453372001648], "bboxes": [[19.084747314453125, 163.5418701171875, 549.4132080078125, 620.498291015625], [551.53515625, 182.49517822265625, 791.9139404296875, 582.41650390625]]}