{"labels": [0, 0, 0], "scores": [0.9968320727348328, 0.5833057165145874, 0.10025356709957123], "bboxes": [[113.39602661132812, 7.18878173828125, 418.8034362792969, 602.5532836914062], [85.797607421875, 66.98025512695312, 568.0, 726.7330322265625], [263.18890380859375, 15.671112060546875, 720.3807983398438, 698.686279296875]]}