{"labels": [0, 0, 0], "scores": [0.9891799688339233, 0.20925624668598175, 0.13040003180503845], "bboxes": [[7.93017578125, 165.65966796875, 777.0834350585938, 638.000732421875], [42.77154541015625, 386.533447265625, 773.460693359375, 631.3121337890625], [43.3201904296875, 167.47885131835938, 777.337158203125, 383.4303894042969]]}