{"labels": [0], "scores": [0.9983934760093689], "bboxes": [[26.973785400390625, 255.38961791992188, 522.7750244140625, 732.618408203125]]}