{"labels": [0], "scores": [0.9990591406822205], "bboxes": [[95.42950439453125, 184.3492431640625, 685.4063720703125, 616.4909057617188]]}