{"labels": [0], "scores": [0.9946610331535339], "bboxes": [[182.35446166992188, 161.31390380859375, 605.9232177734375, 756.7903442382812]]}