{"labels": [0], "scores": [0.9980474710464478], "bboxes": [[53.62872314453125, 254.89230346679688, 700.6331787109375, 743.196533203125]]}