{"labels": [0, 0], "scores": [0.9969751834869385, 0.1758970320224762], "bboxes": [[182.9102325439453, 25.37176513671875, 584.7512817382812, 748.7020263671875], [196.07089233398438, 50.09413146972656, 225.85678100585938, 92.96217346191406]]}