{"labels": [0, 0], "scores": [0.8831251263618469, 0.38131746649742126], "bboxes": [[209.43215942382812, 378.25146484375, 800.0, 798.95703125], [272.7945251464844, 380.0880432128906, 481.1593933105469, 702.3330078125]]}