{"labels": [0, 0], "scores": [0.9924740195274353, 0.16837093234062195], "bboxes": [[67.38970947265625, 203.87677001953125, 733.0686645507812, 738.6318969726562], [24.88184356689453, 103.53113555908203, 266.0777587890625, 346.9076843261719]]}