{"labels": [0, 0, 0], "scores": [0.9791533946990967, 0.9617010951042175, 0.08776482194662094], "bboxes": [[258.26556396484375, 222.34152221679688, 489.51263427734375, 471.5208435058594], [267.91033935546875, 519.4198608398438, 494.23345947265625, 753.6758422851562], [175.42872619628906, 203.0863037109375, 570.79443359375, 795.3638916015625]]}