{"labels": [0], "scores": [0.98990797996521], "bboxes": [[271.6694641113281, 151.21463012695312, 535.150146484375, 716.0748291015625]]}