{"labels": [0, 0, 0], "scores": [0.8483558297157288, 0.816849946975708, 0.5887622237205505], "bboxes": [[63.42896270751953, 13.141815185546875, 262.82781982421875, 588.693115234375], [230.91786193847656, 428.84210205078125, 712.3163452148438, 688.6289672851562], [171.50668334960938, 10.393218994140625, 800.0, 589.4246826171875]]}