{"labels": [0, 0], "scores": [0.9967987537384033, 0.07719020545482635], "bboxes": [[26.28155517578125, 146.83499145507812, 769.4741821289062, 665.2305908203125], [61.193572998046875, 33.391448974609375, 786.265625, 414.79620361328125]]}