{"labels": [0, 0, 0, 0], "scores": [0.9970124959945679, 0.6565034985542297, 0.38390302658081055, 0.27821487188339233], "bboxes": [[240.57998657226562, 33.31355285644531, 514.61474609375, 367.9127197265625], [43.414005279541016, 721.6947631835938, 169.02737426757812, 883.55126953125], [395.1029357910156, 788.927001953125, 566.1444091796875, 845.3008422851562], [73.54269409179688, 346.2437438964844, 525.0610961914062, 849.1937866210938]]}