{"labels": [0, 0, 0, 0], "scores": [0.9940062761306763, 0.2324017435312271, 0.1399572491645813, 0.09572435170412064], "bboxes": [[84.87629699707031, 92.78225708007812, 353.532958984375, 692.9139404296875], [404.2790222167969, 441.4495849609375, 769.3089599609375, 641.404541015625], [506.07177734375, 447.68853759765625, 663.9775390625, 595.3854370117188], [421.72698974609375, 454.1263122558594, 527.9799194335938, 596.4268798828125]]}