{"labels": [0, 0], "scores": [0.9986642599105835, 0.0637902021408081], "bboxes": [[23.854217529296875, 140.9860382080078, 766.44873046875, 641.6567993164062], [26.680877685546875, 164.551025390625, 493.2244567871094, 548.5146484375]]}