{"labels": [0, 0, 0, 0], "scores": [0.836597204208374, 0.7601618766784668, 0.2329065203666687, 0.2267734259366989], "bboxes": [[158.24017333984375, 9.659454345703125, 627.086669921875, 466.6558837890625], [153.62063598632812, 461.2885437011719, 614.9000244140625, 772.843505859375], [143.14016723632812, 158.43728637695312, 629.9285888671875, 755.236572265625], [167.24253845214844, 225.82778930664062, 623.2211303710938, 451.0321350097656]]}