{"labels": [0], "scores": [0.993911623954773], "bboxes": [[145.11595153808594, 6.78363037109375, 639.1090698242188, 800.0]]}