{"labels": [0, 0], "scores": [0.9991300702095032, 0.5067577362060547], "bboxes": [[1.144287109375, 366.55120849609375, 789.3690185546875, 761.3327026367188], [29.668350219726562, 90.62297821044922, 254.3246612548828, 255.57266235351562]]}