{"labels": [0, 0, 0, 0, 0], "scores": [0.9655755162239075, 0.5977941155433655, 0.2303197979927063, 0.11411655694246292, 0.11051831394433975], "bboxes": [[81.54937744140625, 133.49676513671875, 785.34423828125, 768.3775634765625], [261.6336364746094, 389.84765625, 786.62255859375, 763.982421875], [672.0267944335938, 0.0, 767.5435180664062, 440.1571960449219], [100.6427993774414, 230.45347595214844, 275.98687744140625, 697.5780639648438], [11.815261840820312, 210.66207885742188, 176.0850372314453, 711.781982421875]]}