{"labels": [0], "scores": [0.9956409931182861], "bboxes": [[61.713714599609375, 97.051513671875, 709.521484375, 697.443603515625]]}