{"labels": [0], "scores": [0.999485969543457], "bboxes": [[0.0, 180.6417236328125, 790.6497192382812, 649.9210205078125]]}