{"labels": [0], "scores": [0.9991912245750427], "bboxes": [[73.11285400390625, 159.2589111328125, 700.9850463867188, 722.4235229492188]]}