{"labels": [0], "scores": [0.9951274394989014], "bboxes": [[19.095523834228516, 13.793479919433594, 513.03857421875, 855.1666870117188]]}