{"labels": [0, 0, 0, 0], "scores": [0.995993971824646, 0.9400061964988708, 0.5616076588630676, 0.48781484365463257], "bboxes": [[254.7762451171875, 96.625244140625, 650.4183959960938, 702.5585327148438], [96.99874877929688, 413.2616882324219, 501.4424743652344, 765.3179931640625], [60.75316619873047, 611.7386474609375, 291.29681396484375, 768.9140625], [560.8648071289062, 591.4591064453125, 733.2623901367188, 743.0557861328125]]}