{"labels": [0], "scores": [0.9984582662582397], "bboxes": [[51.485347747802734, 242.6080780029297, 616.1126708984375, 488.8865051269531]]}