{"labels": [0, 0, 0], "scores": [0.9265527129173279, 0.8900638818740845, 0.24076047539710999], "bboxes": [[257.29669189453125, 343.6488037109375, 535.5479736328125, 763.2728271484375], [302.4927978515625, 15.574127197265625, 459.19329833984375, 419.1643981933594], [267.7786865234375, 28.2591552734375, 521.0618286132812, 719.6889038085938]]}