{"labels": [0], "scores": [0.9988996982574463], "bboxes": [[46.39862060546875, 272.23516845703125, 753.8026733398438, 534.2720336914062]]}