{"labels": [0], "scores": [0.999548614025116], "bboxes": [[66.55902099609375, 54.177398681640625, 770.6380615234375, 786.290283203125]]}