{"labels": [0], "scores": [0.9961633682250977], "bboxes": [[148.84091186523438, 172.53079223632812, 614.9322509765625, 779.2232666015625]]}