{"labels": [0, 0], "scores": [0.9907384514808655, 0.5741514563560486], "bboxes": [[268.799072265625, 199.4744873046875, 545.3784790039062, 797.7616577148438], [299.35479736328125, 196.16317749023438, 523.7911987304688, 426.7278137207031]]}