{"labels": [0], "scores": [0.9914979338645935], "bboxes": [[163.14913940429688, 178.87539672851562, 744.582275390625, 679.4263916015625]]}