{"labels": [0], "scores": [0.9990065693855286], "bboxes": [[24.345550537109375, 199.07606506347656, 776.4766845703125, 709.8115234375]]}