{"labels": [0], "scores": [0.996713399887085], "bboxes": [[115.48806762695312, 64.31253051757812, 680.315185546875, 716.1822509765625]]}