{"labels": [0, 0, 0], "scores": [0.9886462688446045, 0.38656237721443176, 0.05937879905104637], "bboxes": [[206.13372802734375, 356.1839599609375, 798.1408081054688, 694.0333251953125], [15.70330810546875, 346.24896240234375, 538.5413818359375, 721.3823852539062], [0.0, 343.42999267578125, 284.8043518066406, 728.9616088867188]]}