{"labels": [0], "scores": [0.9972361922264099], "bboxes": [[214.1822967529297, 364.88812255859375, 604.46337890625, 744.6024780273438]]}