{"labels": [0], "scores": [0.9983171224594116], "bboxes": [[171.25146484375, 24.475189208984375, 620.3685302734375, 740.1689453125]]}