{"labels": [0], "scores": [0.99953293800354], "bboxes": [[58.3078498840332, 163.25347900390625, 653.061767578125, 883.7135009765625]]}