{"labels": [0, 0, 0], "scores": [0.9957926273345947, 0.991412878036499, 0.25210636854171753], "bboxes": [[350.4034423828125, 248.72665405273438, 756.1864013671875, 641.066650390625], [147.35287475585938, 140.6766815185547, 424.8554382324219, 556.1339721679688], [29.420211791992188, 155.12847900390625, 274.72186279296875, 555.60693359375]]}