{"labels": [0, 0, 0], "scores": [0.9864673018455505, 0.63533616065979, 0.4751325249671936], "bboxes": [[45.096588134765625, 344.58099365234375, 765.67529296875, 603.3492431640625], [35.49043273925781, 372.04876708984375, 453.906005859375, 601.6555786132812], [306.880126953125, 353.6710510253906, 721.614501953125, 574.3560791015625]]}