{"labels": [0, 0, 0], "scores": [0.9764207005500793, 0.9597182273864746, 0.09943091869354248], "bboxes": [[418.1860656738281, 192.55853271484375, 653.0675048828125, 739.190673828125], [135.0712890625, 111.84136962890625, 395.26922607421875, 725.6968994140625], [119.39533996582031, 109.33746337890625, 608.7796630859375, 771.782958984375]]}