{"labels": [0, 0], "scores": [0.996687114238739, 0.055159375071525574], "bboxes": [[220.87318420410156, 217.03675842285156, 599.4049682617188, 717.2711181640625], [347.33319091796875, 609.47607421875, 396.635498046875, 634.6771240234375]]}