{"labels": [0], "scores": [0.9992409944534302], "bboxes": [[29.167530059814453, 12.34615707397461, 629.7451171875, 787.6139526367188]]}