{"labels": [0, 0], "scores": [0.981259286403656, 0.10815592110157013], "bboxes": [[35.536468505859375, 89.81961059570312, 720.8167724609375, 642.2237548828125], [111.17593383789062, 137.2499542236328, 666.8155517578125, 455.8634033203125]]}