{"labels": [0], "scores": [0.9952656030654907], "bboxes": [[185.1372833251953, 233.823974609375, 608.8387451171875, 642.1022338867188]]}