{"labels": [0, 0, 0], "scores": [0.9953715205192566, 0.21088434755802155, 0.11101187020540237], "bboxes": [[5.65966796875, 16.868133544921875, 782.2501220703125, 795.7696533203125], [304.1647644042969, 165.55331420898438, 793.1263427734375, 760.8319091796875], [369.9194030761719, 167.6271209716797, 761.6280517578125, 451.9405517578125]]}