{"labels": [0, 0, 0, 0, 0, 0, 0, 0], "scores": [0.935211718082428, 0.8722388744354248, 0.8401697278022766, 0.8313300013542175, 0.6464860439300537, 0.4979706406593323, 0.16181997954845428, 0.10532835125923157], "bboxes": [[426.1058044433594, 282.1842346191406, 571.9392700195312, 464.9827575683594], [15.849761962890625, 66.23204040527344, 288.7838134765625, 420.84869384765625], [288.6616516113281, 67.63298034667969, 573.0810546875, 273.1806640625], [288.690185546875, 284.14544677734375, 433.04443359375, 462.5186767578125], [38.96336364746094, 489.1953125, 246.8186492919922, 746.720947265625], [514.95263671875, 395.30975341796875, 800.0, 787.9011840820312], [419.8327941894531, 602.447998046875, 558.5042724609375, 746.594970703125], [577.4930419921875, 67.120361328125, 786.857177734375, 351.7246398925781]]}