{"labels": [0, 0], "scores": [0.9980535507202148, 0.9962770342826843], "bboxes": [[0.0, 173.80044555664062, 437.352294921875, 816.007080078125], [375.4709167480469, 312.6280517578125, 699.4512939453125, 886.117919921875]]}