{"labels": [0], "scores": [0.9991056323051453], "bboxes": [[95.88192749023438, 49.607574462890625, 699.4561767578125, 790.1634521484375]]}