{"labels": [0], "scores": [0.9816845059394836], "bboxes": [[287.96466064453125, 47.986785888671875, 498.02081298828125, 765.55908203125]]}