{"labels": [0], "scores": [0.9912998080253601], "bboxes": [[176.98330688476562, 185.33712768554688, 573.5098876953125, 795.390625]]}