{"labels": [0], "scores": [0.9982116222381592], "bboxes": [[57.32574462890625, 263.44622802734375, 752.3695678710938, 635.3963623046875]]}