{"labels": [0, 0], "scores": [0.9984132051467896, 0.29401108622550964], "bboxes": [[0.0, 3.7602195739746094, 700.0, 881.7688598632812], [283.53497314453125, 406.1050109863281, 700.0, 896.0]]}