{"labels": [0], "scores": [0.9967305660247803], "bboxes": [[6.61956787109375, 162.47232055664062, 798.7357177734375, 722.0355224609375]]}