{"labels": [0], "scores": [0.9983569979667664], "bboxes": [[102.48410034179688, 153.82937622070312, 716.4107666015625, 666.6026611328125]]}