{"labels": [0, 0, 0, 0], "scores": [0.975421667098999, 0.6780887246131897, 0.3759438693523407, 0.2909771502017975], "bboxes": [[104.42176055908203, 200.26559448242188, 350.11358642578125, 751.9378662109375], [523.8436889648438, 136.30783081054688, 654.9384155273438, 447.1632995605469], [105.30953216552734, 624.8856201171875, 319.3918762207031, 753.1148681640625], [556.4354248046875, 673.8693237304688, 669.0469970703125, 790.6463012695312]]}