{"labels": [0, 0, 0, 0, 0, 0], "scores": [0.9927124977111816, 0.8827122449874878, 0.8218051195144653, 0.5670983195304871, 0.07883315533399582, 0.06393169611692429], "bboxes": [[260.9053649902344, 373.1937255859375, 799.359130859375, 641.8453979492188], [31.302413940429688, 573.8353271484375, 313.01739501953125, 723.2042236328125], [176.03424072265625, 286.526611328125, 328.1126403808594, 502.47479248046875], [287.84039306640625, 143.42889404296875, 746.8761596679688, 629.8729858398438], [313.1983947753906, 645.3819580078125, 603.6998291015625, 798.9127197265625], [379.0596923828125, 137.4228515625, 699.8023681640625, 474.6151123046875]]}