{"labels": [0, 0], "scores": [0.9886365532875061, 0.1721523404121399], "bboxes": [[3.709747314453125, 34.960174560546875, 794.7869873046875, 749.9962158203125], [173.10205078125, 257.3221740722656, 762.61181640625, 712.6099853515625]]}