{"labels": [0, 0, 0], "scores": [0.9943829774856567, 0.23234130442142487, 0.05852372944355011], "bboxes": [[23.06280517578125, 65.51254272460938, 792.77587890625, 740.0716552734375], [247.81268310546875, 58.49440002441406, 788.4990844726562, 481.62347412109375], [126.54092407226562, 135.38177490234375, 625.6669921875, 626.9569091796875]]}