{"labels": [0, 0, 0, 0, 0, 0, 0], "scores": [0.9265303015708923, 0.8172642588615417, 0.6889587640762329, 0.4394207298755646, 0.34524649381637573, 0.12819737195968628, 0.08175425231456757], "bboxes": [[124.33902740478516, 197.1885223388672, 424.30157470703125, 696.7613525390625], [360.28662109375, 182.15928649902344, 642.967529296875, 683.3670043945312], [376.6752014160156, 417.1778869628906, 570.4564208984375, 684.0720825195312], [368.9368896484375, 171.96815490722656, 638.2052001953125, 431.421142578125], [131.8401336669922, 380.0664367675781, 371.03302001953125, 690.6436767578125], [133.24432373046875, 203.02505493164062, 414.42413330078125, 443.6539306640625], [385.0095520019531, 637.6393432617188, 575.8057861328125, 892.1668090820312]]}