{"labels": [0, 0], "scores": [0.9942546486854553, 0.9628186821937561], "bboxes": [[190.88116455078125, 72.08062744140625, 409.96905517578125, 746.4533081054688], [408.9185485839844, 56.71148681640625, 652.8416748046875, 734.0733032226562]]}