{"labels": [0], "scores": [0.9991669654846191], "bboxes": [[0.0, 215.30252075195312, 800.0, 619.759033203125]]}