{"labels": [0], "scores": [0.9972453117370605], "bboxes": [[123.61068725585938, 101.91432189941406, 649.051025390625, 609.5617065429688]]}