{"labels": [0], "scores": [0.9841236472129822], "bboxes": [[153.31964111328125, 7.594379425048828, 536.9771118164062, 836.1793212890625]]}