{"labels": [0], "scores": [0.9972245693206787], "bboxes": [[148.49215698242188, 152.57611083984375, 568.845947265625, 670.1166381835938]]}