{"labels": [0], "scores": [0.9956388473510742], "bboxes": [[330.29864501953125, 165.37545776367188, 538.325439453125, 579.154541015625]]}