{"labels": [0], "scores": [0.9977700710296631], "bboxes": [[210.06996154785156, 123.77835083007812, 592.8861694335938, 747.437255859375]]}