{"labels": [0, 0], "scores": [0.9855532050132751, 0.1072116568684578], "bboxes": [[228.7744903564453, 27.251968383789062, 522.5050659179688, 407.3380126953125], [179.12132263183594, 632.4575805664062, 288.5398254394531, 766.0308227539062]]}