{"labels": [0], "scores": [0.9970026612281799], "bboxes": [[203.5595703125, 262.43780517578125, 597.7230224609375, 707.7731323242188]]}