{"labels": [0, 0, 0, 0, 0], "scores": [0.9056513905525208, 0.705427348613739, 0.210241436958313, 0.1697983294725418, 0.051663681864738464], "bboxes": [[189.12603759765625, 362.352294921875, 570.392333984375, 575.1241455078125], [16.520843505859375, 88.27865600585938, 780.9990234375, 471.4253234863281], [13.314971923828125, 472.0038146972656, 793.9049072265625, 800.0], [0.0, 124.6275634765625, 800.0, 796.6187744140625], [365.22125244140625, 646.744140625, 559.6422119140625, 800.0]]}