{"labels": [0], "scores": [0.9973946809768677], "bboxes": [[91.47525024414062, 53.232452392578125, 670.7738037109375, 694.9229736328125]]}