{"labels": [0], "scores": [0.9985055923461914], "bboxes": [[15.3585205078125, 176.25900268554688, 780.9100952148438, 554.805908203125]]}