{"labels": [0], "scores": [0.9996542930603027], "bboxes": [[0.0, 153.85467529296875, 800.0, 688.67138671875]]}