{"labels": [0, 0, 0, 0, 0], "scores": [0.9729193449020386, 0.44472092390060425, 0.27100732922554016, 0.12043749541044235, 0.05204692482948303], "bboxes": [[40.57977294921875, 273.192626953125, 561.1776123046875, 759.944091796875], [0.0, 140.525634765625, 782.134521484375, 729.0595092773438], [15.307281494140625, 149.5386962890625, 468.117431640625, 542.2938842773438], [365.797607421875, 156.19638061523438, 743.696044921875, 432.3994445800781], [457.1108093261719, 385.923583984375, 795.1033935546875, 643.2216796875]]}