{"labels": [0, 0, 0, 0, 0, 0, 0, 0], "scores": [0.9518262147903442, 0.7468627691268921, 0.6963671445846558, 0.5166825652122498, 0.10587721318006516, 0.09266111254692078, 0.08630616962909698, 0.07352858036756516], "bboxes": [[99.20597839355469, 408.1068115234375, 487.1632080078125, 796.181640625], [237.03932189941406, 78.04541015625, 703.8248901367188, 420.86236572265625], [0.0, 96.85934448242188, 100.95442199707031, 376.93682861328125], [507.506591796875, 392.0379638671875, 798.732177734375, 766.5382080078125], [299.020751953125, 360.3216552734375, 774.00048828125, 775.012451171875], [356.595947265625, 419.6954345703125, 640.8944091796875, 759.4144287109375], [207.34982299804688, 147.20938110351562, 741.9947509765625, 748.9534912109375], [0.0, 524.35400390625, 52.16754150390625, 618.7298583984375]]}