{"labels": [0, 0], "scores": [0.9969524145126343, 0.9921926856040955], "bboxes": [[99.57623291015625, 29.2325439453125, 503.093017578125, 774.36181640625], [489.3460693359375, 123.28018188476562, 699.378662109375, 752.963134765625]]}