{"labels": [0], "scores": [0.9989535808563232], "bboxes": [[0.0, 54.852508544921875, 795.3895263671875, 794.5946044921875]]}