{"labels": [0], "scores": [0.9866655468940735], "bboxes": [[208.6827392578125, 209.0626983642578, 626.61376953125, 708.1638793945312]]}