{"labels": [0, 0, 0, 0, 0, 0, 0, 0], "scores": [0.8542240858078003, 0.8090043067932129, 0.6745975613594055, 0.407341331243515, 0.14737896621227264, 0.1123175248503685, 0.0608975812792778, 0.05135614797472954], "bboxes": [[312.60400390625, 306.9746398925781, 536.3677368164062, 735.7215576171875], [74.88761138916016, 263.23089599609375, 303.2322082519531, 724.5545043945312], [547.6114501953125, 310.80340576171875, 768.8133544921875, 733.9193725585938], [327.77581787109375, 150.23797607421875, 653.1605224609375, 727.30029296875], [84.12167358398438, 141.38397216796875, 739.2052001953125, 742.9323120117188], [234.32186889648438, 150.07537841796875, 453.5464782714844, 711.5967407226562], [23.6832275390625, 156.5203857421875, 384.0416564941406, 667.5006713867188], [22.17241668701172, 147.60885620117188, 170.2777099609375, 363.0657653808594]]}