{"labels": [0, 0, 0], "scores": [0.9848304986953735, 0.6287794709205627, 0.08095848560333252], "bboxes": [[32.715576171875, 128.3980712890625, 742.4771118164062, 645.1976928710938], [16.881668090820312, 112.9190673828125, 521.817626953125, 437.99993896484375], [152.20101928710938, 286.8479309082031, 717.3399658203125, 606.3707275390625]]}