{"labels": [0, 0, 0], "scores": [0.9959245920181274, 0.9610938429832458, 0.12390122562646866], "bboxes": [[29.878097534179688, 212.20108032226562, 486.2528076171875, 755.9359130859375], [481.6752014160156, 159.69509887695312, 755.07470703125, 657.4085693359375], [482.13189697265625, 160.4800262451172, 756.3793334960938, 406.35626220703125]]}