{"labels": [0, 0], "scores": [0.9970043301582336, 0.2087177187204361], "bboxes": [[82.75543212890625, 194.72987365722656, 595.0438232421875, 751.5582275390625], [201.5677032470703, 668.0885009765625, 510.55816650390625, 895.7922973632812]]}