{"labels": [0, 0, 0, 0], "scores": [0.9881684184074402, 0.7118790745735168, 0.3748953640460968, 0.08842476457357407], "bboxes": [[448.23931884765625, 80.69427490234375, 630.7704467773438, 693.2953491210938], [28.19793701171875, 56.560302734375, 442.6532897949219, 740.2450561523438], [345.8206787109375, 83.02481079101562, 491.3321533203125, 713.9193115234375], [614.3397216796875, 632.9094848632812, 797.60400390625, 773.0646362304688]]}