{"labels": [0, 0], "scores": [0.9891164898872375, 0.15982022881507874], "bboxes": [[27.797576904296875, 123.30072021484375, 763.9769287109375, 451.6878662109375], [16.834991455078125, 112.537841796875, 773.8458251953125, 782.9722290039062]]}