{"labels": [0], "scores": [0.99866783618927], "bboxes": [[11.462188720703125, 74.25296020507812, 773.7918701171875, 768.135986328125]]}