{"labels": [0], "scores": [0.9988977909088135], "bboxes": [[43.17291259765625, 122.56936645507812, 765.3025512695312, 720.2071533203125]]}