{"labels": [0, 0], "scores": [0.9898093938827515, 0.07346164435148239], "bboxes": [[138.21913146972656, 254.2709503173828, 587.953857421875, 876.5222778320312], [189.08349609375, 259.18017578125, 464.27294921875, 662.2640380859375]]}