{"labels": [0], "scores": [0.9982587695121765], "bboxes": [[16.83721923828125, 210.61016845703125, 779.4274291992188, 616.645751953125]]}