{"labels": [0, 0], "scores": [0.9952821135520935, 0.3061267137527466], "bboxes": [[29.393096923828125, 91.2806396484375, 792.4642333984375, 756.0326538085938], [7.125293731689453, 181.08636474609375, 130.7771759033203, 493.3846435546875]]}