{"labels": [0], "scores": [0.9974573254585266], "bboxes": [[22.730133056640625, 206.96475219726562, 784.9779052734375, 637.1983642578125]]}