{"labels": [0], "scores": [0.9959481358528137], "bboxes": [[284.5505065917969, 40.83636474609375, 577.3729248046875, 692.1309204101562]]}