{"labels": [0], "scores": [0.9977722764015198], "bboxes": [[13.996307373046875, 249.85055541992188, 792.942138671875, 586.826904296875]]}