{"labels": [0, 0], "scores": [0.9936597943305969, 0.9757508635520935], "bboxes": [[5.293121337890625, 167.6949462890625, 544.9862060546875, 655.7296752929688], [541.5341796875, 200.45704650878906, 783.7919921875, 602.2691040039062]]}