{"labels": [0, 0], "scores": [0.9951322674751282, 0.9319392442703247], "bboxes": [[354.45697021484375, 42.306610107421875, 677.8152465820312, 770.9830322265625], [175.10946655273438, 52.5362548828125, 383.1662292480469, 775.337158203125]]}