{"labels": [0, 0], "scores": [0.9961422085762024, 0.764781653881073], "bboxes": [[96.13970947265625, 28.14593505859375, 708.6715698242188, 792.0053100585938], [489.8783874511719, 147.04428100585938, 649.169921875, 311.21710205078125]]}