{"labels": [0, 0, 0], "scores": [0.9913238286972046, 0.4346763789653778, 0.05249185487627983], "bboxes": [[156.90667724609375, 245.01341247558594, 714.2086791992188, 579.8739013671875], [11.077919006347656, 269.6761474609375, 244.75790405273438, 566.119873046875], [34.81669616699219, 478.24285888671875, 248.58030700683594, 570.1257934570312]]}