{"labels": [0], "scores": [0.9985013008117676], "bboxes": [[62.522705078125, 29.296173095703125, 721.68359375, 788.2073974609375]]}