{"labels": [0, 0, 0, 0, 0], "scores": [0.9893292784690857, 0.9790903329849243, 0.9612719416618347, 0.895545244216919, 0.1838718205690384], "bboxes": [[91.01626586914062, 324.67974853515625, 795.569091796875, 734.2654418945312], [13.163223266601562, 72.92115020751953, 466.79644775390625, 288.90386962890625], [46.144775390625, 228.2390899658203, 631.1773681640625, 526.2781982421875], [27.606781005859375, 159.90536499023438, 542.343017578125, 398.7401428222656], [18.58294677734375, 108.59506225585938, 701.0859375, 642.29736328125]]}