{"labels": [0, 0, 0, 0], "scores": [0.9984261989593506, 0.5992798805236816, 0.34153881669044495, 0.2142866849899292], "bboxes": [[95.39810180664062, 32.8083610534668, 669.2489624023438, 818.5440063476562], [79.8127212524414, 131.67559814453125, 138.08984375, 327.1114196777344], [34.7207145690918, 128.60540771484375, 84.78673553466797, 325.0626525878906], [2.761585235595703, 129.2808380126953, 53.298675537109375, 329.6617431640625]]}