{"labels": [0], "scores": [0.9978713989257812], "bboxes": [[4.091552734375, 188.42877197265625, 790.2861328125, 637.0202026367188]]}