{"labels": [0, 0, 0], "scores": [0.9780768156051636, 0.9501121044158936, 0.8726407885551453], "bboxes": [[81.13182067871094, 204.5948486328125, 374.10015869140625, 743.7984619140625], [443.0390319824219, 211.7994384765625, 696.9734497070312, 745.5091552734375], [256.3113708496094, 49.30352783203125, 434.9295959472656, 590.6806030273438]]}