{"labels": [0], "scores": [0.9987621307373047], "bboxes": [[2.5037841796875, 183.56570434570312, 797.6920166015625, 640.9649658203125]]}