{"labels": [0], "scores": [0.999212384223938], "bboxes": [[119.38571166992188, 51.60943603515625, 695.582275390625, 775.2365112304688]]}