{"labels": [0], "scores": [0.9987012147903442], "bboxes": [[114.018310546875, 25.23907470703125, 688.5728149414062, 794.795166015625]]}