{"labels": [0], "scores": [0.988598108291626], "bboxes": [[314.8775634765625, 35.597900390625, 529.0877685546875, 775.3049926757812]]}