{"labels": [0, 0, 0, 0, 0, 0], "scores": [0.9882453680038452, 0.23466196656227112, 0.17480672895908356, 0.07900495827198029, 0.05999540165066719, 0.05770202353596687], "bboxes": [[0.0, 65.26284790039062, 797.176513671875, 795.49462890625], [517.9868774414062, 5.36859130859375, 751.1022338867188, 199.37005615234375], [4.178253173828125, 14.221084594726562, 772.5489501953125, 464.2945556640625], [563.6376953125, 160.185302734375, 779.9169921875, 367.72601318359375], [220.31085205078125, 85.57794189453125, 603.9428100585938, 493.52838134765625], [148.16390991210938, 162.67767333984375, 788.5308837890625, 601.7457275390625]]}