{"labels": [0, 0, 0, 0, 0, 0, 0, 0], "scores": [0.9024553894996643, 0.7055745124816895, 0.6036813259124756, 0.49232521653175354, 0.2723468244075775, 0.19587324559688568, 0.1888284683227539, 0.06178005784749985], "bboxes": [[408.2351379394531, 167.13839721679688, 565.2572021484375, 463.4638366699219], [209.56903076171875, 174.83450317382812, 460.59295654296875, 522.6087646484375], [141.78298950195312, 12.660186767578125, 494.7635803222656, 549.91650390625], [121.79364013671875, 592.0509643554688, 688.3531494140625, 780.8539428710938], [228.16848754882812, 173.5472869873047, 349.8889465332031, 524.4904174804688], [445.0332336425781, 168.2532196044922, 665.4049682617188, 458.70587158203125], [291.94720458984375, 181.1602783203125, 436.321044921875, 477.50946044921875], [121.22714233398438, 12.87255859375, 698.6622314453125, 756.8046264648438]]}