{"labels": [0], "scores": [0.9935199618339539], "bboxes": [[0.0, 137.38436889648438, 796.303466796875, 704.237548828125]]}