{"labels": [0], "scores": [0.9984104633331299], "bboxes": [[31.5355224609375, 0.0, 800.0, 800.0]]}