{"labels": [0, 0, 0, 0, 0], "scores": [0.9958525896072388, 0.8658111691474915, 0.8567947745323181, 0.4302486479282379, 0.2852669358253479], "bboxes": [[263.9327392578125, 239.40408325195312, 797.8570556640625, 754.963623046875], [69.75860595703125, 489.74432373046875, 291.494384765625, 567.8638305664062], [68.7384033203125, 576.9244384765625, 300.2956237792969, 756.9097900390625], [89.50373077392578, 392.70745849609375, 267.74066162109375, 468.603271484375], [119.28408813476562, 281.4447326660156, 219.50851440429688, 371.8169250488281]]}