{"labels": [0, 0, 0, 0, 0, 0, 0], "scores": [0.9924699664115906, 0.9879716038703918, 0.9791320562362671, 0.431939035654068, 0.3750893175601959, 0.1967659741640091, 0.06696542352437973], "bboxes": [[219.30828857421875, 518.0719604492188, 616.508056640625, 720.0471801757812], [36.555267333984375, 460.81329345703125, 339.0927429199219, 620.3999633789062], [331.5244140625, 106.31829833984375, 657.3051147460938, 569.7439575195312], [464.45257568359375, 51.92570495605469, 789.1536254882812, 461.58282470703125], [643.7166748046875, 116.16310119628906, 772.770263671875, 502.5582275390625], [366.87646484375, 292.57904052734375, 637.422119140625, 559.2650146484375], [461.232666015625, 105.22857666015625, 763.9217529296875, 289.87750244140625]]}