{"labels": [0], "scores": [0.998683512210846], "bboxes": [[64.87567138671875, 159.25466918945312, 723.0322875976562, 625.4984130859375]]}