{"labels": [0, 0], "scores": [0.9909917116165161, 0.9813557267189026], "bboxes": [[412.9549560546875, 232.94952392578125, 784.5482177734375, 585.002685546875], [21.590179443359375, 195.79046630859375, 430.0910949707031, 599.0084838867188]]}