{"labels": [0, 0], "scores": [0.9994593262672424, 0.17169424891471863], "bboxes": [[0.0, 138.24520874023438, 793.4635009765625, 677.1060791015625], [58.15770721435547, 213.61160278320312, 186.285888671875, 347.2894592285156]]}