{"labels": [0, 0, 0, 0, 0, 0, 0, 0, 0, 0, 0, 0, 0, 0, 0, 0, 0, 0, 0, 0, 0, 0], "scores": [0.980533242225647, 0.9505438208580017, 0.932793140411377, 0.9274202585220337, 0.8686428070068359, 0.8410463333129883, 0.8119632005691528, 0.761665940284729, 0.7191276550292969, 0.7054346203804016, 0.6826589703559875, 0.6581288576126099, 0.6579601764678955, 0.6258769631385803, 0.5476798415184021, 0.445846825838089, 0.3748319447040558, 0.3719443380832672, 0.3227277100086212, 0.22896090149879456, 0.06851834803819656, 0.06122853234410286], "bboxes": [[306.803955078125, 443.0404052734375, 444.7724609375, 593.2999267578125], [226.65289306640625, 453.157958984375, 301.91070556640625, 634.7373046875], [422.4317626953125, 33.819786071777344, 489.19989013671875, 204.52691650390625], [214.86328125, 29.003982543945312, 280.8611145019531, 200.6807098388672], [501.2781677246094, 48.34333801269531, 654.2228393554688, 197.61676025390625], [297.4576721191406, 44.5478515625, 433.3878479003906, 180.92959594726562], [81.93285369873047, 36.383453369140625, 222.6654052734375, 183.26202392578125], [297.40118408203125, 240.79937744140625, 444.57183837890625, 383.6123046875], [655.7134399414062, 233.3284912109375, 723.2612915039062, 402.68023681640625], [454.8569641113281, 439.9772033691406, 520.8558959960938, 598.1925659179688], [525.5558471679688, 449.724853515625, 665.3038940429688, 593.477294921875], [81.93069458007812, 453.6256408691406, 234.39663696289062, 614.52099609375], [217.111083984375, 219.3447723388672, 294.1267395019531, 411.22808837890625], [449.5582580566406, 225.51278686523438, 512.71826171875, 386.8583068847656], [68.91449737548828, 225.63265991210938, 222.849853515625, 385.6700134277344], [649.30615234375, 32.810279846191406, 716.968505859375, 207.20870971679688], [360.9434814453125, 688.7359619140625, 408.88824462890625, 778.0909423828125], [524.6055908203125, 238.36697387695312, 660.1221923828125, 392.7522888183594], [171.7330780029297, 704.0228881835938, 292.7621765136719, 773.7173461914062], [659.1614379882812, 446.8310241699219, 724.5773315429688, 609.6306762695312], [153.32858276367188, 31.582862854003906, 266.3885192871094, 194.33627319335938], [46.985809326171875, 23.9300537109375, 778.9281005859375, 653.6476440429688]]}