{"labels": [0, 0, 0, 0, 0, 0], "scores": [0.9952701926231384, 0.34215453267097473, 0.16699175536632538, 0.16397725045681, 0.09478005021810532, 0.07810581475496292], "bboxes": [[58.683319091796875, 123.49380493164062, 716.522216796875, 678.3375244140625], [568.4378662109375, 329.77886962890625, 747.7001953125, 539.8574829101562], [253.41188049316406, 149.34783935546875, 550.35400390625, 449.5089111328125], [121.78767395019531, 161.28790283203125, 340.33526611328125, 364.13519287109375], [500.41864013671875, 240.88238525390625, 746.1151733398438, 546.3475952148438], [415.83990478515625, 177.84471130371094, 728.1170043945312, 613.5784301757812]]}