{"labels": [0, 0], "scores": [0.9987367987632751, 0.9943673014640808], "bboxes": [[88.25350952148438, 283.86187744140625, 438.7383117675781, 652.0853881835938], [371.1199951171875, 90.82859802246094, 723.4337158203125, 555.0714111328125]]}