{"labels": [0, 0], "scores": [0.993117094039917, 0.34668952226638794], "bboxes": [[6.91766357421875, 233.04833984375, 708.7525024414062, 792.66748046875], [363.6162109375, 77.82001495361328, 712.9495849609375, 320.11865234375]]}