{"labels": [0, 0, 0], "scores": [0.989470362663269, 0.274085134267807, 0.16757327318191528], "bboxes": [[70.02444458007812, 200.82066345214844, 611.6815185546875, 596.6586303710938], [558.78173828125, 257.3492431640625, 692.319580078125, 444.91815185546875], [528.2796630859375, 213.5377655029297, 741.75927734375, 457.03521728515625]]}