{"labels": [0], "scores": [0.9966799020767212], "bboxes": [[22.996002197265625, 217.7161865234375, 770.84130859375, 739.570068359375]]}