{"labels": [0], "scores": [0.9979704022407532], "bboxes": [[55.0863037109375, 297.5203552246094, 746.5567626953125, 603.77685546875]]}