{"labels": [0, 0, 0, 0], "scores": [0.9644860625267029, 0.5286232829093933, 0.34489789605140686, 0.06336524337530136], "bboxes": [[135.60452270507812, 171.533935546875, 663.3350830078125, 658.3036499023438], [401.787841796875, 167.41470336914062, 644.6937255859375, 582.9996337890625], [134.93643188476562, 205.88389587402344, 406.5082702636719, 669.0924682617188], [19.01397705078125, 210.96890258789062, 446.9586181640625, 791.9202880859375]]}