{"labels": [0, 0, 0, 0, 0, 0, 0], "scores": [0.8295988440513611, 0.7780963182449341, 0.3168802857398987, 0.2496318370103836, 0.18058349192142487, 0.13737136125564575, 0.05041651055216789], "bboxes": [[29.1136474609375, 44.934661865234375, 699.3506469726562, 779.2255859375], [33.34831237792969, 211.88369750976562, 398.39349365234375, 635.4925537109375], [278.620849609375, 59.478607177734375, 766.97900390625, 594.89111328125], [374.5245361328125, 49.133392333984375, 559.570068359375, 439.7217712402344], [49.662872314453125, 356.2249755859375, 585.1968994140625, 797.442138671875], [534.1220092773438, 206.15296936035156, 763.4133911132812, 574.7965698242188], [170.62808227539062, 106.92626953125, 457.3442077636719, 548.3713989257812]]}