{"labels": [0], "scores": [0.9992641806602478], "bboxes": [[0.0, 10.1114501953125, 779.1912841796875, 791.2216186523438]]}