{"labels": [0, 0], "scores": [0.9927797913551331, 0.0957416519522667], "bboxes": [[241.4836883544922, 65.20407104492188, 514.3828125, 487.281494140625], [249.09735107421875, 617.8855590820312, 592.4746704101562, 863.7013549804688]]}