{"labels": [0, 0], "scores": [0.9987021684646606, 0.2618045210838318], "bboxes": [[5.520843505859375, 0.0, 794.3734130859375, 800.0], [0.0, 442.107666015625, 764.4533081054688, 800.0]]}