{"labels": [0], "scores": [0.9957173466682434], "bboxes": [[297.411865234375, 123.65805053710938, 641.6080322265625, 709.041015625]]}