{"labels": [0], "scores": [0.9982783794403076], "bboxes": [[27.862945556640625, 215.51824951171875, 780.8017578125, 610.86669921875]]}