{"labels": [0, 0], "scores": [0.9793502688407898, 0.1194586232304573], "bboxes": [[103.70904541015625, 282.02899169921875, 493.87762451171875, 783.2704467773438], [419.8639831542969, 339.3652648925781, 595.4113159179688, 581.8976440429688]]}