{"labels": [0], "scores": [0.99798583984375], "bboxes": [[55.197235107421875, 84.08859252929688, 747.756591796875, 629.6539306640625]]}