{"labels": [0, 0, 0], "scores": [0.9724940061569214, 0.6824820041656494, 0.4819567799568176], "bboxes": [[122.60763549804688, 124.43807983398438, 669.3798828125, 753.316650390625], [115.0037841796875, 208.8994140625, 437.80010986328125, 740.8042602539062], [395.93359375, 57.431854248046875, 683.3616943359375, 756.775146484375]]}