{"labels": [0, 0, 0, 0], "scores": [0.9883695840835571, 0.8878920674324036, 0.4391896426677704, 0.27112486958503723], "bboxes": [[422.3338623046875, 107.73992919921875, 672.1358642578125, 780.4554443359375], [150.962158203125, 313.7972106933594, 334.1210632324219, 732.1064453125], [41.07374572753906, 304.48504638671875, 435.70458984375, 772.4727172851562], [668.5975341796875, 564.6524047851562, 798.6240234375, 737.7883911132812]]}