{"labels": [0], "scores": [0.9969708919525146], "bboxes": [[75.43222045898438, 207.67776489257812, 721.2261962890625, 594.253173828125]]}