{"labels": [0], "scores": [0.9983970522880554], "bboxes": [[135.4769287109375, 0.0, 675.830322265625, 800.0]]}