{"labels": [0, 0], "scores": [0.9962511658668518, 0.9938190579414368], "bboxes": [[48.28538513183594, 34.90582275390625, 457.609130859375, 780.9157104492188], [381.3955078125, 0.0, 774.4383544921875, 615.015380859375]]}