{"labels": [0, 0], "scores": [0.9945060610771179, 0.6938390731811523], "bboxes": [[284.54730224609375, 24.331050872802734, 538.2423095703125, 828.729248046875], [276.97454833984375, 709.833984375, 543.1029052734375, 879.0462036132812]]}