{"labels": [0, 0, 0, 0, 0, 0, 0], "scores": [0.9794204831123352, 0.9598754644393921, 0.8607261776924133, 0.354873389005661, 0.17440977692604065, 0.1524985283613205, 0.14996320009231567], "bboxes": [[527.1112060546875, 228.2535400390625, 737.2177734375, 631.1101684570312], [221.24656677246094, 354.77374267578125, 500.78485107421875, 783.9280395507812], [41.34984588623047, 145.16151428222656, 244.23629760742188, 589.5718383789062], [77.36555480957031, 377.89459228515625, 245.87843322753906, 584.3073120117188], [227.67538452148438, 597.92431640625, 492.3918762207031, 781.9921875], [526.7499389648438, 448.0726013183594, 696.8654174804688, 620.448486328125], [346.70751953125, 366.3311767578125, 492.6202392578125, 509.59014892578125]]}