{"labels": [0, 0], "scores": [0.9952334761619568, 0.1243925467133522], "bboxes": [[199.9952850341797, 61.822265625, 700.5656127929688, 760.8489379882812], [29.76659393310547, 656.853759765625, 187.07159423828125, 755.1798095703125]]}