{"labels": [0, 0, 0, 0, 0], "scores": [0.9479131102561951, 0.8698617219924927, 0.13964378833770752, 0.10593320429325104, 0.10032784938812256], "bboxes": [[22.97100830078125, 100.18258666992188, 800.0, 763.5343017578125], [166.82598876953125, 380.53643798828125, 797.4267578125, 762.7666625976562], [142.31243896484375, 392.2594299316406, 375.5966796875, 601.6536865234375], [26.347366333007812, 285.4655456542969, 270.478271484375, 499.2891540527344], [153.6115264892578, 373.5129699707031, 650.7175903320312, 600.417724609375]]}