{"labels": [0, 0, 0], "scores": [0.9910070300102234, 0.7298237085342407, 0.4149231016635895], "bboxes": [[120.97463989257812, 459.3233642578125, 668.7052001953125, 667.34912109375], [130.65744018554688, 109.83311462402344, 673.1552734375, 373.52386474609375], [109.33013916015625, 115.71759033203125, 681.3545532226562, 654.4015502929688]]}