{"labels": [0], "scores": [0.9988476037979126], "bboxes": [[29.135528564453125, 88.21493530273438, 775.8729248046875, 767.6162109375]]}