{"labels": [0], "scores": [0.9997029900550842], "bboxes": [[26.62386703491211, 152.28189086914062, 657.74267578125, 878.4265747070312]]}