{"labels": [0, 0, 0], "scores": [0.9842063188552856, 0.23190809786319733, 0.05780371278524399], "bboxes": [[204.1223602294922, 140.65069580078125, 539.3479614257812, 843.0347290039062], [234.28915405273438, 231.0435028076172, 426.0231018066406, 843.5296630859375], [210.11044311523438, 146.16244506835938, 486.90203857421875, 530.8670654296875]]}