{"labels": [0, 0, 0], "scores": [0.9568318724632263, 0.7448858022689819, 0.08621978759765625], "bboxes": [[275.4739074707031, 113.71224975585938, 546.0374755859375, 642.916748046875], [271.35418701171875, 96.9302978515625, 394.60223388671875, 630.9987182617188], [92.02133178710938, 88.55987548828125, 749.0865478515625, 787.3510131835938]]}