{"labels": [0], "scores": [0.9969556331634521], "bboxes": [[202.25674438476562, 19.46963119506836, 490.6787414550781, 890.085205078125]]}