{"labels": [0], "scores": [0.9994439482688904], "bboxes": [[6.826171875, 147.26434326171875, 799.2511596679688, 618.7329711914062]]}