{"labels": [0], "scores": [0.995882511138916], "bboxes": [[165.6839599609375, 131.550048828125, 686.2158203125, 677.3767700195312]]}