{"labels": [0, 0, 0, 0, 0, 0, 0], "scores": [0.9970443844795227, 0.20015296339988708, 0.08385733515024185, 0.07856417447328568, 0.06988317519426346, 0.06723660230636597, 0.05639922246336937], "bboxes": [[50.39311599731445, 187.10302734375, 666.972412109375, 804.4923095703125], [278.2930908203125, 84.36270904541016, 680.2451782226562, 275.7986755371094], [19.472942352294922, 314.0837707519531, 497.17120361328125, 896.0], [333.11016845703125, 739.276123046875, 624.8916625976562, 889.8607177734375], [507.0807189941406, 128.97213745117188, 580.4982299804688, 261.155517578125], [561.2130737304688, 125.41690063476562, 633.4415893554688, 265.8760986328125], [446.6771240234375, 107.12899017333984, 683.802001953125, 262.1862487792969]]}