{"labels": [0], "scores": [0.9907658100128174], "bboxes": [[0.7907791137695312, 217.16307067871094, 630.5914916992188, 896.0]]}