{"labels": [0], "scores": [0.9972983002662659], "bboxes": [[119.92562866210938, 0.0, 675.40478515625, 800.0]]}