{"labels": [0, 0, 0], "scores": [0.9961141347885132, 0.16809849441051483, 0.05263158679008484], "bboxes": [[32.87554931640625, 200.6586151123047, 775.4844970703125, 605.6358642578125], [41.16058349609375, 223.13827514648438, 467.00885009765625, 553.6151123046875], [337.27679443359375, 258.40802001953125, 761.1654663085938, 598.0147094726562]]}