{"labels": [0, 0, 0], "scores": [0.985693097114563, 0.17546294629573822, 0.1390642374753952], "bboxes": [[0.0, 266.46783447265625, 796.8514404296875, 548.6430053710938], [0.290618896484375, 407.74285888671875, 800.0, 542.8206787109375], [47.86566162109375, 233.78990173339844, 765.3727416992188, 352.4104309082031]]}