{"labels": [0, 0, 0], "scores": [0.9935041069984436, 0.09513819962739944, 0.09141390025615692], "bboxes": [[82.54324340820312, 327.7644958496094, 781.737060546875, 695.7340087890625], [9.809234619140625, 466.70208740234375, 782.4949951171875, 794.2272338867188], [28.513092041015625, 40.003173828125, 203.05865478515625, 537.4038696289062]]}