{"labels": [0, 0, 0, 0, 0], "scores": [0.996843695640564, 0.7559430003166199, 0.6277179718017578, 0.5536816716194153, 0.25191617012023926], "bboxes": [[27.8955078125, 111.67758178710938, 558.174072265625, 687.420166015625], [572.4732666015625, 257.5260009765625, 771.3858642578125, 515.0549926757812], [576.297607421875, 34.149383544921875, 766.346923828125, 394.4967041015625], [570.0142822265625, 80.48403930664062, 772.93896484375, 764.0921630859375], [576.4760131835938, 435.6380920410156, 771.3110961914062, 777.0732421875]]}