{"labels": [0, 0], "scores": [0.9943080544471741, 0.9192097783088684], "bboxes": [[15.07965087890625, 45.27392578125, 560.9076538085938, 700.5505981445312], [537.729248046875, 358.1845703125, 776.9129638671875, 677.1134033203125]]}