{"labels": [0, 0], "scores": [0.9946073889732361, 0.7565047144889832], "bboxes": [[224.60629272460938, 18.574249267578125, 793.1990966796875, 682.2955322265625], [165.98431396484375, 463.04180908203125, 347.9442138671875, 710.3937377929688]]}