{"labels": [0, 0, 0], "scores": [0.9917196035385132, 0.19713401794433594, 0.059993647038936615], "bboxes": [[99.75186157226562, 167.32717895507812, 782.890869140625, 778.7242431640625], [97.73489379882812, 176.91749572753906, 658.91455078125, 496.65252685546875], [60.24500274658203, 661.36767578125, 293.9697265625, 800.0]]}