{"labels": [0, 0], "scores": [0.998353123664856, 0.050337083637714386], "bboxes": [[20.4454345703125, 384.60357666015625, 767.9099731445312, 743.5455932617188], [610.4750366210938, 76.33222961425781, 707.9988403320312, 225.36253356933594]]}