{"labels": [0, 0], "scores": [0.9926822781562805, 0.13186055421829224], "bboxes": [[45.172119140625, 233.13824462890625, 748.530029296875, 556.4472045898438], [342.5106506347656, 320.2412414550781, 742.2322998046875, 576.1278686523438]]}