{"labels": [0, 0, 0], "scores": [0.9981472492218018, 0.2978868782520294, 0.09664309769868851], "bboxes": [[156.3621826171875, 223.92718505859375, 685.3238525390625, 750.0650634765625], [284.334228515625, 49.682579040527344, 420.59710693359375, 295.6985778808594], [326.04425048828125, 230.5126495361328, 684.361083984375, 420.178955078125]]}