{"labels": [0], "scores": [0.9972034692764282], "bboxes": [[156.5709686279297, 57.064208984375, 648.1270751953125, 740.7098388671875]]}