{"labels": [0], "scores": [0.9982736110687256], "bboxes": [[46.180694580078125, 86.66616821289062, 743.3150634765625, 710.248779296875]]}