{"labels": [0, 0], "scores": [0.9977067708969116, 0.08070105314254761], "bboxes": [[44.51223373413086, 12.760719299316406, 654.8147583007812, 891.9586181640625], [0.0, 132.6483612060547, 88.0630111694336, 272.85992431640625]]}