{"labels": [0, 0, 0], "scores": [0.9920057654380798, 0.5228912830352783, 0.41953274607658386], "bboxes": [[226.08375549316406, 159.63185119628906, 488.946533203125, 856.5421142578125], [0.0, 527.244140625, 175.80746459960938, 896.0], [0.0, 290.7551574707031, 162.0695343017578, 515.7726440429688]]}