{"labels": [0], "scores": [0.9801154136657715], "bboxes": [[186.20751953125, 212.2552490234375, 537.6539916992188, 784.7886352539062]]}