{"labels": [0, 0, 0], "scores": [0.9899438619613647, 0.8192870616912842, 0.6131196022033691], "bboxes": [[103.15306091308594, 0.0, 409.06939697265625, 800.0], [560.997802734375, 551.0938720703125, 670.8154296875, 792.5513916015625], [373.669921875, 542.718994140625, 531.7454223632812, 796.618896484375]]}