{"labels": [0, 0, 0], "scores": [0.9568318724632263, 0.11561453342437744, 0.11344044655561447], "bboxes": [[155.31668090820312, 55.728118896484375, 673.58251953125, 779.3780517578125], [324.88702392578125, 18.634475708007812, 661.6046752929688, 366.610595703125], [157.5701904296875, 295.17193603515625, 530.8408813476562, 788.8397827148438]]}