{"labels": [0], "scores": [0.9984660148620605], "bboxes": [[64.85934448242188, 154.8392333984375, 739.7080078125, 689.147705078125]]}