{"labels": [0, 0], "scores": [0.9986447691917419, 0.9983807802200317], "bboxes": [[266.9794006347656, 237.16432189941406, 555.833251953125, 506.44732666015625], [263.277587890625, 607.5634155273438, 558.3084106445312, 779.5117797851562]]}