{"labels": [0], "scores": [0.997893750667572], "bboxes": [[136.50265502929688, 31.154088973999023, 538.242919921875, 702.0]]}