{"labels": [0, 0], "scores": [0.9949743747711182, 0.09077414870262146], "bboxes": [[83.7445068359375, 29.31488037109375, 644.03076171875, 796.8379516601562], [0.0, 260.8069152832031, 416.90130615234375, 800.0]]}