{"labels": [0], "scores": [0.9977779984474182], "bboxes": [[155.05702209472656, 247.61888122558594, 637.6077270507812, 730.694580078125]]}