{"labels": [0], "scores": [0.9980579018592834], "bboxes": [[10.148529052734375, 206.53192138671875, 781.668212890625, 800.0]]}