{"labels": [0], "scores": [0.9947776794433594], "bboxes": [[34.708953857421875, 350.5874938964844, 777.93505859375, 774.64111328125]]}