{"labels": [0], "scores": [0.9844957590103149], "bboxes": [[355.18255615234375, 11.85003662109375, 441.7816162109375, 631.2932739257812]]}