{"labels": [0, 0, 0], "scores": [0.9978006482124329, 0.20316936075687408, 0.09283886849880219], "bboxes": [[0.452362060546875, 210.26499938964844, 786.7525634765625, 628.3970336914062], [686.2077026367188, 174.10305786132812, 799.2114868164062, 337.11956787109375], [214.52078247070312, 220.88247680664062, 795.532470703125, 506.4291076660156]]}