{"labels": [0, 0, 0, 0, 0], "scores": [0.947289764881134, 0.60092693567276, 0.26059263944625854, 0.1457611620426178, 0.07848934829235077], "bboxes": [[34.6168212890625, 206.23321533203125, 779.5982055664062, 720.4901733398438], [446.749755859375, 127.67083740234375, 799.002197265625, 536.8184204101562], [209.79901123046875, 394.5655212402344, 775.8777465820312, 726.112548828125], [21.811996459960938, 223.9459686279297, 469.1937255859375, 663.7557983398438], [337.32135009765625, 251.68399047851562, 786.1018676757812, 677.433837890625]]}