{"labels": [0], "scores": [0.9987034797668457], "bboxes": [[100.79621887207031, 171.20608520507812, 595.28955078125, 845.5580444335938]]}