{"labels": [0, 0, 0, 0], "scores": [0.9828862547874451, 0.9676480889320374, 0.9634615182876587, 0.9370742440223694], "bboxes": [[350.47467041015625, 409.61883544921875, 736.4006958007812, 771.2512817382812], [76.81497192382812, 402.44970703125, 423.2952880859375, 768.6292724609375], [1.006195068359375, 25.630340576171875, 473.1139831542969, 740.8270263671875], [334.34417724609375, 82.87237548828125, 798.3425903320312, 710.8685302734375]]}