{"labels": [0], "scores": [0.9982497096061707], "bboxes": [[154.90122985839844, 22.768035888671875, 587.3212890625, 754.173095703125]]}