{"labels": [0, 0], "scores": [0.9120793342590332, 0.05543418601155281], "bboxes": [[88.07150268554688, 0.0, 634.6624755859375, 698.5440673828125], [0.3303642272949219, 206.1534423828125, 95.75804138183594, 780.32275390625]]}