{"labels": [0, 0, 0, 0, 0, 0], "scores": [0.9640255570411682, 0.8255483508110046, 0.2215735763311386, 0.11249247938394547, 0.07676422595977783, 0.05078456178307533], "bboxes": [[22.289398193359375, 55.16253662109375, 756.0718994140625, 694.34033203125], [194.78378295898438, 398.892578125, 377.5707092285156, 653.62548828125], [73.65665435791016, 423.819091796875, 194.6973876953125, 653.5062255859375], [313.9111328125, 383.9762268066406, 725.3055419921875, 652.6900634765625], [50.08179473876953, 135.59979248046875, 285.332763671875, 654.5949096679688], [116.99020385742188, 405.0991516113281, 322.4510803222656, 645.1798095703125]]}