{"labels": [0, 0], "scores": [0.9892557859420776, 0.16313914954662323], "bboxes": [[156.5725860595703, 234.34384155273438, 556.0377197265625, 896.0], [212.72618103027344, 640.3128662109375, 513.5109252929688, 893.2503662109375]]}