{"labels": [0], "scores": [0.9952150583267212], "bboxes": [[113.28935241699219, 69.35177612304688, 622.0362548828125, 770.669189453125]]}