{"labels": [0], "scores": [0.9996849298477173], "bboxes": [[0.0, 0.55120849609375, 792.0700073242188, 798.9795532226562]]}