{"labels": [0, 0, 0, 0], "scores": [0.9863951206207275, 0.37437137961387634, 0.18198838829994202, 0.056006308645009995], "bboxes": [[330.0920104980469, 127.9818115234375, 647.7781982421875, 716.5958251953125], [166.51211547851562, 44.173858642578125, 439.2766418457031, 599.291259765625], [112.37266540527344, 420.745849609375, 334.55963134765625, 775.57861328125], [140.33529663085938, 13.552947998046875, 584.03466796875, 788.262939453125]]}