{"labels": [0], "scores": [0.9989215135574341], "bboxes": [[0.0, 63.86798095703125, 800.0, 741.6697387695312]]}