{"labels": [0, 0, 0, 0, 0], "scores": [0.9952576756477356, 0.9782763123512268, 0.8957514762878418, 0.3640384078025818, 0.05706077814102173], "bboxes": [[29.89190673828125, 61.049713134765625, 674.3792724609375, 744.995361328125], [373.92864990234375, 506.9114990234375, 658.8449096679688, 754.2747802734375], [573.4365844726562, 518.1544189453125, 766.7843627929688, 720.5865478515625], [548.0902709960938, 18.44097900390625, 782.9548950195312, 164.35519409179688], [410.93414306640625, 514.58056640625, 594.0791625976562, 638.749267578125]]}