{"labels": [0], "scores": [0.9985381364822388], "bboxes": [[0.612060546875, 84.38046264648438, 800.0, 754.2442626953125]]}