{"labels": [0], "scores": [0.9983649849891663], "bboxes": [[203.6088104248047, 254.9811248779297, 706.2470092773438, 734.313720703125]]}