{"labels": [0], "scores": [0.9984582662582397], "bboxes": [[184.27781677246094, 175.70643615722656, 641.4676513671875, 645.2416381835938]]}