{"labels": [0], "scores": [0.9845404028892517], "bboxes": [[107.96224975585938, 17.85382080078125, 691.9586181640625, 778.689453125]]}