{"labels": [0, 0, 0, 0, 0, 0, 0], "scores": [0.9084204435348511, 0.4504086375236511, 0.33824124932289124, 0.13704568147659302, 0.11214066296815872, 0.0869038999080658, 0.05316267907619476], "bboxes": [[364.51580810546875, 261.57769775390625, 676.7077026367188, 687.3350830078125], [0.576446533203125, 622.8273315429688, 306.0276184082031, 798.8359985351562], [74.47543334960938, 276.60015869140625, 657.254638671875, 699.47021484375], [9.556182861328125, 455.390380859375, 597.912109375, 789.6488037109375], [0.0, 597.0667114257812, 781.684814453125, 800.0], [155.99102783203125, 360.80816650390625, 510.21539306640625, 697.2816772460938], [376.86810302734375, 318.0605163574219, 615.921875, 552.8043212890625]]}