{"labels": [0], "scores": [0.9942514896392822], "bboxes": [[7.34228515625, 1.3357772827148438, 41.18880081176758, 61.80851745605469]]}