{"labels": [0, 0, 0, 0, 0], "scores": [0.9303584098815918, 0.13904228806495667, 0.12072061002254486, 0.10868484526872635, 0.08399530500173569], "bboxes": [[88.18896484375, 9.76568603515625, 781.7168579101562, 773.6654663085938], [0.0, 288.51788330078125, 464.0261535644531, 790.1325073242188], [286.6800537109375, 49.037628173828125, 617.0253295898438, 727.5281982421875], [161.16598510742188, 337.79791259765625, 782.10791015625, 764.7218627929688], [2.0201263427734375, 411.1875, 396.53619384765625, 674.1038818359375]]}