{"labels": [0], "scores": [0.9979156851768494], "bboxes": [[247.42735290527344, 22.740478515625, 554.6843872070312, 716.5684204101562]]}