{"labels": [0], "scores": [0.9978931546211243], "bboxes": [[173.73223876953125, 12.043365478515625, 619.4019775390625, 790.7509765625]]}