{"labels": [0], "scores": [0.9974302649497986], "bboxes": [[92.39309692382812, 233.4066619873047, 682.156005859375, 614.0592651367188]]}