{"labels": [0], "scores": [0.9952147006988525], "bboxes": [[100.38796997070312, 111.40921020507812, 710.7640380859375, 729.8800048828125]]}