{"labels": [0, 0], "scores": [0.98189777135849, 0.9782571792602539], "bboxes": [[0.0, 404.05133056640625, 792.033203125, 705.5602416992188], [1.181304931640625, 46.75506591796875, 799.7884521484375, 609.5092163085938]]}