{"labels": [0], "scores": [0.9988069534301758], "bboxes": [[21.921539306640625, 121.48104858398438, 787.9581298828125, 725.6793212890625]]}