{"labels": [0, 0, 0, 0], "scores": [0.5658010244369507, 0.14817862212657928, 0.1303369700908661, 0.10253408551216125], "bboxes": [[375.6527099609375, 146.770263671875, 735.0489501953125, 479.14434814453125], [469.14898681640625, 643.8388671875, 544.8319702148438, 779.4251708984375], [0.0, 0.0, 785.0977783203125, 789.2623291015625], [201.8748779296875, 79.79209899902344, 761.8095703125, 558.669921875]]}