{"labels": [0, 0], "scores": [0.8931550979614258, 0.6605122685432434], "bboxes": [[19.658447265625, 1.9412841796875, 800.0, 800.0], [0.0, 0.0, 574.940185546875, 488.426025390625]]}