{"labels": [0, 0], "scores": [0.995674192905426, 0.9438713788986206], "bboxes": [[9.47564697265625, 11.819091796875, 790.0869140625, 706.6432495117188], [289.27642822265625, 383.6490478515625, 663.561767578125, 796.732666015625]]}