{"labels": [0], "scores": [0.9859461188316345], "bboxes": [[0.0, 91.53607177734375, 558.605712890625, 792.5216674804688]]}