{"labels": [0], "scores": [0.99822598695755], "bboxes": [[127.76094818115234, 183.54217529296875, 629.5453491210938, 896.0]]}