{"labels": [0, 0], "scores": [0.9893875122070312, 0.18647754192352295], "bboxes": [[220.59368896484375, 145.67022705078125, 800.0, 793.6339721679688], [238.57501220703125, 141.17926025390625, 800.0, 481.75115966796875]]}