{"labels": [0], "scores": [0.9978190660476685], "bboxes": [[213.35284423828125, 6.558380126953125, 741.2630615234375, 800.0]]}