{"labels": [0, 0, 0], "scores": [0.9925780892372131, 0.19550088047981262, 0.0586748905479908], "bboxes": [[77.78924560546875, 154.23455810546875, 715.4755859375, 663.110595703125], [64.89920043945312, 55.850486755371094, 718.1492919921875, 144.76028442382812], [3.746246337890625, 662.1471557617188, 800.0, 786.9439086914062]]}