{"labels": [0, 0, 0, 0, 0], "scores": [0.9742024540901184, 0.38657888770103455, 0.11445322632789612, 0.08609640598297119, 0.0748881921172142], "bboxes": [[0.0, 91.44589233398438, 775.6649169921875, 696.77197265625], [218.68978881835938, 103.17608642578125, 760.9957275390625, 513.8692016601562], [303.4932861328125, 91.74639892578125, 793.29443359375, 360.4286193847656], [4.7813720703125, 300.90460205078125, 552.355712890625, 702.18115234375], [130.4152069091797, 231.95448303222656, 611.0394897460938, 585.1224365234375]]}