{"labels": [0], "scores": [0.9899879097938538], "bboxes": [[51.96517562866211, 112.66866302490234, 687.8391723632812, 523.5899658203125]]}