{"labels": [0, 0], "scores": [0.9920857548713684, 0.7786421179771423], "bboxes": [[19.922332763671875, 176.37091064453125, 752.152099609375, 701.8154296875], [19.632843017578125, 105.34967041015625, 275.9865417480469, 298.37139892578125]]}