{"labels": [0], "scores": [0.9979360103607178], "bboxes": [[62.72662353515625, 250.1586151123047, 730.0347290039062, 632.8612670898438]]}