{"labels": [0], "scores": [0.9993945360183716], "bboxes": [[123.5294189453125, 10.2967529296875, 689.9254760742188, 785.890380859375]]}