{"labels": [0], "scores": [0.9979812502861023], "bboxes": [[100.72129821777344, 47.55796813964844, 571.6620483398438, 608.117431640625]]}