{"labels": [0], "scores": [0.9994063377380371], "bboxes": [[4.630401611328125, 139.69683837890625, 800.0, 713.947265625]]}