{"labels": [0, 0], "scores": [0.9491947293281555, 0.5608145594596863], "bboxes": [[229.39962768554688, 501.6258544921875, 536.61767578125, 742.8009033203125], [160.3782196044922, 71.64213562011719, 598.8439331054688, 497.2318115234375]]}