{"labels": [0, 0], "scores": [0.9868502616882324, 0.7474792003631592], "bboxes": [[46.9200439453125, 122.41165161132812, 780.2348022460938, 722.015380859375], [310.68701171875, 4.710334777832031, 653.2825927734375, 219.30010986328125]]}