{"labels": [0, 0], "scores": [0.9946565628051758, 0.1245921179652214], "bboxes": [[303.32806396484375, 320.89862060546875, 523.0880737304688, 734.4480590820312], [0.0, 0.511260986328125, 174.5331268310547, 623.64306640625]]}