{"labels": [0], "scores": [0.9990764856338501], "bboxes": [[10.027923583984375, 258.30316162109375, 788.8236083984375, 703.8435668945312]]}