{"labels": [0], "scores": [0.9988459348678589], "bboxes": [[40.53021240234375, 217.61065673828125, 751.2557983398438, 539.903076171875]]}