{"labels": [0], "scores": [0.9993663430213928], "bboxes": [[10.0791015625, 150.0379638671875, 790.311767578125, 681.0560913085938]]}