{"labels": [0, 0], "scores": [0.9942902326583862, 0.05561513453722], "bboxes": [[134.25765991210938, 155.8401641845703, 652.9932861328125, 644.2850341796875], [231.4908447265625, 354.2239990234375, 641.771240234375, 651.7470092773438]]}