{"labels": [0], "scores": [0.9922435879707336], "bboxes": [[157.55593872070312, 54.46917724609375, 680.052978515625, 764.5879516601562]]}