{"labels": [0, 0], "scores": [0.9877609014511108, 0.24098703265190125], "bboxes": [[113.58099365234375, 115.46856689453125, 703.7302856445312, 698.8392333984375], [175.796875, 184.96578979492188, 575.060302734375, 584.1390380859375]]}