{"labels": [0, 0, 0, 0, 0], "scores": [0.6851322650909424, 0.33075806498527527, 0.3025151193141937, 0.14467541873455048, 0.080813467502594], "bboxes": [[409.562744140625, 402.38519287109375, 706.645751953125, 785.7997436523438], [138.34291076660156, 0.0, 522.4143676757812, 472.90264892578125], [0.0, 401.6048583984375, 700.9119873046875, 796.0289306640625], [434.6821594238281, 544.852783203125, 548.3035278320312, 794.2921142578125], [521.6804809570312, 409.12054443359375, 708.1572875976562, 697.4741821289062]]}