{"labels": [0, 0], "scores": [0.9982825517654419, 0.09999673068523407], "bboxes": [[42.07989501953125, 387.6170349121094, 756.7179565429688, 746.0166015625], [449.0846862792969, 0.0, 770.9808349609375, 419.172119140625]]}