{"labels": [0, 0, 0, 0], "scores": [0.9307071566581726, 0.3488442599773407, 0.29783177375793457, 0.29239514470100403], "bboxes": [[104.49931335449219, 194.67221069335938, 611.7681274414062, 741.1883544921875], [0.0, 0.0, 792.7154541015625, 721.6151733398438], [247.33493041992188, 224.47048950195312, 574.9423828125, 542.10546875], [128.01910400390625, 431.90069580078125, 564.1131591796875, 735.3502807617188]]}