{"labels": [0], "scores": [0.9992221593856812], "bboxes": [[248.75733947753906, 3.568817138671875, 537.0210571289062, 800.0]]}