{"labels": [0, 0], "scores": [0.9980182647705078, 0.24476388096809387], "bboxes": [[120.50033569335938, 22.79864501953125, 710.8428955078125, 777.7083740234375], [659.9834594726562, 658.095947265625, 768.9852905273438, 714.3778076171875]]}