{"labels": [0], "scores": [0.9987444877624512], "bboxes": [[41.042449951171875, 215.4608154296875, 755.393310546875, 658.2965698242188]]}