{"labels": [0], "scores": [0.9993599057197571], "bboxes": [[100.32373046875, 66.86187744140625, 710.1972045898438, 780.3648071289062]]}