{"labels": [0], "scores": [0.9996217489242554], "bboxes": [[42.18994140625, 39.047821044921875, 768.5625, 762.4927978515625]]}