{"labels": [0], "scores": [0.9963956475257874], "bboxes": [[2.348419189453125, 9.378753662109375, 800.0, 791.341552734375]]}