{"labels": [0, 0, 0, 0, 0], "scores": [0.9571049809455872, 0.2556404769420624, 0.2255866825580597, 0.07227911800146103, 0.05053750425577164], "bboxes": [[149.308349609375, 119.06356811523438, 749.4027099609375, 695.2459716796875], [159.81951904296875, 430.1188659667969, 443.0494384765625, 671.1456298828125], [233.8017578125, 123.13240051269531, 557.7493286132812, 459.91998291015625], [228.2098846435547, 204.0424041748047, 729.1542358398438, 496.19000244140625], [148.04266357421875, 374.4678955078125, 599.445556640625, 661.154052734375]]}