{"labels": [0, 0, 0], "scores": [0.9291971325874329, 0.40341657400131226, 0.3901258707046509], "bboxes": [[0.0, 0.0, 800.0, 800.0], [329.80816650390625, 137.18829345703125, 469.24560546875, 800.0], [521.01123046875, 537.2108154296875, 800.0, 800.0]]}