{"labels": [0, 0, 0], "scores": [0.9877148866653442, 0.6969677805900574, 0.5297927856445312], "bboxes": [[0.0, 46.8362922668457, 694.1979370117188, 878.0242919921875], [0.0, 135.3715362548828, 347.11553955078125, 872.3728637695312], [361.6659240722656, 108.53327178955078, 697.043212890625, 872.5712890625]]}