{"labels": [0], "scores": [0.9970870614051819], "bboxes": [[293.78363037109375, 5.660400390625, 492.15399169921875, 800.0]]}