{"labels": [0, 0, 0, 0, 0, 0], "scores": [0.9876392483711243, 0.3320896625518799, 0.09942255914211273, 0.09056529402732849, 0.05269228667020798, 0.050639837980270386], "bboxes": [[11.297760009765625, 82.44683837890625, 784.771484375, 752.6773681640625], [26.187957763671875, 82.16694641113281, 619.4757080078125, 508.76580810546875], [39.65960693359375, 415.11749267578125, 746.4271240234375, 717.7726440429688], [62.74378967285156, 428.8480224609375, 365.6083984375, 705.6575927734375], [614.0338745117188, 373.76531982421875, 792.0482788085938, 509.16693115234375], [270.8014831542969, 66.74169921875, 749.26025390625, 505.10723876953125]]}