{"labels": [0], "scores": [0.9982580542564392], "bboxes": [[39.89849853515625, 177.47642517089844, 750.1906127929688, 654.3421630859375]]}