{"labels": [0], "scores": [0.991884708404541], "bboxes": [[0.0, 161.65072631835938, 793.8255615234375, 793.50244140625]]}