{"labels": [0, 0, 0, 0, 0], "scores": [0.8737022280693054, 0.504105806350708, 0.3667185604572296, 0.17484989762306213, 0.10802514106035233], "bboxes": [[334.763671875, 235.31373596191406, 721.6192626953125, 737.28662109375], [105.91110229492188, 318.17181396484375, 766.7183837890625, 776.8115844726562], [156.47930908203125, 373.4183349609375, 582.1969604492188, 709.6072998046875], [0.0, 26.049652099609375, 795.8984985351562, 800.0], [318.06402587890625, 522.9197998046875, 678.10400390625, 770.6514892578125]]}