{"labels": [0, 0], "scores": [0.9890418648719788, 0.9886343479156494], "bboxes": [[413.1085510253906, 23.408782958984375, 791.15185546875, 800.0], [9.426010131835938, 10.7930908203125, 373.58734130859375, 785.0599365234375]]}