{"labels": [0, 0], "scores": [0.9950783252716064, 0.12834329903125763], "bboxes": [[6.0289306640625, 0.0, 800.0, 800.0], [433.9511413574219, 0.0, 797.7576904296875, 800.0]]}