{"labels": [0, 0], "scores": [0.9962634444236755, 0.07719391584396362], "bboxes": [[231.62779235839844, 208.96441650390625, 605.9395141601562, 765.6547241210938], [238.71221923828125, 229.30078125, 405.287109375, 746.6770629882812]]}