{"labels": [0], "scores": [0.9987583160400391], "bboxes": [[127.34796142578125, 31.012969970703125, 741.673583984375, 762.383544921875]]}