{"labels": [0], "scores": [0.9958646297454834], "bboxes": [[15.54608154296875, 258.4698486328125, 784.246337890625, 564.362548828125]]}