{"labels": [0, 0, 0, 0, 0], "scores": [0.9643347263336182, 0.8021155595779419, 0.15105685591697693, 0.12661337852478027, 0.05632374435663223], "bboxes": [[51.253204345703125, 8.1378173828125, 727.3099365234375, 441.2740783691406], [507.86767578125, 540.3842163085938, 718.6212158203125, 748.3056030273438], [29.456573486328125, 73.26904296875, 747.8236083984375, 796.2594604492188], [265.0089416503906, 461.17608642578125, 447.7651062011719, 799.5590209960938], [70.90923309326172, 487.5870361328125, 263.4651184082031, 800.0]]}