{"labels": [0, 0], "scores": [0.9979104399681091, 0.0504414364695549], "bboxes": [[10.304962158203125, 217.06784057617188, 794.085205078125, 775.978271484375], [29.339599609375, 201.4734344482422, 582.863037109375, 522.9859008789062]]}