{"labels": [0, 0, 0, 0], "scores": [0.9703847169876099, 0.8840761780738831, 0.13923822343349457, 0.0620400495827198], "bboxes": [[102.17803955078125, 497.0326232910156, 434.5270080566406, 806.7169189453125], [110.4892578125, 81.04801940917969, 633.801513671875, 616.4359130859375], [180.75637817382812, 184.94754028320312, 475.63720703125, 597.3582763671875], [90.16199493408203, 268.9012145996094, 478.22418212890625, 795.1927490234375]]}