{"labels": [0, 0, 0], "scores": [0.985634982585907, 0.9785067439079285, 0.08945324271917343], "bboxes": [[80.09030151367188, 102.33950805664062, 719.4281005859375, 392.4012145996094], [98.77597045898438, 378.2062072753906, 715.52001953125, 789.841064453125], [84.18856811523438, 146.10263061523438, 731.4013671875, 661.3699951171875]]}