{"labels": [0, 0], "scores": [0.9967382550239563, 0.7453284859657288], "bboxes": [[208.26055908203125, 11.147117614746094, 499.30755615234375, 547.5447387695312], [276.5448303222656, 750.7007446289062, 424.0878601074219, 892.0449829101562]]}