{"labels": [0], "scores": [0.9954949617385864], "bboxes": [[269.4989013671875, 0.0, 799.4967041015625, 799.9029541015625]]}