{"labels": [0, 0], "scores": [0.9821997880935669, 0.8927402496337891], "bboxes": [[50.52978515625, 394.980224609375, 709.8885498046875, 738.4620361328125], [146.55755615234375, 122.08268737792969, 706.72607421875, 497.94110107421875]]}