{"labels": [0], "scores": [0.9969586133956909], "bboxes": [[210.6199493408203, 111.42111206054688, 668.0534057617188, 709.559326171875]]}