{"labels": [0, 0], "scores": [0.9303689002990723, 0.9263312816619873], "bboxes": [[207.5961151123047, 3.0932769775390625, 528.6232299804688, 232.58995056152344], [241.95213317871094, 102.99359130859375, 573.0938110351562, 800.0]]}