{"labels": [0, 0, 0], "scores": [0.9789624810218811, 0.2610856890678406, 0.19162292778491974], "bboxes": [[123.8780517578125, 106.30450439453125, 684.20361328125, 750.2036743164062], [368.7380065917969, 207.15093994140625, 733.2066650390625, 618.4288940429688], [170.3539581298828, 202.53292846679688, 493.86444091796875, 736.8782958984375]]}