{"labels": [0], "scores": [0.9989256262779236], "bboxes": [[0.0, 23.052581787109375, 798.9379272460938, 781.7213134765625]]}