{"labels": [0, 0, 0], "scores": [0.9475858807563782, 0.8293862342834473, 0.5316376090049744], "bboxes": [[0.0, 337.2051086425781, 472.23858642578125, 800.0], [0.0, 44.130859375, 730.9793090820312, 791.35986328125], [335.4912109375, 55.32745361328125, 720.9508056640625, 472.11199951171875]]}