{"labels": [0, 0, 0, 0], "scores": [0.9927903413772583, 0.9804213047027588, 0.45445096492767334, 0.0570342019200325], "bboxes": [[9.707611083984375, 120.63330078125, 517.6873779296875, 504.5478515625], [190.6381378173828, 271.375244140625, 644.9193115234375, 639.1696166992188], [231.07125854492188, 318.0101318359375, 791.506591796875, 734.51708984375], [193.93545532226562, 196.14727783203125, 579.9801025390625, 521.5884399414062]]}