{"labels": [0], "scores": [0.9994220733642578], "bboxes": [[39.853485107421875, 156.63671875, 755.37158203125, 685.0797119140625]]}