{"labels": [0], "scores": [0.9906781911849976], "bboxes": [[47.50042724609375, 173.89056396484375, 756.2940063476562, 665.8059692382812]]}