{"labels": [0, 0, 0, 0, 0], "scores": [0.969531238079071, 0.3098144829273224, 0.2674836218357086, 0.1351901888847351, 0.13151612877845764], "bboxes": [[12.324493408203125, 234.9850616455078, 782.0880126953125, 731.1130981445312], [73.68750762939453, 640.7354125976562, 179.4222412109375, 738.7081909179688], [0.6310005187988281, 2.6551742553710938, 128.47564697265625, 149.46670532226562], [68.57704162597656, 480.876220703125, 223.2681427001953, 660.745849609375], [188.60604858398438, 626.8497924804688, 257.931396484375, 693.5706176757812]]}