{"labels": [0, 0, 0, 0, 0, 0], "scores": [0.9891101717948914, 0.9479248523712158, 0.4017365276813507, 0.1566804200410843, 0.0874830037355423, 0.07500479370355606], "bboxes": [[117.06439208984375, 458.2547912597656, 448.22412109375, 714.26416015625], [5.8184814453125, 76.7923583984375, 795.7156372070312, 613.6277465820312], [564.6066284179688, 286.1210021972656, 734.2189331054688, 469.1605529785156], [488.16766357421875, 240.0795135498047, 780.2891235351562, 542.6900024414062], [36.488861083984375, 287.7841796875, 553.649169921875, 700.32568359375], [7.320068359375, 131.78427124023438, 484.79339599609375, 571.163818359375]]}