{"labels": [0], "scores": [0.9977422952651978], "bboxes": [[227.97964477539062, 59.340576171875, 777.6666259765625, 715.7154541015625]]}