{"labels": [0, 0, 0, 0, 0], "scores": [0.9356603026390076, 0.90174800157547, 0.5605518221855164, 0.4571976661682129, 0.34905174374580383], "bboxes": [[23.2161865234375, 115.33869934082031, 776.8792724609375, 526.74755859375], [33.810882568359375, 362.57733154296875, 762.5340576171875, 408.07470703125], [11.2486572265625, 262.9649353027344, 781.3634033203125, 441.9096984863281], [223.66134643554688, 551.7899169921875, 580.9117431640625, 798.227783203125], [21.321807861328125, 393.396240234375, 748.7772216796875, 792.955078125]]}