{"labels": [0, 0, 0, 0, 0, 0], "scores": [0.9930810332298279, 0.9855815768241882, 0.24836033582687378, 0.10772944241762161, 0.10333046317100525, 0.07705402374267578], "bboxes": [[392.8060607910156, 254.76004028320312, 738.544921875, 776.69677734375], [51.5015869140625, 268.1147155761719, 395.0326232910156, 775.5504150390625], [118.95416259765625, 611.1641845703125, 387.7453308105469, 778.76611328125], [426.7623596191406, 598.285888671875, 688.9913330078125, 773.1326904296875], [479.46728515625, 64.39254760742188, 644.7652587890625, 174.01409912109375], [141.8227081298828, 258.0961608886719, 589.155029296875, 784.7584228515625]]}