{"labels": [0], "scores": [0.9569573998451233], "bboxes": [[82.50677490234375, 206.2461395263672, 627.8649291992188, 642.3961791992188]]}