{"labels": [0, 0, 0, 0, 0], "scores": [0.9803754687309265, 0.7946266531944275, 0.5504955053329468, 0.5196598172187805, 0.10216275602579117], "bboxes": [[0.884124755859375, 139.38607788085938, 787.5703125, 619.460205078125], [5.35382080078125, 202.77273559570312, 356.0597839355469, 602.37890625], [292.7510986328125, 114.19631958007812, 512.758056640625, 604.6241455078125], [366.1318054199219, 186.3168182373047, 792.92431640625, 606.9995727539062], [120.91316223144531, 119.42337036132812, 488.31878662109375, 604.4891357421875]]}