{"labels": [0], "scores": [0.9962311387062073], "bboxes": [[53.318328857421875, 258.6420593261719, 655.4708251953125, 716.9239501953125]]}