{"labels": [0, 0], "scores": [0.9982255101203918, 0.8021697998046875], "bboxes": [[38.847137451171875, 261.95458984375, 643.5340576171875, 713.2090454101562], [399.2171630859375, 503.92132568359375, 733.6015625, 720.1282348632812]]}