{"labels": [0, 0, 0, 0, 0, 0, 0, 0], "scores": [0.9342541098594666, 0.9210472106933594, 0.9071999788284302, 0.8522192239761353, 0.6623192429542542, 0.2741994261741638, 0.2715204656124115, 0.057170916348695755], "bboxes": [[224.27542114257812, 231.05917358398438, 473.10205078125, 464.99212646484375], [201.54200744628906, 353.2530212402344, 506.4620666503906, 894.6368408203125], [425.9897155761719, 106.28300476074219, 671.3929443359375, 268.1707763671875], [230.43438720703125, 94.69294738769531, 440.27911376953125, 260.5882873535156], [460.82135009765625, 224.9695281982422, 700.0, 771.6217041015625], [72.25169372558594, 147.77011108398438, 610.9557495117188, 896.0], [0.0, 153.8553009033203, 241.28622436523438, 893.1102294921875], [46.411888122558594, 100.13829040527344, 330.8130187988281, 248.61981201171875]]}