{"labels": [0, 0, 0, 0, 0], "scores": [0.993648111820221, 0.9770442843437195, 0.9197278618812561, 0.8893916606903076, 0.07383720576763153], "bboxes": [[57.212677001953125, 216.96632385253906, 426.9764099121094, 497.49273681640625], [426.8328857421875, 245.66839599609375, 766.0797119140625, 494.43695068359375], [381.40380859375, 347.1634521484375, 759.901123046875, 701.384765625], [22.572845458984375, 332.7103271484375, 378.4106140136719, 688.2756958007812], [12.572357177734375, 195.82278442382812, 570.8109130859375, 679.534423828125]]}