{"labels": [0, 0, 0, 0, 0, 0, 0, 0, 0, 0, 0, 0, 0, 0, 0], "scores": [0.9008969068527222, 0.8722749352455139, 0.8210675120353699, 0.6388334631919861, 0.5857345461845398, 0.5174953937530518, 0.3601062297821045, 0.3427753448486328, 0.16829925775527954, 0.15219509601593018, 0.1419665515422821, 0.08676991611719131, 0.08299972862005234, 0.05440028756856918, 0.053632497787475586], "bboxes": [[392.73675537109375, 116.7784423828125, 544.0180053710938, 260.5803527832031], [427.0047912597656, 209.34930419921875, 582.6762084960938, 366.64312744140625], [16.068389892578125, 37.142913818359375, 721.4305419921875, 785.4681396484375], [567.3433837890625, 200.7493133544922, 730.34423828125, 355.63946533203125], [304.5524597167969, 269.349365234375, 457.0510559082031, 424.30023193359375], [274.78277587890625, 125.0564193725586, 422.99285888671875, 312.1161193847656], [265.77459716796875, 78.0687255859375, 413.809814453125, 221.67681884765625], [162.70301818847656, 502.46527099609375, 337.23382568359375, 673.9182739257812], [346.8255920410156, 360.0846862792969, 514.8917236328125, 538.44580078125], [65.78702545166016, 414.4154357910156, 232.4249267578125, 583.5572509765625], [151.146484375, 224.23062133789062, 298.8099365234375, 369.4445495605469], [167.60232543945312, 320.6025085449219, 331.3789367675781, 489.2549743652344], [455.5221252441406, 534.2337036132812, 625.4865112304688, 706.7592163085938], [266.8123779296875, 82.14788818359375, 451.87908935546875, 454.61676025390625], [291.8879699707031, 580.1913452148438, 468.8729553222656, 753.8615112304688]]}