{"labels": [0, 0, 0], "scores": [0.9882881045341492, 0.9363460540771484, 0.9268865585327148], "bboxes": [[196.34646606445312, 217.8514404296875, 453.7206115722656, 578.13623046875], [528.523681640625, 354.563232421875, 795.96142578125, 612.7362670898438], [2.0915679931640625, 276.451171875, 236.0251007080078, 536.8324584960938]]}