{"labels": [0, 0, 0, 0], "scores": [0.904646635055542, 0.43912646174430847, 0.23797203600406647, 0.09584908187389374], "bboxes": [[177.6515655517578, 301.689453125, 324.8228454589844, 753.4429321289062], [159.9902801513672, 731.355224609375, 328.3425598144531, 832.1350708007812], [167.7034912109375, 147.41578674316406, 320.3373718261719, 354.4359130859375], [559.7586059570312, 523.9843139648438, 700.0, 890.2630615234375]]}