{"labels": [0, 0], "scores": [0.9929561614990234, 0.06920401006937027], "bboxes": [[77.65060424804688, 10.89581298828125, 800.0, 774.4447631835938], [93.61963653564453, 541.241943359375, 248.1055908203125, 761.125]]}