{"labels": [0, 0, 0, 0], "scores": [0.9968680739402771, 0.09348034113645554, 0.06921500712633133, 0.05658164620399475], "bboxes": [[2.17919921875, 14.552490234375, 767.60009765625, 788.4212036132812], [220.90185546875, 10.257034301757812, 783.6234130859375, 464.97833251953125], [8.281982421875, 263.6416320800781, 539.0179443359375, 776.3856201171875], [428.8851623535156, 6.27618408203125, 784.2528076171875, 371.0627746582031]]}