{"labels": [0, 0], "scores": [0.984893262386322, 0.430919885635376], "bboxes": [[220.88104248046875, 20.53717041015625, 559.1600341796875, 366.95306396484375], [253.19007873535156, 424.1890869140625, 576.6587524414062, 662.9573974609375]]}