{"labels": [0, 0, 0, 0, 0, 0], "scores": [0.9979649782180786, 0.9963141083717346, 0.9941284656524658, 0.9910594820976257, 0.4964619576931, 0.057497814297676086], "bboxes": [[10.237899780273438, 0.495269775390625, 242.01014709472656, 786.1700439453125], [206.4163818359375, 4.83935546875, 430.30743408203125, 770.1331787109375], [389.1579284667969, 5.651092529296875, 605.5712280273438, 770.24462890625], [570.9695434570312, 4.860565185546875, 773.9120483398438, 774.185546875], [474.9288330078125, 15.711822509765625, 695.297119140625, 767.3736572265625], [255.0845489501953, 4.764892578125, 708.5394897460938, 791.2041625976562]]}