{"labels": [0], "scores": [0.9977236390113831], "bboxes": [[86.9600830078125, 142.28195190429688, 722.3326416015625, 728.8043212890625]]}