{"labels": [0], "scores": [0.9969707727432251], "bboxes": [[0.0, 184.89572143554688, 800.0, 792.614501953125]]}