{"labels": [0], "scores": [0.9923954010009766], "bboxes": [[16.44384765625, 174.02105712890625, 665.7879028320312, 794.9534912109375]]}