{"labels": [0, 0], "scores": [0.9965274930000305, 0.09980335086584091], "bboxes": [[5.2537841796875, 19.76190185546875, 792.0703125, 666.81689453125], [43.21514892578125, 313.8877868652344, 787.3534545898438, 784.878173828125]]}