{"labels": [0, 0], "scores": [0.9939981698989868, 0.10384341329336166], "bboxes": [[82.16864013671875, 276.5476989746094, 659.7393188476562, 744.40869140625], [89.792236328125, 274.94122314453125, 385.0438232421875, 719.3367309570312]]}