{"labels": [0], "scores": [0.99695885181427], "bboxes": [[92.55322265625, 297.747314453125, 628.3739013671875, 843.3099365234375]]}