{"labels": [0], "scores": [0.9969034790992737], "bboxes": [[235.2967529296875, 217.44610595703125, 614.823974609375, 690.063720703125]]}