{"labels": [0, 0], "scores": [0.9958598017692566, 0.9920022487640381], "bboxes": [[426.0571594238281, 56.20513916015625, 779.5587158203125, 687.4888305664062], [30.28607177734375, 121.47366333007812, 429.6045227050781, 757.9132080078125]]}