{"labels": [0, 0], "scores": [0.986560583114624, 0.9047797918319702], "bboxes": [[228.64784240722656, 16.006256103515625, 565.6400146484375, 348.7951354980469], [167.97105407714844, 400.01995849609375, 618.083740234375, 797.0952758789062]]}