{"labels": [0, 0], "scores": [0.9982391595840454, 0.28302884101867676], "bboxes": [[0.0, 40.92630386352539, 485.6402587890625, 843.7359619140625], [300.9425354003906, 31.27310562133789, 690.857666015625, 851.9332885742188]]}