{"labels": [0, 0, 0, 0, 0, 0, 0, 0, 0, 0, 0, 0, 0, 0, 0, 0, 0], "scores": [0.9589471817016602, 0.8302322626113892, 0.7191548943519592, 0.6951488852500916, 0.34094205498695374, 0.28999781608581543, 0.1957048773765564, 0.17642994225025177, 0.16194939613342285, 0.12339961528778076, 0.09817592054605484, 0.09315547347068787, 0.08531884849071503, 0.06728487461805344, 0.06453083455562592, 0.05703822895884514, 0.052042156457901], "bboxes": [[264.85186767578125, 277.2139587402344, 578.0241088867188, 800.0], [104.83712768554688, 39.31231689453125, 324.9411926269531, 769.1588134765625], [0.0, 10.9326171875, 186.66978454589844, 593.6373291015625], [626.6138916015625, 154.2154541015625, 798.09326171875, 741.1256713867188], [514.3836059570312, 199.10223388671875, 760.9356079101562, 694.0062866210938], [478.8745422363281, 246.91265869140625, 668.783203125, 679.9733276367188], [384.3180847167969, 271.779296875, 575.1066284179688, 633.17822265625], [151.34490966796875, 28.08745574951172, 311.66522216796875, 267.12322998046875], [494.677001953125, 13.841270446777344, 647.8599853515625, 228.64727783203125], [345.4423828125, 12.0098876953125, 674.158203125, 706.892333984375], [312.61492919921875, 129.31407165527344, 583.7913818359375, 577.5989990234375], [324.9143371582031, 129.84791564941406, 519.9296875, 330.70269775390625], [158.4058380126953, 123.60247802734375, 543.2935180664062, 735.3477783203125], [0.0, 22.925323486328125, 172.14144897460938, 256.46295166015625], [23.324539184570312, 5.541900634765625, 448.12335205078125, 670.4967041015625], [171.37713623046875, 287.39892578125, 424.81597900390625, 666.0101318359375], [31.13343048095703, 18.368194580078125, 277.79833984375, 509.1247863769531]]}