{"labels": [0, 0, 0, 0, 0, 0, 0, 0], "scores": [0.9903666973114014, 0.5154929161071777, 0.45787692070007324, 0.36796414852142334, 0.16871950030326843, 0.14894118905067444, 0.0777469053864479, 0.05122952163219452], "bboxes": [[118.77728271484375, 125.22262573242188, 569.7708740234375, 785.61572265625], [508.3924865722656, 190.4210205078125, 565.5763549804688, 320.23175048828125], [676.5054321289062, 189.88125610351562, 731.8380737304688, 317.9073791503906], [511.349853515625, 137.4498748779297, 750.4300537109375, 466.3826904296875], [462.0494689941406, 139.3450927734375, 628.855224609375, 349.76678466796875], [488.7661437988281, 163.19869995117188, 590.9664306640625, 329.3603515625], [616.2321166992188, 318.26641845703125, 789.8239135742188, 545.6542358398438], [568.2282104492188, 232.90234375, 798.0806274414062, 790.3529052734375]]}