{"labels": [0, 0, 0], "scores": [0.9908015131950378, 0.32205334305763245, 0.1643000990152359], "bboxes": [[219.57704162597656, 179.98501586914062, 545.0885009765625, 796.8079833984375], [133.8878173828125, 185.02626037597656, 303.6512756347656, 692.7036743164062], [407.815185546875, 634.2529907226562, 465.14288330078125, 799.0484008789062]]}