{"labels": [0, 0], "scores": [0.9979871511459351, 0.06037811562418938], "bboxes": [[9.550201416015625, 84.66787719726562, 797.497314453125, 800.0], [20.270721435546875, 91.81391906738281, 792.869384765625, 355.0439453125]]}