{"labels": [0, 0, 0], "scores": [0.9739614129066467, 0.39766353368759155, 0.11526114493608475], "bboxes": [[34.88232421875, 86.263671875, 787.499267578125, 726.80859375], [394.9169616699219, 97.78274536132812, 794.055419921875, 709.55859375], [70.73233032226562, 109.59677124023438, 417.4835510253906, 682.30419921875]]}