{"labels": [0, 0], "scores": [0.9977936744689941, 0.9833646416664124], "bboxes": [[0.0, 218.38552856445312, 391.2591552734375, 876.5991821289062], [497.42431640625, 124.99720001220703, 698.6185302734375, 814.47265625]]}