{"labels": [0], "scores": [0.998006284236908], "bboxes": [[238.63247680664062, 38.176055908203125, 535.4888916015625, 768.2506103515625]]}