{"labels": [0], "scores": [0.9968198537826538], "bboxes": [[244.05145263671875, 205.3668212890625, 552.1327514648438, 746.0576782226562]]}