{"labels": [0, 0, 0, 0, 0, 0, 0, 0, 0, 0, 0, 0, 0, 0], "scores": [0.979337215423584, 0.9763388633728027, 0.9411137700080872, 0.8256027102470398, 0.6353474259376526, 0.5332992076873779, 0.5323283076286316, 0.43908002972602844, 0.4314368963241577, 0.33607470989227295, 0.3168109059333801, 0.07772218436002731, 0.07195515930652618, 0.06997121870517731], "bboxes": [[424.98565673828125, 64.23057556152344, 681.0195922851562, 311.396240234375], [3.2632598876953125, 151.48956298828125, 249.17286682128906, 400.5201416015625], [182.1916961669922, 0.25396728515625, 416.051025390625, 182.4661102294922], [6.382659912109375, 64.84017944335938, 792.48876953125, 787.0845947265625], [0.8317108154296875, 1.1269378662109375, 185.3676300048828, 96.44843292236328], [278.58636474609375, 250.43325805664062, 528.6392822265625, 498.5090026855469], [0.118927001953125, 321.86309814453125, 78.28288269042969, 554.4566040039062], [609.852294921875, 346.98785400390625, 795.7421875, 617.093017578125], [743.2454223632812, 193.35205078125, 799.5176391601562, 387.8031005859375], [597.155517578125, 1.1136512756347656, 799.4315185546875, 122.49197387695312], [98.78074645996094, 465.9368896484375, 361.03741455078125, 730.9486083984375], [0.0, 113.62674713134766, 148.041748046875, 325.7311096191406], [76.029296875, 301.3609619140625, 426.71453857421875, 738.5643310546875], [2.097503662109375, 2.5363540649414062, 271.2171630859375, 134.96649169921875]]}