{"labels": [0], "scores": [0.9983912110328674], "bboxes": [[33.500762939453125, 152.02154541015625, 757.0950927734375, 800.0]]}