{"labels": [0], "scores": [0.9971417784690857], "bboxes": [[183.5078125, 45.05157470703125, 709.444091796875, 787.0570678710938]]}