{"labels": [0, 0, 0, 0, 0, 0, 0, 0, 0], "scores": [0.9908848404884338, 0.9832279682159424, 0.8542364835739136, 0.7609385848045349, 0.7533129453659058, 0.5300491452217102, 0.34359970688819885, 0.28705140948295593, 0.06408839672803879], "bboxes": [[480.4179382324219, 443.5299072265625, 699.2843627929688, 895.495849609375], [1.9285755157470703, 444.21673583984375, 414.4053649902344, 888.349609375], [204.39288330078125, 84.3302230834961, 590.284912109375, 448.2079162597656], [158.123291015625, 435.5072021484375, 534.8878173828125, 877.143798828125], [504.7858581542969, 146.80067443847656, 697.9769287109375, 444.0723876953125], [2.939666748046875, 128.44589233398438, 229.699951171875, 460.13128662109375], [0.0, 112.47093200683594, 333.2658386230469, 888.150634765625], [183.9451141357422, 92.5520248413086, 586.3560791015625, 855.0288696289062], [336.18707275390625, 121.81941223144531, 671.0443115234375, 479.52252197265625]]}