{"labels": [0], "scores": [0.9958384037017822], "bboxes": [[240.46885681152344, 26.902618408203125, 565.251708984375, 769.56298828125]]}