{"labels": [0], "scores": [0.9977520108222961], "bboxes": [[81.35357666015625, 261.1354064941406, 727.4606323242188, 782.728515625]]}