{"labels": [0, 0], "scores": [0.9911808371543884, 0.07116853445768356], "bboxes": [[193.2119598388672, 66.67723083496094, 510.4230041503906, 762.405029296875], [64.4306640625, 149.8109130859375, 134.4755096435547, 479.70770263671875]]}