{"labels": [0], "scores": [0.9992534518241882], "bboxes": [[104.30886840820312, 25.242340087890625, 689.5079345703125, 735.479736328125]]}