{"labels": [0, 0, 0], "scores": [0.9676283001899719, 0.1451619267463684, 0.07796730101108551], "bboxes": [[50.509857177734375, 33.90020751953125, 709.3157958984375, 750.8946533203125], [312.1746826171875, 170.53384399414062, 696.7006225585938, 768.9263916015625], [68.65608215332031, 51.5504150390625, 490.57232666015625, 490.9560546875]]}