{"labels": [0], "scores": [0.9984164237976074], "bboxes": [[47.547515869140625, 121.3204345703125, 755.35107421875, 706.7199096679688]]}