{"labels": [0, 0, 0], "scores": [0.9855953454971313, 0.855663537979126, 0.27503979206085205], "bboxes": [[39.75628662109375, 252.46595764160156, 385.2932434082031, 716.8019409179688], [312.45263671875, 328.99615478515625, 773.373779296875, 698.5885620117188], [42.339874267578125, 238.82623291015625, 773.47900390625, 719.27099609375]]}