{"labels": [0], "scores": [0.9986984729766846], "bboxes": [[43.0296630859375, 32.254669189453125, 746.8536987304688, 758.5694580078125]]}