{"labels": [0], "scores": [0.9866237044334412], "bboxes": [[186.07241821289062, 288.61431884765625, 703.1904296875, 764.2593383789062]]}