{"labels": [0], "scores": [0.9963735938072205], "bboxes": [[145.16180419921875, 67.23626708984375, 640.55224609375, 769.3903198242188]]}