{"labels": [0], "scores": [0.9976673126220703], "bboxes": [[276.646484375, 0.0, 543.3289184570312, 782.31201171875]]}