{"labels": [0], "scores": [0.9991984963417053], "bboxes": [[13.92181396484375, 164.17474365234375, 800.0, 769.8656616210938]]}