{"labels": [0, 0], "scores": [0.9848783612251282, 0.32031065225601196], "bboxes": [[152.5913848876953, 3.562591552734375, 658.3970336914062, 756.9759521484375], [265.15673828125, 6.69744873046875, 576.4357299804688, 561.0692138671875]]}