{"labels": [0, 0], "scores": [0.9733219146728516, 0.08335106074810028], "bboxes": [[63.438201904296875, 135.74105834960938, 577.089599609375, 743.0042724609375], [286.8720397949219, 124.65084838867188, 651.4976806640625, 716.456787109375]]}