{"labels": [0], "scores": [0.9909560084342957], "bboxes": [[14.8824462890625, 67.01641845703125, 800.0, 800.0]]}