{"labels": [0], "scores": [0.9926562309265137], "bboxes": [[262.98101806640625, 58.397613525390625, 480.86932373046875, 789.26025390625]]}