{"labels": [0, 0, 0], "scores": [0.7754904627799988, 0.471298485994339, 0.08964888006448746], "bboxes": [[9.60638427734375, 572.185302734375, 583.8577270507812, 797.8294677734375], [5.85040283203125, 25.86065673828125, 797.4584350585938, 791.720703125], [688.9063720703125, 260.51068115234375, 800.0, 626.6046142578125]]}