{"labels": [0], "scores": [0.9991783499717712], "bboxes": [[18.369171142578125, 323.05780029296875, 772.046875, 631.6498413085938]]}