{"labels": [0, 0], "scores": [0.9944333434104919, 0.056531041860580444], "bboxes": [[485.70025634765625, 53.724517822265625, 706.6310424804688, 783.783935546875], [59.63995361328125, 5.619781494140625, 619.8645629882812, 782.6221923828125]]}