{"labels": [0, 0, 0], "scores": [0.7640674114227295, 0.678984522819519, 0.2310856431722641], "bboxes": [[70.97366333007812, 123.40817260742188, 764.564208984375, 797.067138671875], [123.7386474609375, 184.29603576660156, 408.426513671875, 454.352783203125], [95.08123779296875, 191.2498779296875, 443.30194091796875, 750.5098876953125]]}