{"labels": [0], "scores": [0.9979653358459473], "bboxes": [[4.88543701171875, 95.14361572265625, 638.44580078125, 739.549072265625]]}