{"labels": [0, 0, 0, 0, 0, 0, 0, 0, 0], "scores": [0.9898017048835754, 0.9409462213516235, 0.2831864356994629, 0.1978760063648224, 0.1411132961511612, 0.0917334109544754, 0.07205794751644135, 0.0537838377058506, 0.052913304418325424], "bboxes": [[28.08087158203125, 419.5626525878906, 742.9530029296875, 749.07666015625], [150.8037109375, 96.39315795898438, 771.8357543945312, 339.7139892578125], [21.3582763671875, 66.1514892578125, 200.7504425048828, 221.51248168945312], [10.74462890625, 249.25047302246094, 783.8859252929688, 661.8169555664062], [389.7677001953125, 139.47152709960938, 780.40673828125, 334.7966003417969], [216.20846557617188, 92.76211547851562, 466.8544006347656, 277.2936706542969], [310.28741455078125, 107.03038787841797, 636.4849243164062, 320.1217956542969], [311.36627197265625, 108.84395599365234, 419.10986328125, 274.58367919921875], [7.85711669921875, 93.61122131347656, 792.6569213867188, 520.6942138671875]]}