{"labels": [0], "scores": [0.9992985725402832], "bboxes": [[10.430633544921875, 47.19818115234375, 798.941162109375, 769.9269409179688]]}