{"labels": [0, 0], "scores": [0.9958836436271667, 0.23287422955036163], "bboxes": [[5.824859619140625, 187.49237060546875, 758.16162109375, 796.3307495117188], [460.9271240234375, 337.06976318359375, 697.7457275390625, 603.600341796875]]}