{"labels": [0, 0, 0], "scores": [0.997108519077301, 0.7294597625732422, 0.14749567210674286], "bboxes": [[181.1497802734375, 3.404693603515625, 736.452880859375, 602.988037109375], [64.43882751464844, 466.39495849609375, 428.987060546875, 786.7623901367188], [11.479751586914062, 421.01385498046875, 118.89814758300781, 570.232666015625]]}