{"labels": [0], "scores": [0.997974693775177], "bboxes": [[197.550048828125, 96.92320251464844, 627.0076904296875, 585.5026245117188]]}