{"labels": [0], "scores": [0.9984000325202942], "bboxes": [[9.963897705078125, 255.71067810058594, 792.7332763671875, 612.5828247070312]]}