{"labels": [0], "scores": [0.9981505274772644], "bboxes": [[186.93443298339844, 44.69134521484375, 610.0013427734375, 766.7033081054688]]}