{"labels": [0, 0], "scores": [0.9864732027053833, 0.08044610172510147], "bboxes": [[19.58673095703125, 117.88232421875, 727.6976928710938, 773.6904907226562], [328.42706298828125, 190.70901489257812, 667.7023315429688, 757.20751953125]]}