{"labels": [0, 0], "scores": [0.9982002973556519, 0.08617950230836868], "bboxes": [[38.787841796875, 227.29005432128906, 721.6039428710938, 572.958251953125], [47.77632141113281, 229.49351501464844, 443.08209228515625, 526.4462280273438]]}