{"labels": [0, 0], "scores": [0.9996032118797302, 0.9871446490287781], "bboxes": [[294.287353515625, 148.7306365966797, 516.1616821289062, 394.60272216796875], [275.30810546875, 518.6986083984375, 529.6018676757812, 704.923828125]]}