{"labels": [0, 0, 0], "scores": [0.9941154718399048, 0.9928501844406128, 0.07368012517690659], "bboxes": [[467.836181640625, 218.71337890625, 747.441162109375, 724.8112182617188], [51.13006591796875, 222.26898193359375, 401.6435852050781, 800.0], [120.91642761230469, 237.5499267578125, 350.0958251953125, 497.7476806640625]]}