{"labels": [0, 0, 0], "scores": [0.9033783674240112, 0.41310086846351624, 0.08097804337739944], "bboxes": [[133.04891967773438, 461.77825927734375, 666.7349853515625, 764.7976684570312], [96.09375, 191.04119873046875, 704.3797607421875, 736.4437255859375], [14.735031127929688, 69.29635620117188, 437.8724365234375, 739.5819091796875]]}