{"labels": [0], "scores": [0.9964178800582886], "bboxes": [[120.88328552246094, 41.428077697753906, 550.4613037109375, 806.9544677734375]]}