{"labels": [0], "scores": [0.9990717172622681], "bboxes": [[173.26434326171875, 56.924591064453125, 657.1964721679688, 765.2034912109375]]}