{"labels": [0, 0, 0, 0], "scores": [0.9975134134292603, 0.41926753520965576, 0.2941816449165344, 0.057795144617557526], "bboxes": [[228.13157653808594, 14.866912841796875, 575.1889038085938, 469.4381103515625], [11.438629150390625, 387.95556640625, 715.315185546875, 784.868896484375], [233.22357177734375, 500.8359069824219, 627.9743041992188, 764.8389892578125], [1.308990478515625, 349.5823669433594, 346.758056640625, 800.0]]}