{"labels": [0, 0, 0, 0, 0], "scores": [0.9779646396636963, 0.9619976282119751, 0.7584100365638733, 0.10287365317344666, 0.09480810165405273], "bboxes": [[393.30755615234375, 227.7928466796875, 697.210693359375, 704.7242431640625], [0.6993217468261719, 214.48675537109375, 402.951904296875, 646.8756103515625], [0.7054233551025391, 422.3965759277344, 284.0637512207031, 806.9638061523438], [421.7797546386719, 655.6946411132812, 698.3009033203125, 825.2078247070312], [261.19140625, 628.8222045898438, 350.40020751953125, 817.5146484375]]}