{"labels": [0, 0], "scores": [0.9984288811683655, 0.9731652140617371], "bboxes": [[0.0, 12.655975341796875, 669.952392578125, 798.9691162109375], [600.7120361328125, 6.559600830078125, 771.887451171875, 796.7198486328125]]}