{"labels": [0, 0], "scores": [0.99604731798172, 0.06777095794677734], "bboxes": [[79.77984619140625, 149.0751953125, 673.1455078125, 649.1512451171875], [112.4649658203125, 620.6973876953125, 428.9415283203125, 798.5621337890625]]}