{"labels": [0], "scores": [0.9984884262084961], "bboxes": [[59.1597900390625, 177.7147979736328, 747.05419921875, 633.5760498046875]]}