{"labels": [0], "scores": [0.9941902160644531], "bboxes": [[128.15548706054688, 348.8935546875, 676.486572265625, 778.0499267578125]]}