{"labels": [0, 0, 0, 0], "scores": [0.995118260383606, 0.92236328125, 0.5049901008605957, 0.062213532626628876], "bboxes": [[16.815765380859375, 252.27145385742188, 787.71240234375, 673.3577880859375], [0.363067626953125, 52.196441650390625, 554.6068115234375, 345.3507995605469], [641.78955078125, 34.28346252441406, 800.0, 367.90985107421875], [9.5704345703125, 57.87164306640625, 178.08750915527344, 205.9766845703125]]}