{"labels": [0], "scores": [0.9924154281616211], "bboxes": [[96.8201904296875, 267.7530517578125, 750.0421752929688, 715.2911987304688]]}