{"labels": [0], "scores": [0.9981909394264221], "bboxes": [[124.3681640625, 214.2770233154297, 562.813232421875, 862.3949584960938]]}