{"labels": [0, 0], "scores": [0.9956014156341553, 0.09244301170110703], "bboxes": [[81.31979370117188, 10.76239013671875, 719.9727783203125, 781.2344970703125], [161.57899475097656, 18.918121337890625, 513.7210083007812, 635.7164306640625]]}