{"labels": [0, 0, 0, 0, 0, 0], "scores": [0.9555118680000305, 0.9506300687789917, 0.6942340135574341, 0.5106001496315002, 0.4540049731731415, 0.07895990461111069], "bboxes": [[369.8394775390625, 305.14697265625, 785.847900390625, 752.944580078125], [339.2896728515625, 135.68463134765625, 608.4393310546875, 597.5238037109375], [97.23644256591797, 193.84217834472656, 237.14712524414062, 472.65789794921875], [78.5735855102539, 180.53811645507812, 239.96817016601562, 693.201171875], [76.89743041992188, 658.8026123046875, 261.28076171875, 757.454833984375], [201.98895263671875, 124.75320434570312, 758.8973999023438, 751.95849609375]]}