{"labels": [0], "scores": [0.9954099059104919], "bboxes": [[50.554168701171875, 140.22650146484375, 730.287841796875, 725.920654296875]]}