{"labels": [0, 0, 0, 0, 0, 0], "scores": [0.9156992435455322, 0.8914055228233337, 0.3962145447731018, 0.2048538625240326, 0.06143638864159584, 0.05425354465842247], "bboxes": [[7.227386474609375, 265.7506103515625, 745.620361328125, 760.170166015625], [44.194549560546875, 256.66217041015625, 370.37725830078125, 552.0054321289062], [352.52587890625, 104.25390625, 498.25048828125, 391.0079650878906], [302.63653564453125, 288.33697509765625, 699.8624877929688, 678.5067749023438], [29.754486083984375, 151.80001831054688, 659.1966552734375, 596.6080322265625], [504.8077697753906, 342.21734619140625, 782.4144287109375, 703.7014770507812]]}