{"labels": [0, 0, 0], "scores": [0.935763418674469, 0.37284019589424133, 0.07395334541797638], "bboxes": [[66.03323364257812, 17.953857421875, 688.87744140625, 759.7749633789062], [76.64070129394531, 313.94854736328125, 471.6719970703125, 675.6378173828125], [134.09402465820312, 347.164794921875, 730.8204345703125, 762.561279296875]]}