{"labels": [0], "scores": [0.9973804354667664], "bboxes": [[216.71926879882812, 0.0, 592.438720703125, 790.193603515625]]}