{"labels": [0], "scores": [0.9977225661277771], "bboxes": [[279.56781005859375, 12.82745361328125, 486.603759765625, 786.0996704101562]]}