{"labels": [0, 0, 0, 0, 0], "scores": [0.9931493401527405, 0.984988808631897, 0.8829314112663269, 0.7542721033096313, 0.308079332113266], "bboxes": [[245.4003143310547, 38.8790283203125, 641.7628173828125, 700.4486083984375], [107.44354248046875, 78.07882690429688, 262.2767028808594, 657.0147705078125], [0.0, 159.01171875, 186.038330078125, 605.0144653320312], [625.6217041015625, 110.62344360351562, 790.75048828125, 668.0941162109375], [49.39982604980469, 37.04571533203125, 539.7720947265625, 688.5872802734375]]}