{"labels": [0, 0], "scores": [0.9980043768882751, 0.062038879841566086], "bboxes": [[129.26617431640625, 23.383941650390625, 641.8074340820312, 792.796875], [288.7706604003906, 351.13861083984375, 626.4208984375, 785.3696899414062]]}