{"labels": [0, 0, 0], "scores": [0.9836617112159729, 0.13797757029533386, 0.09695866703987122], "bboxes": [[60.516754150390625, 257.2815856933594, 596.546630859375, 800.0], [182.2258758544922, 240.94287109375, 604.8447265625, 431.37603759765625], [16.646148681640625, 0.0, 800.0, 336.62078857421875]]}