{"labels": [0, 0], "scores": [0.9791843891143799, 0.1375724971294403], "bboxes": [[235.4812774658203, 99.60406494140625, 741.0881958007812, 712.3154296875], [308.99871826171875, 114.80728149414062, 689.8474731445312, 484.1893615722656]]}