{"labels": [0, 0, 0], "scores": [0.9977155923843384, 0.07239121198654175, 0.06294045597314835], "bboxes": [[44.4427490234375, 344.2149658203125, 699.986083984375, 669.2789916992188], [351.23199462890625, 106.7988052368164, 473.36273193359375, 222.6114501953125], [653.4031372070312, 260.0743103027344, 777.3423461914062, 375.5450744628906]]}