{"labels": [0, 0], "scores": [0.9978232383728027, 0.06109137460589409], "bboxes": [[0.915130615234375, 112.03054809570312, 795.46923828125, 680.4732666015625], [11.636947631835938, 262.23870849609375, 252.4198455810547, 670.5764770507812]]}