{"labels": [0, 0], "scores": [0.9964514970779419, 0.09255200624465942], "bboxes": [[96.9681396484375, 88.01956176757812, 743.6209106445312, 721.4395751953125], [472.21319580078125, 247.46153259277344, 539.1838989257812, 571.302001953125]]}