{"labels": [0, 0, 0], "scores": [0.9907225370407104, 0.25955837965011597, 0.13175706565380096], "bboxes": [[126.31246948242188, 18.21173095703125, 692.0228271484375, 447.0517578125], [113.969970703125, 422.55780029296875, 571.02685546875, 795.9248657226562], [112.771728515625, 4.0872802734375, 726.0452880859375, 799.0718383789062]]}