{"labels": [0, 0], "scores": [0.9979854822158813, 0.0829443708062172], "bboxes": [[41.392822265625, 93.19210815429688, 762.45751953125, 712.2662353515625], [186.89466857910156, 175.4274139404297, 376.5931396484375, 625.4597778320312]]}