{"labels": [0, 0], "scores": [0.9921628832817078, 0.09224586188793182], "bboxes": [[59.814117431640625, 110.36334228515625, 664.102294921875, 794.7203979492188], [313.7220458984375, 103.7926025390625, 628.0534057617188, 616.8937377929688]]}