{"labels": [0], "scores": [0.9978832602500916], "bboxes": [[193.71730041503906, 3.75579833984375, 610.32080078125, 800.0]]}