{"labels": [0], "scores": [0.9991225600242615], "bboxes": [[1.136627197265625, 165.17935180664062, 793.078857421875, 610.7064208984375]]}