{"labels": [0, 0], "scores": [0.9981714487075806, 0.8192648887634277], "bboxes": [[145.09539794921875, 151.59912109375, 519.5469970703125, 723.2740478515625], [210.33660888671875, 549.0191650390625, 500.4689636230469, 896.0]]}