{"labels": [0, 0, 0, 0], "scores": [0.9982377290725708, 0.994792640209198, 0.3041958510875702, 0.18160948157310486], "bboxes": [[333.9063415527344, 206.46832275390625, 680.4603271484375, 744.165771484375], [136.13043212890625, 190.36563110351562, 404.784912109375, 516.4638671875], [12.53961181640625, 180.18106079101562, 738.8963012695312, 783.3577880859375], [141.00814819335938, 188.3994903564453, 591.584228515625, 611.5247192382812]]}