{"labels": [0], "scores": [0.9983116388320923], "bboxes": [[156.6490020751953, 12.18204116821289, 543.2874145507812, 896.0]]}