{"labels": [0], "scores": [0.998791515827179], "bboxes": [[49.25445556640625, 159.8860626220703, 760.8330688476562, 647.5516357421875]]}