{"labels": [0], "scores": [0.9912236928939819], "bboxes": [[73.46295166015625, 104.17794799804688, 697.2758178710938, 795.8876953125]]}