{"labels": [0, 0, 0], "scores": [0.9798500537872314, 0.4228150248527527, 0.05616474524140358], "bboxes": [[0.0, 33.322265625, 795.6668701171875, 592.4187622070312], [1.560882568359375, 459.7695007324219, 789.79052734375, 569.3262939453125], [0.0, 513.4140014648438, 796.625, 800.0]]}