{"labels": [0], "scores": [0.9982234835624695], "bboxes": [[41.803253173828125, 0.0, 796.922119140625, 747.7900390625]]}