{"labels": [0], "scores": [0.9968199729919434], "bboxes": [[129.80613708496094, 265.2759704589844, 611.17041015625, 598.592041015625]]}