{"labels": [0], "scores": [0.9982884526252747], "bboxes": [[204.76919555664062, 163.38552856445312, 597.0894775390625, 780.278076171875]]}