{"labels": [0], "scores": [0.9979323148727417], "bboxes": [[190.38804626464844, 95.32803344726562, 657.224365234375, 762.3179931640625]]}