{"labels": [0], "scores": [0.9962828755378723], "bboxes": [[304.94952392578125, 50.78316879272461, 700.4822998046875, 597.8582763671875]]}