{"labels": [0, 0], "scores": [0.99750816822052, 0.9960821270942688], "bboxes": [[96.31936645507812, 193.38885498046875, 432.5410461425781, 777.1707153320312], [451.1339111328125, 144.3604736328125, 797.7857666015625, 631.4312744140625]]}