{"labels": [0, 0], "scores": [0.9829419851303101, 0.974302351474762], "bboxes": [[379.1263427734375, 266.15771484375, 710.301513671875, 585.546875], [112.328369140625, 417.2113342285156, 442.521484375, 640.4456176757812]]}