{"labels": [0, 0], "scores": [0.9952031373977661, 0.05131734162569046], "bboxes": [[101.82550048828125, 111.33041381835938, 773.8695678710938, 792.744140625], [145.275390625, 549.9581298828125, 662.9561767578125, 789.9632568359375]]}