{"labels": [0, 0], "scores": [0.997317373752594, 0.053848084062337875], "bboxes": [[28.7935791015625, 82.65509033203125, 654.3046875, 777.8358764648438], [537.6154174804688, 596.2329711914062, 634.6679077148438, 787.5402221679688]]}