{"labels": [0], "scores": [0.9982755184173584], "bboxes": [[0.0, 290.36566162109375, 677.4514770507812, 869.0651245117188]]}