{"labels": [0, 0], "scores": [0.9898728132247925, 0.05218764767050743], "bboxes": [[0.159576416015625, 339.34649658203125, 694.035400390625, 858.9769897460938], [76.65641784667969, 379.7003173828125, 586.698486328125, 709.6218872070312]]}