{"labels": [0], "scores": [0.9897009134292603], "bboxes": [[229.20254516601562, 211.18426513671875, 581.100830078125, 786.3449096679688]]}