{"labels": [0, 0], "scores": [0.9868916869163513, 0.19496721029281616], "bboxes": [[100.71023559570312, 2.12457275390625, 685.84033203125, 789.3726196289062], [107.47470092773438, 258.701171875, 656.64990234375, 507.0919189453125]]}