{"labels": [0], "scores": [0.9537200927734375], "bboxes": [[203.5748291015625, 304.85455322265625, 638.7545166015625, 652.4712524414062]]}