{"labels": [0], "scores": [0.9963435530662537], "bboxes": [[65.59352111816406, 148.14205932617188, 533.99755859375, 876.1196899414062]]}