{"labels": [0], "scores": [0.9972944855690002], "bboxes": [[60.657135009765625, 21.6544189453125, 785.111572265625, 783.247314453125]]}