{"labels": [0, 0, 0, 0, 0, 0, 0, 0, 0, 0], "scores": [0.9985672235488892, 0.9973631501197815, 0.9963363409042358, 0.9960886240005493, 0.9943017959594727, 0.9936536550521851, 0.7588050961494446, 0.6358135938644409, 0.3040662407875061, 0.1225169450044632], "bboxes": [[499.8988037109375, 298.8381042480469, 789.0308837890625, 364.2894592285156], [10.394989013671875, 257.99310302734375, 441.9112548828125, 666.2977294921875], [502.12725830078125, 372.5305480957031, 789.7826538085938, 438.0707702636719], [501.65985107421875, 222.24136352539062, 786.5150756835938, 290.9586486816406], [502.3561096191406, 442.8270263671875, 787.27099609375, 509.50274658203125], [499.02093505859375, 510.8252258300781, 786.3585815429688, 583.2784423828125], [498.1099853515625, 143.61936950683594, 788.3175048828125, 312.75628662109375], [495.229248046875, 142.6961212158203, 792.4075927734375, 220.82789611816406], [495.52685546875, 465.26397705078125, 783.5352783203125, 567.8421020507812], [495.0617980957031, 354.2941589355469, 786.9268798828125, 518.0785522460938]]}