{"labels": [0, 0], "scores": [0.9924178123474121, 0.07661934196949005], "bboxes": [[0.0, 252.36721801757812, 796.51025390625, 602.61474609375], [9.0887451171875, 252.4860076904297, 603.498291015625, 478.8702392578125]]}