{"labels": [0], "scores": [0.9904270172119141], "bboxes": [[71.54354858398438, 310.0756530761719, 733.0721435546875, 484.1856384277344]]}