{"labels": [0, 0, 0], "scores": [0.9965994954109192, 0.9042783975601196, 0.7358272671699524], "bboxes": [[23.4654541015625, 121.09967041015625, 745.6959228515625, 778.4240112304688], [637.040771484375, 43.586700439453125, 800.0, 644.6298828125], [90.51956176757812, 0.0, 772.238037109375, 280.36474609375]]}