{"labels": [0, 0], "scores": [0.9839189648628235, 0.09632859379053116], "bboxes": [[18.26611328125, 332.7587890625, 781.2401123046875, 708.160400390625], [59.019439697265625, 70.77279663085938, 715.9639892578125, 592.7640380859375]]}