{"labels": [0], "scores": [0.9988946318626404], "bboxes": [[209.51327514648438, 31.663970947265625, 601.4957275390625, 749.94287109375]]}