{"labels": [0], "scores": [0.9959230422973633], "bboxes": [[100.51901245117188, 229.06553649902344, 754.26904296875, 649.8201904296875]]}