{"labels": [0, 0], "scores": [0.9409189820289612, 0.2720242142677307], "bboxes": [[135.49668884277344, 41.97381591796875, 634.6869506835938, 732.0281372070312], [154.52090454101562, 105.21807861328125, 607.861328125, 463.0299072265625]]}