{"labels": [0, 0, 0], "scores": [0.9764061570167542, 0.349945604801178, 0.09667805582284927], "bboxes": [[181.6772918701172, 401.04913330078125, 680.5291137695312, 709.1320190429688], [19.116943359375, 91.34280395507812, 684.8361206054688, 719.629638671875], [4.94915771484375, 0.0, 677.4303588867188, 344.5242919921875]]}