{"labels": [0], "scores": [0.9976074695587158], "bboxes": [[154.91241455078125, 174.30856323242188, 665.7996215820312, 656.29248046875]]}