{"labels": [0, 0, 0, 0, 0, 0, 0, 0], "scores": [0.987148106098175, 0.9517266154289246, 0.9018583297729492, 0.8943123817443848, 0.6833211183547974, 0.19137781858444214, 0.12102101743221283, 0.09971261769533157], "bboxes": [[416.3912353515625, 509.67852783203125, 778.992431640625, 785.8081665039062], [391.70892333984375, 54.26568603515625, 743.0000610351562, 558.6982421875], [25.227325439453125, 507.1495361328125, 410.4440612792969, 780.1458740234375], [65.74760437011719, 54.8189697265625, 437.62872314453125, 557.7989501953125], [415.7419128417969, 66.27618408203125, 537.2653198242188, 523.5203857421875], [56.90269470214844, 75.86053466796875, 257.3531494140625, 508.7718505859375], [80.07772827148438, 46.199127197265625, 743.1402587890625, 584.2091064453125], [284.8466796875, 68.9595947265625, 422.59722900390625, 550.47900390625]]}