{"labels": [0], "scores": [0.9988871216773987], "bboxes": [[154.5731964111328, 19.67779541015625, 625.1502075195312, 800.0]]}