{"labels": [0, 0, 0, 0, 0, 0], "scores": [0.9798694849014282, 0.6664822697639465, 0.2386469691991806, 0.17060790956020355, 0.07076513022184372, 0.06659509241580963], "bboxes": [[40.717994689941406, 40.45635986328125, 695.5821533203125, 723.8467407226562], [84.17778778076172, 291.19842529296875, 608.3619384765625, 704.4893798828125], [495.9582214355469, 686.5592041015625, 592.8844604492188, 770.9739379882812], [494.7430725097656, 683.1190185546875, 681.2888793945312, 895.9835815429688], [1.5101547241210938, 92.09463500976562, 671.677490234375, 437.9718017578125], [0.0, 582.1150512695312, 45.16848373413086, 788.3844604492188]]}