{"labels": [0], "scores": [0.9986318945884705], "bboxes": [[45.467132568359375, 59.74969482421875, 697.63916015625, 745.3633422851562]]}