{"labels": [0], "scores": [0.999019980430603], "bboxes": [[22.466644287109375, 214.44668579101562, 780.1546630859375, 659.5924072265625]]}