{"labels": [0, 0, 0, 0, 0, 0], "scores": [0.7114564180374146, 0.2350325584411621, 0.09796318411827087, 0.08987411856651306, 0.07049299776554108, 0.06455381214618683], "bboxes": [[267.819091796875, 189.00473022460938, 489.2640380859375, 518.211181640625], [132.04046630859375, 210.38958740234375, 799.346435546875, 767.646484375], [284.5201110839844, 437.13177490234375, 476.2847595214844, 703.6082153320312], [11.17620849609375, 168.39508056640625, 513.1080932617188, 509.6331787109375], [307.8358154296875, 514.7467041015625, 443.38714599609375, 702.97705078125], [185.2066192626953, 178.34690856933594, 531.0285034179688, 663.293701171875]]}