{"labels": [0], "scores": [0.9949920773506165], "bboxes": [[238.41876220703125, 12.850360870361328, 528.6968994140625, 869.4901123046875]]}