{"labels": [0, 0], "scores": [0.9951373934745789, 0.5727458596229553], "bboxes": [[0.0, 110.29251098632812, 799.1209716796875, 745.0462646484375], [185.46640014648438, 101.44831848144531, 594.3040771484375, 356.8798828125]]}