{"labels": [0], "scores": [0.9964176416397095], "bboxes": [[266.5941467285156, 67.15130615234375, 495.7456359863281, 741.3441162109375]]}