{"labels": [0, 0], "scores": [0.9909548163414001, 0.21062280237674713], "bboxes": [[91.22573852539062, 46.56846618652344, 722.8392333984375, 532.6646728515625], [0.0, 315.52130126953125, 738.025634765625, 787.2335815429688]]}