{"labels": [0], "scores": [0.9989295601844788], "bboxes": [[11.705047607421875, 50.452362060546875, 797.854736328125, 705.3363037109375]]}