{"labels": [0, 0, 0], "scores": [0.9908018708229065, 0.6521431803703308, 0.32760703563690186], "bboxes": [[271.17816162109375, 5.775177001953125, 644.6219482421875, 485.1943664550781], [5.6730804443359375, 277.1435852050781, 408.076171875, 796.455322265625], [4.404937744140625, 137.14706420898438, 661.682373046875, 784.6197509765625]]}