{"labels": [0, 0, 0], "scores": [0.9920587539672852, 0.8324661254882812, 0.7621998190879822], "bboxes": [[200.1283416748047, 232.0423583984375, 563.3270263671875, 759.1605224609375], [299.3987731933594, 607.150390625, 543.5054931640625, 757.0943603515625], [0.6174163818359375, 321.9176940917969, 251.34193420410156, 532.3612670898438]]}