{"labels": [0], "scores": [0.998246431350708], "bboxes": [[43.943878173828125, 40.354522705078125, 642.1815185546875, 800.0]]}