{"labels": [0, 0, 0], "scores": [0.9800745248794556, 0.10201010853052139, 0.06428968161344528], "bboxes": [[102.19619750976562, 267.99420166015625, 558.39013671875, 816.0623779296875], [294.2856750488281, 665.0079956054688, 339.7987060546875, 728.6766357421875], [185.79800415039062, 690.09375, 490.2398376464844, 859.0255126953125]]}