{"labels": [0], "scores": [0.9929623007774353], "bboxes": [[38.391937255859375, 126.05545043945312, 709.16015625, 668.0968017578125]]}