{"labels": [0], "scores": [0.9992204904556274], "bboxes": [[29.951507568359375, 82.30523681640625, 770.5408935546875, 740.916015625]]}