{"labels": [0, 0], "scores": [0.9969536066055298, 0.3468743562698364], "bboxes": [[288.97210693359375, 0.0, 512.2305297851562, 707.5825805664062], [280.88702392578125, 676.0157470703125, 500.4185791015625, 800.0]]}