{"labels": [0, 0, 0], "scores": [0.9805094003677368, 0.5967355966567993, 0.06576327234506607], "bboxes": [[30.053192138671875, 202.57510375976562, 785.1373291015625, 453.5863342285156], [595.7921752929688, 456.47869873046875, 718.0475463867188, 622.8433227539062], [15.345611572265625, 222.22979736328125, 773.78564453125, 703.7174682617188]]}