{"labels": [0], "scores": [0.9795528054237366], "bboxes": [[10.9971923828125, 122.64248657226562, 791.6043090820312, 722.1649169921875]]}