{"labels": [0, 0, 0, 0, 0, 0, 0, 0, 0, 0, 0], "scores": [0.8075028657913208, 0.7065656185150146, 0.4203081727027893, 0.3433733880519867, 0.29120516777038574, 0.22774145007133484, 0.21178525686264038, 0.196037158370018, 0.14183762669563293, 0.10138490796089172, 0.0898151844739914], "bboxes": [[428.0262145996094, 116.93649291992188, 752.541259765625, 666.8475341796875], [0.0, 101.74368286132812, 776.89794921875, 672.087646484375], [242.2755126953125, 106.60350036621094, 497.446044921875, 472.74755859375], [20.70416259765625, 267.00115966796875, 277.00152587890625, 658.5601806640625], [263.1250305175781, 273.25311279296875, 471.3317565917969, 491.73297119140625], [24.747390747070312, 117.22329711914062, 353.0135498046875, 576.9844970703125], [231.23391723632812, 469.0375671386719, 464.0665588378906, 637.2279663085938], [51.01384735107422, 299.19085693359375, 230.23428344726562, 471.234619140625], [223.08982849121094, 124.44895935058594, 572.7152709960938, 624.3709106445312], [500.82757568359375, 300.3667907714844, 679.0466918945312, 492.0844421386719], [134.87841796875, 115.77487182617188, 381.6834716796875, 442.4823303222656]]}