{"labels": [0, 0], "scores": [0.9966564178466797, 0.11470521241426468], "bboxes": [[434.1856689453125, 134.30783081054688, 751.4052734375, 701.4652099609375], [0.64910888671875, 47.789794921875, 531.9996948242188, 759.95263671875]]}