{"labels": [0], "scores": [0.997240424156189], "bboxes": [[66.53912353515625, 223.76345825195312, 640.2816772460938, 800.0]]}