{"labels": [0, 0, 0, 0, 0, 0, 0, 0], "scores": [0.9669555425643921, 0.9468225240707397, 0.9303419589996338, 0.8722213506698608, 0.8070105314254761, 0.6606677174568176, 0.47428300976753235, 0.05622100085020065], "bboxes": [[78.79745483398438, 66.92599487304688, 237.98574829101562, 733.722900390625], [54.070526123046875, 93.31668090820312, 760.8016357421875, 753.5552978515625], [622.2395629882812, 210.24227905273438, 740.3038940429688, 695.429443359375], [450.1205139160156, 164.06668090820312, 553.8297729492188, 538.5611572265625], [542.5001220703125, 195.66204833984375, 635.2918701171875, 592.6757202148438], [229.0478973388672, 108.69088745117188, 367.2772216796875, 694.399658203125], [332.3891296386719, 140.92335510253906, 465.4573669433594, 617.638427734375], [309.1951904296875, 150.71347045898438, 661.5833129882812, 714.81298828125]]}