{"labels": [0, 0, 0, 0, 0], "scores": [0.9021969437599182, 0.807915985584259, 0.21188712120056152, 0.15529556572437286, 0.08248378336429596], "bboxes": [[188.56646728515625, 11.792343139648438, 727.6478271484375, 474.94287109375], [74.79896545410156, 141.44789123535156, 320.6732177734375, 214.94056701660156], [320.79461669921875, 572.6526489257812, 490.93865966796875, 740.6909790039062], [84.23909759521484, 575.4366455078125, 253.19631958007812, 742.2138671875], [563.6890869140625, 581.30615234375, 725.742431640625, 745.324462890625]]}