{"labels": [0], "scores": [0.9812182188034058], "bboxes": [[188.93455505371094, 106.71183776855469, 615.3132934570312, 507.78857421875]]}