{"labels": [0, 0, 0, 0, 0, 0], "scores": [0.9953757524490356, 0.2514186203479767, 0.11249290406703949, 0.05751489847898483, 0.05726788192987442, 0.052521124482154846], "bboxes": [[0.0, 37.063995361328125, 798.9052734375, 800.0], [201.48703002929688, 383.5516662597656, 260.5639953613281, 453.3199157714844], [274.8655700683594, 407.2955017089844, 341.1818542480469, 482.0043640136719], [274.2582092285156, 210.65455627441406, 334.3270568847656, 283.90509033203125], [214.60791015625, 302.53631591796875, 259.1980895996094, 366.9569091796875], [189.5373077392578, 177.87777709960938, 250.4189910888672, 259.9117431640625]]}