{"labels": [0, 0, 0, 0, 0, 0], "scores": [0.9708446860313416, 0.8389269113540649, 0.7683387994766235, 0.6200275421142578, 0.4287758469581604, 0.09000074863433838], "bboxes": [[132.5372314453125, 5.360321044921875, 756.9971313476562, 663.3519287109375], [36.7784423828125, 0.185302734375, 621.2053833007812, 469.2490234375], [499.61322021484375, 17.20379638671875, 796.1843872070312, 754.8753662109375], [372.12451171875, 89.55831909179688, 723.928466796875, 673.2000732421875], [266.18621826171875, 39.1275634765625, 612.0142211914062, 586.1337280273438], [134.8450164794922, 102.38302612304688, 484.53765869140625, 507.7162170410156]]}