{"labels": [0, 0, 0], "scores": [0.9872668385505676, 0.6043869853019714, 0.09037791192531586], "bboxes": [[27.437591552734375, 15.74139404296875, 796.2691650390625, 770.15478515625], [69.62600708007812, 289.6741943359375, 488.7806091308594, 717.4488525390625], [86.97744750976562, 326.8721923828125, 307.5177307128906, 619.53076171875]]}