{"labels": [0], "scores": [0.9970596432685852], "bboxes": [[115.88546752929688, 75.39459228515625, 730.771728515625, 756.2809448242188]]}