{"labels": [0, 0, 0, 0], "scores": [0.9611174464225769, 0.9496375322341919, 0.13738244771957397, 0.06763510406017303], "bboxes": [[175.93368530273438, 29.1021728515625, 384.5065612792969, 779.1212158203125], [428.0550842285156, 30.3321533203125, 674.4490966796875, 784.9672241210938], [191.2720947265625, 23.330665588378906, 426.4393310546875, 248.94317626953125], [190.69386291503906, 14.1585693359375, 672.594482421875, 776.0416259765625]]}