{"labels": [0], "scores": [0.9970759153366089], "bboxes": [[290.5497741699219, 6.318939208984375, 533.3016967773438, 795.4661865234375]]}