{"labels": [0], "scores": [0.9187475442886353], "bboxes": [[12.4951171875, 275.1142578125, 791.0564575195312, 765.07373046875]]}