{"labels": [0, 0, 0, 0], "scores": [0.9973798394203186, 0.9874089956283569, 0.8911583423614502, 0.0698988288640976], "bboxes": [[63.74993896484375, 301.2650146484375, 714.7970581054688, 684.9409790039062], [492.11993408203125, 26.786880493164062, 781.3633422851562, 378.5296630859375], [322.2394714355469, 27.055419921875, 616.8966064453125, 333.0276794433594], [87.68736267089844, 287.438720703125, 390.25115966796875, 673.607177734375]]}