{"labels": [0, 0, 0, 0], "scores": [0.9742079973220825, 0.9705069661140442, 0.10586928576231003, 0.08721677213907242], "bboxes": [[0.0, 143.2620849609375, 399.450927734375, 693.1071166992188], [359.5793151855469, 116.73251342773438, 784.52001953125, 791.385498046875], [385.66632080078125, 396.17816162109375, 768.7238159179688, 768.9734497070312], [114.66006469726562, 112.55194091796875, 693.3929443359375, 783.3949584960938]]}