{"labels": [0, 0], "scores": [0.9924318790435791, 0.944501519203186], "bboxes": [[438.20562744140625, 151.49722290039062, 612.3908081054688, 776.2860107421875], [195.2261962890625, 43.29742431640625, 474.82586669921875, 766.0140380859375]]}