{"labels": [0, 0], "scores": [0.9879786968231201, 0.059295810759067535], "bboxes": [[199.98162841796875, 219.33226013183594, 537.4772338867188, 877.7297973632812], [245.29554748535156, 195.5216827392578, 545.919189453125, 572.8250122070312]]}