{"labels": [0], "scores": [0.9601414799690247], "bboxes": [[186.36842346191406, 77.57461547851562, 594.501220703125, 727.2855224609375]]}