{"labels": [0, 0, 0], "scores": [0.9955002665519714, 0.5557188987731934, 0.14581705629825592], "bboxes": [[69.7430419921875, 123.14989471435547, 504.38934326171875, 774.7749633789062], [27.885719299316406, 653.061767578125, 165.49050903320312, 837.0987548828125], [392.70330810546875, 746.6138916015625, 600.4981689453125, 830.0255737304688]]}