{"labels": [0, 0], "scores": [0.9984834790229797, 0.784306526184082], "bboxes": [[2.016754150390625, 0.0, 799.8319091796875, 715.04052734375], [260.52130126953125, 464.0284423828125, 481.8289794921875, 682.3760986328125]]}