{"labels": [0], "scores": [0.9991350769996643], "bboxes": [[45.327667236328125, 70.58453369140625, 774.2645263671875, 703.0966186523438]]}