{"labels": [0, 0], "scores": [0.9944102168083191, 0.08149107545614243], "bboxes": [[124.45864868164062, 0.0, 685.314453125, 798.4419555664062], [129.8593292236328, 4.955596923828125, 405.02679443359375, 800.0]]}