{"labels": [0], "scores": [0.9985194802284241], "bboxes": [[112.01123046875, 21.000579833984375, 683.9495849609375, 776.684326171875]]}