{"labels": [0], "scores": [0.9979636669158936], "bboxes": [[180.4970245361328, 53.6448974609375, 643.9425659179688, 787.0219116210938]]}