{"labels": [0, 0, 0, 0, 0, 0], "scores": [0.9882943630218506, 0.9834139943122864, 0.9800904393196106, 0.6516493558883667, 0.2922029197216034, 0.08783785998821259], "bboxes": [[51.9384651184082, 382.98687744140625, 179.46923828125, 779.2201538085938], [4.210002899169922, 203.52951049804688, 223.20816040039062, 390.9667053222656], [455.62249755859375, 731.2861328125, 629.322265625, 880.6022338867188], [389.77313232421875, 445.11138916015625, 691.084716796875, 743.9288330078125], [453.78021240234375, 8.52737808227539, 700.0, 427.2704162597656], [8.58767318725586, 0.0, 477.6250305175781, 766.611083984375]]}