{"labels": [0, 0, 0], "scores": [0.9886642098426819, 0.8631343841552734, 0.09400478005409241], "bboxes": [[250.4920654296875, 251.32614135742188, 582.6394653320312, 528.3685302734375], [57.69598388671875, 477.98443603515625, 752.8321533203125, 800.0], [79.87017822265625, 243.18246459960938, 717.0769653320312, 680.29443359375]]}