{"labels": [0, 0, 0], "scores": [0.9880267381668091, 0.216335728764534, 0.1569109708070755], "bboxes": [[13.284454345703125, 106.5943603515625, 789.778076171875, 728.3659057617188], [431.3337707519531, 324.7344055175781, 681.9509887695312, 486.6940612792969], [234.03738403320312, 374.818603515625, 490.9455261230469, 573.37841796875]]}