{"labels": [0], "scores": [0.9964107871055603], "bboxes": [[0.0, 59.04156494140625, 800.0, 746.7548828125]]}