{"labels": [0, 0, 0, 0, 0, 0, 0, 0, 0, 0, 0], "scores": [0.8113371729850769, 0.807877242565155, 0.7673758268356323, 0.6353247165679932, 0.49959418177604675, 0.4080994129180908, 0.3561970591545105, 0.3303215205669403, 0.24340057373046875, 0.1471228450536728, 0.06460417807102203], "bboxes": [[465.656494140625, 17.43891143798828, 707.7384033203125, 229.26498413085938], [23.435302734375, 170.22103881835938, 757.456298828125, 780.27197265625], [72.54060363769531, 204.38470458984375, 352.95880126953125, 493.01971435546875], [432.11810302734375, 422.3157958984375, 716.1950073242188, 769.830810546875], [266.1627502441406, 295.5775146484375, 585.841064453125, 592.4907836914062], [574.295166015625, 384.6885681152344, 787.6865234375, 615.47900390625], [18.240432739257812, 330.7199401855469, 388.450439453125, 787.0150146484375], [298.72564697265625, 177.10125732421875, 757.4279174804688, 543.731689453125], [81.84988403320312, 174.42404174804688, 668.286865234375, 492.7972717285156], [440.80291748046875, 181.68740844726562, 747.4707641601562, 429.0290832519531], [87.91110229492188, 505.93853759765625, 384.6918029785156, 785.5317993164062]]}