{"labels": [0, 0], "scores": [0.9976029992103577, 0.14686040580272675], "bboxes": [[308.92694091796875, 276.9482421875, 753.7062377929688, 741.67333984375], [452.5867919921875, 78.22842407226562, 599.38818359375, 288.9587707519531]]}