{"labels": [0, 0, 0], "scores": [0.9981202483177185, 0.7733822464942932, 0.6004041433334351], "bboxes": [[156.4561309814453, 231.3529815673828, 640.8560791015625, 758.6427001953125], [269.76861572265625, 27.84716033935547, 478.0647277832031, 176.94100952148438], [311.92913818359375, 720.8611450195312, 575.00244140625, 895.7579345703125]]}