{"labels": [0, 0], "scores": [0.9953939914703369, 0.05727547034621239], "bboxes": [[176.00404357910156, 98.08462524414062, 450.85986328125, 719.361083984375], [342.4300537109375, 109.63864135742188, 452.15606689453125, 705.2398681640625]]}