{"labels": [0, 0], "scores": [0.9978918433189392, 0.09125083684921265], "bboxes": [[92.647216796875, 114.3428955078125, 764.002197265625, 709.836181640625], [405.3434143066406, 113.78395080566406, 783.638427734375, 375.83465576171875]]}