{"labels": [0, 0, 0, 0, 0, 0, 0, 0, 0], "scores": [0.9767065048217773, 0.9740650057792664, 0.9682318568229675, 0.9567025303840637, 0.7087566256523132, 0.23820027709007263, 0.1999504715204239, 0.15952958166599274, 0.07186981290578842], "bboxes": [[416.4161376953125, 8.928939819335938, 688.078857421875, 270.3917236328125], [268.5484924316406, 412.1112060546875, 736.439208984375, 796.3868408203125], [73.71469116210938, 322.57940673828125, 430.5051574707031, 680.97802734375], [123.89385986328125, 14.71905517578125, 516.8955688476562, 266.2882080078125], [198.2443084716797, 395.5283508300781, 568.1683959960938, 737.223876953125], [117.23787689208984, 4.9663848876953125, 312.69378662109375, 240.16946411132812], [85.48876953125, 307.717041015625, 694.9971313476562, 756.051513671875], [322.9461669921875, 25.982772827148438, 483.31829833984375, 266.9892578125], [231.83668518066406, 19.683326721191406, 381.28314208984375, 250.23464965820312]]}