{"labels": [0], "scores": [0.9978596568107605], "bboxes": [[281.77313232421875, 38.9366455078125, 700.7941284179688, 790.0867919921875]]}