{"labels": [0, 0], "scores": [0.9741196632385254, 0.313656747341156], "bboxes": [[0.0, 57.20318603515625, 752.6876220703125, 748.6934204101562], [57.140045166015625, 61.906341552734375, 712.246826171875, 420.5321960449219]]}