{"labels": [0], "scores": [0.9655326008796692], "bboxes": [[188.7018280029297, 50.457183837890625, 584.0263061523438, 799.963134765625]]}