{"labels": [0, 0, 0, 0], "scores": [0.990312933921814, 0.699906051158905, 0.27095285058021545, 0.0921255424618721], "bboxes": [[13.351806640625, 41.31396484375, 773.5730590820312, 723.1986694335938], [16.186386108398438, 269.425537109375, 504.1478271484375, 717.2459106445312], [534.738525390625, 327.6661376953125, 781.048095703125, 634.2838745117188], [573.4065551757812, 325.63702392578125, 754.2401733398438, 523.3948974609375]]}