{"labels": [0, 0], "scores": [0.986581563949585, 0.2567552924156189], "bboxes": [[185.07406616210938, 66.866455078125, 599.0889892578125, 683.8480834960938], [469.3230895996094, 101.32131958007812, 615.92236328125, 665.8907470703125]]}