{"labels": [0, 0], "scores": [0.9969322681427002, 0.052038200199604034], "bboxes": [[0.0, 114.31578063964844, 787.6160888671875, 626.2548217773438], [496.3243713378906, 408.1917724609375, 785.445556640625, 635.041015625]]}