{"labels": [0, 0, 0, 0], "scores": [0.9932032823562622, 0.9920685291290283, 0.991152822971344, 0.9732864499092102], "bboxes": [[403.5997009277344, 174.120849609375, 586.8214721679688, 747.7301025390625], [215.9344482421875, 164.15823364257812, 395.78350830078125, 742.7681884765625], [32.675987243652344, 168.969970703125, 212.212158203125, 740.4550170898438], [591.1483154296875, 168.66094970703125, 778.010498046875, 752.0330200195312]]}