{"labels": [0, 0, 0], "scores": [0.9898465275764465, 0.9770150184631348, 0.9508007764816284], "bboxes": [[455.1201171875, 102.9114990234375, 773.414794921875, 551.916748046875], [9.5277099609375, 122.00567626953125, 436.10577392578125, 525.6173706054688], [445.7119140625, 255.8183135986328, 642.5216064453125, 518.3353881835938]]}