{"labels": [0, 0, 0, 0, 0], "scores": [0.9678290486335754, 0.8190118670463562, 0.549436092376709, 0.10120940953493118, 0.05413120985031128], "bboxes": [[195.6842041015625, 18.935256958007812, 593.7305908203125, 405.698486328125], [187.06932067871094, 291.16094970703125, 428.31396484375, 398.3104248046875], [0.9840087890625, 278.2689208984375, 776.4068603515625, 800.0], [141.95819091796875, 43.158416748046875, 688.8960571289062, 626.0406494140625], [336.0662536621094, 0.0, 687.374267578125, 172.40597534179688]]}