{"labels": [0, 0], "scores": [0.9569663405418396, 0.4662623107433319], "bboxes": [[228.51364135742188, 328.71002197265625, 734.6876220703125, 655.9832153320312], [4.7574462890625, 100.87408447265625, 759.0521240234375, 648.3903198242188]]}