{"labels": [0, 0, 0, 0, 0, 0, 0, 0, 0, 0, 0, 0, 0, 0, 0, 0, 0, 0, 0, 0], "scores": [0.9905381202697754, 0.9731578230857849, 0.9706003665924072, 0.9524415731430054, 0.950850784778595, 0.9473066926002502, 0.9332985877990723, 0.9297714233398438, 0.9257261157035828, 0.9112526178359985, 0.9070268869400024, 0.7988844513893127, 0.7322167158126831, 0.6454312801361084, 0.5861243009567261, 0.543397068977356, 0.47850489616394043, 0.12168103456497192, 0.10320857912302017, 0.06022656708955765], "bboxes": [[21.01879119873047, 530.8609008789062, 181.17593383789062, 684.8296508789062], [181.26858520507812, 495.66571044921875, 335.0532531738281, 647.5045776367188], [317.5427551269531, 364.5119934082031, 444.1359558105469, 487.4173889160156], [669.4483642578125, 534.1210327148438, 799.490478515625, 697.5055541992188], [186.62481689453125, 632.9656982421875, 359.1751708984375, 799.8433837890625], [25.33556365966797, 410.63714599609375, 166.91571044921875, 543.8025512695312], [16.321945190429688, 670.5773315429688, 183.8211212158203, 800.0], [334.942626953125, 473.9678955078125, 481.8841552734375, 621.927001953125], [615.379150390625, 424.17462158203125, 751.7354736328125, 556.8603515625], [179.2324981689453, 388.74652099609375, 312.60137939453125, 514.2089233398438], [0.0, 120.06434631347656, 797.5550537109375, 402.32598876953125], [347.0871887207031, 596.4300537109375, 525.3338623046875, 786.5938720703125], [579.0314331054688, 328.04754638671875, 697.2279663085938, 439.67486572265625], [518.2957153320312, 571.1715698242188, 678.6384887695312, 731.2543334960938], [478.2575378417969, 448.08856201171875, 619.3839111328125, 585.0038452148438], [449.6528625488281, 348.1795349121094, 571.0265502929688, 463.9932556152344], [0.0, 73.11529541015625, 800.0, 755.7594604492188], [3.285430908203125, 334.2486267089844, 664.436279296875, 800.0], [6.73541259765625, 33.582176208496094, 709.1891479492188, 258.2442321777344], [13.05157470703125, 456.5946960449219, 181.31617736816406, 762.7188720703125]]}