{"labels": [0], "scores": [0.9995012283325195], "bboxes": [[53.75490188598633, 19.38591766357422, 696.8352661132812, 862.54638671875]]}