{"labels": [0, 0, 0, 0, 0, 0], "scores": [0.7990151047706604, 0.7007722854614258, 0.5424001216888428, 0.33335360884666443, 0.21126961708068848, 0.05010279640555382], "bboxes": [[68.17268371582031, 177.53533935546875, 245.94007873535156, 719.884521484375], [523.7705688476562, 221.2152099609375, 692.4247436523438, 712.0333862304688], [30.623565673828125, 0.0, 772.570556640625, 800.0], [79.30413818359375, 7.519256591796875, 368.76226806640625, 777.0220947265625], [438.858642578125, 26.045928955078125, 704.1121826171875, 784.07763671875], [240.7742919921875, 188.6396026611328, 296.9833984375, 661.6614990234375]]}