{"labels": [0, 0], "scores": [0.9960275888442993, 0.9704948663711548], "bboxes": [[109.47439575195312, 0.0, 488.2169494628906, 800.0], [358.28173828125, 521.2277221679688, 648.3827514648438, 669.0001831054688]]}