{"labels": [0], "scores": [0.9902569055557251], "bboxes": [[1.52667236328125, 205.16494750976562, 797.334228515625, 660.6671142578125]]}