{"labels": [0, 0], "scores": [0.996846616268158, 0.05300486460328102], "bboxes": [[252.3243865966797, 150.68048095703125, 588.5787353515625, 865.587158203125], [82.6629638671875, 427.0088195800781, 336.17193603515625, 896.0]]}