{"labels": [0, 0, 0, 0, 0], "scores": [0.9981562495231628, 0.9802315831184387, 0.9572854042053223, 0.9448000192642212, 0.925919234752655], "bboxes": [[74.22760009765625, 33.8416748046875, 767.8216552734375, 730.1812133789062], [2.5607681274414062, 98.44216918945312, 168.9056396484375, 259.4841003417969], [154.36199951171875, 0.0, 435.07550048828125, 169.48846435546875], [0.0, 280.283447265625, 77.0733642578125, 426.0203857421875], [424.90264892578125, 0.1335906982421875, 730.5508422851562, 172.8102264404297]]}