{"labels": [0], "scores": [0.9959321618080139], "bboxes": [[137.99998474121094, 83.74420166015625, 645.859619140625, 719.5316772460938]]}