{"labels": [0, 0, 0], "scores": [0.9967473745346069, 0.9884974956512451, 0.37702327966690063], "bboxes": [[147.84469604492188, 71.98828125, 389.8827209472656, 774.6912231445312], [447.6982727050781, 72.85073852539062, 680.7300415039062, 779.0220947265625], [57.566680908203125, 145.23291015625, 315.755859375, 777.2953491210938]]}