{"labels": [0], "scores": [0.9983227849006653], "bboxes": [[41.567596435546875, 249.9109649658203, 753.4688720703125, 690.798828125]]}