{"labels": [0, 0, 0, 0, 0, 0, 0, 0, 0, 0, 0, 0, 0, 0], "scores": [0.9912697076797485, 0.9899287819862366, 0.9884823560714722, 0.9882224202156067, 0.9812048673629761, 0.979034423828125, 0.8680458068847656, 0.5357933640480042, 0.23036541044712067, 0.17730730772018433, 0.14755471050739288, 0.10649065673351288, 0.08862634003162384, 0.06599432975053787], "bboxes": [[215.37335205078125, 87.63946533203125, 389.30328369140625, 286.5053405761719], [73.03426361083984, 167.59176635742188, 252.38458251953125, 370.3354797363281], [132.65855407714844, 275.3898620605469, 310.01690673828125, 471.4886779785156], [383.743896484375, 86.28365325927734, 561.3971557617188, 288.79669189453125], [548.4044189453125, 151.64466857910156, 730.402099609375, 352.62939453125], [480.453857421875, 266.66864013671875, 659.9176025390625, 464.7666015625], [304.3289794921875, 197.72706604003906, 487.94354248046875, 483.47943115234375], [254.35934448242188, 485.66351318359375, 625.1827392578125, 720.6605834960938], [70.692626953125, 421.4049072265625, 794.8848876953125, 736.2987060546875], [0.0, 154.33984375, 800.0, 745.2689208984375], [94.95124053955078, 214.54067993164062, 293.6559753417969, 426.5144958496094], [304.84661865234375, 575.435546875, 385.542236328125, 692.5159912109375], [360.4910583496094, 173.04640197753906, 489.9747619628906, 351.68975830078125], [400.92987060546875, 93.18380737304688, 472.73724365234375, 164.6412353515625]]}