{"labels": [0, 0, 0, 0, 0], "scores": [0.9789153933525085, 0.9765204787254333, 0.9710007905960083, 0.3556046485900879, 0.183956116437912], "bboxes": [[20.485626220703125, 349.43731689453125, 288.5471496582031, 712.0243530273438], [291.2325134277344, 317.23956298828125, 513.1648559570312, 667.8324584960938], [512.7822875976562, 353.4192810058594, 792.7518920898438, 712.4609375], [252.9103546142578, 46.660804748535156, 369.60919189453125, 180.03448486328125], [69.70553588867188, 31.044097900390625, 190.26925659179688, 172.37295532226562]]}