{"labels": [0, 0], "scores": [0.9989863038063049, 0.15588133037090302], "bboxes": [[26.586273193359375, 20.287322998046875, 792.3094482421875, 762.57177734375], [203.1892852783203, 596.9656372070312, 680.984375, 769.8200073242188]]}