{"labels": [0, 0], "scores": [0.995395839214325, 0.13962508738040924], "bboxes": [[360.84344482421875, 75.23710632324219, 589.4368896484375, 307.99078369140625], [7.39019775390625, 414.06121826171875, 636.4981689453125, 788.5314331054688]]}