{"labels": [0, 0], "scores": [0.9955887794494629, 0.09006930887699127], "bboxes": [[162.44140625, 273.2906799316406, 654.4066162109375, 514.587646484375], [0.0, 248.414306640625, 800.0, 800.0]]}