{"labels": [0], "scores": [0.997484564781189], "bboxes": [[248.023681640625, 3.4867820739746094, 483.829833984375, 589.4583740234375]]}