{"labels": [0], "scores": [0.9986928105354309], "bboxes": [[164.47238159179688, 61.216400146484375, 686.125, 725.46484375]]}