{"labels": [0, 0, 0], "scores": [0.9960508942604065, 0.18465003371238708, 0.061193063855171204], "bboxes": [[0.0, 0.0, 800.0, 800.0], [0.0, 31.630401611328125, 106.66804504394531, 259.82958984375], [58.177955627441406, 8.688507080078125, 303.2900695800781, 364.3389892578125]]}