{"labels": [0], "scores": [0.9990301132202148], "bboxes": [[38.184417724609375, 193.37400817871094, 769.524658203125, 577.2374267578125]]}