{"labels": [0], "scores": [0.9997159838676453], "bboxes": [[25.75225830078125, 27.409820556640625, 774.0380249023438, 786.7569580078125]]}