{"labels": [0, 0], "scores": [0.9919750094413757, 0.9537503123283386], "bboxes": [[24.897262573242188, 147.71734619140625, 518.4020385742188, 663.2125244140625], [372.91510009765625, 173.14816284179688, 768.2683715820312, 593.8187255859375]]}