{"labels": [0], "scores": [0.9924814701080322], "bboxes": [[105.34066772460938, 5.002960205078125, 797.9854736328125, 671.30029296875]]}