{"labels": [0], "scores": [0.9961559176445007], "bboxes": [[16.232086181640625, 229.3812713623047, 782.8070068359375, 518.9989624023438]]}