{"labels": [0, 0, 0], "scores": [0.9630449414253235, 0.4286588728427887, 0.09445179998874664], "bboxes": [[18.5185546875, 47.794281005859375, 725.1736450195312, 796.8663330078125], [434.03533935546875, 50.720703125, 714.0906372070312, 746.7545776367188], [189.4160919189453, 22.362457275390625, 530.3638305664062, 640.1319580078125]]}