{"labels": [0], "scores": [0.9991734623908997], "bboxes": [[144.15216064453125, 23.419403076171875, 680.779541015625, 766.138671875]]}