{"labels": [0], "scores": [0.998435914516449], "bboxes": [[64.49154663085938, 42.24676513671875, 761.43017578125, 777.0983276367188]]}