{"labels": [0, 0], "scores": [0.9910927414894104, 0.9897518157958984], "bboxes": [[131.70339965820312, 133.91546630859375, 482.3552551269531, 775.6096801757812], [441.9474182128906, 128.89431762695312, 658.7713623046875, 771.7490234375]]}