{"labels": [0], "scores": [0.9983800649642944], "bboxes": [[84.47808837890625, 230.76071166992188, 688.79345703125, 709.124755859375]]}