{"labels": [0, 0], "scores": [0.998562753200531, 0.06882285326719284], "bboxes": [[8.36785888671875, 319.6657409667969, 796.5791625976562, 587.4412841796875], [55.33306884765625, 49.16832733154297, 201.9388427734375, 100.86333465576172]]}