{"labels": [0], "scores": [0.9928275942802429], "bboxes": [[114.28656768798828, 180.64093017578125, 524.407958984375, 879.3795166015625]]}