{"labels": [0], "scores": [0.9971150159835815], "bboxes": [[170.5725555419922, 228.56015014648438, 599.6972045898438, 798.3328857421875]]}