{"labels": [0, 0, 0, 0], "scores": [0.9850143790245056, 0.6720243692398071, 0.24505940079689026, 0.07096191495656967], "bboxes": [[197.3813018798828, 11.885009765625, 582.7819213867188, 531.3815307617188], [53.226715087890625, 1.61676025390625, 648.12939453125, 784.0069580078125], [101.95545959472656, 450.9716491699219, 453.5928955078125, 782.1826171875], [66.967041015625, 406.43145751953125, 781.2802124023438, 785.2019653320312]]}