{"labels": [0, 0, 0, 0, 0], "scores": [0.9394494295120239, 0.9336645603179932, 0.8937345147132874, 0.818821370601654, 0.6654885411262512], "bboxes": [[41.62712860107422, 29.894332885742188, 270.6515808105469, 197.42794799804688], [55.54505920410156, 463.15423583984375, 298.38104248046875, 772.7328491210938], [447.2394714355469, 34.74073791503906, 752.20458984375, 370.48614501953125], [397.4527893066406, 450.70623779296875, 716.386962890625, 750.0427856445312], [203.06143188476562, 219.47787475585938, 422.3594055175781, 383.8997497558594]]}