{"labels": [0, 0, 0], "scores": [0.9959447979927063, 0.9109997749328613, 0.05395260453224182], "bboxes": [[22.687530517578125, 171.55319213867188, 563.253173828125, 656.928955078125], [328.554931640625, 242.29898071289062, 782.283935546875, 664.8583984375], [155.019287109375, 101.36380004882812, 430.20684814453125, 364.73992919921875]]}