{"labels": [0, 0, 0, 0, 0, 0], "scores": [0.925785481929779, 0.8415468335151672, 0.7503857612609863, 0.1177956685423851, 0.10305763781070709, 0.05761168152093887], "bboxes": [[117.59019470214844, 268.44183349609375, 481.9957275390625, 551.7857055664062], [135.74337768554688, 236.66226196289062, 726.0858154296875, 536.11083984375], [348.75653076171875, 231.7653350830078, 730.3877563476562, 468.050537109375], [5.0790863037109375, 522.4650268554688, 303.51153564453125, 717.3605346679688], [85.47219848632812, 513.52734375, 763.9434814453125, 713.050537109375], [96.39187622070312, 42.93968200683594, 714.439453125, 251.2053680419922]]}