{"labels": [0], "scores": [0.9957073926925659], "bboxes": [[38.054168701171875, 167.14720153808594, 767.96923828125, 615.6549072265625]]}