{"labels": [0, 0, 0, 0, 0, 0], "scores": [0.9914843440055847, 0.5242932438850403, 0.2858828008174896, 0.13026739656925201, 0.07319866865873337, 0.0665891095995903], "bboxes": [[134.69375610351562, 372.2122802734375, 665.0306396484375, 714.119140625], [422.5809326171875, 100.10649108886719, 662.8204345703125, 401.39556884765625], [544.590576171875, 644.9879150390625, 667.2281494140625, 764.9576416015625], [372.19677734375, 159.9547119140625, 432.641357421875, 275.7796630859375], [638.0357666015625, 489.9423522949219, 787.6619873046875, 624.2800903320312], [81.47137451171875, 78.98599243164062, 678.9876708984375, 739.488525390625]]}