{"labels": [0], "scores": [0.9987404942512512], "bboxes": [[89.757568359375, 42.18280029296875, 728.3075561523438, 771.8230590820312]]}