{"labels": [0], "scores": [0.998869001865387], "bboxes": [[11.31378173828125, 191.57379150390625, 783.0540161132812, 598.1301879882812]]}