{"labels": [0], "scores": [0.9974696636199951], "bboxes": [[111.80950927734375, 11.538116455078125, 685.7244873046875, 792.763427734375]]}