{"labels": [0, 0], "scores": [0.9990567564964294, 0.6354659199714661], "bboxes": [[83.05049896240234, 121.51712036132812, 644.5073852539062, 637.7764892578125], [493.53082275390625, 0.13082295656204224, 700.0376586914062, 68.59761047363281]]}