{"labels": [0, 0, 0, 0, 0, 0, 0], "scores": [0.9964344501495361, 0.8449406623840332, 0.49212199449539185, 0.2297927588224411, 0.11313922703266144, 0.0868370458483696, 0.054363492876291275], "bboxes": [[150.85894775390625, 58.0856819152832, 549.8804931640625, 778.0562744140625], [0.0, 625.000244140625, 488.1202697753906, 881.20703125], [481.82037353515625, 453.23687744140625, 700.0, 876.6266479492188], [416.40301513671875, 190.92648315429688, 694.1552734375, 889.8223266601562], [0.0, 774.9445190429688, 233.66180419921875, 877.0100708007812], [307.520751953125, 633.7661743164062, 493.3653564453125, 869.3198852539062], [117.06697845458984, 447.8282775878906, 499.4970397949219, 861.563720703125]]}