{"labels": [0, 0, 0, 0, 0, 0, 0], "scores": [0.18676279485225677, 0.15454357862472534, 0.12749920785427094, 0.12134455889463425, 0.10780498385429382, 0.08413918316364288, 0.057246409356594086], "bboxes": [[17.5374755859375, 22.455535888671875, 761.3701782226562, 782.5218505859375], [594.6130981445312, 47.88996124267578, 736.2883911132812, 236.49365234375], [331.576171875, 58.73432159423828, 471.74615478515625, 224.47634887695312], [74.39189147949219, 65.74597930908203, 188.77684020996094, 223.12765502929688], [343.1434326171875, 44.29974365234375, 725.0274658203125, 233.48114013671875], [339.5052795410156, 317.86505126953125, 450.0289611816406, 500.28741455078125], [599.2150268554688, 326.3554992675781, 726.7203979492188, 492.7431945800781]]}