{"labels": [0, 0, 0], "scores": [0.9920337796211243, 0.4276247024536133, 0.16582533717155457], "bboxes": [[143.5113525390625, 255.2850341796875, 695.4684448242188, 749.4176025390625], [50.943023681640625, 31.763748168945312, 625.625244140625, 535.8295288085938], [0.157318115234375, 5.9601898193359375, 336.8199768066406, 407.346923828125]]}