{"labels": [0, 0, 0], "scores": [0.9994018077850342, 0.08172120153903961, 0.05020388215780258], "bboxes": [[0.5056724548339844, 157.16514587402344, 696.740966796875, 890.73779296875], [517.7896118164062, 306.0715637207031, 632.53076171875, 404.8619689941406], [0.0, 195.06182861328125, 211.9539337158203, 703.6390380859375]]}