{"labels": [0, 0, 0, 0, 0, 0, 0, 0], "scores": [0.9927218556404114, 0.9925734996795654, 0.9783613085746765, 0.9722295999526978, 0.9459931254386902, 0.3999296724796295, 0.056546203792095184, 0.05168966203927994], "bboxes": [[19.971389770507812, 317.7911376953125, 282.2130126953125, 586.05517578125], [120.68785858154297, 143.67669677734375, 362.5837707519531, 382.54107666015625], [355.53826904296875, 127.66014862060547, 603.5645141601562, 370.39117431640625], [509.7008056640625, 269.49578857421875, 789.5001220703125, 536.3887329101562], [272.435791015625, 339.82763671875, 554.4852905273438, 615.2698364257812], [39.627349853515625, 12.170440673828125, 766.26611328125, 619.4508056640625], [298.69415283203125, 161.34869384765625, 589.365234375, 548.160400390625], [260.0334777832031, 0.0, 797.492431640625, 383.66796875]]}