{"labels": [0], "scores": [0.9971229434013367], "bboxes": [[207.0672149658203, 18.142059326171875, 619.9549560546875, 719.2811279296875]]}