{"labels": [0], "scores": [0.9995238780975342], "bboxes": [[40.308258056640625, 1.143218994140625, 775.6522216796875, 800.0]]}