{"labels": [0], "scores": [0.9995377063751221], "bboxes": [[133.8961181640625, 34.597259521484375, 731.8798828125, 800.0]]}