{"labels": [0, 0], "scores": [0.9989823698997498, 0.05452597513794899], "bboxes": [[0.0, 52.697628021240234, 640.591064453125, 866.3328857421875], [460.08935546875, 559.9161987304688, 699.10693359375, 876.1781616210938]]}