{"labels": [0], "scores": [0.9978336691856384], "bboxes": [[80.71237182617188, 188.4319610595703, 714.4544677734375, 536.7006225585938]]}