{"labels": [0, 0], "scores": [0.9381599426269531, 0.7903211712837219], "bboxes": [[177.45208740234375, 217.1931610107422, 679.2179565429688, 633.937255859375], [63.183135986328125, 46.55242919921875, 669.808837890625, 788.0001220703125]]}