{"labels": [0], "scores": [0.9989697933197021], "bboxes": [[24.26885986328125, 128.2525634765625, 781.490478515625, 618.9486083984375]]}