{"labels": [0, 0, 0, 0, 0, 0], "scores": [0.9074786901473999, 0.8461567759513855, 0.7312976717948914, 0.5501779317855835, 0.13775087893009186, 0.1089276447892189], "bboxes": [[257.33905029296875, 13.8751220703125, 625.3911743164062, 312.0763854980469], [292.06683349609375, 102.94819641113281, 702.3872680664062, 470.58837890625], [279.1611328125, 403.680419921875, 677.6143798828125, 753.002197265625], [4.3152618408203125, 0.0, 372.567626953125, 226.90774536132812], [171.68609619140625, 54.629150390625, 708.9761352539062, 759.8513793945312], [24.900238037109375, 10.510543823242188, 683.462890625, 377.93536376953125]]}