{"labels": [0, 0, 0], "scores": [0.9829817414283752, 0.972883939743042, 0.5351516604423523], "bboxes": [[338.30523681640625, 22.173309326171875, 740.4640502929688, 626.9080810546875], [23.079788208007812, 144.23138427734375, 494.6082763671875, 752.8967895507812], [75.69732666015625, 11.064910888671875, 711.269775390625, 763.2926025390625]]}