{"labels": [0, 0, 0, 0], "scores": [0.9829909801483154, 0.8158800601959229, 0.16257217526435852, 0.10930131375789642], "bboxes": [[0.0, 130.79339599609375, 790.678466796875, 456.45465087890625], [115.61294555664062, 476.6845703125, 647.5941162109375, 678.4656982421875], [572.7011108398438, 439.09423828125, 774.9494018554688, 652.98876953125], [26.337738037109375, 297.875244140625, 777.4395751953125, 682.0323486328125]]}