{"labels": [0, 0, 0, 0], "scores": [0.966056764125824, 0.20142024755477905, 0.145017609000206, 0.05316222086548805], "bboxes": [[86.23310089111328, 57.0611572265625, 317.5102844238281, 795.1715087890625], [461.19622802734375, 432.8161315917969, 768.1170043945312, 629.1053466796875], [50.060302734375, 58.072906494140625, 762.4771118164062, 800.0], [95.21650695800781, 67.19717407226562, 201.8068084716797, 773.3218994140625]]}