{"labels": [0], "scores": [0.9984897375106812], "bboxes": [[150.81900024414062, 38.028900146484375, 681.819091796875, 769.033447265625]]}