{"labels": [0], "scores": [0.9555397629737854], "bboxes": [[108.8961181640625, 49.7713623046875, 741.5499877929688, 569.7064819335938]]}