{"labels": [0, 0, 0, 0, 0, 0, 0], "scores": [0.9748013019561768, 0.9053922891616821, 0.6505946516990662, 0.5929650664329529, 0.11920984089374542, 0.07857227325439453, 0.055092472583055496], "bboxes": [[1.7145519256591797, 456.35382080078125, 320.765380859375, 816.5433349609375], [3.4552860260009766, 21.70109748840332, 315.8556213378906, 372.5973205566406], [401.1732177734375, 470.784912109375, 698.2402954101562, 839.88232421875], [409.0205078125, 14.50967788696289, 697.9404296875, 421.12152099609375], [134.2637176513672, 59.94353485107422, 329.0256652832031, 407.9278564453125], [66.04623413085938, 267.22576904296875, 339.48284912109375, 430.77130126953125], [407.9649353027344, 507.6776123046875, 532.3286743164062, 631.661865234375]]}