{"labels": [0], "scores": [0.9975900650024414], "bboxes": [[57.186492919921875, 218.9626007080078, 668.637451171875, 662.9365234375]]}