{"labels": [0, 0], "scores": [0.9948540329933167, 0.05566512793302536], "bboxes": [[42.2718505859375, 65.20574951171875, 774.05615234375, 782.719970703125], [51.944183349609375, 291.0162353515625, 452.981689453125, 772.4580078125]]}