{"labels": [0], "scores": [0.9985731840133667], "bboxes": [[106.17706298828125, 91.4603271484375, 710.3012084960938, 716.878662109375]]}