{"labels": [0, 0], "scores": [0.9949856996536255, 0.051077909767627716], "bboxes": [[25.186614990234375, 47.327880859375, 799.29345703125, 778.112060546875], [620.376220703125, 361.8099365234375, 790.0875244140625, 523.3252563476562]]}