{"labels": [0, 0], "scores": [0.9967988729476929, 0.6537362933158875], "bboxes": [[5.0826416015625, 149.60037231445312, 800.0, 662.3094482421875], [368.0838623046875, 310.784423828125, 623.56298828125, 504.07373046875]]}