{"labels": [0, 0, 0], "scores": [0.9815000295639038, 0.8418470025062561, 0.06834976375102997], "bboxes": [[293.2649230957031, 98.64599609375, 705.7305908203125, 787.0775146484375], [102.54232788085938, 17.3282470703125, 305.8343200683594, 789.5648803710938], [346.7093505859375, 3.959747314453125, 644.4720458984375, 206.6017303466797]]}