{"labels": [0, 0, 0, 0, 0, 0, 0, 0, 0, 0, 0, 0], "scores": [0.9944372177124023, 0.7474601864814758, 0.5942968130111694, 0.32942402362823486, 0.287171870470047, 0.23981259763240814, 0.13985908031463623, 0.13934645056724548, 0.10412789136171341, 0.07556488364934921, 0.05997052788734436, 0.05662081018090248], "bboxes": [[15.91033935546875, 103.0528564453125, 789.2401123046875, 784.7327880859375], [65.09320831298828, 501.04241943359375, 267.9259338378906, 688.6640014648438], [34.893104553222656, 329.1671142578125, 240.07540893554688, 507.5234375], [421.6644287109375, 517.5795288085938, 661.425537109375, 754.7185668945312], [586.4168701171875, 394.4081726074219, 791.531494140625, 593.495849609375], [247.97476196289062, 564.927734375, 440.6756896972656, 759.5701904296875], [474.2177429199219, 345.8924865722656, 681.5382690429688, 529.5546875], [561.894287109375, 214.00405883789062, 728.99853515625, 422.9562072753906], [31.782264709472656, 0.8344459533691406, 202.59616088867188, 91.26527404785156], [48.469078063964844, 474.4837341308594, 147.89175415039062, 550.2107543945312], [475.78668212890625, 165.70538330078125, 616.0825805664062, 295.4750061035156], [408.49395751953125, 230.51132202148438, 609.1798095703125, 389.6827087402344]]}