{"labels": [0, 0], "scores": [0.992679238319397, 0.08638415485620499], "bboxes": [[144.323974609375, 256.7896728515625, 680.4660034179688, 735.14697265625], [292.21722412109375, 413.2302551269531, 718.317626953125, 749.744140625]]}