{"labels": [0, 0, 0, 0], "scores": [0.9938580393791199, 0.8029007315635681, 0.43215805292129517, 0.1450093388557434], "bboxes": [[418.6739501953125, 25.304595947265625, 720.9178466796875, 778.3592529296875], [14.952133178710938, 14.92181396484375, 445.7978515625, 710.6052856445312], [142.82005310058594, 31.515533447265625, 359.98004150390625, 585.51708984375], [180.17575073242188, 15.372528076171875, 655.1075439453125, 760.7764892578125]]}