{"labels": [0, 0], "scores": [0.9925636649131775, 0.06837961077690125], "bboxes": [[0.285369873046875, 92.52899169921875, 767.634521484375, 773.757080078125], [146.13375854492188, 341.1456298828125, 650.72412109375, 757.6826171875]]}