{"labels": [0, 0, 0, 0], "scores": [0.9892780780792236, 0.9813947677612305, 0.09250929951667786, 0.06371185183525085], "bboxes": [[98.94464111328125, 15.908477783203125, 659.6298828125, 713.9989013671875], [53.876705169677734, 92.44198608398438, 141.70993041992188, 616.9188232421875], [123.00552368164062, 87.96151733398438, 434.0964050292969, 670.1336669921875], [52.67584228515625, 100.06997680664062, 278.1548767089844, 640.9700927734375]]}