{"labels": [0], "scores": [0.9875435829162598], "bboxes": [[261.91943359375, 4.758575439453125, 533.5220336914062, 785.9842529296875]]}