{"labels": [0, 0], "scores": [0.9988932013511658, 0.07842368632555008], "bboxes": [[0.0, 0.0, 800.0, 800.0], [205.72909545898438, 451.7509765625, 358.7786560058594, 603.984619140625]]}