{"labels": [0, 0, 0, 0], "scores": [0.9769446849822998, 0.9492366313934326, 0.24189113080501556, 0.13061803579330444], "bboxes": [[274.95220947265625, 191.60467529296875, 794.9730834960938, 761.1826171875], [64.4784164428711, 231.94796752929688, 248.17721557617188, 447.1169738769531], [478.3955078125, 16.795448303222656, 606.9781494140625, 176.42642211914062], [8.868179321289062, 447.2285461425781, 309.779296875, 748.6583251953125]]}