{"labels": [0], "scores": [0.9932443499565125], "bboxes": [[142.07162475585938, 23.556533813476562, 549.1826171875, 870.800537109375]]}