{"labels": [0, 0], "scores": [0.9978991746902466, 0.6915079951286316], "bboxes": [[143.6688232421875, 231.94680786132812, 700.66845703125, 756.2969970703125], [243.88632202148438, 51.991943359375, 567.9654541015625, 305.2606506347656]]}