{"labels": [0, 0, 0, 0, 0, 0, 0], "scores": [0.9910809397697449, 0.8494465351104736, 0.7791900634765625, 0.7208396792411804, 0.3634697496891022, 0.17234085500240326, 0.09247348457574844], "bboxes": [[70.59036254882812, 412.7092590332031, 388.37969970703125, 642.2049560546875], [501.41668701171875, 514.7918090820312, 765.9494018554688, 666.7355346679688], [169.19326782226562, 142.28529357910156, 554.1063232421875, 560.3941650390625], [293.1489562988281, 224.9693145751953, 454.2821960449219, 590.0560913085938], [451.95880126953125, 156.11561584472656, 643.6992797851562, 576.5901489257812], [67.51960754394531, 199.50132751464844, 470.4547119140625, 643.699951171875], [618.3276977539062, 474.87261962890625, 788.9923706054688, 589.8311157226562]]}