{"labels": [0], "scores": [0.998953104019165], "bboxes": [[51.978271484375, 10.963043212890625, 741.7374267578125, 774.5465087890625]]}