{"labels": [0, 0], "scores": [0.9875005483627319, 0.24619708955287933], "bboxes": [[75.87261962890625, 14.26129150390625, 643.7145385742188, 783.4157104492188], [199.59344482421875, 338.718505859375, 628.6830444335938, 769.9498291015625]]}