{"labels": [0], "scores": [0.9987982511520386], "bboxes": [[35.65374755859375, 111.1849365234375, 764.8090209960938, 682.2305908203125]]}