{"labels": [0], "scores": [0.9996654987335205], "bboxes": [[15.36376953125, 156.41265869140625, 762.5567016601562, 697.3390502929688]]}