{"labels": [0, 0, 0, 0, 0, 0, 0, 0, 0, 0, 0, 0, 0], "scores": [0.8903563618659973, 0.6111722588539124, 0.23482292890548706, 0.22962164878845215, 0.2005988359451294, 0.16923704743385315, 0.1328187882900238, 0.11510743200778961, 0.1125875860452652, 0.0957765132188797, 0.07969392091035843, 0.0516388826072216, 0.0514005608856678], "bboxes": [[134.54339599609375, 390.9223327636719, 648.0960083007812, 795.8065185546875], [144.51077270507812, 32.81141662597656, 682.924560546875, 445.259033203125], [271.6116638183594, 69.90458679199219, 384.4628601074219, 188.0138702392578], [282.248046875, 479.1131591796875, 399.86639404296875, 586.2828369140625], [206.9200439453125, 480.2994384765625, 284.2015380859375, 605.3907470703125], [363.71160888671875, 592.5748901367188, 461.75909423828125, 665.1735229492188], [251.6353302001953, 653.7498168945312, 367.15667724609375, 760.4373168945312], [417.01971435546875, 498.7349548339844, 490.55029296875, 568.2078857421875], [547.8890380859375, 50.18960952758789, 637.6890869140625, 158.7666015625], [218.22698974609375, 746.4908447265625, 266.8590087890625, 799.8040771484375], [182.2587432861328, 596.724609375, 300.9028625488281, 722.2335205078125], [188.9048614501953, 261.7222595214844, 296.2366027832031, 354.7658996582031], [507.7937316894531, 217.41070556640625, 607.7789916992188, 307.2586669921875]]}