{"labels": [0, 0, 0], "scores": [0.99044269323349, 0.2652597725391388, 0.11165991425514221], "bboxes": [[109.173583984375, 70.47222900390625, 737.620849609375, 718.3479614257812], [196.0201873779297, 57.68806457519531, 670.8432006835938, 375.74365234375], [0.0, 2.5602645874023438, 272.8153381347656, 173.4178466796875]]}