{"labels": [0], "scores": [0.9956777691841125], "bboxes": [[149.54568481445312, 216.89022827148438, 505.4010009765625, 843.49853515625]]}