{"labels": [0], "scores": [0.9987038373947144], "bboxes": [[66.15179443359375, 61.16693115234375, 753.598876953125, 727.2317504882812]]}