{"labels": [0], "scores": [0.998119056224823], "bboxes": [[202.1907501220703, 130.862548828125, 626.6646728515625, 658.9070434570312]]}