{"labels": [0], "scores": [0.997897744178772], "bboxes": [[136.12823486328125, 12.91382884979248, 593.317626953125, 696.9326782226562]]}