{"labels": [0], "scores": [0.9989398121833801], "bboxes": [[72.24020385742188, 77.08242797851562, 779.9765625, 763.385498046875]]}