{"labels": [0], "scores": [0.9988125562667847], "bboxes": [[10.00506591796875, 163.63153076171875, 769.9893188476562, 723.0289916992188]]}