{"labels": [0], "scores": [0.9978944659233093], "bboxes": [[95.43386840820312, 42.553802490234375, 761.9141845703125, 591.9666748046875]]}