{"labels": [0, 0], "scores": [0.9952343106269836, 0.19826416671276093], "bboxes": [[21.56512451171875, 231.86959838867188, 793.6829223632812, 759.376220703125], [531.512451171875, 18.858779907226562, 797.3448486328125, 490.93670654296875]]}