{"labels": [0, 0], "scores": [0.99143385887146, 0.09882119297981262], "bboxes": [[220.84613037109375, 246.23565673828125, 486.6404113769531, 743.7886962890625], [214.10406494140625, 719.6066284179688, 495.6330871582031, 896.0]]}