{"labels": [0], "scores": [0.9984095692634583], "bboxes": [[71.61355590820312, 343.04840087890625, 721.49755859375, 621.0821533203125]]}