{"labels": [0], "scores": [0.9974642992019653], "bboxes": [[58.75619125366211, 72.29898071289062, 679.204833984375, 738.508544921875]]}