{"labels": [0, 0], "scores": [0.9564672708511353, 0.13831950724124908], "bboxes": [[164.21051025390625, 247.29904174804688, 640.1576538085938, 608.68994140625], [12.983245849609375, 88.87118530273438, 793.6649169921875, 629.2603759765625]]}