{"labels": [0], "scores": [0.998640239238739], "bboxes": [[53.76544189453125, 393.9622802734375, 732.6132202148438, 659.43603515625]]}