{"labels": [0], "scores": [0.9993299245834351], "bboxes": [[18.924285888671875, 123.2860107421875, 780.8939208984375, 725.857177734375]]}