{"labels": [0, 0, 0], "scores": [0.9871861338615417, 0.14292146265506744, 0.09761421382427216], "bboxes": [[268.32598876953125, 59.6072998046875, 742.6157836914062, 731.6800537109375], [330.5146484375, 570.4447021484375, 777.2984619140625, 740.378662109375], [4.9302520751953125, 137.76931762695312, 373.25921630859375, 715.8170166015625]]}