{"labels": [0, 0], "scores": [0.9907941222190857, 0.09164474159479141], "bboxes": [[102.8997802734375, 54.295745849609375, 725.6290283203125, 649.777099609375], [131.06314086914062, 259.8326110839844, 676.42529296875, 763.59375]]}