{"labels": [0], "scores": [0.9979326725006104], "bboxes": [[149.41854858398438, 2.018096923828125, 649.8690185546875, 800.0]]}