{"labels": [0], "scores": [0.9981641173362732], "bboxes": [[17.423065185546875, 299.51483154296875, 787.2490234375, 526.7583618164062]]}