{"labels": [0, 0, 0], "scores": [0.9792321920394897, 0.978442907333374, 0.29118189215660095], "bboxes": [[309.4320373535156, 347.7059326171875, 703.8978271484375, 695.5811767578125], [125.74545288085938, 130.04380798339844, 448.9996643066406, 394.88079833984375], [51.089637756347656, 429.1802062988281, 278.37384033203125, 676.288330078125]]}