{"labels": [0, 0], "scores": [0.993569016456604, 0.9922046661376953], "bboxes": [[26.006942749023438, 3.168212890625, 459.50970458984375, 787.2633056640625], [344.51702880859375, 9.795745849609375, 779.9807739257812, 788.0517578125]]}