{"labels": [0], "scores": [0.9973117113113403], "bboxes": [[120.471435546875, 171.48330688476562, 655.5445556640625, 710.9403076171875]]}