{"labels": [0, 0, 0, 0], "scores": [0.996597945690155, 0.9563986659049988, 0.9236912131309509, 0.8849208354949951], "bboxes": [[78.89434814453125, 340.2350769042969, 722.382080078125, 760.007568359375], [42.27037048339844, 133.61752319335938, 311.08135986328125, 421.0901794433594], [521.0974731445312, 102.24221801757812, 762.5689086914062, 376.8166809082031], [290.0222473144531, 95.84104919433594, 534.9412841796875, 345.91802978515625]]}