{"labels": [0, 0, 0, 0, 0], "scores": [0.9776482582092285, 0.9432319402694702, 0.7315379977226257, 0.6523369550704956, 0.09055684506893158], "bboxes": [[141.85226440429688, 138.97723388671875, 336.67510986328125, 497.06915283203125], [451.1240234375, 224.9245147705078, 739.817138671875, 688.2462158203125], [467.4385986328125, 470.2169189453125, 611.85107421875, 602.3685302734375], [169.15750122070312, 476.76947021484375, 359.1623840332031, 753.4945678710938], [439.4622497558594, 443.76904296875, 706.52587890625, 677.93994140625]]}