{"labels": [0], "scores": [0.9966272115707397], "bboxes": [[22.788330078125, 2.820831298828125, 725.335205078125, 798.3795166015625]]}