{"labels": [0], "scores": [0.9991645812988281], "bboxes": [[81.68527221679688, 190.16339111328125, 718.5091552734375, 717.9537353515625]]}