{"labels": [0, 0, 0, 0, 0, 0], "scores": [0.9887642860412598, 0.6040677428245544, 0.4959961175918579, 0.39812085032463074, 0.16437095403671265, 0.09181378781795502], "bboxes": [[236.99073791503906, 0.0, 570.3382568359375, 684.1133422851562], [3.7286529541015625, 117.2861328125, 303.721923828125, 796.8690185546875], [512.079345703125, 128.14691162109375, 779.53857421875, 263.78106689453125], [23.991867065429688, 130.8568878173828, 284.17095947265625, 256.7292785644531], [440.079833984375, 89.90591430664062, 780.547119140625, 800.0], [38.15965270996094, 33.029296875, 510.81488037109375, 780.418212890625]]}