{"labels": [0, 0, 0], "scores": [0.9972295165061951, 0.9969596862792969, 0.9907838106155396], "bboxes": [[77.03497314453125, 347.20819091796875, 505.26934814453125, 737.5584106445312], [20.414749145507812, 86.76634216308594, 465.10858154296875, 456.4708251953125], [396.19000244140625, 180.5535888671875, 785.0797729492188, 570.7752685546875]]}