{"labels": [0, 0, 0, 0, 0, 0], "scores": [0.9938767552375793, 0.9772665500640869, 0.9768681526184082, 0.3695928454399109, 0.26517626643180847, 0.07389579713344574], "bboxes": [[425.4162902832031, 473.2334899902344, 773.6761474609375, 744.2611083984375], [422.33026123046875, 122.58229064941406, 765.0668334960938, 342.0498046875], [131.0855712890625, 304.86181640625, 330.0741271972656, 653.9260864257812], [153.6939697265625, 617.0279541015625, 327.1263732910156, 775.7841796875], [661.01416015625, 231.0603790283203, 786.244384765625, 337.64202880859375], [92.33688354492188, 171.21652221679688, 274.46868896484375, 360.8988952636719]]}