{"labels": [0], "scores": [0.995907187461853], "bboxes": [[183.76881408691406, 223.44354248046875, 614.7328491210938, 796.2645263671875]]}