{"labels": [0, 0], "scores": [0.9939431548118591, 0.9209070801734924], "bboxes": [[265.66229248046875, 514.201416015625, 559.9628295898438, 707.211181640625], [223.44520568847656, 80.518798828125, 620.0763549804688, 628.3660888671875]]}