{"labels": [0], "scores": [0.9982873797416687], "bboxes": [[206.8212890625, 12.983978271484375, 585.3736572265625, 775.749755859375]]}