{"labels": [0, 0, 0, 0], "scores": [0.9865946769714355, 0.41609522700309753, 0.27355289459228516, 0.09324614703655243], "bboxes": [[268.4820556640625, 45.732025146484375, 508.335693359375, 781.5511474609375], [275.7685546875, 129.18380737304688, 462.69329833984375, 306.33709716796875], [141.40084838867188, 0.0, 598.5533447265625, 800.0], [124.69569396972656, 0.0, 370.2921142578125, 800.0]]}