{"labels": [0, 0, 0, 0, 0, 0], "scores": [0.9892643094062805, 0.7039783596992493, 0.4675951898097992, 0.05753340572118759, 0.05225233733654022, 0.05211654677987099], "bboxes": [[11.889404296875, 205.7644805908203, 790.5516967773438, 636.4973754882812], [429.840576171875, 3.3899688720703125, 799.356689453125, 426.8170166015625], [83.12889099121094, 439.66632080078125, 411.0538330078125, 737.7271118164062], [1.8889923095703125, 0.0, 386.42584228515625, 254.19314575195312], [2.441925048828125, 250.26614379882812, 482.60791015625, 764.185302734375], [468.90008544921875, 13.514404296875, 758.2882690429688, 263.94964599609375]]}