{"labels": [0, 0, 0], "scores": [0.9738451838493347, 0.9616332054138184, 0.05000536888837814], "bboxes": [[94.50503540039062, 109.4300537109375, 442.0895690917969, 666.9971923828125], [457.56964111328125, 148.75271606445312, 745.5101928710938, 610.465087890625], [101.62428283691406, 122.53459167480469, 411.6866455078125, 410.18414306640625]]}