{"labels": [0], "scores": [0.9981149435043335], "bboxes": [[4.229461669921875, 174.26922607421875, 798.2423095703125, 739.09423828125]]}