{"labels": [0], "scores": [0.9996809959411621], "bboxes": [[43.65181350708008, 2.8186492919921875, 656.78662109375, 888.9314575195312]]}