{"labels": [0, 0, 0, 0, 0], "scores": [0.9112852811813354, 0.830748975276947, 0.5793364644050598, 0.24700622260570526, 0.1680687516927719], "bboxes": [[127.35800170898438, 32.27633285522461, 647.9150390625, 720.0721435546875], [169.87374877929688, 256.5195617675781, 346.12628173828125, 727.2413940429688], [121.29584503173828, 237.18521118164062, 485.57855224609375, 729.4373779296875], [311.6380310058594, 239.87481689453125, 554.7108154296875, 703.1279296875], [283.18206787109375, 29.673242568969727, 441.59521484375, 155.51824951171875]]}