{"labels": [0, 0, 0], "scores": [0.9962337613105774, 0.4118209183216095, 0.09436773508787155], "bboxes": [[46.623687744140625, 262.49798583984375, 776.684814453125, 773.7374877929688], [58.53654479980469, 417.9012756347656, 552.3171997070312, 752.51025390625], [293.49298095703125, 34.80143737792969, 578.9063720703125, 319.74102783203125]]}