{"labels": [0, 0, 0, 0], "scores": [0.9902079701423645, 0.2944850027561188, 0.06228768825531006, 0.056178465485572815], "bboxes": [[70.63998413085938, 71.64297485351562, 708.3719482421875, 733.739990234375], [418.8451232910156, 173.95375061035156, 682.0595703125, 377.42083740234375], [410.0760498046875, 177.33059692382812, 706.3450927734375, 585.7384033203125], [146.57945251464844, 368.05535888671875, 632.3361206054688, 702.8285522460938]]}