{"labels": [0, 0, 0, 0, 0, 0, 0], "scores": [0.970879852771759, 0.9586673974990845, 0.7400147318840027, 0.5484576225280762, 0.5452994704246521, 0.39532995223999023, 0.07260683923959732], "bboxes": [[2.755523681640625, 252.93759155273438, 334.66253662109375, 884.7625732421875], [264.4652404785156, 216.9011688232422, 700.0, 760.0081787109375], [324.8324890136719, 561.9403076171875, 632.6874389648438, 845.41796875], [125.06246185302734, 74.43854522705078, 269.16656494140625, 169.8486328125], [367.72052001953125, 12.065376281738281, 542.132080078125, 128.538330078125], [145.72816467285156, 234.03280639648438, 572.1080322265625, 863.494873046875], [22.05918312072754, 558.6890869140625, 313.9888610839844, 849.63037109375]]}