{"labels": [0, 0], "scores": [0.9983981251716614, 0.3426051437854767], "bboxes": [[127.8302001953125, 4.35028076171875, 674.4605712890625, 800.0], [146.17843627929688, 380.51287841796875, 655.4886474609375, 795.5044555664062]]}