{"labels": [0], "scores": [0.9979702830314636], "bboxes": [[110.99882507324219, 269.1656494140625, 577.8856201171875, 891.0184326171875]]}