{"labels": [0], "scores": [0.9989142417907715], "bboxes": [[49.160614013671875, 190.8097686767578, 759.1480712890625, 651.162353515625]]}