{"labels": [0, 0, 0], "scores": [0.9687572717666626, 0.9664690494537354, 0.2341376096010208], "bboxes": [[0.0, 4.8919677734375, 400.5127868652344, 800.0], [343.107666015625, 244.82177734375, 794.5167236328125, 800.0], [0.0, 2.2791748046875, 800.0, 800.0]]}