{"labels": [0, 0, 0, 0], "scores": [0.9908809661865234, 0.9900660514831543, 0.09259971231222153, 0.05931313335895538], "bboxes": [[122.92495727539062, 0.298248291015625, 744.2454833984375, 374.0053405761719], [351.71807861328125, 614.8460083007812, 713.4747924804688, 784.5210571289062], [166.00289916992188, 544.7374877929688, 754.26513671875, 800.0], [117.6180419921875, 0.0, 759.461181640625, 743.366455078125]]}