{"labels": [0, 0, 0], "scores": [0.992472767829895, 0.9914162755012512, 0.07316550612449646], "bboxes": [[136.78231811523438, 193.74514770507812, 382.4198913574219, 663.5223388671875], [379.15301513671875, 240.01092529296875, 697.5231323242188, 764.8558959960938], [608.3135375976562, 348.415283203125, 671.0858764648438, 409.86578369140625]]}