{"labels": [0], "scores": [0.9983932375907898], "bboxes": [[46.960601806640625, 93.79351806640625, 771.7462158203125, 700.4361572265625]]}