{"labels": [0], "scores": [0.9986500144004822], "bboxes": [[191.54640197753906, 2.614288330078125, 612.2111206054688, 797.6566162109375]]}