{"labels": [0, 0, 0, 0], "scores": [0.9986898303031921, 0.5049789547920227, 0.11594632267951965, 0.05861536040902138], "bboxes": [[0.0, 22.324493408203125, 782.1270141601562, 798.5240478515625], [338.09613037109375, 0.0, 741.4234008789062, 158.82537841796875], [585.2452392578125, 4.207977294921875, 798.8934326171875, 296.70196533203125], [390.4502258300781, 6.035858154296875, 781.1590576171875, 299.7940979003906]]}