{"labels": [0], "scores": [0.9997527003288269], "bboxes": [[0.0, 19.10297393798828, 699.3072509765625, 875.1212158203125]]}