{"labels": [0], "scores": [0.9990556836128235], "bboxes": [[41.83636474609375, 180.90634155273438, 753.908203125, 564.3148193359375]]}