{"labels": [0, 0, 0], "scores": [0.9935546517372131, 0.3586915135383606, 0.12035791575908661], "bboxes": [[194.6912841796875, 215.16297912597656, 529.2853393554688, 683.0093994140625], [213.54368591308594, 655.9190063476562, 468.1466369628906, 893.84130859375], [296.2619323730469, 722.7357177734375, 544.4869384765625, 896.0]]}