{"labels": [0, 0, 0, 0, 0], "scores": [0.9977280497550964, 0.5196146965026855, 0.2705571949481964, 0.1711340993642807, 0.05682903155684471], "bboxes": [[108.475341796875, 272.0286560058594, 790.9658203125, 797.6497802734375], [3.945159912109375, 36.82684326171875, 712.4088134765625, 740.0006103515625], [98.92216491699219, 372.4555358886719, 374.85107421875, 736.378173828125], [30.7220458984375, 91.50433349609375, 678.8780517578125, 475.31353759765625], [57.621490478515625, 226.38250732421875, 492.5995788574219, 736.054931640625]]}