{"labels": [0, 0, 0, 0, 0, 0, 0, 0, 0, 0, 0], "scores": [0.9944182634353638, 0.9873630404472351, 0.7207591533660889, 0.6313028931617737, 0.5469757914543152, 0.17130079865455627, 0.13453175127506256, 0.12946151196956635, 0.08014026284217834, 0.06696324795484543, 0.05652813985943794], "bboxes": [[641.949951171875, 86.49203491210938, 774.7239990234375, 766.30126953125], [567.8309326171875, 57.322998046875, 655.47119140625, 772.3031616210938], [282.6331787109375, 544.8311767578125, 350.55389404296875, 760.0106201171875], [279.3304138183594, 541.05224609375, 415.3097229003906, 766.375244140625], [402.39105224609375, 544.2338256835938, 477.6304931640625, 766.0928344726562], [274.3255615234375, 549.154296875, 320.9630126953125, 759.2252197265625], [339.7070007324219, 550.9197387695312, 385.1441955566406, 762.4717407226562], [577.9766845703125, 76.3629150390625, 736.1033935546875, 775.321533203125], [88.58282470703125, 56.16973876953125, 693.9165649414062, 779.5355224609375], [407.7091979980469, 552.5744018554688, 444.0767517089844, 758.9503784179688], [368.6949462890625, 546.1287841796875, 416.21484375, 763.3212890625]]}