{"labels": [0, 0, 0, 0, 0], "scores": [0.9978101849555969, 0.312461256980896, 0.25405824184417725, 0.17360886931419373, 0.050046905875205994], "bboxes": [[27.101470947265625, 193.04397583007812, 605.076904296875, 661.9788818359375], [424.8633117675781, 481.58868408203125, 680.4808349609375, 703.1242065429688], [458.2328796386719, 597.5675659179688, 585.441650390625, 719.1326293945312], [570.1492919921875, 595.9672241210938, 683.4403076171875, 707.4224243164062], [461.256591796875, 579.6498413085938, 681.151123046875, 713.7312622070312]]}