{"labels": [0], "scores": [0.9992225170135498], "bboxes": [[1.640411376953125, 120.0400390625, 782.4766845703125, 720.757568359375]]}