{"labels": [0], "scores": [0.997769832611084], "bboxes": [[0.0, 85.513916015625, 800.0, 666.2711181640625]]}