{"labels": [0], "scores": [0.9992746710777283], "bboxes": [[0.0, 56.677001953125, 780.987548828125, 754.3845825195312]]}