{"labels": [0, 0, 0], "scores": [0.9968581199645996, 0.15323393046855927, 0.07722733169794083], "bboxes": [[218.40066528320312, 131.62420654296875, 605.2354736328125, 777.3915405273438], [99.44190216064453, 678.9962768554688, 379.6477355957031, 884.9945678710938], [0.8262138366699219, 0.0, 312.2234191894531, 681.7158813476562]]}