{"labels": [0, 0], "scores": [0.998536229133606, 0.10003545135259628], "bboxes": [[1.62603759765625, 126.743896484375, 794.0084228515625, 684.3876342773438], [491.4378662109375, 395.55255126953125, 795.631103515625, 667.9672241210938]]}