{"labels": [0, 0, 0, 0], "scores": [0.9847128391265869, 0.9726948738098145, 0.7476798892021179, 0.7134198546409607], "bboxes": [[84.42666625976562, 425.8801574707031, 244.53018188476562, 597.6783447265625], [209.84481811523438, 62.80865478515625, 793.845947265625, 776.1874389648438], [1.326202392578125, 480.77471923828125, 187.09771728515625, 658.6660766601562], [232.98065185546875, 391.36712646484375, 770.1217651367188, 771.5574340820312]]}