{"labels": [0, 0], "scores": [0.9911837577819824, 0.8062573671340942], "bboxes": [[99.89175415039062, 200.20028686523438, 682.0819091796875, 724.4542236328125], [367.6649169921875, 598.395263671875, 467.67828369140625, 684.3157958984375]]}