{"labels": [0], "scores": [0.9947664737701416], "bboxes": [[228.97540283203125, 0.0, 559.9059448242188, 766.3109130859375]]}