{"labels": [0, 0, 0], "scores": [0.9108781814575195, 0.22204425930976868, 0.0997750535607338], "bboxes": [[164.70492553710938, 38.46136474609375, 742.4771728515625, 716.8278198242188], [184.4037628173828, 77.95309448242188, 545.7186889648438, 618.3763427734375], [322.26654052734375, 159.0223846435547, 640.5946044921875, 640.5386962890625]]}