{"labels": [0], "scores": [0.9925899505615234], "bboxes": [[312.7438659667969, 53.35748291015625, 466.2201843261719, 718.9505615234375]]}