{"labels": [0, 0, 0, 0], "scores": [0.8702865839004517, 0.6881546378135681, 0.3979058563709259, 0.08041871339082718], "bboxes": [[16.6353759765625, 218.15130615234375, 687.5922241210938, 791.1807250976562], [225.87728881835938, 216.47119140625, 531.1466064453125, 647.8504638671875], [0.0, 529.983642578125, 791.0619506835938, 791.87841796875], [414.54150390625, 544.2083129882812, 794.73388671875, 789.9531860351562]]}