{"labels": [0, 0, 0, 0], "scores": [0.9849254488945007, 0.9802203178405762, 0.7828888893127441, 0.37267687916755676], "bboxes": [[106.74159240722656, 271.0035400390625, 425.9857177734375, 667.8601684570312], [440.60400390625, 246.7200164794922, 773.145751953125, 624.7859497070312], [103.29360961914062, 632.3488159179688, 370.2984313964844, 799.5698852539062], [497.86285400390625, 605.3779296875, 712.0541381835938, 800.0]]}