{"labels": [0, 0, 0], "scores": [0.9537360072135925, 0.9314483404159546, 0.12790076434612274], "bboxes": [[384.5721740722656, 247.31146240234375, 581.0313110351562, 796.9440307617188], [227.24520874023438, 254.60610961914062, 394.5959167480469, 750.6259765625], [210.85244750976562, 252.5279541015625, 620.6785888671875, 788.767578125]]}