{"labels": [0, 0], "scores": [0.9938153028488159, 0.24736468493938446], "bboxes": [[138.00042724609375, 29.341705322265625, 589.830078125, 771.9549560546875], [242.19668579101562, 438.2734680175781, 541.2017822265625, 773.2200927734375]]}