{"labels": [0, 0, 0, 0, 0], "scores": [0.9798392653465271, 0.5238514542579651, 0.25518113374710083, 0.24657805263996124, 0.0815318301320076], "bboxes": [[109.83450317382812, 31.21844482421875, 660.9921875, 352.1394958496094], [162.5426025390625, 287.4080810546875, 379.16033935546875, 488.860595703125], [608.7040405273438, 487.1114807128906, 791.7897338867188, 666.531005859375], [88.34762573242188, 14.48883056640625, 753.47900390625, 737.97265625], [0.0, 626.9276123046875, 793.3999633789062, 797.8607177734375]]}