{"labels": [0, 0, 0], "scores": [0.9960190653800964, 0.9639484286308289, 0.05724694952368736], "bboxes": [[395.7018127441406, 78.90579223632812, 762.0721435546875, 731.9002685546875], [25.400161743164062, 380.71630859375, 416.9664306640625, 779.8756103515625], [39.035308837890625, 128.98947143554688, 554.1934814453125, 773.329345703125]]}