{"labels": [0], "scores": [0.999091386795044], "bboxes": [[13.455596923828125, 204.477783203125, 788.0223388671875, 629.7793579101562]]}