{"labels": [0], "scores": [0.9972764849662781], "bboxes": [[115.450439453125, 317.9993896484375, 741.994873046875, 646.573974609375]]}