{"labels": [0, 0, 0, 0, 0, 0, 0, 0, 0], "scores": [0.9951885938644409, 0.9949890971183777, 0.9819371104240417, 0.8759335279464722, 0.8136482834815979, 0.2616167962551117, 0.21334004402160645, 0.15761856734752655, 0.15408194065093994], "bboxes": [[525.74560546875, 225.33441162109375, 797.410400390625, 470.194091796875], [515.8159790039062, 86.83259582519531, 771.4223022460938, 321.94268798828125], [548.1084594726562, 389.751953125, 798.8464965820312, 711.59814453125], [3.197967529296875, 190.24229431152344, 535.1787109375, 449.028076171875], [0.0, 41.614654541015625, 538.947998046875, 341.7144470214844], [0.0, 354.20330810546875, 567.7930297851562, 697.4329223632812], [531.6673583984375, 78.16310119628906, 796.3607177734375, 572.3980712890625], [300.3226318359375, 504.30352783203125, 536.9453735351562, 691.5094604492188], [0.0, 40.347625732421875, 634.5411376953125, 685.28125]]}