{"labels": [0], "scores": [0.9994745850563049], "bboxes": [[10.858795166015625, 3.433868408203125, 762.4700927734375, 800.0]]}