{"labels": [0, 0, 0, 0, 0, 0, 0], "scores": [0.9085652828216553, 0.8530504703521729, 0.7384660243988037, 0.19392803311347961, 0.1446521133184433, 0.13894540071487427, 0.07084593176841736], "bboxes": [[427.5715026855469, 81.48775482177734, 691.3806762695312, 371.781494140625], [10.649816513061523, 246.8220672607422, 389.4897155761719, 746.4745483398438], [529.2149658203125, 534.9476318359375, 697.0074462890625, 742.1551513671875], [190.7178955078125, 122.47535705566406, 319.00408935546875, 294.3297424316406], [0.0, 451.2857971191406, 396.9805908203125, 870.6717529296875], [436.38525390625, 565.9923095703125, 662.0201416015625, 798.9078979492188], [10.209192276000977, 65.60569763183594, 410.30364990234375, 523.9337158203125]]}