{"labels": [0, 0, 0, 0, 0], "scores": [0.9811304211616516, 0.13744474947452545, 0.09183583408594131, 0.06502315402030945, 0.05854371562600136], "bboxes": [[19.56671142578125, 339.9130859375, 764.0897216796875, 723.857177734375], [1.135284423828125, 144.18386840820312, 206.66909790039062, 442.8443908691406], [5.914886474609375, 0.315093994140625, 768.5166015625, 684.8487548828125], [42.61824035644531, 370.83868408203125, 385.77752685546875, 712.5300903320312], [45.561283111572266, 381.03363037109375, 159.32208251953125, 708.7321166992188]]}