{"labels": [0, 0], "scores": [0.9988405108451843, 0.9986312985420227], "bboxes": [[254.56182861328125, 217.58433532714844, 511.310302734375, 562.6885986328125], [251.94471740722656, 619.0988159179688, 526.201171875, 786.7190551757812]]}