{"labels": [0, 0], "scores": [0.9802200198173523, 0.09036096930503845], "bboxes": [[63.169921875, 81.72869873046875, 779.7669677734375, 640.7018432617188], [32.2178955078125, 295.1277160644531, 399.35015869140625, 661.81494140625]]}