{"labels": [0], "scores": [0.9985415935516357], "bboxes": [[82.21853637695312, 84.4873046875, 748.70751953125, 715.71875]]}