{"labels": [0, 0, 0, 0, 0], "scores": [0.9902095794677734, 0.5911703705787659, 0.09156724810600281, 0.06945466995239258, 0.05355387181043625], "bboxes": [[50.210174560546875, 237.63851928710938, 564.20654296875, 871.49755859375], [235.6179962158203, 31.55083465576172, 598.9453125, 219.35879516601562], [374.02716064453125, 248.4891815185547, 699.086669921875, 826.625244140625], [429.5328063964844, 320.0205078125, 626.3220825195312, 524.6160888671875], [54.53529357910156, 421.7745056152344, 401.3795471191406, 862.9913330078125]]}