{"labels": [0], "scores": [0.9990445971488953], "bboxes": [[16.672473907470703, 196.0603790283203, 674.7711181640625, 574.4142456054688]]}