{"labels": [0, 0], "scores": [0.9923056960105896, 0.9886149168014526], "bboxes": [[430.874267578125, 75.15109252929688, 640.5479736328125, 783.7353515625], [153.4996337890625, 34.442291259765625, 498.06097412109375, 774.0133056640625]]}