{"labels": [0, 0], "scores": [0.9700908064842224, 0.36648857593536377], "bboxes": [[0.0, 115.13043212890625, 775.0770263671875, 663.0331420898438], [0.0, 505.07891845703125, 790.4976806640625, 633.5709838867188]]}