{"labels": [0, 0], "scores": [0.9988441467285156, 0.18057796359062195], "bboxes": [[0.0, 314.13543701171875, 711.4393310546875, 557.4047241210938], [0.0, 366.2938232421875, 745.9796142578125, 721.6982421875]]}