{"labels": [0, 0, 0, 0, 0], "scores": [0.965477466583252, 0.5633970499038696, 0.44294044375419617, 0.3349919021129608, 0.0551278293132782], "bboxes": [[0.0, 4.166290283203125, 770.9454956054688, 745.24951171875], [555.2478637695312, 320.199951171875, 724.6388549804688, 654.4295043945312], [378.0586242675781, 592.5352172851562, 615.5882568359375, 734.8329467773438], [399.504638671875, 322.4005126953125, 552.716552734375, 460.51397705078125], [256.9536437988281, 317.94012451171875, 406.2949523925781, 673.8262939453125]]}