{"labels": [0, 0], "scores": [0.9988800883293152, 0.9174824357032776], "bboxes": [[183.32827758789062, 191.553466796875, 570.841552734375, 776.912841796875], [0.0, 476.0246887207031, 124.23323822021484, 557.5858154296875]]}