{"labels": [0, 0, 0, 0, 0], "scores": [0.9961673617362976, 0.7258387207984924, 0.3143587112426758, 0.10102225840091705, 0.06977114826440811], "bboxes": [[3.705799102783203, 130.66644287109375, 538.281494140625, 845.5680541992188], [406.6270751953125, 14.298097610473633, 694.9913940429688, 408.0890197753906], [262.4468994140625, 497.04949951171875, 595.2674560546875, 760.2127075195312], [647.1972045898438, 389.13494873046875, 700.0, 530.1442260742188], [81.27470397949219, 381.2178039550781, 590.9208984375, 765.997802734375]]}