{"labels": [0], "scores": [0.9991889595985413], "bboxes": [[49.29168701171875, 64.8095703125, 764.8468017578125, 755.443115234375]]}