{"labels": [0, 0, 0, 0], "scores": [0.9747331142425537, 0.5384392142295837, 0.09954681992530823, 0.09635869413614273], "bboxes": [[0.0, 78.79611206054688, 759.7518310546875, 797.951904296875], [459.1341552734375, 121.71173095703125, 797.81201171875, 732.2799072265625], [12.486663818359375, 134.17315673828125, 600.3338623046875, 584.9834594726562], [32.22865295410156, 218.8111114501953, 399.5015869140625, 562.0336303710938]]}