{"labels": [0, 0, 0, 0], "scores": [0.9810088872909546, 0.13038569688796997, 0.10843485593795776, 0.0683988556265831], "bboxes": [[198.45054626464844, 218.09634399414062, 516.2689208984375, 815.9990234375], [0.0, 466.01898193359375, 435.94573974609375, 896.0], [3.1456527709960938, 557.5692138671875, 271.7250671386719, 896.0], [168.89328002929688, 450.837890625, 448.22650146484375, 795.509765625]]}