{"labels": [0, 0], "scores": [0.9913561344146729, 0.9673033952713013], "bboxes": [[43.032867431640625, 201.13803100585938, 529.10302734375, 720.1873779296875], [300.5176696777344, 97.22415161132812, 774.526123046875, 655.1719970703125]]}