{"labels": [0, 0], "scores": [0.9799247980117798, 0.05110733583569527], "bboxes": [[215.16543579101562, 146.111572265625, 533.227783203125, 752.0115966796875], [230.9326629638672, 45.799224853515625, 524.6004028320312, 489.3937683105469]]}