{"labels": [0, 0, 0], "scores": [0.9387597441673279, 0.4294876158237457, 0.3366817831993103], "bboxes": [[155.57603454589844, 30.764984130859375, 652.155517578125, 771.91650390625], [167.12738037109375, 45.219879150390625, 423.48675537109375, 631.645751953125], [432.192138671875, 194.60043334960938, 638.5450439453125, 763.47265625]]}