{"labels": [0, 0, 0, 0, 0, 0], "scores": [0.8329981565475464, 0.44346892833709717, 0.3564426898956299, 0.18239744007587433, 0.09772265702486038, 0.07656572014093399], "bboxes": [[82.82534790039062, 222.9517822265625, 704.9073486328125, 746.7532348632812], [478.5318908691406, 251.6840362548828, 708.7622680664062, 711.75634765625], [217.01473999023438, 130.7259521484375, 539.716796875, 472.05279541015625], [83.48541259765625, 533.7384033203125, 331.9008483886719, 738.9476318359375], [25.975173950195312, 0.0, 499.87469482421875, 453.46240234375], [0.0, 0.0, 257.85546875, 392.5584716796875]]}