{"labels": [0, 0, 0], "scores": [0.9719210863113403, 0.5431724786758423, 0.4895515739917755], "bboxes": [[40.2247314453125, 262.62701416015625, 763.9789428710938, 746.7485961914062], [41.680206298828125, 518.5371704101562, 543.812255859375, 739.7091674804688], [133.81993103027344, 0.0, 555.2377319335938, 495.146728515625]]}