{"labels": [0, 0], "scores": [0.9579805135726929, 0.10033280402421951], "bboxes": [[300.320068359375, 169.01792907714844, 567.9927978515625, 673.6905517578125], [306.3044128417969, 536.2213134765625, 539.81689453125, 661.3026123046875]]}