{"labels": [0, 0, 0, 0], "scores": [0.9777184128761292, 0.42395099997520447, 0.3389008045196533, 0.12791599333286285], "bboxes": [[244.4439239501953, 67.45697784423828, 534.6923828125, 312.3843688964844], [226.66796875, 35.388031005859375, 782.4271240234375, 735.902587890625], [3.354736328125, 302.8409423828125, 573.7911376953125, 713.4861450195312], [488.6281433105469, 104.83651733398438, 785.498779296875, 712.688232421875]]}