{"labels": [0, 0, 0, 0, 0, 0, 0, 0], "scores": [0.9416760802268982, 0.8447889089584351, 0.8330469727516174, 0.07097704708576202, 0.05378197878599167, 0.05166011303663254, 0.050676267594099045, 0.050294533371925354], "bboxes": [[290.2523193359375, 456.4034729003906, 500.80743408203125, 631.6085815429688], [1.6743011474609375, 185.4552459716797, 351.41009521484375, 462.51251220703125], [392.48150634765625, 181.79232788085938, 691.5014038085938, 490.1971740722656], [278.98175048828125, 11.78521728515625, 490.75445556640625, 280.62005615234375], [2.91314697265625, 49.46319580078125, 629.9068603515625, 483.51629638671875], [112.66551971435547, 248.1808624267578, 288.4620666503906, 425.57769775390625], [3.045318603515625, 171.60116577148438, 709.445068359375, 623.094970703125], [66.8333740234375, 180.99363708496094, 506.8157958984375, 498.842041015625]]}