{"labels": [0], "scores": [0.9953757524490356], "bboxes": [[269.6872863769531, 109.35299682617188, 503.1379089355469, 712.56689453125]]}