{"labels": [0], "scores": [0.9985645413398743], "bboxes": [[43.68426513671875, 273.5028076171875, 771.9481201171875, 614.3193359375]]}