{"labels": [0, 0], "scores": [0.9918285012245178, 0.053884103894233704], "bboxes": [[1.370330810546875, 226.6468505859375, 422.3700866699219, 787.5061645507812], [0.0, 156.73187255859375, 768.8612060546875, 800.0]]}