{"labels": [0], "scores": [0.9807923436164856], "bboxes": [[236.16615295410156, 30.83182716369629, 460.13916015625, 699.3992309570312]]}