{"labels": [0, 0, 0, 0, 0, 0, 0, 0, 0], "scores": [0.9858725070953369, 0.9788984656333923, 0.9378093481063843, 0.5255373120307922, 0.15784358978271484, 0.1019102931022644, 0.0908295214176178, 0.08279719948768616, 0.05194210633635521], "bboxes": [[390.1169738769531, 58.50318145751953, 623.4278564453125, 269.3580017089844], [126.41632080078125, 137.1949920654297, 387.47998046875, 461.3272705078125], [230.31878662109375, 478.98602294921875, 498.66961669921875, 781.0932006835938], [385.00439453125, 226.74574279785156, 640.2420654296875, 343.757568359375], [547.9229736328125, 333.60491943359375, 799.40576171875, 800.0], [377.41943359375, 115.40097045898438, 643.8621826171875, 358.0097961425781], [460.741455078125, 608.3464965820312, 571.1849365234375, 725.7090454101562], [296.217041015625, 36.459747314453125, 642.9478759765625, 452.6041259765625], [128.5984344482422, 73.08056640625, 620.7147216796875, 758.4141845703125]]}