{"labels": [0], "scores": [0.9952096343040466], "bboxes": [[228.25473022460938, 133.9729461669922, 507.84259033203125, 806.43212890625]]}