{"labels": [0], "scores": [0.9969391822814941], "bboxes": [[19.426605224609375, 110.71627807617188, 770.1566162109375, 710.5667724609375]]}