{"labels": [0, 0], "scores": [0.995053231716156, 0.45054876804351807], "bboxes": [[177.13023376464844, 235.67660522460938, 530.7499389648438, 733.9207763671875], [201.2659149169922, 491.3748779296875, 503.7763366699219, 877.5784301757812]]}