{"labels": [0, 0, 0, 0, 0, 0, 0, 0, 0, 0, 0], "scores": [0.9911664128303528, 0.9708518981933594, 0.9559112787246704, 0.9488456845283508, 0.9436850547790527, 0.9418099522590637, 0.8596894145011902, 0.8586176037788391, 0.7586984038352966, 0.7515132427215576, 0.09422431141138077], "bboxes": [[46.833946228027344, 187.72579956054688, 177.2576904296875, 314.3874816894531], [350.4590148925781, 502.10797119140625, 593.11279296875, 758.3750610351562], [416.0468444824219, 107.78175354003906, 570.167236328125, 251.60426330566406], [8.014656066894531, 345.38311767578125, 164.59423828125, 510.210205078125], [585.8268432617188, 207.75253295898438, 791.0499877929688, 396.0522155761719], [170.7000732421875, 481.1473388671875, 341.0671081542969, 656.4053955078125], [599.3240356445312, 436.8475036621094, 736.3988647460938, 618.4677124023438], [422.30072021484375, 295.20550537109375, 577.73388671875, 441.63623046875], [183.09420776367188, 214.79116821289062, 415.0901794433594, 465.5764465332031], [179.16476440429688, 10.68035888671875, 351.7603454589844, 185.33135986328125], [683.1241455078125, 617.697509765625, 798.3358154296875, 798.9022216796875]]}