{"labels": [0, 0], "scores": [0.9983161687850952, 0.7580839991569519], "bboxes": [[125.34375, 64.28033447265625, 584.777587890625, 760.1803588867188], [31.00121307373047, 34.019325256347656, 228.62005615234375, 141.32095336914062]]}