{"labels": [0], "scores": [0.9980886578559875], "bboxes": [[0.127288818359375, 148.14144897460938, 800.0, 638.361083984375]]}