{"labels": [0], "scores": [0.995671272277832], "bboxes": [[247.85714721679688, 84.558349609375, 544.514404296875, 741.4981689453125]]}