{"labels": [0], "scores": [0.9982284903526306], "bboxes": [[0.0, 33.01123046875, 787.6401977539062, 784.3106079101562]]}