{"labels": [0], "scores": [0.9987344145774841], "bboxes": [[26.9791259765625, 3.945892333984375, 729.2193603515625, 799.31103515625]]}