{"labels": [0], "scores": [0.9961638450622559], "bboxes": [[28.2623291015625, 167.21237182617188, 753.630615234375, 709.4459228515625]]}