{"labels": [0], "scores": [0.9982959628105164], "bboxes": [[95.231201171875, 38.63800048828125, 608.3950805664062, 674.7642822265625]]}