{"labels": [0], "scores": [0.9987338185310364], "bboxes": [[31.90252685546875, 199.61215209960938, 770.611083984375, 726.6866455078125]]}