{"labels": [0], "scores": [0.9986851811408997], "bboxes": [[1.935028076171875, 84.6077880859375, 794.799072265625, 701.0621948242188]]}