{"labels": [0], "scores": [0.9990573525428772], "bboxes": [[10.821685791015625, 97.70599365234375, 791.3140869140625, 721.924560546875]]}