{"labels": [0], "scores": [0.9985337257385254], "bboxes": [[48.979766845703125, 23.39788818359375, 767.43115234375, 737.5621337890625]]}