{"labels": [0, 0, 0, 0], "scores": [0.9879167675971985, 0.8034009337425232, 0.1487232744693756, 0.06199504807591438], "bboxes": [[246.54769897460938, 116.32627868652344, 792.744873046875, 529.0035400390625], [1.598236083984375, 182.93365478515625, 793.114013671875, 763.1709594726562], [0.0, 500.5631103515625, 675.6756591796875, 794.7646484375], [29.27996826171875, 386.30419921875, 726.2755737304688, 697.169677734375]]}