{"labels": [0], "scores": [0.994274914264679], "bboxes": [[189.0851287841797, 233.18780517578125, 580.7765502929688, 614.5224609375]]}