{"labels": [0], "scores": [0.9960739612579346], "bboxes": [[214.62136840820312, 157.99951171875, 566.5657958984375, 679.24462890625]]}