{"labels": [0], "scores": [0.99727863073349], "bboxes": [[167.82501220703125, 0.686767578125, 610.8318481445312, 799.4036865234375]]}