{"labels": [0, 0, 0, 0], "scores": [0.9778355956077576, 0.10475967079401016, 0.08572609722614288, 0.07469169795513153], "bboxes": [[45.925323486328125, 285.8329772949219, 705.9306640625, 673.7391357421875], [405.0076904296875, 288.61737060546875, 708.1297607421875, 679.9835205078125], [202.2880096435547, 132.16885375976562, 461.7379150390625, 504.8538513183594], [531.42626953125, 146.19989013671875, 630.0504150390625, 301.8371276855469]]}