{"labels": [0, 0, 0], "scores": [0.9934700727462769, 0.07647641748189926, 0.06199754402041435], "bboxes": [[72.70068359375, 4.48663330078125, 766.4678955078125, 800.0], [214.26007080078125, 228.15792846679688, 551.7662353515625, 786.994384765625], [257.7796936035156, 501.8226318359375, 539.7420654296875, 790.775146484375]]}