{"labels": [0], "scores": [0.998015284538269], "bboxes": [[29.784576416015625, 206.8140869140625, 744.683837890625, 756.3525390625]]}