{"labels": [0, 0, 0], "scores": [0.973456084728241, 0.9648816585540771, 0.1448148488998413], "bboxes": [[9.34942626953125, 180.34820556640625, 465.52471923828125, 712.1663818359375], [421.14599609375, 219.9008331298828, 717.4459228515625, 629.7780151367188], [13.069389343261719, 507.9968566894531, 166.0225830078125, 744.8422241210938]]}