{"labels": [0], "scores": [0.9988227486610413], "bboxes": [[64.82989501953125, 240.19918823242188, 729.359619140625, 616.6697998046875]]}