{"labels": [0], "scores": [0.9975873231887817], "bboxes": [[185.8948516845703, 90.60574340820312, 629.0267944335938, 762.6361083984375]]}