{"labels": [0, 0, 0], "scores": [0.9912208914756775, 0.6251586079597473, 0.25616559386253357], "bboxes": [[224.63397216796875, 193.05130004882812, 581.0925903320312, 800.0], [173.57455444335938, 556.693115234375, 237.53121948242188, 695.7999267578125], [7.525642395019531, 518.0806884765625, 159.75942993164062, 689.327880859375]]}