{"labels": [0, 0], "scores": [0.9920969009399414, 0.41988736391067505], "bboxes": [[4.779205322265625, 0.0, 783.8763427734375, 800.0], [13.023193359375, 401.64678955078125, 782.5673828125, 793.6133422851562]]}