{"labels": [0], "scores": [0.9977612495422363], "bboxes": [[85.0438232421875, 15.1568603515625, 742.7476196289062, 723.5172119140625]]}