{"labels": [0, 0, 0], "scores": [0.9900639653205872, 0.39529356360435486, 0.06439365446567535], "bboxes": [[156.2274169921875, 33.628753662109375, 575.6919555664062, 775.0675048828125], [194.68856811523438, 32.40205383300781, 546.9404296875, 455.43328857421875], [164.87481689453125, 389.553466796875, 560.0423583984375, 771.89501953125]]}