{"labels": [0, 0, 0, 0], "scores": [0.9971020817756653, 0.9943898320198059, 0.9664774537086487, 0.09020113945007324], "bboxes": [[321.136474609375, 264.58148193359375, 777.8521728515625, 597.7701416015625], [10.62640380859375, 290.4498291015625, 376.9549865722656, 651.248779296875], [247.0015106201172, 464.1128845214844, 619.9868774414062, 735.4761962890625], [241.13560485839844, 330.6683349609375, 723.5822143554688, 716.6158447265625]]}