{"labels": [0, 0, 0, 0, 0, 0], "scores": [0.9668315052986145, 0.9638981223106384, 0.9485541582107544, 0.7099356651306152, 0.1562080979347229, 0.06725204735994339], "bboxes": [[611.309326171875, 7.116424560546875, 769.0335693359375, 484.0140075683594], [32.66276550292969, 447.11273193359375, 298.26104736328125, 640.7428588867188], [295.79443359375, 228.51385498046875, 608.8839111328125, 594.8372802734375], [8.210723876953125, 0.0, 601.2989501953125, 548.9374389648438], [205.22442626953125, 111.63900756835938, 663.4638061523438, 631.6295166015625], [31.10955810546875, 3.313507080078125, 388.94970703125, 443.8037414550781]]}