{"labels": [0, 0], "scores": [0.9956358075141907, 0.20412015914916992], "bboxes": [[160.51467895507812, 253.78265380859375, 705.4891357421875, 773.5418090820312], [132.27108764648438, 237.62551879882812, 299.215087890625, 377.5662536621094]]}