{"labels": [0], "scores": [0.9989033937454224], "bboxes": [[29.08819580078125, 140.23123168945312, 753.2089233398438, 708.158935546875]]}