{"labels": [0, 0, 0, 0, 0, 0, 0, 0, 0], "scores": [0.9956434965133667, 0.9918550252914429, 0.9430361986160278, 0.8936446309089661, 0.7501253485679626, 0.17427478730678558, 0.11202385276556015, 0.09953606873750687, 0.09548810124397278], "bboxes": [[343.3585205078125, 107.99102783203125, 795.3714599609375, 753.8969116210938], [3.4003448486328125, 507.5438537597656, 157.2484130859375, 664.6756591796875], [174.804931640625, 258.7726745605469, 342.39556884765625, 419.5822448730469], [147.19871520996094, 392.706787109375, 464.83251953125, 749.2718505859375], [89.96771240234375, 193.85711669921875, 351.38043212890625, 422.10150146484375], [265.9336242675781, 575.0419311523438, 409.6378479003906, 743.1237182617188], [74.2713623046875, 89.57273864746094, 416.87884521484375, 471.4166259765625], [125.26376342773438, 151.38119506835938, 574.6339111328125, 755.0223388671875], [219.1435546875, 456.07562255859375, 422.59832763671875, 732.8748168945312]]}