{"labels": [0], "scores": [0.9996557235717773], "bboxes": [[0.0, 180.96026611328125, 699.3137817382812, 896.0]]}