{"labels": [0], "scores": [0.9975800514221191], "bboxes": [[67.08441162109375, 72.01373291015625, 677.9343872070312, 763.5935668945312]]}