{"labels": [0, 0, 0, 0, 0, 0], "scores": [0.9448850154876709, 0.6875250935554504, 0.5239258408546448, 0.39427709579467773, 0.2854706048965454, 0.06580878049135208], "bboxes": [[428.2515563964844, 200.90725708007812, 628.60302734375, 477.8102722167969], [181.94732666015625, 488.6479187011719, 405.18927001953125, 800.0], [178.16734313964844, 194.8800506591797, 485.1373291015625, 489.5616455078125], [408.42877197265625, 488.0596008300781, 615.9900512695312, 717.7609252929688], [230.81626892089844, 477.89764404296875, 612.6617431640625, 789.0996704101562], [415.17864990234375, 605.3103637695312, 598.1655883789062, 709.4657592773438]]}