{"labels": [0, 0], "scores": [0.9074853658676147, 0.09589772671461105], "bboxes": [[19.5484619140625, 376.8271484375, 783.221923828125, 420.189697265625], [0.0, 365.24725341796875, 790.8571166992188, 481.114990234375]]}