{"labels": [0], "scores": [0.9982446432113647], "bboxes": [[14.552947998046875, 208.01731872558594, 794.3282470703125, 695.8004150390625]]}