{"labels": [0, 0], "scores": [0.9848201870918274, 0.07069797813892365], "bboxes": [[124.60308837890625, 14.08099365234375, 674.2672729492188, 796.671630859375], [410.56329345703125, 26.912078857421875, 664.3247680664062, 787.41748046875]]}