{"labels": [0], "scores": [0.9950969815254211], "bboxes": [[14.78912353515625, 192.46249389648438, 800.0, 704.9635009765625]]}