{"labels": [0, 0], "scores": [0.9380461573600769, 0.469405859708786], "bboxes": [[7.5855712890625, 124.99343872070312, 735.166015625, 705.1483154296875], [110.57666015625, 195.34835815429688, 646.0439453125, 559.6719970703125]]}