{"labels": [0], "scores": [0.9919261336326599], "bboxes": [[132.38629150390625, 60.425048828125, 698.79638671875, 683.7535400390625]]}