{"labels": [0], "scores": [0.9988001585006714], "bboxes": [[193.09384155273438, 20.333282470703125, 614.49560546875, 771.473388671875]]}