{"labels": [0], "scores": [0.9985752105712891], "bboxes": [[13.524383544921875, 237.15240478515625, 791.5245361328125, 755.0628662109375]]}