{"labels": [0], "scores": [0.996604323387146], "bboxes": [[191.40472412109375, 150.69479370117188, 733.7725219726562, 779.8741455078125]]}