{"labels": [0], "scores": [0.9991617202758789], "bboxes": [[5.63641357421875, 244.90811157226562, 794.0545654296875, 642.7493896484375]]}