{"labels": [0], "scores": [0.9958508014678955], "bboxes": [[89.48423767089844, 200.5128631591797, 545.6943359375, 834.8827514648438]]}