{"labels": [0, 0, 0, 0, 0, 0, 0], "scores": [0.9804209470748901, 0.8568640351295471, 0.2287660539150238, 0.17150315642356873, 0.07117658853530884, 0.06082567945122719, 0.06015034392476082], "bboxes": [[136.110107421875, 94.5513916015625, 710.5809326171875, 752.387451171875], [72.74870300292969, 213.48471069335938, 237.58326721191406, 406.2250671386719], [155.69667053222656, 330.8451232910156, 310.1741943359375, 536.3757934570312], [463.6017761230469, 106.30037689208984, 627.1293334960938, 244.28170776367188], [276.4447021484375, 281.37158203125, 686.74462890625, 718.3057250976562], [184.681396484375, 92.42959594726562, 535.3020629882812, 572.46826171875], [76.35139465332031, 102.66680145263672, 218.6841583251953, 268.7083740234375]]}