{"labels": [0, 0, 0], "scores": [0.977449357509613, 0.55654376745224, 0.4717591106891632], "bboxes": [[298.8170166015625, 301.79217529296875, 788.59228515625, 770.8076782226562], [16.011871337890625, 66.50302124023438, 800.0, 764.4635009765625], [2.974761962890625, 117.69189453125, 308.6275634765625, 637.063232421875]]}