{"labels": [0, 0, 0, 0], "scores": [0.9760830402374268, 0.37957850098609924, 0.11309745162725449, 0.0658595860004425], "bboxes": [[0.0963134765625, 8.946929931640625, 693.3917236328125, 790.089111328125], [0.0, 619.8900146484375, 551.8995971679688, 796.7523193359375], [0.0, 353.0924377441406, 39.40055847167969, 436.3117370605469], [0.0, 226.80718994140625, 40.777748107910156, 353.8330078125]]}