{"labels": [0], "scores": [0.9989976286888123], "bboxes": [[141.06640625, 87.90383911132812, 725.8167114257812, 800.0]]}