{"labels": [0, 0, 0, 0, 0], "scores": [0.929209291934967, 0.6018159985542297, 0.19087602198123932, 0.12314003705978394, 0.10807105153799057], "bboxes": [[272.8061218261719, 8.403778076171875, 797.7686767578125, 583.1099853515625], [0.0, 0.0, 800.0, 795.78857421875], [212.5240478515625, 555.4212036132812, 394.39178466796875, 738.7188110351562], [21.18016815185547, 555.910400390625, 203.56179809570312, 738.1710205078125], [400.10174560546875, 549.2929077148438, 584.7012939453125, 741.3014526367188]]}