{"labels": [0], "scores": [0.992766261100769], "bboxes": [[132.94265747070312, 59.764404296875, 649.5020751953125, 697.0619506835938]]}