{"labels": [0], "scores": [0.9979249238967896], "bboxes": [[2.90325927734375, 286.7226867675781, 798.4037475585938, 574.5614013671875]]}