{"labels": [0], "scores": [0.9987493753433228], "bboxes": [[19.096099853515625, 0.0, 792.90380859375, 793.929931640625]]}