{"labels": [0, 0, 0, 0, 0, 0, 0, 0, 0], "scores": [0.9249841570854187, 0.8418696522712708, 0.7056470513343811, 0.6394160389900208, 0.12167394906282425, 0.11079303175210953, 0.09477376192808151, 0.07422573119401932, 0.054007720202207565], "bboxes": [[303.3372802734375, 27.851654052734375, 492.9249267578125, 675.5125732421875], [80.32012939453125, 12.735321044921875, 225.56005859375, 450.2655944824219], [30.897384643554688, 426.454833984375, 208.46507263183594, 727.9588623046875], [564.6006469726562, 349.068115234375, 730.1737670898438, 471.65631103515625], [349.3774719238281, 331.3637390136719, 458.5434875488281, 791.5782470703125], [30.496131896972656, 156.08200073242188, 221.89907836914062, 714.46533203125], [564.5875244140625, 345.0142822265625, 771.6529541015625, 665.993408203125], [13.374267578125, 0.0, 765.5262451171875, 783.9471435546875], [678.2710571289062, 512.2135009765625, 764.7077026367188, 669.4754638671875]]}