{"labels": [0, 0, 0], "scores": [0.9855309724807739, 0.6613994836807251, 0.4670981466770172], "bboxes": [[70.09649658203125, 239.21693420410156, 773.9243774414062, 693.6502075195312], [29.277618408203125, 222.275390625, 552.9666748046875, 580.3433227539062], [261.7674255371094, 377.1921081542969, 763.1866455078125, 685.07861328125]]}