{"labels": [0, 0], "scores": [0.9974638223648071, 0.3252907991409302], "bboxes": [[120.18240356445312, 20.761566162109375, 675.7069091796875, 789.99951171875], [144.60525512695312, 377.1923522949219, 671.1907958984375, 778.0849609375]]}