{"labels": [0, 0, 0, 0], "scores": [0.9851493835449219, 0.3349858224391937, 0.09408802539110184, 0.09211836010217667], "bboxes": [[0.0, 159.6847381591797, 699.7554321289062, 537.739990234375], [175.7930450439453, 476.921142578125, 628.8056640625, 666.481689453125], [37.45172119140625, 381.789306640625, 691.0953979492188, 667.78369140625], [179.86134338378906, 488.22076416015625, 603.9807739257812, 575.6239013671875]]}