{"labels": [0, 0, 0], "scores": [0.9580520391464233, 0.8574743270874023, 0.12935389578342438], "bboxes": [[118.08056640625, 94.50442504882812, 457.74969482421875, 663.4395751953125], [550.884521484375, 178.83261108398438, 747.2962646484375, 798.341796875], [101.17669677734375, 67.206787109375, 756.671630859375, 800.0]]}