{"labels": [0, 0, 0, 0], "scores": [0.9851287603378296, 0.5406627058982849, 0.2572143077850342, 0.0852394849061966], "bboxes": [[281.23046875, 474.0853271484375, 583.7399291992188, 701.47509765625], [393.27655029296875, 407.92877197265625, 700.0307006835938, 694.3021850585938], [107.32186889648438, 282.91845703125, 706.1153564453125, 708.7816772460938], [472.14678955078125, 408.6814880371094, 704.5025024414062, 594.8804931640625]]}