{"labels": [0, 0, 0, 0], "scores": [0.9983736276626587, 0.7528088092803955, 0.0654108077287674, 0.05197455361485481], "bboxes": [[91.10394287109375, 305.670166015625, 631.7081909179688, 753.32861328125], [530.5069580078125, 268.4951171875, 718.4757080078125, 654.137939453125], [592.80712890625, 639.810302734375, 710.9578857421875, 741.3116455078125], [384.7362060546875, 275.68365478515625, 698.846435546875, 708.5149536132812]]}