{"labels": [0, 0], "scores": [0.993498682975769, 0.05142651125788689], "bboxes": [[11.595367431640625, 108.23574829101562, 799.896728515625, 722.971923828125], [321.5068054199219, 229.9706573486328, 730.511962890625, 650.2537231445312]]}