{"labels": [0, 0, 0, 0, 0, 0, 0, 0, 0, 0], "scores": [0.9921899437904358, 0.8597869873046875, 0.674294114112854, 0.6234105825424194, 0.4676198959350586, 0.24663721024990082, 0.131050705909729, 0.1291569322347641, 0.09414617717266083, 0.0733124315738678], "bboxes": [[183.98182678222656, 7.731170654296875, 637.3514404296875, 796.37939453125], [168.22930908203125, 77.34124755859375, 360.7122802734375, 323.4719543457031], [47.99885559082031, 307.41717529296875, 214.56703186035156, 452.37664794921875], [47.29801940917969, 202.93112182617188, 195.3863983154297, 339.2246398925781], [5.1242828369140625, 70.1209716796875, 357.3680419921875, 372.00048828125], [1.460662841796875, 79.08610534667969, 180.56446838378906, 239.25608825683594], [152.81373596191406, 81.82140350341797, 322.0145263671875, 237.15692138671875], [1.9279632568359375, 39.946044921875, 397.67926025390625, 776.5656127929688], [2.8863525390625, 44.708221435546875, 311.57574462890625, 242.4140625], [0.0, 6.04974365234375, 786.4557495117188, 423.4181823730469]]}