{"labels": [0, 0, 0], "scores": [0.9929515719413757, 0.9297060966491699, 0.31029680371284485], "bboxes": [[437.61859130859375, 304.5436096191406, 589.9733276367188, 504.4090270996094], [149.25396728515625, 10.49169921875, 466.242431640625, 741.6571655273438], [214.8570556640625, 170.7339324951172, 466.39007568359375, 621.3773803710938]]}