{"labels": [0, 0, 0, 0], "scores": [0.9706211686134338, 0.9112566709518433, 0.6243894100189209, 0.5902779698371887], "bboxes": [[391.50433349609375, 253.1188201904297, 531.5535278320312, 364.2287292480469], [89.81732177734375, 52.127410888671875, 738.0713500976562, 769.0721435546875], [85.23153686523438, 55.514190673828125, 400.27294921875, 630.3262939453125], [61.872100830078125, 472.98468017578125, 778.28369140625, 773.0709838867188]]}