{"labels": [0], "scores": [0.9979538917541504], "bboxes": [[81.520751953125, 7.9029541015625, 714.5953369140625, 797.0253295898438]]}