{"labels": [0, 0, 0, 0], "scores": [0.9846450686454773, 0.32222798466682434, 0.14885872602462769, 0.08489488810300827], "bboxes": [[0.0, 0.0, 604.736572265625, 796.3857421875], [332.7061767578125, 291.2774353027344, 789.28857421875, 800.0], [457.5058898925781, 354.6715393066406, 670.6656494140625, 622.244140625], [537.9479370117188, 455.6985778808594, 796.9357299804688, 798.7711181640625]]}