{"labels": [0, 0], "scores": [0.9448069930076599, 0.10912200808525085], "bboxes": [[159.96444702148438, 179.92904663085938, 665.05712890625, 739.693115234375], [216.04791259765625, 401.8331298828125, 617.3880615234375, 731.005859375]]}