{"labels": [0, 0, 0, 0, 0], "scores": [0.9668086171150208, 0.47842922806739807, 0.20876702666282654, 0.08939523994922638, 0.053890861570835114], "bboxes": [[87.64236450195312, 493.50506591796875, 720.2169189453125, 761.6574096679688], [344.38336181640625, 0.0, 682.2853393554688, 507.82421875], [130.51583862304688, 63.840606689453125, 698.9034423828125, 602.9603271484375], [213.35076904296875, 223.64727783203125, 464.3406982421875, 362.38751220703125], [195.93365478515625, 207.09877014160156, 642.65869140625, 499.2470703125]]}