{"labels": [0, 0, 0], "scores": [0.9894993305206299, 0.060896676033735275, 0.058499984443187714], "bboxes": [[28.11163330078125, 163.90899658203125, 766.3527221679688, 685.6259765625], [428.2393798828125, 35.961673736572266, 522.9664306640625, 137.66392517089844], [192.94244384765625, 37.12094497680664, 289.1324768066406, 137.02664184570312]]}