{"labels": [0], "scores": [0.9991599321365356], "bboxes": [[21.382877349853516, 118.07503509521484, 687.6846313476562, 609.1400756835938]]}