{"labels": [0, 0], "scores": [0.9055519700050354, 0.1322919726371765], "bboxes": [[68.715576171875, 119.19355773925781, 728.4097290039062, 446.5323486328125], [21.698211669921875, 142.671875, 771.68359375, 728.2051391601562]]}