{"labels": [0], "scores": [0.9944897890090942], "bboxes": [[231.20111083984375, 23.463104248046875, 693.3132934570312, 694.87939453125]]}