{"labels": [0], "scores": [0.9973914623260498], "bboxes": [[189.5968017578125, 140.97503662109375, 621.425537109375, 748.7079467773438]]}