{"labels": [0, 0], "scores": [0.9962825179100037, 0.9929401874542236], "bboxes": [[446.7581787109375, 20.3184814453125, 640.1270751953125, 787.9292602539062], [139.1848907470703, 11.122222900390625, 446.41619873046875, 775.8619384765625]]}