{"labels": [0], "scores": [0.9973345994949341], "bboxes": [[46.46124267578125, 248.4711456298828, 795.7398071289062, 633.1878051757812]]}