{"labels": [0, 0, 0, 0, 0], "scores": [0.9300937652587891, 0.1514049768447876, 0.134384885430336, 0.057775113731622696, 0.05308596417307854], "bboxes": [[240.48562622070312, 146.73904418945312, 781.4818115234375, 705.16845703125], [453.7525634765625, 196.6757354736328, 600.1845703125, 629.5940551757812], [350.6065368652344, 163.3236846923828, 619.1231689453125, 649.2373657226562], [77.93878173828125, 338.29986572265625, 787.0833129882812, 757.3331909179688], [481.275634765625, 209.1230926513672, 785.2777099609375, 711.1331787109375]]}