{"labels": [0], "scores": [0.9986011385917664], "bboxes": [[244.332763671875, 282.5426025390625, 609.5909423828125, 723.1121215820312]]}