{"labels": [0], "scores": [0.9990857839584351], "bboxes": [[33.71270751953125, 160.89251708984375, 763.3757934570312, 698.1958618164062]]}