{"labels": [0, 0, 0], "scores": [0.9863281846046448, 0.181748628616333, 0.12679338455200195], "bboxes": [[225.9307403564453, 113.42172241210938, 569.8209228515625, 732.5177001953125], [434.3554382324219, 6.3265380859375, 794.880859375, 798.6797485351562], [0.0, 251.75811767578125, 515.8848876953125, 800.0]]}