{"labels": [0], "scores": [0.9990411400794983], "bboxes": [[70.50198364257812, 76.1771240234375, 731.650390625, 729.353515625]]}