{"labels": [0], "scores": [0.9975839853286743], "bboxes": [[0.0, 0.0, 780.2081298828125, 800.0]]}