{"labels": [0], "scores": [0.9957069754600525], "bboxes": [[9.916778564453125, 235.0796661376953, 788.12158203125, 521.3692626953125]]}