{"labels": [0], "scores": [0.9994831085205078], "bboxes": [[32.2562255859375, 58.407318115234375, 752.822265625, 757.356689453125]]}