{"labels": [0, 0, 0], "scores": [0.9562591314315796, 0.8704639673233032, 0.20985808968544006], "bboxes": [[444.14471435546875, 198.41864013671875, 793.1658325195312, 787.9998168945312], [3.01953125, 179.59710693359375, 402.8674011230469, 792.9522705078125], [125.40055847167969, 179.4718017578125, 400.4044189453125, 619.5996704101562]]}