{"labels": [0, 0], "scores": [0.9938226938247681, 0.9854990243911743], "bboxes": [[81.66477966308594, 220.83456420898438, 521.4641723632812, 875.36669921875], [225.8092803955078, 218.7737579345703, 427.829833984375, 411.631591796875]]}