{"labels": [0, 0, 0], "scores": [0.9709640741348267, 0.9318991899490356, 0.08331985026597977], "bboxes": [[56.13385009765625, 307.852783203125, 716.7440795898438, 669.7731323242188], [467.6839599609375, 111.43681335449219, 800.0, 408.3917236328125], [57.687225341796875, 469.0228271484375, 725.537353515625, 706.614990234375]]}