{"labels": [0], "scores": [0.9961846470832825], "bboxes": [[11.7825927734375, 152.60357666015625, 773.5377807617188, 689.1854248046875]]}