{"labels": [0], "scores": [0.9994401335716248], "bboxes": [[40.7547607421875, 48.449951171875, 750.8579711914062, 765.9876708984375]]}