{"labels": [0, 0, 0, 0, 0, 0], "scores": [0.9545820951461792, 0.3970873951911926, 0.2509375512599945, 0.07859626412391663, 0.05388009548187256, 0.05373089388012886], "bboxes": [[405.4351806640625, 15.76202392578125, 643.1199951171875, 728.9426879882812], [66.18086242675781, 109.0921630859375, 520.6419677734375, 695.80419921875], [235.07821655273438, 16.3873291015625, 706.83251953125, 772.310302734375], [73.30526733398438, 136.04052734375, 503.0762634277344, 435.519775390625], [600.1630249023438, 138.3060760498047, 718.2777709960938, 556.9650268554688], [479.54595947265625, 31.058837890625, 610.8812866210938, 648.1513671875]]}