{"labels": [0], "scores": [0.9983183145523071], "bboxes": [[121.11605834960938, 59.49560546875, 677.0167236328125, 726.1884155273438]]}