{"labels": [0, 0], "scores": [0.9942343831062317, 0.7395594120025635], "bboxes": [[6.835964202880859, 40.808624267578125, 495.0429992675781, 896.0], [389.93328857421875, 0.96087646484375, 695.7352294921875, 738.15966796875]]}