{"labels": [0], "scores": [0.9912232160568237], "bboxes": [[134.51251220703125, 142.9126739501953, 653.6365356445312, 537.34130859375]]}