{"labels": [0, 0, 0], "scores": [0.9962521195411682, 0.12570278346538544, 0.10669609159231186], "bboxes": [[37.923095703125, 106.1109619140625, 742.65576171875, 731.5918579101562], [636.950927734375, 137.97418212890625, 767.4090576171875, 658.3622436523438], [49.93684387207031, 123.43258666992188, 241.3117218017578, 663.8314208984375]]}