{"labels": [0, 0, 0, 0, 0, 0, 0, 0, 0, 0, 0], "scores": [0.9071804881095886, 0.8219109177589417, 0.7912698984146118, 0.712567925453186, 0.7013627290725708, 0.35670554637908936, 0.34739506244659424, 0.1103854775428772, 0.09719337522983551, 0.07976255565881729, 0.06778927892446518], "bboxes": [[150.29727172851562, 532.3765258789062, 401.9794616699219, 653.5662231445312], [151.2738037109375, 171.59951782226562, 402.5032958984375, 289.4726257324219], [550.1154174804688, 526.2679443359375, 799.8818969726562, 651.9561767578125], [547.7806396484375, 173.6020050048828, 797.0035400390625, 295.07989501953125], [395.8304748535156, 233.70750427246094, 631.1070556640625, 378.54205322265625], [399.9756164550781, 591.7530517578125, 629.820556640625, 728.3118896484375], [2.0803451538085938, 235.51022338867188, 231.1025390625, 370.2785339355469], [0.0, 527.3748168945312, 793.0697021484375, 767.0624389648438], [3.8051605224609375, 592.960205078125, 227.47601318359375, 732.9578857421875], [483.2814025878906, 412.51556396484375, 563.4694213867188, 576.2905883789062], [83.55679321289062, 414.82305908203125, 164.80389404296875, 579.173583984375]]}