{"labels": [0, 0, 0, 0], "scores": [0.7999328374862671, 0.13719262182712555, 0.06008012965321541, 0.052982985973358154], "bboxes": [[201.82217407226562, 170.9016876220703, 717.533935546875, 669.4786376953125], [188.2880859375, 505.52276611328125, 443.447265625, 699.6448364257812], [11.95269775390625, 69.8651123046875, 606.27978515625, 639.189453125], [198.9943084716797, 378.12432861328125, 702.02392578125, 775.1198120117188]]}