{"labels": [0], "scores": [0.9889623522758484], "bboxes": [[189.8821563720703, 203.55078125, 655.165771484375, 716.0671997070312]]}