{"labels": [0, 0], "scores": [0.9881466627120972, 0.9811727404594421], "bboxes": [[108.24929809570312, 311.16748046875, 409.632080078125, 807.6751098632812], [355.33599853515625, 199.04725646972656, 678.12353515625, 717.2283935546875]]}