{"labels": [0, 0], "scores": [0.9725420475006104, 0.40482017397880554], "bboxes": [[48.301177978515625, 91.39984130859375, 703.8685302734375, 743.2322387695312], [53.18916320800781, 105.5616455078125, 528.22216796875, 532.202392578125]]}