{"labels": [0, 0, 0, 0, 0, 0], "scores": [0.8678579926490784, 0.7880349159240723, 0.47448086738586426, 0.29104501008987427, 0.07453884184360504, 0.06613645702600479], "bboxes": [[86.36837768554688, 245.365478515625, 730.7921142578125, 791.0428466796875], [392.53131103515625, 500.920166015625, 733.8703002929688, 785.748046875], [90.37901306152344, 254.0307159423828, 386.2247314453125, 632.6182861328125], [446.7516174316406, 0.0, 627.4210205078125, 517.7882690429688], [264.80877685546875, 0.0, 633.970947265625, 529.305419921875], [123.05555725097656, 162.85548400878906, 573.4407958984375, 654.2242431640625]]}