{"labels": [0, 0], "scores": [0.9951701760292053, 0.5313154458999634], "bboxes": [[137.69178771972656, 160.20767211914062, 552.5826416015625, 686.0736083984375], [0.0, 655.1486206054688, 691.0267333984375, 891.2609252929688]]}