{"labels": [0, 0, 0], "scores": [0.9069541692733765, 0.7786966562271118, 0.6484785079956055], "bboxes": [[136.96337890625, 251.6812744140625, 478.10223388671875, 797.5140380859375], [12.900726318359375, 48.172698974609375, 794.6905517578125, 697.7415771484375], [257.92633056640625, 157.06857299804688, 730.4823608398438, 736.8863525390625]]}