{"labels": [0], "scores": [0.9983910918235779], "bboxes": [[86.42306518554688, 22.770721435546875, 751.898193359375, 770.216552734375]]}