{"labels": [0, 0, 0], "scores": [0.9958022236824036, 0.5099325180053711, 0.07999882847070694], "bboxes": [[57.35205078125, 0.0, 725.0127563476562, 773.086181640625], [48.17799377441406, 0.0, 433.69439697265625, 674.5089721679688], [370.22564697265625, 1.49005126953125, 721.4445190429688, 722.93017578125]]}