{"labels": [0], "scores": [0.9985802173614502], "bboxes": [[51.74188232421875, 139.64132690429688, 740.2343139648438, 738.8406982421875]]}