{"labels": [0], "scores": [0.9992079138755798], "bboxes": [[20.71978759765625, 110.04962158203125, 777.1114501953125, 738.4000854492188]]}