{"labels": [0, 0], "scores": [0.99489825963974, 0.07653399556875229], "bboxes": [[220.3562774658203, 7.169464111328125, 569.4664306640625, 791.906982421875], [231.30999755859375, 112.85076904296875, 565.64501953125, 501.957275390625]]}