{"labels": [0], "scores": [0.9997053742408752], "bboxes": [[0.0, 0.57635498046875, 799.7594604492188, 799.8440551757812]]}