{"labels": [0, 0], "scores": [0.9947405457496643, 0.12386170774698257], "bboxes": [[94.13070678710938, 43.133148193359375, 790.205078125, 800.0], [143.20545959472656, 63.819366455078125, 620.237060546875, 525.2447509765625]]}