{"labels": [0, 0], "scores": [0.9924726486206055, 0.7523286938667297], "bboxes": [[39.978271484375, 113.34246826171875, 747.6430053710938, 416.99774169921875], [19.361968994140625, 102.67684936523438, 771.942626953125, 740.714599609375]]}