{"labels": [0], "scores": [0.9970775842666626], "bboxes": [[153.91555786132812, 379.25946044921875, 662.1641845703125, 667.9099731445312]]}