{"labels": [0], "scores": [0.9981482028961182], "bboxes": [[90.08865356445312, 144.0364990234375, 726.743896484375, 653.0736083984375]]}