{"labels": [0, 0, 0, 0], "scores": [0.9905067086219788, 0.13953417539596558, 0.10176363587379456, 0.05958569049835205], "bboxes": [[0.50152587890625, 5.790374755859375, 774.1214599609375, 711.595703125], [377.902099609375, 221.92453002929688, 783.8653564453125, 796.6448974609375], [322.0927734375, 291.5070495605469, 551.7549438476562, 648.8331298828125], [17.45111083984375, 111.90460205078125, 429.5471496582031, 728.2295532226562]]}