{"labels": [0], "scores": [0.9973530769348145], "bboxes": [[113.36239624023438, 74.26046752929688, 692.7122802734375, 736.1807861328125]]}