{"labels": [0], "scores": [0.9995880722999573], "bboxes": [[0.0, 12.79986572265625, 795.968017578125, 789.8628540039062]]}