{"labels": [0], "scores": [0.9980462789535522], "bboxes": [[224.2657470703125, 85.63555908203125, 586.5032958984375, 714.65478515625]]}