{"labels": [0], "scores": [0.9984195232391357], "bboxes": [[31.55389404296875, 341.8650817871094, 770.0087280273438, 654.10498046875]]}