{"labels": [0], "scores": [0.9977109432220459], "bboxes": [[3.458526611328125, 170.85675048828125, 790.813720703125, 675.1092529296875]]}