{"labels": [0], "scores": [0.9984174966812134], "bboxes": [[218.34703063964844, 87.1263427734375, 632.6289672851562, 756.2731323242188]]}