{"labels": [0], "scores": [0.9985939860343933], "bboxes": [[0.0, 6.35797119140625, 800.0, 793.214111328125]]}