{"labels": [0], "scores": [0.9987126588821411], "bboxes": [[165.87713623046875, 140.1823272705078, 636.5679321289062, 584.281005859375]]}