{"labels": [0, 0, 0, 0], "scores": [0.9217827916145325, 0.9123495817184448, 0.21008002758026123, 0.20870554447174072], "bboxes": [[57.656951904296875, 390.2308044433594, 715.5970458984375, 719.9632568359375], [42.357666015625, 440.9913635253906, 407.91217041015625, 703.466796875], [116.986083984375, 17.6317138671875, 690.4512329101562, 703.6024169921875], [449.05499267578125, 378.4736328125, 756.1838989257812, 728.993408203125]]}