{"labels": [0, 0, 0], "scores": [0.9991602897644043, 0.40764671564102173, 0.07796300202608109], "bboxes": [[62.662994384765625, 25.248931884765625, 677.4810791015625, 791.22314453125], [276.5615234375, 133.45664978027344, 356.14739990234375, 206.50563049316406], [689.9993896484375, 587.2034912109375, 776.9195556640625, 711.760009765625]]}