{"labels": [0, 0, 0], "scores": [0.9803324937820435, 0.23763073980808258, 0.2164524644613266], "bboxes": [[130.19326782226562, 37.908294677734375, 799.5389404296875, 689.9248046875], [110.07205200195312, 351.100830078125, 800.0, 785.0389404296875], [136.21823120117188, 60.60215759277344, 780.9439697265625, 372.7662353515625]]}