{"labels": [0], "scores": [0.9991962313652039], "bboxes": [[35.935089111328125, 72.98690795898438, 769.9317626953125, 693.55615234375]]}