{"labels": [0], "scores": [0.9962385892868042], "bboxes": [[251.427490234375, 45.57568359375, 540.6064453125, 777.996337890625]]}