{"labels": [0], "scores": [0.9983277916908264], "bboxes": [[34.929656982421875, 64.67965698242188, 789.2618408203125, 683.0355224609375]]}