{"labels": [0], "scores": [0.9989190101623535], "bboxes": [[158.3197784423828, 24.509765625, 647.396728515625, 797.2138061523438]]}