{"labels": [0, 0], "scores": [0.9990290403366089, 0.12714576721191406], "bboxes": [[0.0, 19.959625244140625, 796.0914916992188, 790.154052734375], [703.097412109375, 131.15292358398438, 799.3067626953125, 758.7574462890625]]}