{"labels": [0], "scores": [0.9975115060806274], "bboxes": [[15.924560546875, 257.0860900878906, 788.735595703125, 590.1697998046875]]}