{"labels": [0, 0, 0, 0, 0, 0, 0], "scores": [0.9927099943161011, 0.6285576820373535, 0.6115131974220276, 0.19733265042304993, 0.1950746327638626, 0.18011704087257385, 0.07478582859039307], "bboxes": [[67.26333618164062, 461.68975830078125, 385.139404296875, 708.9110717773438], [548.9766845703125, 447.5900573730469, 694.0169677734375, 669.8573608398438], [7.10113525390625, 16.020980834960938, 382.61199951171875, 317.01214599609375], [82.33209228515625, 438.6717529296875, 710.6546630859375, 711.9915771484375], [10.433563232421875, 10.028945922851562, 621.919921875, 443.49932861328125], [0.0, 0.0, 797.7418212890625, 797.0748291015625], [408.4229736328125, 444.1148986816406, 692.437744140625, 681.2327270507812]]}