{"labels": [0, 0], "scores": [0.9681104421615601, 0.06027589365839958], "bboxes": [[290.6070861816406, 16.25048828125, 507.8710021972656, 780.8297119140625], [53.236114501953125, 2.07086181640625, 684.738037109375, 799.7671508789062]]}