{"labels": [0], "scores": [0.9962305426597595], "bboxes": [[0.0, 37.957550048828125, 791.3992919921875, 800.0]]}