{"labels": [0, 0], "scores": [0.9816348552703857, 0.08277098834514618], "bboxes": [[41.5738525390625, 226.6857452392578, 770.4113159179688, 531.1976928710938], [8.206756591796875, 214.05899047851562, 787.4178466796875, 788.792724609375]]}