{"labels": [0, 0, 0], "scores": [0.9535650610923767, 0.19820904731750488, 0.08754588663578033], "bboxes": [[0.0, 1.405487060546875, 785.7102661132812, 794.25830078125], [371.8323974609375, 383.5225830078125, 424.3746337890625, 471.78802490234375], [238.95687866210938, 111.4598388671875, 773.281982421875, 687.97021484375]]}