{"labels": [0, 0, 0], "scores": [0.9917477369308472, 0.9839729070663452, 0.9839410185813904], "bboxes": [[49.36384582519531, 188.66226196289062, 373.7386474609375, 558.76123046875], [490.0132751464844, 106.5775375366211, 702.4942626953125, 354.46197509765625], [445.375732421875, 351.87591552734375, 709.1805419921875, 742.0060424804688]]}