{"labels": [0], "scores": [0.998859167098999], "bboxes": [[6.939697265625, 154.30650329589844, 792.32373046875, 619.8687744140625]]}