{"labels": [0], "scores": [0.9981042146682739], "bboxes": [[142.96778869628906, 61.11993408203125, 650.3193969726562, 738.7741088867188]]}