{"labels": [0], "scores": [0.9975838661193848], "bboxes": [[106.20684814453125, 53.284698486328125, 650.034912109375, 701.7655029296875]]}