{"labels": [0, 0, 0, 0], "scores": [0.8392660021781921, 0.17164190113544464, 0.147805318236351, 0.07937826216220856], "bboxes": [[4.8419189453125, 388.1778869628906, 605.051025390625, 799.4752197265625], [2.241546630859375, 76.59735107421875, 709.198974609375, 788.3868408203125], [214.79397583007812, 383.16510009765625, 555.6812744140625, 580.8060913085938], [541.6661987304688, 438.26776123046875, 732.1691284179688, 791.4351196289062]]}