{"labels": [0], "scores": [0.9972475171089172], "bboxes": [[218.78851318359375, 156.83335876464844, 473.52618408203125, 809.5467529296875]]}