{"labels": [0], "scores": [0.9963686466217041], "bboxes": [[181.18740844726562, 55.10147476196289, 544.1104125976562, 893.6538696289062]]}