{"labels": [0], "scores": [0.9992967844009399], "bboxes": [[0.0, 8.648223876953125, 800.0, 800.0]]}