{"labels": [0], "scores": [0.9964030981063843], "bboxes": [[142.103759765625, 74.27471923828125, 677.7238159179688, 718.363037109375]]}