{"labels": [0, 0, 0], "scores": [0.9989849925041199, 0.9394121766090393, 0.06011006236076355], "bboxes": [[167.17245483398438, 17.311370849609375, 772.834716796875, 746.1925048828125], [0.223480224609375, 437.3435974121094, 191.76821899414062, 689.3890380859375], [0.0, 106.95086669921875, 165.21560668945312, 656.1447143554688]]}