{"labels": [0, 0], "scores": [0.9608868956565857, 0.2631765604019165], "bboxes": [[192.30502319335938, 40.8331298828125, 558.403564453125, 711.857421875], [340.35382080078125, 623.2116088867188, 428.01776123046875, 777.4800415039062]]}