{"labels": [0, 0], "scores": [0.9946005344390869, 0.10034434497356415], "bboxes": [[0.0, 84.73602294921875, 797.3565673828125, 722.7998046875], [76.9892578125, 87.71240234375, 592.2872924804688, 498.89227294921875]]}