{"labels": [0, 0, 0], "scores": [0.8415696620941162, 0.7828994393348694, 0.26455047726631165], "bboxes": [[308.0747985839844, 234.3486785888672, 506.6235046386719, 567.7341918945312], [242.611328125, 497.5086669921875, 544.0751953125, 725.4534912109375], [237.7974853515625, 246.27169799804688, 557.0419311523438, 720.218994140625]]}