{"labels": [0], "scores": [0.9978020787239075], "bboxes": [[123.75509643554688, 50.6630859375, 664.026123046875, 767.7578125]]}