{"labels": [0], "scores": [0.9795154929161072], "bboxes": [[11.715911865234375, 168.61122131347656, 767.9959716796875, 610.3422241210938]]}