{"labels": [0], "scores": [0.9995098114013672], "bboxes": [[3.115478515625, 72.31585693359375, 779.9157104492188, 779.412109375]]}