{"labels": [0, 0, 0, 0, 0, 0, 0], "scores": [0.9652205109596252, 0.9645236730575562, 0.9620305299758911, 0.3147749602794647, 0.16204968094825745, 0.143846794962883, 0.06450338661670685], "bboxes": [[402.8485107421875, 103.74362182617188, 709.8985595703125, 423.6650695800781], [44.37797546386719, 73.927490234375, 397.1239013671875, 718.75341796875], [381.9522705078125, 388.105712890625, 750.8753662109375, 688.60986328125], [672.8009643554688, 122.46903991699219, 778.3890991210938, 459.2945556640625], [533.44677734375, 112.64959716796875, 771.323486328125, 465.99737548828125], [346.2469787597656, 121.39453887939453, 435.9338073730469, 256.71405029296875], [93.21975708007812, 88.58181762695312, 735.621337890625, 707.6046142578125]]}