{"labels": [0], "scores": [0.9918326139450073], "bboxes": [[264.65325927734375, 171.76625061035156, 525.4996337890625, 636.6311645507812]]}