{"labels": [0, 0, 0, 0], "scores": [0.9211737513542175, 0.8760542869567871, 0.7986937761306763, 0.05909298360347748], "bboxes": [[109.43023681640625, 9.46173095703125, 788.0048217773438, 704.5125732421875], [64.9018325805664, 97.16604614257812, 238.97976684570312, 688.7938232421875], [593.3192749023438, 0.125, 796.7947387695312, 675.8633422851562], [77.74778747558594, 47.619171142578125, 436.46063232421875, 692.548828125]]}