{"labels": [0], "scores": [0.9981474876403809], "bboxes": [[49.09075927734375, 71.42922973632812, 790.43701171875, 773.4552001953125]]}