{"labels": [0, 0, 0, 0, 0], "scores": [0.9947627186775208, 0.9841630458831787, 0.7394573092460632, 0.3145449459552765, 0.05631335824728012], "bboxes": [[36.62770080566406, 117.58755493164062, 337.04840087890625, 509.5635070800781], [15.778213500976562, 433.09368896484375, 342.63848876953125, 761.0997924804688], [340.12396240234375, 58.733489990234375, 791.4744262695312, 649.1397705078125], [29.46063232421875, 223.09771728515625, 340.9783935546875, 682.8380126953125], [65.05316162109375, 67.590576171875, 800.0, 800.0]]}