{"labels": [0], "scores": [0.9967250227928162], "bboxes": [[201.6691436767578, 159.0335693359375, 591.4262084960938, 732.95556640625]]}