{"labels": [0], "scores": [0.9973313808441162], "bboxes": [[224.4029083251953, 222.7303466796875, 682.1337280273438, 782.5121459960938]]}