{"labels": [0, 0, 0], "scores": [0.9966163039207458, 0.33169957995414734, 0.1470274180173874], "bboxes": [[59.849639892578125, 89.98252868652344, 730.97802734375, 596.82421875], [464.5896301269531, 686.082275390625, 540.1593017578125, 759.267822265625], [310.9364929199219, 694.97216796875, 382.4414367675781, 768.0545654296875]]}