{"labels": [0, 0, 0, 0, 0, 0, 0, 0, 0, 0, 0], "scores": [0.8784142136573792, 0.5929299592971802, 0.48637089133262634, 0.3597875237464905, 0.3353042006492615, 0.24695409834384918, 0.18392939865589142, 0.08715154975652695, 0.06698636710643768, 0.05802946165204048, 0.052485391497612], "bboxes": [[7.07354736328125, 68.89810180664062, 787.0701904296875, 743.5289306640625], [39.853553771972656, 461.249267578125, 219.16122436523438, 547.4829711914062], [33.889495849609375, 526.7034912109375, 229.40713500976562, 594.1339111328125], [493.51678466796875, 386.15289306640625, 780.6519165039062, 551.0672607421875], [143.09359741210938, 378.9385681152344, 310.8862609863281, 516.697998046875], [38.06201934814453, 406.791748046875, 257.6716613769531, 551.0455322265625], [324.0500793457031, 91.81929779052734, 728.629150390625, 290.2398681640625], [410.6454772949219, 488.3473205566406, 587.1194458007812, 546.4267578125], [125.86029052734375, 73.3526611328125, 751.4547119140625, 460.89605712890625], [215.33511352539062, 448.35113525390625, 401.1011047363281, 555.47265625], [18.018707275390625, 333.25390625, 661.7271728515625, 671.6044921875]]}