{"labels": [0, 0, 0, 0, 0], "scores": [0.9936163425445557, 0.30151066184043884, 0.13620294630527496, 0.09635505825281143, 0.06013743206858635], "bboxes": [[280.76776123046875, 18.5313720703125, 546.5059814453125, 741.1060180664062], [524.4168701171875, 396.5435485839844, 711.298828125, 741.8096923828125], [37.57683563232422, 476.53875732421875, 226.1796875, 645.3833618164062], [59.1187744140625, 20.478240966796875, 590.9697265625, 738.1275634765625], [146.56027221679688, 472.8752136230469, 313.55096435546875, 691.4669189453125]]}