{"labels": [0, 0, 0, 0], "scores": [0.9889677166938782, 0.590063750743866, 0.18193510174751282, 0.13698087632656097], "bboxes": [[276.1482849121094, 162.75445556640625, 774.8336181640625, 780.1517944335938], [0.0, 35.55908203125, 462.7470703125, 685.4650268554688], [5.532463073730469, 123.04718017578125, 169.48922729492188, 674.4291381835938], [382.97393798828125, 103.19125366210938, 652.5568237304688, 269.309326171875]]}