{"labels": [0], "scores": [0.9964354038238525], "bboxes": [[291.8858947753906, 17.038665771484375, 502.1559143066406, 782.6553955078125]]}