{"labels": [0], "scores": [0.9952213168144226], "bboxes": [[258.95928955078125, 236.99520874023438, 573.0048828125, 767.5689697265625]]}