{"labels": [0], "scores": [0.9989528656005859], "bboxes": [[56.71429443359375, 245.79832458496094, 752.1480102539062, 594.1372680664062]]}