{"labels": [0], "scores": [0.9977225661277771], "bboxes": [[122.92477416992188, 173.17518615722656, 656.1328125, 657.015380859375]]}