{"labels": [0], "scores": [0.999037504196167], "bboxes": [[0.0, 236.03744506835938, 797.7406616210938, 484.0562438964844]]}