{"labels": [0], "scores": [0.9957137107849121], "bboxes": [[107.8165283203125, 94.39263916015625, 713.6146240234375, 773.8349609375]]}