{"labels": [0, 0, 0], "scores": [0.9946433305740356, 0.12918893992900848, 0.058264512568712234], "bboxes": [[106.30752563476562, 242.57830810546875, 771.4229736328125, 681.9567260742188], [4.660675048828125, 230.82122802734375, 573.5330810546875, 594.3922119140625], [123.72352600097656, 381.7938232421875, 598.60546875, 695.3013916015625]]}