{"labels": [0, 0, 0, 0], "scores": [0.9978587031364441, 0.24856065213680267, 0.11380104720592499, 0.09871458262205124], "bboxes": [[19.20174789428711, 11.799495697021484, 511.33624267578125, 876.4214477539062], [366.469482421875, 507.7018737792969, 560.5558471679688, 825.4714965820312], [643.398193359375, 684.9404296875, 700.0, 871.2363891601562], [648.6351318359375, 231.58657836914062, 699.890380859375, 416.8725891113281]]}