{"labels": [0], "scores": [0.9996323585510254], "bboxes": [[3.262786865234375, 8.323699951171875, 793.48828125, 781.7921142578125]]}