{"labels": [0], "scores": [0.9839748740196228], "bboxes": [[240.47140502929688, 135.525390625, 554.9483642578125, 674.237548828125]]}