{"labels": [0], "scores": [0.9995355606079102], "bboxes": [[13.695556640625, 49.855560302734375, 764.9498901367188, 760.421142578125]]}