{"labels": [0, 0], "scores": [0.992314875125885, 0.1150660365819931], "bboxes": [[179.01318359375, 11.243194580078125, 609.3472900390625, 792.9095458984375], [394.99700927734375, 160.89300537109375, 593.357421875, 771.9722900390625]]}