{"labels": [0, 0, 0], "scores": [0.9955205917358398, 0.5107818841934204, 0.24265705049037933], "bboxes": [[229.70596313476562, 191.95687866210938, 590.93994140625, 763.1444091796875], [526.4077758789062, 558.0669555664062, 638.7213745117188, 747.7689819335938], [0.0, 467.5930480957031, 323.7010498046875, 750.958740234375]]}