{"labels": [0, 0], "scores": [0.9984068274497986, 0.05345600098371506], "bboxes": [[22.07305908203125, 34.09271240234375, 761.4454345703125, 745.2638549804688], [442.7523193359375, 538.578369140625, 609.272705078125, 711.3603515625]]}