{"labels": [0], "scores": [0.9988412261009216], "bboxes": [[97.52102661132812, 330.71826171875, 773.3795166015625, 772.26611328125]]}