{"labels": [0, 0, 0, 0], "scores": [0.9662768840789795, 0.18008145689964294, 0.09948103874921799, 0.07281231135129929], "bboxes": [[173.19873046875, 33.23164367675781, 708.9845581054688, 416.8804931640625], [41.547332763671875, 110.9969482421875, 722.6943359375, 716.0972290039062], [175.3747100830078, 57.31129455566406, 460.998046875, 400.003662109375], [0.0, 443.26654052734375, 732.94580078125, 764.6738891601562]]}