{"labels": [0, 0, 0], "scores": [0.9898654818534851, 0.8336417078971863, 0.07431650161743164], "bboxes": [[208.97933959960938, 237.05047607421875, 565.36474609375, 681.5181884765625], [203.73951721191406, 628.7559814453125, 532.4192504882812, 800.0], [201.03016662597656, 450.17291259765625, 555.1853637695312, 775.0944213867188]]}