{"labels": [0], "scores": [0.9973490238189697], "bboxes": [[216.623046875, 62.108734130859375, 586.207275390625, 750.3006591796875]]}