{"labels": [0], "scores": [0.9988849759101868], "bboxes": [[6.443115234375, 20.84228515625, 782.341064453125, 767.6275024414062]]}