{"labels": [0], "scores": [0.9953853487968445], "bboxes": [[44.694793701171875, 99.67218017578125, 766.994873046875, 721.6648559570312]]}