{"labels": [0, 0, 0, 0, 0, 0, 0], "scores": [0.9746761918067932, 0.9714834690093994, 0.9394813179969788, 0.7859093546867371, 0.7110611200332642, 0.24185048043727875, 0.05080116167664528], "bboxes": [[37.192405700683594, 14.057830810546875, 235.30618286132812, 402.5097961425781], [287.0943298339844, 21.102737426757812, 455.0101013183594, 404.1221923828125], [512.012451171875, 278.3907775878906, 762.785400390625, 528.1744384765625], [266.78125, 406.51947021484375, 460.3394775390625, 695.2020874023438], [6.8302001953125, 404.3135986328125, 234.457275390625, 696.24951171875], [516.9075927734375, 539.5158081054688, 757.0819091796875, 691.4685668945312], [0.0, 0.0, 742.3546142578125, 755.7552490234375]]}