{"labels": [0, 0, 0], "scores": [0.9963072538375854, 0.9364657402038574, 0.133187934756279], "bboxes": [[184.90036010742188, 116.25088500976562, 573.8519287109375, 789.4381103515625], [460.1990966796875, 371.1125793457031, 800.0, 762.6109619140625], [237.952392578125, 240.72653198242188, 783.43896484375, 790.6424560546875]]}