{"labels": [0, 0], "scores": [0.9914752244949341, 0.9607919454574585], "bboxes": [[206.72238159179688, 144.59896850585938, 786.757568359375, 734.2496337890625], [6.941436767578125, 67.562255859375, 422.2743225097656, 657.7389526367188]]}