{"labels": [0], "scores": [0.9990221261978149], "bboxes": [[74.11175537109375, 41.764312744140625, 736.0330810546875, 800.0]]}