{"labels": [0, 0, 0, 0, 0, 0], "scores": [0.902058482170105, 0.44595760107040405, 0.33790481090545654, 0.23087064921855927, 0.16036249697208405, 0.07060445100069046], "bboxes": [[219.32144165039062, 324.48516845703125, 795.38916015625, 780.3439331054688], [1.269683837890625, 72.12936401367188, 775.744140625, 786.2001953125], [3.8791656494140625, 443.85772705078125, 351.61138916015625, 783.4379272460938], [251.78839111328125, 235.43289184570312, 713.8587036132812, 550.82373046875], [141.97698974609375, 453.2288513183594, 246.74398803710938, 769.951171875], [663.9979858398438, 0.150909423828125, 747.1166381835938, 466.5582275390625]]}