{"labels": [0], "scores": [0.9994206428527832], "bboxes": [[0.0, 1.314697265625, 800.0, 800.0]]}