{"labels": [0, 0], "scores": [0.998123824596405, 0.9919933080673218], "bboxes": [[359.03314208984375, 154.13156127929688, 497.60626220703125, 312.9016418457031], [337.83001708984375, 388.36468505859375, 569.1210327148438, 769.5968627929688]]}