{"labels": [0], "scores": [0.9977025389671326], "bboxes": [[0.0, 201.2217254638672, 798.2296142578125, 562.2946166992188]]}