{"labels": [0, 0], "scores": [0.9987442493438721, 0.11702899634838104], "bboxes": [[33.7589111328125, 168.3129425048828, 772.2233276367188, 642.3338012695312], [414.34429931640625, 199.8462371826172, 435.184814453125, 217.13807678222656]]}