{"labels": [0, 0, 0, 0, 0, 0, 0], "scores": [0.7442619204521179, 0.5425427556037903, 0.4660758376121521, 0.2759757339954376, 0.12543539702892303, 0.08206585049629211, 0.07230690866708755], "bboxes": [[378.93780517578125, 0.0, 517.0443725585938, 800.0], [572.9605102539062, 266.06707763671875, 783.8432006835938, 500.0369873046875], [45.161529541015625, 0.0, 723.40576171875, 800.0], [375.89398193359375, 398.6484375, 500.83465576171875, 800.0], [338.4581298828125, 0.0, 630.1561279296875, 800.0], [404.2815856933594, 0.0, 502.7876281738281, 502.7044677734375], [0.0, 0.0, 250.66748046875, 647.0394287109375]]}