{"labels": [0], "scores": [0.9983934760093689], "bboxes": [[114.54837036132812, 152.226806640625, 741.93408203125, 777.839599609375]]}