{"labels": [0, 0, 0, 0, 0], "scores": [0.9534440040588379, 0.6064214110374451, 0.23934781551361084, 0.1354067027568817, 0.0627141073346138], "bboxes": [[156.57772827148438, 111.39114379882812, 711.3082275390625, 732.1136474609375], [266.86328125, 118.369384765625, 450.0660400390625, 699.124755859375], [114.6819839477539, 248.05259704589844, 276.8569030761719, 654.6378784179688], [266.72613525390625, 389.5381164550781, 712.0398559570312, 730.0054931640625], [129.46112060546875, 165.18893432617188, 417.2705078125, 679.7132568359375]]}