{"labels": [0, 0, 0, 0, 0, 0, 0, 0, 0, 0, 0, 0], "scores": [0.9240589141845703, 0.9111489057540894, 0.6773580312728882, 0.3850831389427185, 0.22428785264492035, 0.12199370563030243, 0.11128765344619751, 0.09168269485235214, 0.09039122611284256, 0.06573828309774399, 0.05945698916912079, 0.056990668177604675], "bboxes": [[244.47698974609375, 357.03997802734375, 388.0792236328125, 694.8504028320312], [367.68548583984375, 335.5274658203125, 526.6685791015625, 719.757080078125], [396.24951171875, 510.5405578613281, 519.3237915039062, 599.3741455078125], [259.30657958984375, 122.98065185546875, 460.9281005859375, 392.99163818359375], [248.52957153320312, 518.4449462890625, 379.1940612792969, 584.696533203125], [240.89772033691406, 114.56246948242188, 456.9261474609375, 700.959228515625], [268.6950988769531, 625.3524780273438, 381.3939514160156, 734.6084594726562], [0.0, 83.6466064453125, 264.7757263183594, 792.1058959960938], [370.92291259765625, 342.3940734863281, 522.6340942382812, 539.4716796875], [426.0985412597656, 675.8860473632812, 509.2810974121094, 747.0814819335938], [253.597412109375, 361.2554931640625, 380.6427001953125, 544.649169921875], [387.44342041015625, 473.9292907714844, 520.6366577148438, 684.6658325195312]]}