{"labels": [0], "scores": [0.9963772892951965], "bboxes": [[174.2261199951172, 240.1748046875, 561.01904296875, 704.90234375]]}