{"labels": [0], "scores": [0.9936188459396362], "bboxes": [[74.64787292480469, 214.91738891601562, 557.1220092773438, 725.373046875]]}