{"labels": [0], "scores": [0.9985242486000061], "bboxes": [[64.11688232421875, 136.43325805664062, 659.081298828125, 692.3302001953125]]}