{"labels": [0, 0, 0, 0, 0], "scores": [0.8871375918388367, 0.578633725643158, 0.3126160502433777, 0.16728127002716064, 0.05595310032367706], "bboxes": [[244.30892944335938, 128.23362731933594, 451.8437805175781, 401.7170715332031], [256.2530822753906, 367.2104187011719, 453.217041015625, 761.5584716796875], [235.781982421875, 154.2847900390625, 462.2613525390625, 842.3383178710938], [0.0, 332.58172607421875, 279.86956787109375, 864.1049194335938], [17.69097137451172, 371.4028625488281, 233.7836456298828, 455.98388671875]]}