{"labels": [0, 0, 0, 0], "scores": [0.99793541431427, 0.8201371431350708, 0.6276242733001709, 0.6219070553779602], "bboxes": [[0.0, 12.512451171875, 731.138916015625, 791.9570922851562], [382.32586669921875, 107.21343994140625, 728.4138793945312, 459.96343994140625], [242.0058135986328, 23.012481689453125, 721.7213134765625, 528.9661865234375], [521.8526611328125, 56.37652587890625, 798.80322265625, 426.7587890625]]}