{"labels": [0], "scores": [0.9993846416473389], "bboxes": [[10.414154052734375, 90.885498046875, 775.59521484375, 710.0360107421875]]}