{"labels": [0, 0, 0, 0, 0], "scores": [0.9897017478942871, 0.7066900730133057, 0.40025603771209717, 0.15572623908519745, 0.10004150867462158], "bboxes": [[0.0, 0.0, 797.81494140625, 800.0], [0.0, 4.48175048828125, 546.9450073242188, 564.5021362304688], [331.326416015625, 188.02267456054688, 800.0, 793.892333984375], [0.0, 274.29888916015625, 567.6826171875, 800.0], [218.0943603515625, 6.64923095703125, 769.8984375, 543.5552368164062]]}