{"labels": [0, 0, 0, 0, 0], "scores": [0.9611536860466003, 0.9435029029846191, 0.689995527267456, 0.36412307620048523, 0.09176457673311234], "bboxes": [[17.69683837890625, 132.34744262695312, 791.1897583007812, 763.479248046875], [15.28656005859375, 298.08587646484375, 288.6637268066406, 707.7461547851562], [250.48895263671875, 138.377685546875, 581.118896484375, 787.205078125], [450.78118896484375, 289.80706787109375, 785.7615356445312, 750.6708374023438], [334.03668212890625, 150.03512573242188, 493.0333251953125, 298.81988525390625]]}