{"labels": [0, 0, 0], "scores": [0.9094051718711853, 0.42794379591941833, 0.07052329182624817], "bboxes": [[311.0186767578125, 376.3747863769531, 660.64404296875, 768.475830078125], [192.388671875, 230.105224609375, 748.3748779296875, 768.7176513671875], [163.23379516601562, 255.93601989746094, 206.92169189453125, 298.8466796875]]}