{"labels": [0], "scores": [0.998540997505188], "bboxes": [[92.09066772460938, 87.80535888671875, 682.7882080078125, 733.8649291992188]]}