{"labels": [0, 0, 0, 0], "scores": [0.9772243499755859, 0.2607257664203644, 0.0903124213218689, 0.05112915113568306], "bboxes": [[1.049163818359375, 91.61587524414062, 793.5985107421875, 785.281005859375], [15.635238647460938, 315.7324523925781, 311.77996826171875, 601.4970703125], [42.987884521484375, 215.31930541992188, 686.3134765625, 641.31103515625], [0.778564453125, 7.322303771972656, 420.5321044921875, 219.6129150390625]]}