{"labels": [0, 0], "scores": [0.9985657334327698, 0.05399950593709946], "bboxes": [[2.4597625732421875, 88.37347412109375, 678.493896484375, 896.0], [580.72509765625, 3.369009017944336, 698.964599609375, 290.6694641113281]]}