{"labels": [0, 0, 0, 0], "scores": [0.9679890871047974, 0.9418520331382751, 0.9010488390922546, 0.35189586877822876], "bboxes": [[92.5862045288086, 44.7529296875, 287.5119323730469, 782.9691772460938], [605.1636962890625, 0.0, 786.24560546875, 800.0], [91.18804931640625, 0.0, 705.6552734375, 800.0], [318.6825256347656, 540.4776611328125, 429.2510070800781, 726.6483154296875]]}