{"labels": [0], "scores": [0.9986698627471924], "bboxes": [[77.2349853515625, 219.0507354736328, 754.4088134765625, 608.372314453125]]}