{"labels": [0], "scores": [0.9987240433692932], "bboxes": [[116.3675537109375, 0.0, 686.7683715820312, 755.8543701171875]]}