{"labels": [0, 0], "scores": [0.9951136708259583, 0.9925438165664673], "bboxes": [[8.764007568359375, 154.64820861816406, 395.1876525878906, 646.87841796875], [407.88232421875, 151.28855895996094, 794.6312255859375, 644.17041015625]]}