{"labels": [0, 0, 0], "scores": [0.9662846326828003, 0.2409336268901825, 0.1369977742433548], "bboxes": [[295.508544921875, 116.57232666015625, 540.691162109375, 645.08935546875], [266.0126953125, 325.6147766113281, 566.1461181640625, 745.77587890625], [267.75262451171875, 544.6723022460938, 563.1045532226562, 766.8119506835938]]}