{"labels": [0], "scores": [0.9817945957183838], "bboxes": [[118.56965637207031, 265.55841064453125, 588.2335815429688, 810.5516357421875]]}