{"labels": [0], "scores": [0.9942042231559753], "bboxes": [[75.02662658691406, 168.33987426757812, 700.0, 752.7672119140625]]}