{"labels": [0, 0, 0, 0], "scores": [0.9940277338027954, 0.5110676288604736, 0.17150937020778656, 0.10895828902721405], "bboxes": [[176.80325317382812, 121.97065734863281, 485.8315734863281, 513.4718017578125], [489.4546203613281, 696.544677734375, 684.4317016601562, 839.5543212890625], [10.641471862792969, 526.30615234375, 688.5689697265625, 869.6416625976562], [33.71269989013672, 747.1322631835938, 237.5060272216797, 880.6964111328125]]}