{"labels": [0, 0], "scores": [0.9845006465911865, 0.21895118057727814], "bboxes": [[65.3638916015625, 40.333831787109375, 723.0859375, 747.46875], [83.75701904296875, 0.0, 577.9933471679688, 511.41571044921875]]}