{"labels": [0, 0], "scores": [0.990922749042511, 0.9596153497695923], "bboxes": [[31.007034301757812, 162.73184204101562, 267.77392578125, 686.2447509765625], [263.577392578125, 400.5990295410156, 638.1314697265625, 639.3353271484375]]}