{"labels": [0], "scores": [0.9872534871101379], "bboxes": [[310.96771240234375, 41.25421142578125, 536.0794677734375, 732.289306640625]]}