{"labels": [0, 0, 0], "scores": [0.9959724545478821, 0.9520071148872375, 0.0847090408205986], "bboxes": [[259.7982482910156, 0.218841552734375, 786.0897216796875, 764.8692626953125], [100.84333801269531, 0.0, 278.02227783203125, 728.3978271484375], [561.809814453125, 0.0, 787.6688232421875, 792.7169189453125]]}