{"labels": [0, 0, 0], "scores": [0.991389811038971, 0.08096583187580109, 0.05171477794647217], "bboxes": [[66.91162109375, 37.308807373046875, 749.0588989257812, 737.45166015625], [64.88453674316406, 532.580810546875, 321.59722900390625, 686.16259765625], [60.877716064453125, 88.88433837890625, 407.97393798828125, 709.5199584960938]]}