{"labels": [0], "scores": [0.9974084496498108], "bboxes": [[87.53390502929688, 23.7734375, 676.5263671875, 797.4454956054688]]}