{"labels": [0, 0], "scores": [0.9967132806777954, 0.1809721738100052], "bboxes": [[6.204254150390625, 199.53427124023438, 766.1019287109375, 670.5330810546875], [461.536865234375, 199.5057373046875, 787.2427978515625, 539.6863403320312]]}