{"labels": [0, 0], "scores": [0.9968223571777344, 0.058659877628088], "bboxes": [[4.67718505859375, 180.9559326171875, 742.7489624023438, 738.0115356445312], [282.11187744140625, 341.69989013671875, 680.6860961914062, 634.0578002929688]]}