{"labels": [0, 0, 0, 0, 0], "scores": [0.9831265807151794, 0.9769656658172607, 0.8703122138977051, 0.12134530395269394, 0.07136530429124832], "bboxes": [[166.75303649902344, 299.6953125, 467.43914794921875, 720.996337890625], [237.58226013183594, 108.83821105957031, 552.2847290039062, 409.630615234375], [486.0667724609375, 493.4814453125, 672.3272705078125, 725.2327880859375], [96.28448486328125, 225.44105529785156, 320.132568359375, 510.24169921875], [144.63778686523438, 167.23281860351562, 625.57421875, 728.2867431640625]]}