{"labels": [0], "scores": [0.9989352822303772], "bboxes": [[2.738006591796875, 33.54266357421875, 800.0, 790.8525390625]]}