{"labels": [0], "scores": [0.9958831071853638], "bboxes": [[19.39801025390625, 35.958740234375, 752.1015625, 781.4759521484375]]}