{"labels": [0], "scores": [0.9974642992019653], "bboxes": [[54.205841064453125, 118.96261596679688, 739.983642578125, 770.511474609375]]}