{"labels": [0, 0, 0], "scores": [0.9972524046897888, 0.6870027184486389, 0.09335139393806458], "bboxes": [[47.098968505859375, 418.70086669921875, 720.5968017578125, 739.5667114257812], [556.8285522460938, 220.30201721191406, 713.3035278320312, 447.568359375], [37.927825927734375, 115.4310302734375, 682.22705078125, 756.4281005859375]]}