{"labels": [0], "scores": [0.995327353477478], "bboxes": [[350.44012451171875, 74.35293579101562, 518.5392456054688, 774.0311279296875]]}