{"labels": [0, 0, 0, 0, 0, 0, 0, 0, 0, 0, 0, 0, 0], "scores": [0.9129948616027832, 0.655370831489563, 0.6110540628433228, 0.5618253350257874, 0.549758791923523, 0.5281559824943542, 0.4611327648162842, 0.3485065698623657, 0.24470117688179016, 0.1671038120985031, 0.10950920730829239, 0.09535558521747589, 0.09032558649778366], "bboxes": [[353.72509765625, 71.3607177734375, 792.0247802734375, 367.1528015136719], [214.8623046875, 414.62933349609375, 303.39361572265625, 509.9600830078125], [501.4209289550781, 610.5697021484375, 584.9092407226562, 751.23193359375], [420.3366394042969, 610.19189453125, 500.6924133300781, 748.9332275390625], [635.4674682617188, 415.99383544921875, 760.1873168945312, 571.9999389648438], [412.767333984375, 402.05706787109375, 582.43994140625, 552.6265258789062], [299.4613342285156, 436.8685607910156, 384.5592956542969, 532.2130126953125], [611.7182006835938, 615.088623046875, 784.3567504882812, 743.7261962890625], [16.96826171875, 426.7369689941406, 188.1024169921875, 525.6986083984375], [213.55657958984375, 592.2088623046875, 368.736572265625, 738.4185791015625], [23.01385498046875, 0.0, 649.5252685546875, 392.547607421875], [204.22308349609375, 420.49591064453125, 387.90264892578125, 656.5187377929688], [230.28244018554688, 425.1142272949219, 381.9212951660156, 534.6368408203125]]}