{"labels": [0, 0, 0, 0], "scores": [0.9788273572921753, 0.2952148914337158, 0.24920831620693207, 0.12493651360273361], "bboxes": [[130.71945190429688, 9.857757568359375, 746.26806640625, 800.0], [133.02593994140625, 408.8203125, 744.8549194335938, 794.056396484375], [68.48733520507812, 28.13037109375, 689.744873046875, 440.4112243652344], [78.92887878417969, 51.65460205078125, 518.3207397460938, 322.5394287109375]]}