{"labels": [0, 0], "scores": [0.9925227761268616, 0.0648699477314949], "bboxes": [[21.275665283203125, 62.53826904296875, 744.94970703125, 739.2347412109375], [112.66146850585938, 108.69232177734375, 460.3901672363281, 720.0750732421875]]}