{"labels": [0], "scores": [0.9983293414115906], "bboxes": [[95.3055419921875, 99.2713623046875, 715.3905029296875, 769.8292846679688]]}