{"labels": [0], "scores": [0.999599039554596], "bboxes": [[0.0, 2.094390869140625, 794.6967163085938, 729.8018798828125]]}