{"labels": [0], "scores": [0.9985374212265015], "bboxes": [[188.4943084716797, 14.415130615234375, 663.2703247070312, 797.8970947265625]]}