{"labels": [0, 0, 0, 0], "scores": [0.9928656816482544, 0.7872607111930847, 0.2862567603588104, 0.06001567468047142], "bboxes": [[118.54986572265625, 94.79885864257812, 703.696044921875, 719.41455078125], [319.01806640625, 1.682525634765625, 582.6356201171875, 280.5523376464844], [354.1201477050781, 130.11056518554688, 423.3065490722656, 277.2967834472656], [294.8952331542969, 145.43995666503906, 354.1736145019531, 277.49566650390625]]}