{"labels": [0], "scores": [0.9975199103355408], "bboxes": [[64.09062194824219, 0.21067176759243011, 639.6776733398438, 702.0]]}