{"labels": [0, 0], "scores": [0.9875627756118774, 0.28854578733444214], "bboxes": [[332.7940673828125, 80.87680053710938, 682.3606567382812, 703.177978515625], [564.426025390625, 22.0975341796875, 798.27734375, 646.8577270507812]]}