{"labels": [0], "scores": [0.999525785446167], "bboxes": [[3.527587890625, 115.38192749023438, 800.0, 686.7188720703125]]}