{"labels": [0], "scores": [0.9989770650863647], "bboxes": [[0.0, 127.22933959960938, 793.1810302734375, 723.85400390625]]}