{"labels": [0, 0, 0, 0], "scores": [0.9822140336036682, 0.9787859916687012, 0.9686550498008728, 0.15835566818714142], "bboxes": [[49.63185119628906, 152.60037231445312, 342.0782470703125, 590.91650390625], [463.08074951171875, 157.43934631347656, 767.8576049804688, 593.8173217773438], [227.69708251953125, 281.36175537109375, 591.1192626953125, 573.0988159179688], [367.1335754394531, 215.33642578125, 656.0294189453125, 595.6272583007812]]}