{"labels": [0, 0, 0, 0, 0, 0], "scores": [0.9943708777427673, 0.99107426404953, 0.9892431497573853, 0.9884401559829712, 0.49778610467910767, 0.08299436420202255], "bboxes": [[110.45591735839844, 330.6971130371094, 450.77215576171875, 655.7060546875], [433.2015380859375, 291.8138427734375, 762.7303466796875, 619.406005859375], [235.72413635253906, 73.89944458007812, 603.81103515625, 375.57879638671875], [39.56477355957031, 219.23973083496094, 327.8031005859375, 493.3682861328125], [71.65579223632812, 269.08612060546875, 411.0614318847656, 559.9474487304688], [35.53619384765625, 80.0111083984375, 592.7676391601562, 540.5311279296875]]}