{"labels": [0], "scores": [0.9969539642333984], "bboxes": [[3.1693115234375, 79.14425659179688, 774.0455322265625, 735.2008056640625]]}