{"labels": [0, 0, 0, 0, 0, 0, 0, 0, 0, 0, 0, 0, 0], "scores": [0.9103707671165466, 0.6227375864982605, 0.5383618474006653, 0.44088950753211975, 0.4164501428604126, 0.3677460551261902, 0.2091044783592224, 0.18021386861801147, 0.16222843527793884, 0.1321227252483368, 0.11662153154611588, 0.08111219853162766, 0.07259316742420197], "bboxes": [[34.516632080078125, 43.103057861328125, 668.53857421875, 657.01708984375], [275.1872253417969, 394.7607116699219, 455.0339660644531, 739.035400390625], [235.4532470703125, 328.9210510253906, 414.44708251953125, 689.1317138671875], [471.0013427734375, 434.91241455078125, 774.66552734375, 738.6033325195312], [42.648841857910156, 91.95074462890625, 256.6595458984375, 471.10992431640625], [109.61644744873047, 114.00990295410156, 235.84320068359375, 555.8212280273438], [110.86256408691406, 108.79229736328125, 509.2947998046875, 585.2952270507812], [255.19952392578125, 307.3936462402344, 691.0399169921875, 734.7205810546875], [25.047760009765625, 45.69329833984375, 359.4444885253906, 546.0836181640625], [211.86114501953125, 301.3819580078125, 351.4498291015625, 641.9818725585938], [129.04296875, 165.66421508789062, 345.4407958984375, 601.1234130859375], [324.6388854980469, 406.23223876953125, 751.4462890625, 548.7959594726562], [98.96823120117188, 135.1982879638672, 181.73001098632812, 473.40924072265625]]}