{"labels": [0, 0, 0, 0, 0], "scores": [0.9950882792472839, 0.995061457157135, 0.9937446713447571, 0.9894278645515442, 0.9838920831680298], "bboxes": [[336.6734313964844, 126.72848510742188, 550.6068115234375, 736.259033203125], [46.67994689941406, 166.97805786132812, 326.08770751953125, 777.0400390625], [668.1485595703125, 112.20114135742188, 760.2750244140625, 635.5657958984375], [169.75613403320312, 157.8985595703125, 447.9397277832031, 756.1029663085938], [517.55419921875, 94.1033935546875, 718.521728515625, 678.5247192382812]]}