{"labels": [0], "scores": [0.9977290034294128], "bboxes": [[171.3918914794922, 271.8477783203125, 614.75732421875, 626.5918579101562]]}