{"labels": [0, 0, 0, 0, 0, 0], "scores": [0.9785667657852173, 0.9695776104927063, 0.958407461643219, 0.8536533117294312, 0.13288697600364685, 0.0588504783809185], "bboxes": [[58.181007385253906, 100.10067749023438, 270.28546142578125, 753.1805419921875], [483.4643249511719, 73.05685424804688, 667.0554809570312, 781.6431884765625], [334.810546875, 446.906494140625, 494.16192626953125, 792.468017578125], [625.1428833007812, 459.07403564453125, 766.4837036132812, 777.7575073242188], [192.9868927001953, 53.05609130859375, 681.5191040039062, 794.3755493164062], [352.4854736328125, 679.8277587890625, 461.01873779296875, 759.817626953125]]}