{"labels": [0], "scores": [0.992254376411438], "bboxes": [[263.631103515625, 144.24932861328125, 530.0296020507812, 692.2741088867188]]}