{"labels": [0, 0], "scores": [0.9920690059661865, 0.16183386743068695], "bboxes": [[3.44232177734375, 102.93527221679688, 800.0, 800.0], [336.2155456542969, 267.8020935058594, 793.112060546875, 796.1351318359375]]}