{"labels": [0, 0, 0, 0, 0, 0, 0, 0], "scores": [0.9450128674507141, 0.9323468208312988, 0.835893988609314, 0.7718791961669922, 0.46437084674835205, 0.43915075063705444, 0.06421948224306107, 0.06329698860645294], "bboxes": [[9.822891235351562, 317.5247802734375, 327.75103759765625, 601.8689575195312], [480.4192810058594, 379.3787841796875, 790.457275390625, 663.30078125], [136.9821014404297, 343.4500732421875, 500.31390380859375, 748.5391845703125], [135.57208251953125, 108.233642578125, 387.80230712890625, 340.4649353027344], [12.86480712890625, 77.07699584960938, 712.1665649414062, 739.9859619140625], [139.1739501953125, 49.07722473144531, 623.6466064453125, 401.24737548828125], [0.0, 134.30543518066406, 197.44839477539062, 462.83111572265625], [352.51763916015625, 109.31533813476562, 660.037841796875, 400.14666748046875]]}