{"labels": [0, 0, 0, 0], "scores": [0.9847805500030518, 0.0638316422700882, 0.05593331903219223, 0.05037384107708931], "bboxes": [[380.7833557128906, 193.12936401367188, 488.3413391113281, 758.3427734375], [254.7496337890625, 201.44186401367188, 363.89605712890625, 314.3320617675781], [283.201904296875, 662.0671997070312, 389.0430908203125, 772.5659790039062], [128.97897338867188, 178.12399291992188, 686.89794921875, 775.0137939453125]]}