{"labels": [0, 0, 0, 0, 0], "scores": [0.988775372505188, 0.4658743739128113, 0.2511766254901886, 0.05257269740104675, 0.05203723907470703], "bboxes": [[187.55950927734375, 11.513641357421875, 800.0, 675.0128173828125], [0.0, 20.77587890625, 255.52529907226562, 652.1514282226562], [44.91124725341797, 426.484375, 119.0395278930664, 642.3179931640625], [0.0, 13.5372314453125, 484.53790283203125, 683.5872192382812], [682.6656494140625, 591.5404052734375, 795.28466796875, 702.714111328125]]}