{"labels": [0], "scores": [0.9960545301437378], "bboxes": [[288.1444396972656, 86.07217407226562, 516.8131103515625, 747.0732421875]]}