{"labels": [0, 0, 0], "scores": [0.9974141120910645, 0.9943928718566895, 0.11271979659795761], "bboxes": [[378.38739013671875, 188.13575744628906, 692.7653198242188, 812.3756713867188], [0.0, 167.0212860107422, 280.81549072265625, 701.5582885742188], [229.77426147460938, 568.5582275390625, 366.1737976074219, 896.0]]}