{"labels": [0, 0], "scores": [0.9909362196922302, 0.05709937587380409], "bboxes": [[118.31375122070312, 26.143829345703125, 421.0461120605469, 854.0087890625], [175.00814819335938, 762.705078125, 342.1666259765625, 885.70654296875]]}