{"labels": [0], "scores": [0.9982762336730957], "bboxes": [[60.795745849609375, 270.6492919921875, 791.8341064453125, 643.4381713867188]]}