{"labels": [0, 0, 0], "scores": [0.9618480801582336, 0.8310914039611816, 0.214435875415802], "bboxes": [[3.180694580078125, 4.032012939453125, 791.585205078125, 739.85986328125], [13.991790771484375, 103.28593444824219, 342.5545349121094, 418.9822998046875], [310.586669921875, 452.5770263671875, 460.46026611328125, 583.764404296875]]}