{"labels": [0, 0, 0, 0, 0], "scores": [0.9675846695899963, 0.26854386925697327, 0.19241848587989807, 0.07802768796682358, 0.05833403766155243], "bboxes": [[307.6376647949219, 255.13160705566406, 632.4019775390625, 693.8600463867188], [354.0683898925781, 683.4930419921875, 513.7411499023438, 768.603271484375], [50.51728820800781, 10.10198974609375, 409.22918701171875, 510.27874755859375], [705.2098388671875, 358.7206115722656, 799.9361572265625, 585.3023681640625], [358.1527099609375, 681.7494506835938, 415.38397216796875, 761.6608276367188]]}