{"labels": [0], "scores": [0.9973284006118774], "bboxes": [[0.0, 191.59686279296875, 800.0, 663.312255859375]]}