{"labels": [0, 0, 0, 0, 0, 0, 0, 0, 0, 0, 0, 0, 0, 0, 0, 0, 0, 0, 0, 0, 0], "scores": [0.97162264585495, 0.9653914570808411, 0.9124114513397217, 0.9103983640670776, 0.8860081434249878, 0.8810063004493713, 0.8785145878791809, 0.8573846220970154, 0.7388456463813782, 0.6660733222961426, 0.6004732847213745, 0.39592474699020386, 0.2714613378047943, 0.2358032763004303, 0.17325352132320404, 0.10656177997589111, 0.10116061568260193, 0.09804683178663254, 0.08430639654397964, 0.05703220143914223, 0.05540548264980316], "bboxes": [[555.473388671875, 575.8347778320312, 739.021240234375, 755.0765991210938], [10.347953796386719, 121.49264526367188, 214.00765991210938, 350.7760009765625], [429.8127746582031, 528.4390258789062, 599.985107421875, 713.7164916992188], [23.12939453125, 16.8701171875, 797.1200561523438, 778.8931274414062], [195.04217529296875, 191.07476806640625, 371.84979248046875, 365.3607177734375], [260.5406494140625, 576.6002197265625, 450.413818359375, 745.330322265625], [303.9634094238281, 126.32588195800781, 463.2158508300781, 295.05218505859375], [150.60220336914062, 26.525489807128906, 343.4736328125, 200.97607421875], [576.548095703125, 431.1844482421875, 752.1612548828125, 585.2156372070312], [685.4716796875, 539.4324340820312, 800.0, 670.9973754882812], [324.6402587890625, 440.7383117675781, 533.5899658203125, 656.2276611328125], [78.00839233398438, 299.2579650878906, 269.5181579589844, 443.0157775878906], [10.633544921875, 10.91815185546875, 533.6837158203125, 470.1668395996094], [58.36954879760742, 639.462158203125, 126.08419799804688, 698.762451171875], [335.1356506347656, 545.9140625, 601.4334716796875, 749.4222412109375], [263.65362548828125, 495.0603942871094, 561.5280151367188, 718.0025024414062], [78.98741149902344, 221.79037475585938, 336.27685546875, 448.6747741699219], [56.475128173828125, 97.877685546875, 387.27520751953125, 451.15557861328125], [690.4578247070312, 416.5932922363281, 799.4717407226562, 551.169189453125], [91.38803100585938, 675.7647705078125, 177.6207275390625, 772.6983642578125], [388.21844482421875, 39.373626708984375, 793.1211547851562, 758.280029296875]]}