{"labels": [0], "scores": [0.998153030872345], "bboxes": [[66.609375, 284.4634094238281, 770.3679809570312, 615.705322265625]]}