{"labels": [0], "scores": [0.9920333027839661], "bboxes": [[242.43502807617188, 252.91197204589844, 571.9259033203125, 633.479248046875]]}