{"labels": [0, 0], "scores": [0.9689615368843079, 0.09389681369066238], "bboxes": [[173.89419555664062, 178.513671875, 633.910400390625, 726.9241333007812], [138.29034423828125, 434.3717041015625, 639.4434204101562, 800.0]]}