{"labels": [0], "scores": [0.9982604384422302], "bboxes": [[42.714691162109375, 6.550262451171875, 792.4603271484375, 765.7906494140625]]}