{"labels": [0, 0], "scores": [0.9947367310523987, 0.09984734654426575], "bboxes": [[114.96786499023438, 30.741851806640625, 709.1181640625, 800.0], [126.38836669921875, 350.5870666503906, 619.1101684570312, 800.0]]}