{"labels": [0], "scores": [0.9977924823760986], "bboxes": [[61.762027740478516, 240.13644409179688, 562.0776977539062, 798.8026733398438]]}