{"labels": [0], "scores": [0.9969323873519897], "bboxes": [[163.670654296875, 22.36737060546875, 639.0719604492188, 782.3763427734375]]}