{"labels": [0], "scores": [0.9985979199409485], "bboxes": [[50.274932861328125, 193.27572631835938, 751.9056396484375, 617.2489013671875]]}