{"labels": [0, 0, 0], "scores": [0.9789115190505981, 0.42568597197532654, 0.1538502722978592], "bboxes": [[31.744537353515625, 386.8948059082031, 780.413818359375, 745.799072265625], [2.569091796875, 9.51446533203125, 794.7147216796875, 755.960205078125], [51.458984375, 147.63623046875, 760.4269409179688, 483.84228515625]]}