{"labels": [0, 0], "scores": [0.9990621209144592, 0.07402216643095016], "bboxes": [[0.0, 6.5716552734375, 793.4895629882812, 797.1343994140625], [4.467193603515625, 7.775726318359375, 474.5295104980469, 574.7196044921875]]}