{"labels": [0, 0], "scores": [0.9985889792442322, 0.14585545659065247], "bboxes": [[253.43319702148438, 241.33963012695312, 598.61474609375, 564.8592529296875], [81.44741821289062, 200.30197143554688, 621.7225341796875, 681.424560546875]]}