{"labels": [0, 0], "scores": [0.9889975786209106, 0.8682488799095154], "bboxes": [[0.0, 206.9461669921875, 552.9625244140625, 682.807861328125], [430.77569580078125, 186.6220245361328, 799.3193969726562, 621.5592041015625]]}