{"labels": [0, 0, 0, 0, 0, 0, 0, 0], "scores": [0.9861809611320496, 0.9839283227920532, 0.9582826495170593, 0.4934876263141632, 0.1541070193052292, 0.12264998257160187, 0.11539265513420105, 0.07637850940227509], "bboxes": [[211.5426788330078, 338.49774169921875, 631.0685424804688, 775.6838989257812], [74.61067199707031, 212.6613311767578, 388.62689208984375, 586.4606323242188], [362.6365661621094, 81.75709533691406, 527.951171875, 265.87493896484375], [334.0105895996094, 212.66188049316406, 699.0765380859375, 571.6094970703125], [179.71302795410156, 205.04409790039062, 573.1022338867188, 584.2181396484375], [80.32142639160156, 229.28062438964844, 360.18988037109375, 430.1162109375], [59.355224609375, 154.3472137451172, 694.9290771484375, 624.9132080078125], [7.833366394042969, 0.7396087646484375, 219.85968017578125, 252.91073608398438]]}