{"labels": [0], "scores": [0.9979854822158813], "bboxes": [[37.506072998046875, 205.92636108398438, 759.79736328125, 694.3319091796875]]}