{"labels": [0], "scores": [0.9991900324821472], "bboxes": [[6.67425537109375, 28.2225341796875, 795.0291137695312, 782.6861572265625]]}