{"labels": [0, 0], "scores": [0.9962294697761536, 0.5482664108276367], "bboxes": [[75.66891479492188, 10.915374755859375, 692.86083984375, 800.0], [102.52140808105469, 299.26153564453125, 564.7025756835938, 794.9496459960938]]}