{"labels": [0, 0, 0, 0], "scores": [0.9983406066894531, 0.9673682451248169, 0.4224836826324463, 0.08374592661857605], "bboxes": [[71.10528564453125, 67.68869018554688, 728.08203125, 407.38153076171875], [166.43197631835938, 555.1649780273438, 693.419921875, 798.3499145507812], [37.396690368652344, 548.8505249023438, 232.8746337890625, 800.0], [446.3294677734375, 544.001220703125, 555.75634765625, 718.0826416015625]]}