{"labels": [0], "scores": [0.9872675538063049], "bboxes": [[111.48877716064453, 85.01161193847656, 597.6676635742188, 678.4710083007812]]}