{"labels": [0, 0], "scores": [0.9987635612487793, 0.9785574078559875], "bboxes": [[214.1513671875, 4.370208740234375, 568.8375854492188, 756.000732421875], [22.4775390625, 244.55360412597656, 285.61016845703125, 751.8508911132812]]}