{"labels": [0, 0], "scores": [0.9988058805465698, 0.4199104607105255], "bboxes": [[100.72076416015625, 256.4256591796875, 790.2437744140625, 622.37060546875], [540.3523559570312, 0.5697021484375, 799.1742553710938, 319.4186096191406]]}