{"labels": [0], "scores": [0.9967457056045532], "bboxes": [[26.59364891052246, 231.02145385742188, 636.6939086914062, 584.34375]]}