{"labels": [0, 0], "scores": [0.99435955286026, 0.45245543122291565], "bboxes": [[56.81500244140625, 59.301849365234375, 747.7046508789062, 737.393310546875], [413.59014892578125, 595.6283569335938, 733.3665161132812, 776.8486938476562]]}