{"labels": [0], "scores": [0.9986380934715271], "bboxes": [[69.04629516601562, 151.04495239257812, 743.4560546875, 716.9415283203125]]}