{"labels": [0], "scores": [0.9953190684318542], "bboxes": [[177.5485382080078, 213.02186584472656, 666.3280029296875, 608.93994140625]]}