{"labels": [0], "scores": [0.9968383312225342], "bboxes": [[75.80313110351562, 31.339691162109375, 661.6888427734375, 799.906005859375]]}