{"labels": [0, 0], "scores": [0.9970646500587463, 0.9687033891677856], "bboxes": [[45.320587158203125, 102.17047119140625, 444.46142578125, 768.1339111328125], [426.74774169921875, 461.83917236328125, 650.1282348632812, 786.8204956054688]]}