{"labels": [0], "scores": [0.9945269227027893], "bboxes": [[116.63461303710938, 81.15615844726562, 622.447509765625, 778.0755615234375]]}