{"labels": [0], "scores": [0.9969401359558105], "bboxes": [[142.31045532226562, 156.88360595703125, 680.5594482421875, 694.7803344726562]]}