{"labels": [0, 0, 0, 0], "scores": [0.8231884241104126, 0.4103417992591858, 0.22231000661849976, 0.08271868526935577], "bboxes": [[272.6819763183594, 121.20822143554688, 478.2972412109375, 804.248291015625], [161.0976104736328, 335.470947265625, 278.0660705566406, 463.749267578125], [299.4646911621094, 187.4578094482422, 445.8507385253906, 567.4353637695312], [227.86508178710938, 704.1984252929688, 414.74578857421875, 879.4428100585938]]}