{"labels": [0, 0, 0, 0, 0, 0, 0], "scores": [0.8423171639442444, 0.8373081684112549, 0.8302936553955078, 0.6754472851753235, 0.6295210123062134, 0.5920844674110413, 0.05372800678014755], "bboxes": [[312.5631103515625, 0.0, 796.4989013671875, 313.69775390625], [193.02447509765625, 371.2579345703125, 797.5084838867188, 799.2457275390625], [133.14578247070312, 9.88250732421875, 798.03466796875, 785.4097900390625], [269.05120849609375, 77.46426391601562, 797.2316284179688, 508.0077819824219], [29.714019775390625, 9.72930908203125, 336.58453369140625, 800.0], [0.0, 142.98977661132812, 166.37081909179688, 735.068115234375], [43.17695617675781, 1.9933853149414062, 249.48619079589844, 255.58303833007812]]}