{"labels": [0, 0, 0], "scores": [0.9930538535118103, 0.24019558727741241, 0.11406835913658142], "bboxes": [[16.787078857421875, 197.4149169921875, 782.19921875, 672.1437377929688], [521.1798095703125, 582.34814453125, 750.1739501953125, 728.9737548828125], [196.12490844726562, 336.30902099609375, 778.3807373046875, 629.5411376953125]]}