{"labels": [0, 0], "scores": [0.9965682029724121, 0.217629536986351], "bboxes": [[55.7891845703125, 73.954345703125, 796.5811157226562, 664.8277587890625], [54.23772048950195, 511.52105712890625, 170.28256225585938, 649.5171508789062]]}