{"labels": [0, 0, 0, 0, 0, 0, 0, 0, 0, 0, 0, 0], "scores": [0.990919828414917, 0.905859112739563, 0.7408207058906555, 0.6518808007240295, 0.48190656304359436, 0.34794819355010986, 0.15905475616455078, 0.11523005366325378, 0.07432133704423904, 0.061863675713539124, 0.057401735335588455, 0.053048938512802124], "bboxes": [[443.91534423828125, 250.72799682617188, 799.1026000976562, 589.318115234375], [136.74903869628906, 550.6697387695312, 246.08702087402344, 654.7744750976562], [174.8502655029297, 286.4083251953125, 455.88568115234375, 585.5260620117188], [139.25086975097656, 607.6133422851562, 375.6768798828125, 792.0223999023438], [0.0, 453.33197021484375, 98.62841796875, 551.0943603515625], [133.62374877929688, 163.3226318359375, 560.720458984375, 705.1636352539062], [0.0, 6.5396881103515625, 537.5484619140625, 460.4305419921875], [165.4427032470703, 171.26121520996094, 515.9647216796875, 479.1748046875], [143.38233947753906, 669.2379760742188, 277.55029296875, 794.0032348632812], [172.28521728515625, 614.7122192382812, 323.3309326171875, 750.2468872070312], [258.36572265625, 667.7900390625, 375.6395263671875, 769.1697998046875], [169.51644897460938, 220.91607666015625, 739.5877685546875, 604.1185913085938]]}