{"labels": [0, 0, 0], "scores": [0.9977364540100098, 0.6714484691619873, 0.1643378734588623], "bboxes": [[103.1914291381836, 253.40975952148438, 508.2419128417969, 854.495849609375], [13.793720245361328, 133.83682250976562, 124.80052185058594, 225.7394256591797], [40.99835205078125, 49.780548095703125, 126.95458984375, 112.59917449951172]]}