{"labels": [0, 0, 0, 0, 0], "scores": [0.9963382482528687, 0.8170741200447083, 0.7600603103637695, 0.6597832441329956, 0.09339941293001175], "bboxes": [[212.3966064453125, 249.90625, 795.1981811523438, 796.3861083984375], [621.7915649414062, 591.3455200195312, 795.8827514648438, 755.3630981445312], [516.033935546875, 632.3599243164062, 714.24462890625, 799.3944702148438], [19.901870727539062, 511.78778076171875, 261.7568359375, 762.7565307617188], [618.3343505859375, 594.9746704101562, 782.455322265625, 651.2805786132812]]}