{"labels": [0], "scores": [0.9985191226005554], "bboxes": [[49.118499755859375, 187.22381591796875, 766.8668212890625, 632.2235717773438]]}