{"labels": [0, 0], "scores": [0.9940606951713562, 0.943760871887207], "bboxes": [[127.27919006347656, 59.931488037109375, 427.209228515625, 767.7142333984375], [430.1871643066406, 274.9055480957031, 676.79150390625, 755.0345458984375]]}