{"labels": [0], "scores": [0.9885051846504211], "bboxes": [[18.104400634765625, 280.13873291015625, 778.2403564453125, 747.9730834960938]]}