{"labels": [0], "scores": [0.9988812804222107], "bboxes": [[24.0318603515625, 234.3029022216797, 756.4271240234375, 549.7548828125]]}