{"labels": [0, 0], "scores": [0.9988960027694702, 0.07579002529382706], "bboxes": [[14.89178466796875, 174.8609619140625, 779.2333984375, 654.2188110351562], [388.98956298828125, 6.3208770751953125, 800.0, 346.536865234375]]}