{"labels": [0], "scores": [0.9982031583786011], "bboxes": [[223.3073272705078, 26.700775146484375, 549.3790283203125, 757.9989013671875]]}