{"labels": [0], "scores": [0.998730480670929], "bboxes": [[0.0, 104.46371459960938, 800.0, 739.095703125]]}