{"labels": [0], "scores": [0.9970295429229736], "bboxes": [[115.03094482421875, 26.1488037109375, 684.5438842773438, 773.8065185546875]]}