{"labels": [0, 0], "scores": [0.9945842623710632, 0.07481830567121506], "bboxes": [[122.39065551757812, 315.94171142578125, 638.647216796875, 719.3466186523438], [287.0078125, 99.3349609375, 489.66937255859375, 364.8821716308594]]}