{"labels": [0], "scores": [0.9983111619949341], "bboxes": [[67.34112548828125, 39.6309814453125, 790.9434814453125, 792.7012939453125]]}