{"labels": [0], "scores": [0.9920037388801575], "bboxes": [[247.76126098632812, 20.354888916015625, 548.64990234375, 792.718017578125]]}