{"labels": [0, 0, 0], "scores": [0.9922294020652771, 0.18228620290756226, 0.10291578620672226], "bboxes": [[48.291473388671875, 28.912109375, 760.057861328125, 577.0829467773438], [49.401710510253906, 141.92529296875, 262.7480163574219, 569.3075561523438], [68.06500244140625, 104.87626647949219, 411.8482666015625, 575.9381713867188]]}