{"labels": [0, 0], "scores": [0.9934347867965698, 0.2338077276945114], "bboxes": [[134.66587829589844, 302.58001708984375, 581.6549682617188, 799.2427368164062], [419.6152648925781, 119.93412017822266, 583.3414306640625, 263.3620910644531]]}