{"labels": [0, 0, 0], "scores": [0.9503802061080933, 0.7890406250953674, 0.13774213194847107], "bboxes": [[230.32290649414062, 64.91656494140625, 589.220458984375, 672.31884765625], [211.23870849609375, 227.93072509765625, 395.50091552734375, 672.4232788085938], [355.9172058105469, 75.62228393554688, 585.6240234375, 468.6358947753906]]}