{"labels": [0, 0], "scores": [0.9945157170295715, 0.086992047727108], "bboxes": [[191.3321990966797, 300.29205322265625, 530.7908935546875, 632.7936401367188], [252.30032348632812, 584.663330078125, 468.5611572265625, 894.288330078125]]}