{"labels": [0], "scores": [0.999487042427063], "bboxes": [[13.266387939453125, 20.186126708984375, 799.986328125, 800.0]]}