{"labels": [0], "scores": [0.9982609152793884], "bboxes": [[75.60574340820312, 75.00518798828125, 727.746337890625, 775.767578125]]}