{"labels": [0, 0, 0, 0, 0, 0, 0, 0, 0], "scores": [0.9574553370475769, 0.9079077243804932, 0.7808851599693298, 0.6559502482414246, 0.6347583532333374, 0.3629739582538605, 0.21857231855392456, 0.10478023439645767, 0.05982210114598274], "bboxes": [[299.9798583984375, 284.45965576171875, 526.8595581054688, 646.3311157226562], [540.7885131835938, 121.0738525390625, 645.9650268554688, 640.7039794921875], [657.4971313476562, 120.77593994140625, 769.6587524414062, 677.3330078125], [62.32679748535156, 302.8130187988281, 277.400390625, 501.2991027832031], [350.8705749511719, 158.96588134765625, 474.6792297363281, 309.09210205078125], [58.91282653808594, 175.10733032226562, 277.23004150390625, 640.3671875], [92.29339599609375, 164.3154754638672, 245.77737426757812, 329.03375244140625], [168.86929321289062, 121.28656005859375, 741.7608642578125, 652.4176635742188], [317.2235412597656, 139.70266723632812, 522.4758911132812, 535.5174560546875]]}