{"labels": [0, 0, 0, 0, 0], "scores": [0.9906925559043884, 0.9477615356445312, 0.4958972632884979, 0.37022751569747925, 0.09439533203840256], "bboxes": [[99.96121215820312, 266.3126525878906, 395.88421630859375, 761.375732421875], [481.9853210449219, 265.50250244140625, 738.1356201171875, 667.26708984375], [0.0, 0.0, 76.63916015625, 585.1680297851562], [652.2592163085938, 81.46385192871094, 771.9573364257812, 220.9339141845703], [494.9022216796875, 277.0514831542969, 722.82275390625, 394.5824890136719]]}