{"labels": [0], "scores": [0.9910667538642883], "bboxes": [[175.83555603027344, 1.8812370300292969, 523.4992065429688, 695.8731079101562]]}