{"labels": [0, 0, 0, 0], "scores": [0.8733530044555664, 0.5885106921195984, 0.08191503584384918, 0.07819243520498276], "bboxes": [[147.140380859375, 198.503662109375, 653.076416015625, 592.35498046875], [51.40533447265625, 558.3892822265625, 655.9257202148438, 682.5323486328125], [0.0, 246.32806396484375, 718.1312866210938, 777.2076416015625], [0.0, 545.5454711914062, 712.5728759765625, 789.1565551757812]]}