{"labels": [0], "scores": [0.9987738728523254], "bboxes": [[21.247772216796875, 232.48008728027344, 756.2763671875, 671.8294677734375]]}