{"labels": [0], "scores": [0.9989211559295654], "bboxes": [[60.460906982421875, 0.0, 800.0, 799.0968017578125]]}