{"labels": [0, 0, 0], "scores": [0.9873490333557129, 0.9732032418251038, 0.8467588424682617], "bboxes": [[230.1376190185547, 292.90509033203125, 568.6349487304688, 736.0818481445312], [451.803466796875, 4.0426025390625, 721.7479248046875, 548.1414794921875], [0.0, 198.35476684570312, 467.36273193359375, 620.6827392578125]]}