{"labels": [0], "scores": [0.9952139854431152], "bboxes": [[120.23516845703125, 319.6549072265625, 713.962158203125, 800.0]]}