{"labels": [0], "scores": [0.9978762865066528], "bboxes": [[81.5950927734375, 36.435455322265625, 701.96337890625, 786.953857421875]]}