{"labels": [0], "scores": [0.9947168231010437], "bboxes": [[46.926177978515625, 52.96722412109375, 777.050048828125, 687.9199829101562]]}