{"labels": [0], "scores": [0.9968497157096863], "bboxes": [[265.89996337890625, 4.175628662109375, 622.8280639648438, 800.0]]}