{"labels": [0, 0, 0, 0, 0, 0], "scores": [0.9936150312423706, 0.9672026038169861, 0.49766477942466736, 0.34635037183761597, 0.1919226497411728, 0.06006792187690735], "bboxes": [[344.40032958984375, 92.57919311523438, 744.9517211914062, 746.1009521484375], [158.78021240234375, 289.15777587890625, 353.32281494140625, 660.3905639648438], [53.492164611816406, 408.5862121582031, 208.79132080078125, 665.8668212890625], [111.73867797851562, 174.40234375, 334.02532958984375, 610.73486328125], [115.76272583007812, 144.36561584472656, 299.87738037109375, 372.65203857421875], [82.51513671875, 303.5548400878906, 296.5063781738281, 664.121337890625]]}