{"labels": [0, 0, 0, 0, 0, 0, 0], "scores": [0.9215813875198364, 0.5724433660507202, 0.45934757590293884, 0.26844537258148193, 0.15231353044509888, 0.13321331143379211, 0.09065833687782288], "bboxes": [[197.09080505371094, 50.17027282714844, 608.78125, 445.01397705078125], [88.98423767089844, 598.1748046875, 295.0050048828125, 744.990966796875], [6.5915069580078125, 274.7679748535156, 283.8228759765625, 763.6700439453125], [343.7308044433594, 527.9723510742188, 781.38037109375, 799.5635375976562], [30.651580810546875, 229.8426513671875, 495.2438659667969, 791.0958862304688], [61.613433837890625, 418.89190673828125, 269.2268981933594, 719.3771362304688], [43.047454833984375, 50.379791259765625, 731.0146484375, 797.8499755859375]]}