{"labels": [0], "scores": [0.9980195760726929], "bboxes": [[3.327239990234375, 132.41238403320312, 785.1356201171875, 750.9361572265625]]}