{"labels": [0, 0, 0, 0, 0], "scores": [0.6540172100067139, 0.5974127054214478, 0.5536373257637024, 0.5014621019363403, 0.07358793914318085], "bboxes": [[222.68817138671875, 19.468795776367188, 435.47235107421875, 406.270263671875], [191.48236083984375, 215.7870330810547, 653.5009765625, 639.3143920898438], [412.4413146972656, 311.93218994140625, 662.1409912109375, 633.37744140625], [87.645751953125, 30.548858642578125, 717.9185180664062, 687.4927978515625], [386.76068115234375, 89.33071899414062, 694.1973266601562, 642.8282470703125]]}