{"labels": [0, 0, 0], "scores": [0.9933290481567383, 0.12663444876670837, 0.05167195573449135], "bboxes": [[130.22146606445312, 147.26654052734375, 773.4949951171875, 797.9158935546875], [245.49200439453125, 57.377655029296875, 316.3758544921875, 304.5462341308594], [0.0, 245.2340087890625, 159.9084930419922, 491.95361328125]]}