{"labels": [0, 0, 0], "scores": [0.9990134239196777, 0.3101714551448822, 0.08359537273645401], "bboxes": [[147.86886596679688, 225.4033203125, 552.2507934570312, 702.6875], [211.48165893554688, 632.2322387695312, 491.1646728515625, 895.2196044921875], [468.0436096191406, 102.65999603271484, 570.9366455078125, 186.45770263671875]]}