{"labels": [0, 0], "scores": [0.9981378316879272, 0.06419574469327927], "bboxes": [[162.19239807128906, 78.29733276367188, 575.6050415039062, 774.3359985351562], [454.25054931640625, 737.0014038085938, 574.3905639648438, 854.9085083007812]]}