{"labels": [0, 0, 0], "scores": [0.9907785654067993, 0.11007574945688248, 0.05628551170229912], "bboxes": [[67.33590698242188, 121.59051513671875, 791.1112060546875, 732.5704345703125], [79.96501159667969, 303.98785400390625, 587.802490234375, 718.9393920898438], [315.8713684082031, 127.44223022460938, 781.5377197265625, 580.4012451171875]]}