{"labels": [0, 0, 0], "scores": [0.990256667137146, 0.2998947501182556, 0.091290682554245], "bboxes": [[60.66931915283203, 218.37583923339844, 594.1185302734375, 863.2946166992188], [197.29672241210938, 558.7476196289062, 413.1687927246094, 859.140380859375], [39.85487747192383, 525.617431640625, 501.98468017578125, 862.1295776367188]]}