{"labels": [0], "scores": [0.9866784811019897], "bboxes": [[239.24462890625, 252.40777587890625, 587.2451171875, 792.8766479492188]]}