{"labels": [0], "scores": [0.9972370862960815], "bboxes": [[118.73480224609375, 174.1646270751953, 503.67437744140625, 854.6891479492188]]}