{"labels": [0, 0], "scores": [0.9800378084182739, 0.19734148681163788], "bboxes": [[170.72398376464844, 101.18354797363281, 561.1150512695312, 610.1111450195312], [166.96456909179688, 102.07635498046875, 787.4595947265625, 782.5989990234375]]}