{"labels": [0, 0, 0], "scores": [0.9865797162055969, 0.15551342070102692, 0.09372866898775101], "bboxes": [[18.8115234375, 223.47967529296875, 798.1048583984375, 554.0946044921875], [140.11663818359375, 445.06646728515625, 468.94219970703125, 536.684814453125], [354.39056396484375, 248.7785186767578, 779.9027709960938, 541.322998046875]]}