{"labels": [0], "scores": [0.9971646666526794], "bboxes": [[230.30296325683594, 37.957672119140625, 586.0109252929688, 778.6468505859375]]}