{"labels": [0, 0, 0, 0, 0, 0], "scores": [0.9614053964614868, 0.8747222423553467, 0.8387858867645264, 0.4099901020526886, 0.17728133499622345, 0.05613669008016586], "bboxes": [[181.75135803222656, 153.15374755859375, 601.6715698242188, 698.7332763671875], [522.5322265625, 205.6087188720703, 755.1905517578125, 581.1785888671875], [36.92515563964844, 203.12274169921875, 266.38897705078125, 580.245361328125], [243.15113830566406, 90.89710235595703, 496.5272216796875, 192.06283569335938], [225.13552856445312, 386.1993408203125, 582.65185546875, 779.3228759765625], [336.89501953125, 186.5433349609375, 760.474365234375, 627.4955444335938]]}