{"labels": [0, 0], "scores": [0.9916324019432068, 0.10578617453575134], "bboxes": [[12.906219482421875, 129.188720703125, 785.6181640625, 742.489013671875], [157.95709228515625, 378.091064453125, 784.761962890625, 737.019775390625]]}