{"labels": [0], "scores": [0.9753955006599426], "bboxes": [[196.61349487304688, 3.989776611328125, 725.9736328125, 791.1236572265625]]}