{"labels": [0, 0, 0, 0, 0, 0], "scores": [0.9969492554664612, 0.9062524437904358, 0.8970893621444702, 0.7842199802398682, 0.601630687713623, 0.2970390319824219], "bboxes": [[37.44401550292969, 279.67926025390625, 449.30755615234375, 770.3215942382812], [450.50567626953125, 157.04083251953125, 711.9523315429688, 494.44952392578125], [114.3966064453125, 0.34612274169921875, 341.1231384277344, 236.3533935546875], [692.9083251953125, 449.91046142578125, 775.9732666015625, 614.4752807617188], [506.135009765625, 600.1784057617188, 649.8447265625, 790.2876586914062], [451.9638366699219, 374.55804443359375, 672.2724609375, 500.708251953125]]}