{"labels": [0, 0], "scores": [0.9902764558792114, 0.1276150643825531], "bboxes": [[196.893310546875, 203.15902709960938, 591.3759765625, 743.95654296875], [446.63653564453125, 178.73291015625, 581.2079467773438, 548.2586669921875]]}