{"labels": [0, 0], "scores": [0.9642102718353271, 0.9057140946388245], "bboxes": [[97.27749633789062, 58.6624755859375, 771.7716064453125, 669.3045043945312], [19.142105102539062, 143.67233276367188, 446.70709228515625, 627.7098388671875]]}