{"labels": [0, 0], "scores": [0.9888952970504761, 0.9862614274024963], "bboxes": [[27.13592529296875, 31.37847900390625, 400.62030029296875, 660.3436279296875], [433.29949951171875, 34.80548095703125, 783.2283325195312, 657.1994018554688]]}