{"labels": [0], "scores": [0.9985471367835999], "bboxes": [[42.73480224609375, 199.9003143310547, 722.3777465820312, 536.5167236328125]]}