{"labels": [0, 0, 0], "scores": [0.9615368247032166, 0.42387253046035767, 0.21171163022518158], "bboxes": [[38.844390869140625, 358.9902648925781, 736.149658203125, 672.55810546875], [106.88432312011719, 406.2586669921875, 457.8101806640625, 607.6767578125], [491.7918395996094, 362.75225830078125, 713.8026123046875, 491.5775146484375]]}