{"labels": [0, 0, 0, 0, 0, 0, 0, 0, 0, 0], "scores": [0.9819703102111816, 0.8979690670967102, 0.4450906813144684, 0.22018752992153168, 0.11227914690971375, 0.09347852319478989, 0.09225068986415863, 0.08081956207752228, 0.06702923774719238, 0.06032390892505646], "bboxes": [[67.82425689697266, 361.8072509765625, 285.3273010253906, 413.111083984375], [56.42677307128906, 84.06849670410156, 325.22198486328125, 256.320556640625], [169.89260864257812, 326.06842041015625, 247.43289184570312, 359.655517578125], [340.3324279785156, 649.73486328125, 435.9811706542969, 754.8756103515625], [29.230010986328125, 264.5369567871094, 748.5340576171875, 800.0], [517.884765625, 89.46210479736328, 750.415771484375, 255.59634399414062], [629.0203857421875, 678.343505859375, 735.7862548828125, 757.6396484375], [62.30015182495117, 684.2318725585938, 162.69735717773438, 738.2337036132812], [324.1848449707031, 481.8218994140625, 454.8591003417969, 582.39697265625], [471.87060546875, 694.7296142578125, 601.719970703125, 764.5966796875]]}