{"labels": [0, 0, 0], "scores": [0.9827138781547546, 0.41521281003952026, 0.32412227988243103], "bboxes": [[142.08660888671875, 69.63595581054688, 700.364501953125, 711.7091064453125], [138.0663604736328, 70.18829345703125, 587.3595581054688, 370.3312072753906], [294.5316162109375, 286.2047119140625, 685.4441528320312, 695.2044067382812]]}