{"labels": [0], "scores": [0.9986945986747742], "bboxes": [[153.9430389404297, 5.2792463302612305, 538.7617797851562, 702.0]]}