{"labels": [0], "scores": [0.9294795989990234], "bboxes": [[95.56149291992188, 256.3277282714844, 671.058837890625, 686.3297119140625]]}