{"labels": [0, 0, 0], "scores": [0.9657914638519287, 0.8754890561103821, 0.4378946125507355], "bboxes": [[288.7728271484375, 0.126861572265625, 606.5469360351562, 332.2860107421875], [92.7515869140625, 210.72146606445312, 705.213134765625, 781.452880859375], [209.05609130859375, 301.1245422363281, 575.8374633789062, 530.1825561523438]]}