{"labels": [0, 0, 0, 0, 0, 0, 0], "scores": [0.9964812994003296, 0.9858280420303345, 0.6621245741844177, 0.48041924834251404, 0.35834482312202454, 0.10915074497461319, 0.10879340767860413], "bboxes": [[212.83450317382812, 0.6828193664550781, 492.3924255371094, 770.8607177734375], [494.14599609375, 8.12363052368164, 698.7540283203125, 863.616455078125], [199.81382751464844, 683.115478515625, 445.35479736328125, 893.5451049804688], [0.0, 219.24661254882812, 164.86326599121094, 766.5444946289062], [2.441250801086426, 138.15188598632812, 193.6521453857422, 451.92816162109375], [41.87568664550781, 711.5655517578125, 176.87783813476562, 889.0770263671875], [43.91514587402344, 694.910888671875, 398.57904052734375, 891.6380615234375]]}