{"labels": [0], "scores": [0.9993159770965576], "bboxes": [[8.61737060546875, 123.63162231445312, 787.7431640625, 595.0084228515625]]}