{"labels": [0, 0, 0, 0], "scores": [0.9327127933502197, 0.8120228052139282, 0.06960997730493546, 0.06481440365314484], "bboxes": [[38.03411865234375, 389.07476806640625, 759.1514892578125, 656.9668579101562], [233.19503784179688, 103.47943115234375, 597.1617431640625, 396.52734375], [252.05877685546875, 378.7574157714844, 741.3302001953125, 588.820556640625], [4.665313720703125, 456.42333984375, 792.594482421875, 795.2119140625]]}