{"labels": [0, 0, 0, 0, 0], "scores": [0.9986993074417114, 0.6450018882751465, 0.5636747479438782, 0.5034498572349548, 0.26242581009864807], "bboxes": [[116.23751831054688, 125.40495300292969, 605.31201171875, 558.4171752929688], [116.1285629272461, 170.793212890625, 278.9341735839844, 303.2409973144531], [627.1174926757812, 418.30072021484375, 753.6150512695312, 514.6080932617188], [411.9262390136719, 442.91912841796875, 722.288818359375, 740.3208618164062], [162.89437866210938, 495.3567199707031, 322.5872497558594, 666.2634887695312]]}