{"labels": [0, 0], "scores": [0.9596141576766968, 0.13354481756687164], "bboxes": [[144.59774780273438, 208.2838897705078, 676.2694091796875, 571.1696166992188], [20.417816162109375, 19.995361328125, 722.9769287109375, 593.4299926757812]]}