{"labels": [0], "scores": [0.9989408850669861], "bboxes": [[1.10211181640625, 96.48538208007812, 798.6234741210938, 695.7796630859375]]}