{"labels": [0, 0, 0, 0, 0], "scores": [0.9817531108856201, 0.9808371663093567, 0.9568187594413757, 0.30528464913368225, 0.16097842156887054], "bboxes": [[127.19938659667969, 551.7047119140625, 395.96356201171875, 736.994873046875], [146.80142211914062, 191.69187927246094, 372.5478820800781, 474.44171142578125], [498.7503662109375, 308.68292236328125, 709.1815185546875, 689.3363037109375], [537.195556640625, 148.26504516601562, 656.305908203125, 297.9106140136719], [120.67660522460938, 215.4935302734375, 395.3219909667969, 766.5897827148438]]}