{"labels": [0], "scores": [0.9975175857543945], "bboxes": [[110.517578125, 193.84228515625, 706.2759399414062, 792.2188720703125]]}