{"labels": [0, 0, 0], "scores": [0.966084897518158, 0.3985113501548767, 0.18615038692951202], "bboxes": [[216.0791778564453, 261.0386962890625, 631.0087890625, 603.9689331054688], [6.231475830078125, 185.6869354248047, 751.623291015625, 645.8915405273438], [186.50100708007812, 155.52859497070312, 616.3663330078125, 475.5366516113281]]}