{"labels": [0], "scores": [0.9983281493186951], "bboxes": [[32.71661376953125, 305.5245361328125, 756.3289794921875, 510.72308349609375]]}