{"labels": [0, 0, 0, 0, 0, 0], "scores": [0.995642900466919, 0.9217503070831299, 0.5582807660102844, 0.42979344725608826, 0.28209277987480164, 0.15782992541790009], "bboxes": [[32.731536865234375, 204.24508666992188, 757.0804443359375, 773.6729736328125], [448.19305419921875, 7.930694580078125, 784.1603393554688, 371.880615234375], [343.8456115722656, 16.845191955566406, 569.8464965820312, 252.14663696289062], [41.21949768066406, 265.700439453125, 240.26612854003906, 522.1669311523438], [344.0623474121094, 137.26934814453125, 774.6904296875, 484.93914794921875], [37.32757568359375, 273.8995361328125, 474.31231689453125, 515.6580810546875]]}