{"labels": [0], "scores": [0.9961941242218018], "bboxes": [[145.38406372070312, 129.10354614257812, 630.663818359375, 674.2193603515625]]}