{"labels": [0, 0, 0], "scores": [0.9777431488037109, 0.9635977745056152, 0.09192294627428055], "bboxes": [[39.581329345703125, 72.48684692382812, 774.64453125, 384.1445007324219], [41.75738525390625, 424.38409423828125, 767.7780151367188, 729.2918090820312], [20.03204345703125, 131.57867431640625, 771.3076171875, 721.9217529296875]]}