{"labels": [0, 0, 0], "scores": [0.9222334623336792, 0.6868351697921753, 0.17550714313983917], "bboxes": [[313.66778564453125, 26.80364990234375, 476.75299072265625, 791.3777465820312], [315.547607421875, 9.358016967773438, 479.83294677734375, 320.83062744140625], [339.4122314453125, 253.50070190429688, 453.37371826171875, 780.3450927734375]]}