{"labels": [0], "scores": [0.9967936873435974], "bboxes": [[122.7790298461914, 238.470458984375, 512.3551635742188, 770.4946899414062]]}