{"labels": [0, 0, 0], "scores": [0.9618965983390808, 0.32017067074775696, 0.08222803473472595], "bboxes": [[20.680572509765625, 207.00791931152344, 785.2176513671875, 665.1446533203125], [35.85798645019531, 194.80746459960938, 407.715087890625, 664.485107421875], [238.7301025390625, 299.86334228515625, 747.8790893554688, 617.5921020507812]]}