{"labels": [0], "scores": [0.9987540245056152], "bboxes": [[67.78570556640625, 170.86331176757812, 723.032958984375, 631.135498046875]]}