{"labels": [0], "scores": [0.9983363747596741], "bboxes": [[208.8403778076172, 67.03164672851562, 576.8132934570312, 736.0845947265625]]}