{"labels": [0, 0], "scores": [0.997614860534668, 0.6325666308403015], "bboxes": [[30.521820068359375, 44.764312744140625, 790.8961181640625, 785.5821533203125], [565.9200439453125, 558.5435180664062, 782.8558349609375, 791.1891479492188]]}