{"labels": [0], "scores": [0.9972903728485107], "bboxes": [[104.9629898071289, 78.08125305175781, 641.4542236328125, 824.772705078125]]}