{"labels": [0], "scores": [0.9988510608673096], "bboxes": [[141.01817321777344, 31.171417236328125, 594.8967895507812, 766.7210693359375]]}