{"labels": [0], "scores": [0.998390793800354], "bboxes": [[53.310943603515625, 59.17828369140625, 712.10546875, 763.9923095703125]]}