{"labels": [0], "scores": [0.9987767338752747], "bboxes": [[37.453277587890625, 88.77529907226562, 765.378173828125, 704.5335693359375]]}