{"labels": [0, 0, 0, 0, 0, 0, 0], "scores": [0.9763116240501404, 0.8511526584625244, 0.6444692015647888, 0.2811889052391052, 0.20479321479797363, 0.08657186478376389, 0.05516853556036949], "bboxes": [[225.72491455078125, 168.22068786621094, 689.251220703125, 642.3858642578125], [13.576919555664062, 380.4337158203125, 308.8995361328125, 777.851806640625], [498.6807556152344, 465.48480224609375, 799.9141845703125, 748.1030883789062], [368.22119140625, 335.63177490234375, 746.7061767578125, 682.7145385742188], [117.82089233398438, 615.080078125, 352.7630920410156, 800.0], [1.9563674926757812, 327.49102783203125, 159.3436279296875, 489.7779541015625], [29.984878540039062, 393.5313415527344, 265.63360595703125, 630.866455078125]]}