{"labels": [0, 0, 0, 0, 0, 0, 0, 0, 0, 0, 0, 0, 0, 0], "scores": [0.9874975681304932, 0.9782892465591431, 0.9732620716094971, 0.9726396203041077, 0.9702487587928772, 0.9380574822425842, 0.8772668242454529, 0.8638128042221069, 0.8105834126472473, 0.7947530150413513, 0.7045301198959351, 0.6729809641838074, 0.632643461227417, 0.5789004564285278], "bboxes": [[50.86219024658203, 191.16452026367188, 157.16879272460938, 283.0494079589844], [661.1221923828125, 278.7916259765625, 776.158203125, 421.81146240234375], [80.50198364257812, 424.583251953125, 191.2998046875, 514.6171875], [178.563232421875, 536.5917358398438, 279.0133361816406, 660.1217651367188], [14.306880950927734, 298.0653381347656, 106.50221252441406, 409.0720520019531], [449.66552734375, 555.6582641601562, 561.5587158203125, 689.7022094726562], [545.3515625, 432.91961669921875, 692.0894775390625, 541.5167236328125], [286.2288818359375, 267.7261962890625, 442.9884033203125, 456.59686279296875], [152.53164672851562, 89.24038696289062, 271.44793701171875, 190.47052001953125], [283.455078125, 133.67599487304688, 438.36077880859375, 266.8174743652344], [456.64337158203125, 62.71898651123047, 591.8652954101562, 176.93499755859375], [595.8972778320312, 156.42526245117188, 740.8412475585938, 270.0733947753906], [0.0, 0.0, 800.0, 800.0], [313.7689514160156, 618.9061889648438, 417.3779602050781, 748.6455688476562]]}