{"labels": [0, 0], "scores": [0.9966026544570923, 0.3849295973777771], "bboxes": [[72.71336364746094, 177.6448974609375, 584.4592895507812, 862.7032470703125], [248.48184204101562, 734.426025390625, 527.4172973632812, 873.5624389648438]]}