{"labels": [0], "scores": [0.9985417127609253], "bboxes": [[7.565155029296875, 380.6275939941406, 784.9268798828125, 672.113525390625]]}