{"labels": [0], "scores": [0.9989333748817444], "bboxes": [[146.3956298828125, 26.44305419921875, 642.4378662109375, 777.6681518554688]]}