{"labels": [0], "scores": [0.9992243051528931], "bboxes": [[113.24240112304688, 2.275787353515625, 698.9453125, 798.1602783203125]]}