{"labels": [0], "scores": [0.9981910586357117], "bboxes": [[191.11643981933594, 109.01773071289062, 582.9085693359375, 702.032470703125]]}