{"labels": [0, 0, 0, 0, 0], "scores": [0.9793092012405396, 0.8587124347686768, 0.150541290640831, 0.08012442290782928, 0.06865338236093521], "bboxes": [[53.503662109375, 201.47357177734375, 630.7138061523438, 782.4556274414062], [548.9241333007812, 213.88169860839844, 800.0, 635.2373657226562], [217.9055633544922, 206.105224609375, 540.5059204101562, 703.6640625], [444.46844482421875, 210.17373657226562, 710.3997192382812, 694.26708984375], [49.88470458984375, 407.77508544921875, 515.683349609375, 766.2012329101562]]}