{"labels": [0], "scores": [0.9982408285140991], "bboxes": [[37.560577392578125, 164.57675170898438, 732.364990234375, 734.5875244140625]]}