{"labels": [0, 0, 0, 0], "scores": [0.9753714203834534, 0.19513489305973053, 0.09837857633829117, 0.06268586218357086], "bboxes": [[201.01832580566406, 352.744384765625, 571.23974609375, 674.6771240234375], [104.80224609375, 6.699127197265625, 571.2019653320312, 723.001708984375], [318.6010437011719, 0.0, 487.2063903808594, 313.66802978515625], [119.30931091308594, 3.957000732421875, 215.4715118408203, 500.7080078125]]}