{"labels": [0], "scores": [0.9986230134963989], "bboxes": [[75.23785400390625, 240.2650146484375, 734.8467407226562, 521.65380859375]]}