{"labels": [0], "scores": [0.9991225600242615], "bboxes": [[6.646109104156494, 109.63980865478516, 687.1730346679688, 583.9393920898438]]}