{"labels": [0, 0], "scores": [0.9913195967674255, 0.5752972960472107], "bboxes": [[0.0, 194.67909240722656, 772.1856689453125, 672.822509765625], [303.87139892578125, 635.21533203125, 737.3176879882812, 727.4451904296875]]}