{"labels": [0, 0, 0], "scores": [0.9974114298820496, 0.9837026596069336, 0.07230178266763687], "bboxes": [[299.8749084472656, 53.2664794921875, 790.652099609375, 786.1351318359375], [4.370452880859375, 468.093017578125, 313.7582092285156, 792.6474609375], [112.34567260742188, 0.43927001953125, 399.3799743652344, 306.3943176269531]]}