{"labels": [0], "scores": [0.9988676309585571], "bboxes": [[55.783782958984375, 377.5077209472656, 776.9124755859375, 713.482421875]]}