{"labels": [0, 0, 0], "scores": [0.9977624416351318, 0.11307428777217865, 0.09918778389692307], "bboxes": [[1.569091796875, 112.36224365234375, 767.1726684570312, 707.1849975585938], [83.79513549804688, 391.434326171875, 782.895751953125, 692.7467041015625], [228.07281494140625, 384.45843505859375, 753.3684692382812, 571.451904296875]]}