{"labels": [0, 0, 0, 0, 0], "scores": [0.9638985991477966, 0.3081590533256531, 0.19751955568790436, 0.18501780927181244, 0.06276321411132812], "bboxes": [[76.3685302734375, 94.00369262695312, 761.8320922851562, 693.5826416015625], [114.73175048828125, 260.88134765625, 386.4814453125, 529.294189453125], [425.77978515625, 181.50979614257812, 742.02294921875, 578.2301025390625], [119.18034362792969, 169.15504455566406, 516.3458862304688, 634.9338989257812], [208.87628173828125, 316.55010986328125, 509.5059814453125, 670.4227905273438]]}