{"labels": [0, 0, 0, 0, 0], "scores": [0.9969677329063416, 0.5964086055755615, 0.45364856719970703, 0.07718272507190704, 0.05942555516958237], "bboxes": [[218.16404724121094, 6.142059326171875, 631.6150512695312, 796.238525390625], [151.2653350830078, 557.5408935546875, 306.8460693359375, 792.6407470703125], [92.8692398071289, 640.1782836914062, 167.23330688476562, 786.6838989257812], [617.6138305664062, 616.2098388671875, 725.1935424804688, 784.4085693359375], [140.7654266357422, 706.4944458007812, 256.5399475097656, 793.3783569335938]]}