{"labels": [0, 0, 0], "scores": [0.9974370002746582, 0.12343700975179672, 0.05310279503464699], "bboxes": [[80.96047973632812, 180.90289306640625, 758.428955078125, 794.1857299804688], [361.0421142578125, 187.98043823242188, 554.184326171875, 359.2376403808594], [87.4001693725586, 429.469970703125, 299.4833984375, 649.6102294921875]]}