{"labels": [0, 0], "scores": [0.9970002770423889, 0.9753022789955139], "bboxes": [[10.134002685546875, 71.15911865234375, 532.00390625, 778.7003784179688], [476.9222717285156, 307.51898193359375, 795.0267333984375, 788.4096069335938]]}