{"labels": [0], "scores": [0.9967859983444214], "bboxes": [[62.1575927734375, 124.5267333984375, 671.872314453125, 608.1962280273438]]}