{"labels": [0], "scores": [0.9982101917266846], "bboxes": [[29.506683349609375, 130.63414001464844, 711.7490234375, 565.2677001953125]]}