{"labels": [0, 0, 0, 0, 0, 0], "scores": [0.9484191536903381, 0.7621972560882568, 0.2716050446033478, 0.14759039878845215, 0.07998158782720566, 0.07066697627305984], "bboxes": [[163.50650024414062, 244.21202087402344, 681.3629150390625, 503.36041259765625], [149.82913208007812, 258.53466796875, 668.0609130859375, 778.388671875], [434.75286865234375, 125.79911804199219, 557.6859130859375, 249.9231414794922], [101.39178466796875, 430.41064453125, 257.2381286621094, 734.498779296875], [173.7528076171875, 412.542724609375, 314.29315185546875, 774.8602294921875], [2.7766799926757812, 193.1071319580078, 255.43695068359375, 419.27392578125]]}