{"labels": [0], "scores": [0.9985937476158142], "bboxes": [[74.37274169921875, 59.428436279296875, 726.5859985351562, 711.1673583984375]]}