{"labels": [0, 0, 0], "scores": [0.9875720739364624, 0.9859607219696045, 0.29941627383232117], "bboxes": [[630.7482299804688, 347.6826477050781, 676.4611206054688, 784.9150390625], [52.79206848144531, 72.6961669921875, 238.04698181152344, 763.4002075195312], [238.59544372558594, 182.34921264648438, 750.3563232421875, 783.3421630859375]]}