{"labels": [0], "scores": [0.9996547698974609], "bboxes": [[63.093353271484375, 13.7401123046875, 717.07080078125, 783.6564331054688]]}