{"labels": [0, 0], "scores": [0.9936532974243164, 0.2548605501651764], "bboxes": [[51.347381591796875, 233.39431762695312, 710.87109375, 649.3541259765625], [101.16635131835938, 397.26568603515625, 780.64599609375, 800.0]]}