{"labels": [0], "scores": [0.997256338596344], "bboxes": [[263.6044921875, 25.11883544921875, 588.5852661132812, 787.4708251953125]]}