{"labels": [0, 0, 0], "scores": [0.9940857887268066, 0.5106484889984131, 0.12128346413373947], "bboxes": [[6.747711181640625, 259.52935791015625, 633.0421142578125, 723.746826171875], [397.6695861816406, 428.7516784667969, 788.1282958984375, 598.1256103515625], [172.25372314453125, 382.67254638671875, 787.2909545898438, 693.5588989257812]]}