{"labels": [0, 0, 0, 0], "scores": [0.9815577864646912, 0.41808831691741943, 0.08940939605236053, 0.060668960213661194], "bboxes": [[214.06314086914062, 0.0, 562.250244140625, 800.0], [433.0389099121094, 406.3959045410156, 582.62890625, 792.6575927734375], [378.48260498046875, 121.27105712890625, 589.6892700195312, 784.9072875976562], [307.0289611816406, 0.16558837890625, 479.4337463378906, 792.0021362304688]]}