{"labels": [0, 0, 0], "scores": [0.9778723120689392, 0.19626180827617645, 0.11681012064218521], "bboxes": [[0.0, 499.12933349609375, 793.922119140625, 748.1177368164062], [0.0, 188.25518798828125, 789.4826049804688, 755.954345703125], [167.0120849609375, 278.9942626953125, 545.9886474609375, 516.3619384765625]]}