{"labels": [0, 0, 0, 0, 0, 0, 0, 0, 0, 0, 0, 0, 0, 0, 0, 0, 0, 0, 0, 0, 0, 0, 0, 0, 0, 0, 0, 0, 0, 0], "scores": [0.7831509709358215, 0.7459169626235962, 0.7429216504096985, 0.73005610704422, 0.7017050385475159, 0.6853951811790466, 0.6530278325080872, 0.6491846442222595, 0.6458867788314819, 0.6379663348197937, 0.6285711526870728, 0.6181888580322266, 0.5850555300712585, 0.4951302111148834, 0.4819672107696533, 0.4091240465641022, 0.2777264714241028, 0.1688394695520401, 0.11135058850049973, 0.09658189862966537, 0.09462589025497437, 0.09033714979887009, 0.07972484081983566, 0.07776711881160736, 0.07574664801359177, 0.06919758766889572, 0.06678841263055801, 0.06602154672145844, 0.05932294949889183, 0.056673046201467514], "bboxes": [[596.5654907226562, 11.986404418945312, 689.0337524414062, 401.44525146484375], [497.36444091796875, 12.90045166015625, 594.4309692382812, 411.1680908203125], [591.5264282226562, 413.7197265625, 679.4320678710938, 779.6639404296875], [16.861896514892578, 18.519454956054688, 120.87034606933594, 399.10064697265625], [209.36614990234375, 21.633560180664062, 294.7556457519531, 406.99810791015625], [298.8153991699219, 415.375, 386.1007385253906, 752.0743408203125], [495.6430969238281, 416.24273681640625, 582.0882568359375, 772.7887573242188], [200.77810668945312, 414.80084228515625, 293.4378967285156, 773.1412963867188], [112.8675537109375, 10.65521240234375, 202.12921142578125, 403.49041748046875], [699.2600708007812, 7.83770751953125, 782.1592407226562, 400.2185363769531], [101.47846984863281, 420.1966552734375, 192.88560485839844, 743.5400390625], [306.4289245605469, 11.0797119140625, 388.7718811035156, 401.1124572753906], [8.466720581054688, 416.770263671875, 99.92852020263672, 717.8282470703125], [405.4587707519531, 8.764801025390625, 488.3111877441406, 405.130126953125], [394.4502868652344, 418.84759521484375, 484.1426696777344, 745.0014038085938], [686.8295288085938, 415.489990234375, 778.5934448242188, 765.17333984375], [0.0, 0.0, 771.3834228515625, 800.0], [633.4501953125, 14.892333984375, 770.558349609375, 400.6380310058594], [290.16815185546875, 405.3711242675781, 765.0765991210938, 782.36962890625], [45.97357177734375, 402.40997314453125, 513.4083862304688, 781.9450073242188], [30.387588500976562, 13.905136108398438, 197.41629028320312, 403.76220703125], [433.54962158203125, 15.4195556640625, 749.8455200195312, 408.1913146972656], [9.85357666015625, 0.0, 313.2303771972656, 789.6279296875], [285.20013427734375, 12.834365844726562, 467.7314453125, 392.903564453125], [354.3490295410156, 10.746932983398438, 403.2180480957031, 394.55706787109375], [29.353302001953125, 12.903076171875, 579.655517578125, 432.9603576660156], [597.8766479492188, 408.605712890625, 771.9335327148438, 782.3172607421875], [14.058891296386719, 409.782958984375, 186.97097778320312, 783.571533203125], [479.0309143066406, 407.75537109375, 646.779541015625, 782.73583984375], [164.0269012451172, 0.0, 540.021484375, 780.5137939453125]]}