{"labels": [0], "scores": [0.9992011189460754], "bboxes": [[14.111785888671875, 24.013214111328125, 784.689697265625, 760.0823974609375]]}