{"labels": [0], "scores": [0.9985966086387634], "bboxes": [[34.540008544921875, 416.58953857421875, 770.2154541015625, 723.8671264648438]]}