{"labels": [0], "scores": [0.9991577863693237], "bboxes": [[3.398590087890625, 315.865234375, 787.90673828125, 610.292236328125]]}