{"labels": [0], "scores": [0.9917984008789062], "bboxes": [[209.37646484375, 0.0, 581.7583618164062, 800.0]]}