{"labels": [0], "scores": [0.9989031553268433], "bboxes": [[273.98876953125, 19.622833251953125, 534.4071655273438, 705.264404296875]]}