{"labels": [0], "scores": [0.9970253109931946], "bboxes": [[189.8214569091797, 400.67822265625, 575.6900024414062, 777.3055419921875]]}