{"labels": [0, 0, 0, 0, 0, 0], "scores": [0.9860708117485046, 0.8416734933853149, 0.4685460329055786, 0.14981530606746674, 0.14128778874874115, 0.07035277783870697], "bboxes": [[4.4263916015625, 4.64971923828125, 747.2528076171875, 752.623046875], [487.97283935546875, 490.2322082519531, 687.6007690429688, 651.02734375], [570.8701782226562, 573.9480590820312, 797.2999877929688, 800.0], [634.529541015625, 61.83610534667969, 782.141357421875, 319.1943359375], [151.90672302246094, 203.91888427734375, 560.3775024414062, 742.9281616210938], [494.21588134765625, 407.26885986328125, 693.7844848632812, 539.8048095703125]]}