{"labels": [0], "scores": [0.9972430467605591], "bboxes": [[203.9758758544922, 46.478057861328125, 611.6317749023438, 771.2113037109375]]}