{"labels": [0, 0, 0, 0, 0, 0], "scores": [0.9629692435264587, 0.958977222442627, 0.8876608610153198, 0.42043420672416687, 0.21368621289730072, 0.08262871205806732], "bboxes": [[11.8319091796875, 90.1307373046875, 473.31695556640625, 499.57275390625], [72.77395629882812, 460.29681396484375, 335.9458312988281, 656.5895385742188], [244.2185516357422, 373.4546813964844, 718.98681640625, 606.8587646484375], [269.97698974609375, 582.8657836914062, 578.1993408203125, 728.8995971679688], [146.18704223632812, 333.5679931640625, 757.0274658203125, 715.73779296875], [270.32293701171875, 507.2449951171875, 705.33984375, 726.4656982421875]]}