{"labels": [0, 0, 0], "scores": [0.9389417767524719, 0.9288874864578247, 0.10822247713804245], "bboxes": [[434.9776611328125, 331.10009765625, 785.692626953125, 712.881103515625], [75.44284057617188, 345.51934814453125, 385.9970703125, 713.2503051757812], [416.6292419433594, 558.4033203125, 515.1317138671875, 741.031982421875]]}