{"labels": [0], "scores": [0.9982951283454895], "bboxes": [[115.5960693359375, 143.92691040039062, 671.9617309570312, 764.2891845703125]]}