{"labels": [0, 0], "scores": [0.9950425624847412, 0.06831768155097961], "bboxes": [[24.920989990234375, 187.2931365966797, 395.2892150878906, 601.5762329101562], [384.18975830078125, 161.87367248535156, 784.3096313476562, 581.9158325195312]]}