{"labels": [0], "scores": [0.9993786811828613], "bboxes": [[17.149688720703125, 107.83859252929688, 767.3519287109375, 690.99462890625]]}