{"labels": [0, 0, 0], "scores": [0.996147871017456, 0.2576773166656494, 0.060668397694826126], "bboxes": [[307.5491638183594, 28.1573486328125, 588.5294189453125, 780.1538696289062], [571.6846313476562, 480.55572509765625, 750.2470092773438, 712.2234497070312], [42.60533905029297, 682.4616088867188, 266.33294677734375, 761.4780883789062]]}