{"labels": [0], "scores": [0.9973402619361877], "bboxes": [[141.78872680664062, 64.40475463867188, 693.296630859375, 738.3299560546875]]}