{"labels": [0, 0], "scores": [0.9813343286514282, 0.6485937237739563], "bboxes": [[358.9324951171875, 114.99301147460938, 666.084228515625, 605.9580078125], [9.455543518066406, 580.3289184570312, 236.75396728515625, 777.6022338867188]]}