{"labels": [0], "scores": [0.9993707537651062], "bboxes": [[31.297088623046875, 122.73019409179688, 758.735595703125, 697.5560302734375]]}