{"labels": [0], "scores": [0.9845088124275208], "bboxes": [[1.665008544921875, 157.44009399414062, 774.7852783203125, 703.1807861328125]]}