{"labels": [0, 0], "scores": [0.9776470065116882, 0.6896878480911255], "bboxes": [[186.12176513671875, 225.21871948242188, 493.72540283203125, 799.549560546875], [534.46240234375, 537.5948486328125, 752.87939453125, 798.874755859375]]}