{"labels": [0, 0], "scores": [0.9907139539718628, 0.050099536776542664], "bboxes": [[55.227691650390625, 49.0633544921875, 799.3079833984375, 796.4993286132812], [79.71022033691406, 69.87541198730469, 513.27734375, 545.5344848632812]]}