{"labels": [0], "scores": [0.9934551119804382], "bboxes": [[36.93658447265625, 68.9349365234375, 791.4511108398438, 791.958251953125]]}