{"labels": [0, 0], "scores": [0.9799188375473022, 0.14893795549869537], "bboxes": [[206.27279663085938, 59.07785415649414, 528.8359375, 761.7769775390625], [265.9764709472656, 750.0587768554688, 457.1505432128906, 888.7831420898438]]}