{"labels": [0], "scores": [0.9969657063484192], "bboxes": [[0.0, 115.84588623046875, 800.0, 583.57421875]]}