{"labels": [0, 0, 0], "scores": [0.9953588843345642, 0.9218984842300415, 0.11636735498905182], "bboxes": [[267.32568359375, 361.26824951171875, 736.6854858398438, 758.6422729492188], [25.54620361328125, 294.88983154296875, 586.4075317382812, 726.7783813476562], [117.27922058105469, 271.94720458984375, 591.5018920898438, 519.6422119140625]]}