{"labels": [0], "scores": [0.9945819973945618], "bboxes": [[207.9439697265625, 38.081146240234375, 592.150390625, 779.503173828125]]}