{"labels": [0, 0, 0, 0], "scores": [0.9490116238594055, 0.7617084383964539, 0.5868048071861267, 0.27004265785217285], "bboxes": [[159.73703002929688, 280.0540771484375, 657.87451171875, 665.8247680664062], [103.541748046875, 58.02392578125, 743.173095703125, 673.873291015625], [13.571853637695312, 189.84056091308594, 413.5264892578125, 596.8094482421875], [463.3355712890625, 36.34014892578125, 755.402099609375, 379.6244201660156]]}