{"labels": [0], "scores": [0.999459445476532], "bboxes": [[21.051666259765625, 88.92608642578125, 769.586669921875, 728.9368896484375]]}