{"labels": [0], "scores": [0.9977230429649353], "bboxes": [[120.17762756347656, 256.3573303222656, 583.9021606445312, 872.9370727539062]]}