{"labels": [0, 0, 0, 0, 0, 0], "scores": [0.9946202039718628, 0.9853811860084534, 0.9515823721885681, 0.5142101645469666, 0.06595167517662048, 0.05121719837188721], "bboxes": [[0.0, 156.73806762695312, 305.3205871582031, 757.613525390625], [460.01544189453125, 113.13579559326172, 695.4834594726562, 508.01153564453125], [546.0557861328125, 733.3137817382812, 679.8307495117188, 882.277099609375], [417.0964660644531, 441.53814697265625, 522.1172485351562, 562.8101196289062], [516.7147827148438, 364.25152587890625, 664.5450439453125, 755.5422973632812], [446.2021484375, 191.44686889648438, 697.0595703125, 770.49658203125]]}