{"labels": [0, 0, 0], "scores": [0.9842050671577454, 0.5715503692626953, 0.20602509379386902], "bboxes": [[172.51705932617188, 238.35342407226562, 614.092529296875, 774.4586181640625], [420.9375915527344, 461.87054443359375, 672.765380859375, 800.0], [38.1778564453125, 137.38229370117188, 637.8478393554688, 502.4701232910156]]}