{"labels": [0, 0], "scores": [0.9970895648002625, 0.06005290150642395], "bboxes": [[294.310546875, 121.57730102539062, 660.6984252929688, 727.198486328125], [124.6852798461914, 208.72677612304688, 270.8289794921875, 519.6527099609375]]}