{"labels": [0, 0], "scores": [0.9973047971725464, 0.07533043622970581], "bboxes": [[20.062164306640625, 57.59033203125, 782.7269287109375, 711.903564453125], [89.69418334960938, 424.46185302734375, 666.7314453125, 762.1725463867188]]}