{"labels": [0, 0, 0, 0, 0], "scores": [0.9673333168029785, 0.9552162885665894, 0.8222506642341614, 0.6328680515289307, 0.20163357257843018], "bboxes": [[0.2067108154296875, 116.20709228515625, 423.94891357421875, 791.889892578125], [225.67796325683594, 392.00933837890625, 591.4364624023438, 790.2824096679688], [324.68572998046875, 151.08087158203125, 798.1057739257812, 796.6051025390625], [127.51518249511719, 172.41748046875, 594.726806640625, 785.5693969726562], [2.60894775390625, 36.65728759765625, 764.7711181640625, 800.0]]}