{"labels": [0], "scores": [0.9977827668190002], "bboxes": [[252.31536865234375, 46.98077392578125, 540.882568359375, 779.9054565429688]]}