{"labels": [0], "scores": [0.9953592419624329], "bboxes": [[283.71771240234375, 53.336669921875, 534.2891235351562, 745.3746948242188]]}