{"labels": [0], "scores": [0.999187171459198], "bboxes": [[68.80342102050781, 119.8861083984375, 619.5655517578125, 806.7025756835938]]}