{"labels": [0], "scores": [0.9978851675987244], "bboxes": [[78.78378295898438, 115.68075561523438, 705.404296875, 691.8365478515625]]}