{"labels": [0, 0], "scores": [0.9877653121948242, 0.9613519310951233], "bboxes": [[255.76734924316406, 542.9428100585938, 528.4140625, 760.6788940429688], [162.5467071533203, 207.89291381835938, 596.4292602539062, 727.2021484375]]}