{"labels": [0, 0, 0, 0], "scores": [0.9927910566329956, 0.9853615164756775, 0.13547414541244507, 0.053306836634874344], "bboxes": [[0.0, 302.8640441894531, 321.3042907714844, 757.922607421875], [525.5409545898438, 457.2108459472656, 672.7000122070312, 787.4360961914062], [458.908935546875, 142.2089080810547, 697.376953125, 411.9521179199219], [475.539794921875, 536.2460327148438, 533.1131591796875, 636.4976196289062]]}