{"labels": [0, 0], "scores": [0.9974977374076843, 0.9789388179779053], "bboxes": [[17.101165771484375, 221.41632080078125, 763.2396240234375, 719.6455078125], [19.773887634277344, 102.06001281738281, 221.06808471679688, 199.8457489013672]]}