{"labels": [0], "scores": [0.9963569045066833], "bboxes": [[60.2891845703125, 214.741455078125, 759.946044921875, 727.6459350585938]]}