{"labels": [0], "scores": [0.9980711340904236], "bboxes": [[179.8100128173828, 186.01138305664062, 566.4854736328125, 881.0765991210938]]}