{"labels": [0], "scores": [0.9963548183441162], "bboxes": [[272.55657958984375, 14.675994873046875, 533.9359130859375, 800.0]]}