{"labels": [0], "scores": [0.9986779093742371], "bboxes": [[71.11624145507812, 102.77410888671875, 737.97119140625, 704.6675415039062]]}