{"labels": [0, 0, 0, 0, 0, 0, 0], "scores": [0.9000163674354553, 0.8005574941635132, 0.3430238962173462, 0.09379605203866959, 0.07447323948144913, 0.06381110101938248, 0.05195078253746033], "bboxes": [[319.6800231933594, 27.74700927734375, 776.23046875, 788.2438354492188], [121.17607879638672, 174.47891235351562, 339.4253845214844, 345.9458923339844], [373.4532165527344, 29.565216064453125, 717.240966796875, 518.6734619140625], [76.97872161865234, 426.50762939453125, 301.31011962890625, 740.9024047851562], [142.97389221191406, 668.898681640625, 290.78472900390625, 741.830322265625], [90.79908752441406, 261.283935546875, 380.68377685546875, 706.5830078125], [557.6593627929688, 162.03704833984375, 782.5673217773438, 791.6509399414062]]}