{"labels": [0, 0, 0, 0], "scores": [0.9949809908866882, 0.9233109951019287, 0.4059770107269287, 0.17809835076332092], "bboxes": [[122.6416015625, 11.660232543945312, 706.5492553710938, 405.0596923828125], [0.0, 359.6221923828125, 665.1575927734375, 738.77978515625], [282.0960388183594, 602.5983276367188, 800.0, 787.6183471679688], [702.67919921875, 412.5584411621094, 796.448486328125, 513.9880981445312]]}