{"labels": [0, 0, 0], "scores": [0.99236661195755, 0.2436693161725998, 0.05393758788704872], "bboxes": [[188.04647827148438, 229.2978973388672, 625.9627685546875, 723.7876586914062], [25.44940948486328, 450.07861328125, 247.891845703125, 763.3359375], [146.89630126953125, 236.3807373046875, 430.1480712890625, 797.84228515625]]}