{"labels": [0], "scores": [0.9969948530197144], "bboxes": [[279.18670654296875, 50.120452880859375, 519.3323364257812, 754.1937255859375]]}