{"labels": [0], "scores": [0.9969468712806702], "bboxes": [[26.71527099609375, 0.0, 797.4816284179688, 800.0]]}