{"labels": [0, 0, 0], "scores": [0.9625004529953003, 0.20413349568843842, 0.10929039120674133], "bboxes": [[230.71029663085938, 155.2454833984375, 435.11834716796875, 896.0], [236.9150848388672, 159.98028564453125, 431.65631103515625, 476.15179443359375], [215.83761596679688, 254.82473754882812, 664.1138916015625, 896.0]]}