{"labels": [0, 0, 0, 0, 0], "scores": [0.989339292049408, 0.10511159151792526, 0.07709535956382751, 0.06853113323450089, 0.05592085048556328], "bboxes": [[143.5228271484375, 10.4442138671875, 664.42578125, 792.6739501953125], [164.52645874023438, 31.568817138671875, 381.9916076660156, 792.91748046875], [332.0228271484375, 271.56964111328125, 471.13726806640625, 789.7322387695312], [296.61962890625, 78.03729248046875, 512.9507446289062, 793.55419921875], [480.1241455078125, 86.067138671875, 625.3389892578125, 778.2897338867188]]}