{"labels": [0, 0], "scores": [0.9897369742393494, 0.13351008296012878], "bboxes": [[104.48094940185547, 2.9115219116210938, 622.1566772460938, 850.4619750976562], [2.7852039337158203, 189.9114990234375, 392.4710388183594, 890.32958984375]]}