{"labels": [0], "scores": [0.9972519278526306], "bboxes": [[0.4180908203125, 201.5228271484375, 800.0, 675.3273315429688]]}