{"labels": [0, 0, 0], "scores": [0.9711900949478149, 0.9078265428543091, 0.06274674087762833], "bboxes": [[344.1085510253906, 42.5552978515625, 585.45166015625, 783.0282592773438], [236.66757202148438, 21.086334228515625, 386.2393493652344, 791.858154296875], [371.4619445800781, 60.108856201171875, 584.30078125, 465.1457824707031]]}