{"labels": [0, 0], "scores": [0.997058629989624, 0.6668655872344971], "bboxes": [[7.467529296875, 96.24626922607422, 789.0967407226562, 337.7696838378906], [2.276824951171875, 121.33602905273438, 800.0, 696.17431640625]]}