{"labels": [0, 0, 0, 0, 0], "scores": [0.8871147036552429, 0.7015431523323059, 0.44004783034324646, 0.39556214213371277, 0.06728996336460114], "bboxes": [[14.226409912109375, 101.21871948242188, 627.5491943359375, 380.9033203125], [487.9266357421875, 321.59429931640625, 776.80810546875, 617.9595947265625], [9.88214111328125, 105.64129638671875, 623.9884033203125, 656.3633422851562], [186.2265625, 435.84210205078125, 356.1107177734375, 647.5016479492188], [156.56954956054688, 546.0314331054688, 322.16400146484375, 713.8757934570312]]}