{"labels": [0, 0, 0, 0, 0, 0, 0, 0], "scores": [0.9742520451545715, 0.926729679107666, 0.2786937355995178, 0.08511892706155777, 0.0784800797700882, 0.07810510694980621, 0.059207744896411896, 0.05378081277012825], "bboxes": [[42.78240966796875, 243.353759765625, 720.7622680664062, 768.0252075195312], [0.850982666015625, 75.38188171386719, 225.60939025878906, 486.1611328125], [457.21160888671875, 479.5702209472656, 797.9414672851562, 660.9818115234375], [272.6497802734375, 231.4312286376953, 701.9667358398438, 629.9575805664062], [410.0140380859375, 351.3935546875, 800.0, 687.8001708984375], [486.23699951171875, 34.4501953125, 654.8329467773438, 163.11868286132812], [24.610671997070312, 154.50279235839844, 371.461669921875, 474.90130615234375], [546.6163940429688, 354.92108154296875, 800.0, 525.7498168945312]]}