{"labels": [0, 0, 0], "scores": [0.9954743981361389, 0.9172757863998413, 0.05818338692188263], "bboxes": [[152.16650390625, 197.50413513183594, 602.94677734375, 633.88720703125], [459.5523681640625, 6.0973358154296875, 781.6551513671875, 385.6224365234375], [63.11153030395508, 541.2060546875, 157.00537109375, 610.1173095703125]]}