{"labels": [0, 0], "scores": [0.9955315589904785, 0.05297352001070976], "bboxes": [[276.5565490722656, 192.7564697265625, 795.602783203125, 648.3566284179688], [0.0, 79.83697509765625, 800.0, 679.9986572265625]]}