{"labels": [0, 0, 0, 0, 0, 0], "scores": [0.7994217872619629, 0.7904707789421082, 0.23048759996891022, 0.21945375204086304, 0.10357753187417984, 0.07085327059030533], "bboxes": [[416.33599853515625, 290.88507080078125, 789.2278442382812, 780.8327026367188], [96.57439422607422, 22.169769287109375, 298.1669006347656, 658.074462890625], [44.86768341064453, 16.07061767578125, 211.1790771484375, 646.0670776367188], [500.1069030761719, 1.337890625, 750.39990234375, 197.3167724609375], [66.96408081054688, 204.94247436523438, 794.94091796875, 778.33642578125], [45.93055725097656, 0.0, 465.17486572265625, 655.9698486328125]]}