{"labels": [0], "scores": [0.9981535077095032], "bboxes": [[149.55441284179688, 158.39927673339844, 551.4935302734375, 882.5469970703125]]}