{"labels": [0], "scores": [0.9953582882881165], "bboxes": [[263.86126708984375, 27.501617431640625, 561.4793090820312, 764.720947265625]]}