{"labels": [0], "scores": [0.997215747833252], "bboxes": [[129.9368896484375, 73.21624755859375, 668.2689208984375, 756.5536499023438]]}