{"labels": [0], "scores": [0.9985119700431824], "bboxes": [[120.24533081054688, 98.31930541992188, 726.702880859375, 692.202392578125]]}