{"labels": [0], "scores": [0.9973721504211426], "bboxes": [[87.0885009765625, 183.27442932128906, 693.6976928710938, 637.5372314453125]]}