{"labels": [0], "scores": [0.9926506876945496], "bboxes": [[182.2804412841797, 181.5109100341797, 541.4984130859375, 734.4758911132812]]}