{"labels": [0, 0], "scores": [0.9679064154624939, 0.9144721031188965], "bboxes": [[141.58119201660156, 293.70782470703125, 592.4987182617188, 449.14617919921875], [148.6641387939453, 96.60653686523438, 604.0537719726562, 456.3548278808594]]}