{"labels": [0, 0, 0, 0, 0, 0, 0, 0, 0, 0, 0, 0, 0, 0, 0, 0, 0], "scores": [0.8736806511878967, 0.6666476130485535, 0.6055023074150085, 0.5337671041488647, 0.38292208313941956, 0.3319230377674103, 0.27805569767951965, 0.2633250951766968, 0.25417646765708923, 0.25189918279647827, 0.21678052842617035, 0.21562401950359344, 0.21063274145126343, 0.12860055267810822, 0.11969791352748871, 0.10979074984788895, 0.08429128676652908], "bboxes": [[68.93621826171875, 71.08920288085938, 765.0194091796875, 754.3240966796875], [397.1732177734375, 401.51226806640625, 578.6453247070312, 597.4419555664062], [466.0618896484375, 325.6990966796875, 647.4378662109375, 537.3853149414062], [488.7396240234375, 281.4959716796875, 711.489013671875, 487.6541748046875], [263.2876281738281, 456.9043273925781, 511.4981994628906, 710.5420532226562], [342.2930908203125, 91.12529754638672, 548.293212890625, 311.3750915527344], [98.30335998535156, 89.59370422363281, 505.29473876953125, 523.221923828125], [312.95965576171875, 385.4071350097656, 572.9525756835938, 650.36572265625], [91.9921646118164, 280.31988525390625, 308.092041015625, 526.1449584960938], [161.78439331054688, 277.18389892578125, 340.5111389160156, 472.786376953125], [298.6724548339844, 131.607666015625, 478.2353210449219, 349.4954833984375], [384.6419677734375, 295.896240234375, 670.2093505859375, 597.1159057617188], [232.9629669189453, 217.95558166503906, 405.9586181640625, 408.21063232421875], [247.3876495361328, 89.69540405273438, 546.3073120117188, 400.74615478515625], [203.780517578125, 304.88916015625, 594.6991577148438, 714.9710693359375], [195.10797119140625, 113.83354187011719, 442.188232421875, 469.443359375], [328.2542724609375, 472.1982116699219, 483.97662353515625, 647.47216796875]]}