{"labels": [0], "scores": [0.9911850094795227], "bboxes": [[227.21368408203125, 210.26919555664062, 739.2987060546875, 753.0169677734375]]}