{"labels": [0, 0], "scores": [0.9947453737258911, 0.20266512036323547], "bboxes": [[132.17666625976562, 161.33697509765625, 791.5435791015625, 750.3154296875], [166.17916870117188, 458.8944091796875, 782.6463623046875, 729.0008544921875]]}