{"labels": [0, 0, 0], "scores": [0.94587641954422, 0.929173469543457, 0.36865654587745667], "bboxes": [[167.14132690429688, 82.25027465820312, 530.401611328125, 754.2935791015625], [310.97344970703125, 111.82806396484375, 677.9554443359375, 757.860595703125], [346.4798278808594, 110.8004150390625, 674.7421875, 421.4918212890625]]}