{"labels": [0], "scores": [0.9946737289428711], "bboxes": [[207.03347778320312, 29.942840576171875, 737.3377685546875, 517.11328125]]}