{"labels": [0, 0, 0], "scores": [0.9904020428657532, 0.6694357395172119, 0.09050792455673218], "bboxes": [[55.6644287109375, 22.235687255859375, 746.709716796875, 786.1583251953125], [41.168701171875, 271.15643310546875, 593.9432983398438, 727.1430053710938], [295.0145263671875, 243.16763305664062, 770.1422119140625, 798.45654296875]]}