{"labels": [0], "scores": [0.9956811666488647], "bboxes": [[12.7684326171875, 178.10450744628906, 733.3052368164062, 584.9204711914062]]}