{"labels": [0, 0, 0, 0], "scores": [0.9949195981025696, 0.993941068649292, 0.3928106427192688, 0.37934672832489014], "bboxes": [[0.629425048828125, 172.99769592285156, 323.3739929199219, 606.746826171875], [236.9945068359375, 228.741943359375, 795.941162109375, 800.0], [0.0, 299.0050964355469, 272.8576965332031, 785.5511474609375], [495.65472412109375, 229.87753295898438, 770.1227416992188, 397.3962097167969]]}