{"labels": [0, 0, 0], "scores": [0.9941365718841553, 0.568952202796936, 0.34681782126426697], "bboxes": [[240.29608154296875, 39.64947509765625, 759.629150390625, 789.1179809570312], [11.629043579101562, 147.3577880859375, 256.22607421875, 355.3620910644531], [6.3900146484375, 418.68853759765625, 295.4298095703125, 730.5302124023438]]}