{"labels": [0, 0], "scores": [0.99299156665802, 0.2987079322338104], "bboxes": [[198.34536743164062, 337.2073669433594, 800.0, 621.988037109375], [0.0, 261.3246154785156, 337.1033630371094, 525.504150390625]]}