{"labels": [0, 0, 0], "scores": [0.9852678775787354, 0.08131840080022812, 0.07901421189308167], "bboxes": [[131.64895629882812, 164.561767578125, 659.453857421875, 776.2595825195312], [9.661930084228516, 189.0188446044922, 128.5689239501953, 320.98590087890625], [9.906204223632812, 83.42898559570312, 222.20018005371094, 330.1732482910156]]}