{"labels": [0, 0], "scores": [0.9955667853355408, 0.051957882940769196], "bboxes": [[72.04696655273438, 82.85964965820312, 588.630615234375, 694.2178955078125], [154.78651428222656, 663.8753051757812, 480.2857666015625, 895.94677734375]]}