{"labels": [0, 0], "scores": [0.9959858059883118, 0.47924134135246277], "bboxes": [[69.48907470703125, 77.87387084960938, 759.9705200195312, 734.8692626953125], [74.49887084960938, 213.71923828125, 482.1059875488281, 733.170166015625]]}