{"labels": [0, 0, 0, 0, 0], "scores": [0.9904849529266357, 0.9702736139297485, 0.18849678337574005, 0.12033458799123764, 0.06663916260004044], "bboxes": [[97.18841552734375, 406.8370361328125, 709.165283203125, 730.0128173828125], [76.98776245117188, 85.11073303222656, 733.776123046875, 410.57720947265625], [445.5644226074219, 199.40966796875, 645.11328125, 383.99169921875], [377.541259765625, 137.75758361816406, 714.9249267578125, 398.2706298828125], [76.14407348632812, 150.04019165039062, 730.8438720703125, 676.7122802734375]]}