{"labels": [0, 0, 0], "scores": [0.9834739565849304, 0.44168466329574585, 0.24929839372634888], "bboxes": [[18.2906494140625, 241.20068359375, 792.7701416015625, 788.868896484375], [41.60418701171875, 426.7561950683594, 413.37237548828125, 626.671630859375], [42.772979736328125, 329.3167724609375, 640.28466796875, 627.278076171875]]}