{"labels": [0], "scores": [0.9979565143585205], "bboxes": [[235.4259796142578, 21.053192138671875, 544.9898071289062, 796.380859375]]}