{"labels": [0], "scores": [0.999306321144104], "bboxes": [[0.0, 186.3883819580078, 699.5679321289062, 826.1234741210938]]}