{"labels": [0, 0, 0], "scores": [0.9796997904777527, 0.20620796084403992, 0.17852067947387695], "bboxes": [[318.861572265625, 0.0, 389.97613525390625, 780.5789794921875], [197.95318603515625, 0.0, 715.3145141601562, 800.0], [417.39190673828125, 626.6236572265625, 726.4633178710938, 788.9761962890625]]}