{"labels": [0], "scores": [0.999612033367157], "bboxes": [[5.09405517578125, 42.71978759765625, 795.3536987304688, 773.1870727539062]]}