{"labels": [0], "scores": [0.9974130988121033], "bboxes": [[55.242305755615234, 110.21809387207031, 604.1146240234375, 772.231689453125]]}