{"labels": [0], "scores": [0.9994072914123535], "bboxes": [[15.751129150390625, 37.44610595703125, 775.8343505859375, 779.7293701171875]]}