{"labels": [0], "scores": [0.997918426990509], "bboxes": [[29.540924072265625, 231.88621520996094, 769.2130126953125, 715.0520629882812]]}