{"labels": [0], "scores": [0.9893072247505188], "bboxes": [[256.1110534667969, 19.668731689453125, 481.7826232910156, 779.634033203125]]}