{"labels": [0, 0, 0], "scores": [0.9867304563522339, 0.10688669979572296, 0.06007792800664902], "bboxes": [[27.56060791015625, 195.22915649414062, 765.3040771484375, 775.9300537109375], [51.50196838378906, 213.17442321777344, 462.900634765625, 693.194580078125], [411.0413818359375, 211.1064453125, 759.404296875, 759.804443359375]]}