{"labels": [0, 0], "scores": [0.9940747618675232, 0.46323150396347046], "bboxes": [[184.5874786376953, 217.4415740966797, 526.4950561523438, 645.9058837890625], [186.479736328125, 652.090576171875, 460.9458312988281, 896.0]]}