{"labels": [0], "scores": [0.9929903745651245], "bboxes": [[225.3379669189453, 218.57666015625, 618.7523193359375, 768.9902954101562]]}