{"labels": [0], "scores": [0.9969524145126343], "bboxes": [[48.408782958984375, 79.10418701171875, 800.0, 784.2482299804688]]}