{"labels": [0, 0], "scores": [0.9848644733428955, 0.9787927269935608], "bboxes": [[15.29010009765625, 191.75318908691406, 550.2863159179688, 596.181884765625], [462.01861572265625, 105.15206909179688, 785.6854858398438, 589.841796875]]}