{"labels": [0, 0, 0, 0, 0], "scores": [0.9367645978927612, 0.9107478857040405, 0.504645049571991, 0.4922789931297302, 0.226393923163414], "bboxes": [[147.80992126464844, 120.90213012695312, 450.708984375, 742.73046875], [357.6573791503906, 94.90158081054688, 800.0, 674.4471435546875], [148.47987365722656, 123.44770812988281, 411.8541259765625, 449.48541259765625], [233.604248046875, 286.3799743652344, 514.8577270507812, 746.7291259765625], [388.4309997558594, 92.14480590820312, 627.08740234375, 621.7581787109375]]}