{"labels": [0], "scores": [0.9858980178833008], "bboxes": [[224.8130340576172, 61.099945068359375, 583.7228393554688, 707.4912109375]]}