{"labels": [0, 0, 0, 0, 0, 0], "scores": [0.9964801669120789, 0.9891230463981628, 0.3468024432659149, 0.22198151051998138, 0.12253522127866745, 0.08712295442819595], "bboxes": [[0.0, 100.77864837646484, 457.4149169921875, 692.3401489257812], [306.87823486328125, 334.8119201660156, 700.0, 840.7562255859375], [296.53326416015625, 759.0913696289062, 572.4776000976562, 896.0], [70.42257690429688, 158.7216033935547, 575.6986083984375, 864.0955200195312], [542.6951293945312, 187.6846466064453, 699.5560913085938, 309.4048156738281], [0.0, 585.8302001953125, 266.5480041503906, 894.015380859375]]}