{"labels": [0, 0], "scores": [0.9880515336990356, 0.90565025806427], "bboxes": [[13.082565307617188, 15.523223876953125, 446.11065673828125, 729.259521484375], [312.5032958984375, 444.07025146484375, 466.90106201171875, 734.0422973632812]]}