{"labels": [0, 0, 0, 0, 0, 0], "scores": [0.9976834058761597, 0.9967864751815796, 0.9966292977333069, 0.8251076340675354, 0.06882863491773605, 0.053549159318208694], "bboxes": [[100.69528198242188, 131.12586975097656, 297.923583984375, 446.3997802734375], [298.7278747558594, 117.54031372070312, 483.0947570800781, 444.7879943847656], [483.3272399902344, 108.60110473632812, 677.9595947265625, 446.2279968261719], [43.257476806640625, 350.58563232421875, 748.1724853515625, 678.0711059570312], [193.3106231689453, 84.92233276367188, 239.94313049316406, 176.55221557617188], [367.6875305175781, 76.28679656982422, 418.0573425292969, 164.00250244140625]]}