{"labels": [0], "scores": [0.9980023503303528], "bboxes": [[108.03518676757812, 229.22080993652344, 606.198974609375, 757.8895874023438]]}