{"labels": [0], "scores": [0.9992092251777649], "bboxes": [[0.0, 169.80014038085938, 800.0, 660.8291015625]]}