{"labels": [0, 0, 0, 0, 0], "scores": [0.9139558672904968, 0.3260638117790222, 0.16222184896469116, 0.12273060530424118, 0.05565734952688217], "bboxes": [[214.9493408203125, 110.5899658203125, 775.6077270507812, 641.1817626953125], [517.0142822265625, 420.2666015625, 767.1829833984375, 630.7686767578125], [21.29669952392578, 243.8042449951172, 239.40542602539062, 586.94384765625], [53.147125244140625, 327.6105651855469, 210.0032958984375, 492.1354064941406], [229.83668518066406, 125.7659912109375, 476.6964111328125, 629.264892578125]]}