{"labels": [0], "scores": [0.9983258843421936], "bboxes": [[56.104339599609375, 54.80230712890625, 726.7396240234375, 760.448974609375]]}