{"labels": [0, 0, 0, 0, 0], "scores": [0.9464306831359863, 0.7452638745307922, 0.33057940006256104, 0.06645629554986954, 0.05114983394742012], "bboxes": [[181.24325561523438, 364.9999694824219, 642.6929931640625, 770.742919921875], [11.088768005371094, 69.09420776367188, 233.07876586914062, 353.1380615234375], [429.04962158203125, 160.8424072265625, 663.7514038085938, 373.9605712890625], [165.15060424804688, 147.72726440429688, 667.6129150390625, 680.03955078125], [311.760986328125, 494.1021423339844, 567.7607421875, 759.3990478515625]]}