{"labels": [0, 0, 0], "scores": [0.9934158325195312, 0.1546652764081955, 0.08048451691865921], "bboxes": [[0.0, 6.10675048828125, 800.0, 721.7903442382812], [0.0, 332.54034423828125, 676.539306640625, 715.6348266601562], [72.71768188476562, 88.29412841796875, 299.9754638671875, 279.90045166015625]]}