{"labels": [0, 0, 0, 0], "scores": [0.9837602376937866, 0.3548651337623596, 0.169557124376297, 0.051743414252996445], "bboxes": [[42.421539306640625, 62.692901611328125, 787.7237548828125, 745.23779296875], [238.5760955810547, 78.05171203613281, 356.92535400390625, 359.9691162109375], [468.18798828125, 71.54229736328125, 659.51513671875, 310.2927551269531], [345.29803466796875, 62.497772216796875, 548.6117553710938, 274.07464599609375]]}