{"labels": [0, 0, 0, 0, 0, 0], "scores": [0.9565762281417847, 0.31498757004737854, 0.2558562755584717, 0.16942790150642395, 0.1581488996744156, 0.12549062073230743], "bboxes": [[111.08658599853516, 46.14650344848633, 548.7337646484375, 700.6954345703125], [243.0032958984375, 383.69720458984375, 678.2464599609375, 720.2725830078125], [227.1175079345703, 533.9144287109375, 535.3602905273438, 725.2782592773438], [383.78790283203125, 453.0003662109375, 700.0, 672.6041259765625], [31.3268985748291, 722.396484375, 282.4257507324219, 894.914794921875], [224.82896423339844, 502.3246154785156, 625.4701538085938, 871.3693237304688]]}