{"labels": [0, 0, 0], "scores": [0.8218747973442078, 0.5659182071685791, 0.16621369123458862], "bboxes": [[70.47528076171875, 0.0, 662.941162109375, 800.0], [93.35662078857422, 2.2283935546875, 248.81829833984375, 800.0], [323.4987487792969, 0.0, 434.7902526855469, 800.0]]}