{"labels": [0], "scores": [0.9940879344940186], "bboxes": [[0.0, 60.927581787109375, 776.610595703125, 729.095947265625]]}