{"labels": [0], "scores": [0.9982806444168091], "bboxes": [[278.5511779785156, 30.425628662109375, 542.09521484375, 726.0135498046875]]}