{"labels": [0, 0, 0], "scores": [0.99327552318573, 0.1608569175004959, 0.09363003820180893], "bboxes": [[301.40716552734375, 74.59295654296875, 709.724609375, 798.0433349609375], [2.2855358123779297, 0.695892333984375, 54.805992126464844, 547.5458984375], [0.1475982666015625, 633.5150756835938, 132.8114776611328, 771.9666137695312]]}