{"labels": [0], "scores": [0.9947163462638855], "bboxes": [[207.80091857910156, 29.145050048828125, 590.7376708984375, 777.59228515625]]}