{"labels": [0], "scores": [0.9989582300186157], "bboxes": [[2.79156494140625, 169.67970275878906, 795.0087280273438, 649.377197265625]]}