{"labels": [0], "scores": [0.9951024055480957], "bboxes": [[296.1315002441406, 69.72653198242188, 550.9063110351562, 607.212646484375]]}