{"labels": [0], "scores": [0.9986644983291626], "bboxes": [[10.915358543395996, 0.5383582711219788, 41.59476852416992, 52.834293365478516]]}