{"labels": [0], "scores": [0.9986186027526855], "bboxes": [[113.72015380859375, 106.93301391601562, 694.2893676757812, 738.3826904296875]]}