{"labels": [0], "scores": [0.9991080164909363], "bboxes": [[20.2965087890625, 141.5325927734375, 778.7421264648438, 612.25390625]]}