{"labels": [0], "scores": [0.998573899269104], "bboxes": [[41.64056396484375, 28.545318603515625, 753.8259887695312, 800.0]]}