{"labels": [0], "scores": [0.9989120960235596], "bboxes": [[189.56690979003906, 29.84872055053711, 534.0527954101562, 844.6243896484375]]}