{"labels": [0, 0, 0], "scores": [0.9399645328521729, 0.4721471667289734, 0.06813626736402512], "bboxes": [[29.250335693359375, 89.31912231445312, 588.9173583984375, 571.30419921875], [378.83447265625, 449.263916015625, 517.1776733398438, 674.954833984375], [376.0406799316406, 245.9913330078125, 535.5869750976562, 695.3177490234375]]}