{"labels": [0, 0, 0], "scores": [0.9850960373878479, 0.9532275199890137, 0.6042435169219971], "bboxes": [[222.40509033203125, 380.3611755371094, 786.6058959960938, 787.9727783203125], [15.384109497070312, 10.056488037109375, 320.399169921875, 789.10498046875], [41.966278076171875, 12.437591552734375, 620.242431640625, 791.33544921875]]}