{"labels": [0], "scores": [0.9940658807754517], "bboxes": [[63.393341064453125, 165.43496704101562, 728.9647216796875, 746.9986572265625]]}