{"labels": [0], "scores": [0.9970268607139587], "bboxes": [[197.0289306640625, 111.33416748046875, 620.1294555664062, 698.5835571289062]]}