{"labels": [0, 0], "scores": [0.9960826635360718, 0.922404944896698], "bboxes": [[193.15548706054688, 30.4376220703125, 379.8880310058594, 769.1392822265625], [395.8172607421875, 389.17333984375, 611.423095703125, 718.1866455078125]]}