{"labels": [0], "scores": [0.9973456263542175], "bboxes": [[110.66708374023438, 161.74349975585938, 698.787841796875, 639.9080810546875]]}