{"labels": [0, 0, 0, 0], "scores": [0.974819004535675, 0.9675092697143555, 0.24938468635082245, 0.055157165974378586], "bboxes": [[112.9278335571289, 295.6065979003906, 349.1292724609375, 718.6976318359375], [485.81036376953125, 304.085205078125, 725.1260375976562, 709.6337280273438], [191.67971801757812, 158.33641052246094, 309.7932434082031, 217.16539001464844], [521.0453491210938, 303.47625732421875, 660.0823364257812, 462.71148681640625]]}