{"labels": [0, 0], "scores": [0.9876071810722351, 0.0949440747499466], "bboxes": [[64.84262084960938, 27.91082763671875, 733.2978515625, 740.35400390625], [0.0, 339.7044677734375, 703.891845703125, 800.0]]}