{"labels": [0, 0], "scores": [0.9977743029594421, 0.10442789644002914], "bboxes": [[140.62069702148438, 175.19033813476562, 631.2816162109375, 799.8013916015625], [513.8479614257812, 674.6192626953125, 609.9036254882812, 795.8306884765625]]}