{"labels": [0], "scores": [0.9813117384910583], "bboxes": [[242.28082275390625, 0.0, 579.7807006835938, 800.0]]}