{"labels": [0, 0, 0], "scores": [0.9906822443008423, 0.15639731287956238, 0.11322380602359772], "bboxes": [[24.731109619140625, 277.1526184082031, 779.33251953125, 622.400390625], [18.173614501953125, 302.572265625, 457.1955871582031, 605.254150390625], [353.61346435546875, 295.20513916015625, 769.8671264648438, 579.7139892578125]]}