{"labels": [0], "scores": [0.9995805621147156], "bboxes": [[0.380218505859375, 156.23489379882812, 798.3477783203125, 680.831787109375]]}