{"labels": [0, 0], "scores": [0.9942157864570618, 0.5739703178405762], "bboxes": [[0.741943359375, 84.52566528320312, 785.7713623046875, 721.667724609375], [0.0, 380.6250305175781, 739.7171020507812, 713.13671875]]}