{"labels": [0], "scores": [0.9978740215301514], "bboxes": [[186.3975067138672, 143.60870361328125, 491.32659912109375, 869.0805053710938]]}