{"labels": [0, 0, 0, 0], "scores": [0.9893090724945068, 0.4721356928348541, 0.14811135828495026, 0.09061146527528763], "bboxes": [[456.8050537109375, 53.175018310546875, 749.0133056640625, 616.0838623046875], [0.0, 136.8065948486328, 468.85198974609375, 615.7464599609375], [2.59027099609375, 141.58819580078125, 420.9936828613281, 384.6806640625], [1.1326904296875, 615.5452270507812, 270.4233703613281, 797.2609252929688]]}