{"labels": [0, 0, 0, 0, 0, 0, 0, 0, 0, 0, 0, 0, 0], "scores": [0.9956842660903931, 0.9953010082244873, 0.9926552772521973, 0.9903361797332764, 0.9899077415466309, 0.8984046578407288, 0.8534220457077026, 0.8123642206192017, 0.7820489406585693, 0.7321080565452576, 0.7158493399620056, 0.6727544665336609, 0.2502615749835968], "bboxes": [[484.7076110839844, 218.57705688476562, 622.7724609375, 727.7381591796875], [175.9423065185547, 222.1712646484375, 320.9686279296875, 727.9570922851562], [329.34210205078125, 223.69378662109375, 471.62713623046875, 726.8827514648438], [13.245025634765625, 239.29464721679688, 169.51361083984375, 728.44482421875], [633.6768798828125, 240.06271362304688, 782.0133056640625, 728.6083984375], [110.49928283691406, 136.77166748046875, 225.96116638183594, 668.86767578125], [586.2766723632812, 138.08871459960938, 688.2510375976562, 669.35107421875], [497.5408020019531, 36.77754211425781, 611.5401611328125, 383.00469970703125], [272.62152099609375, 154.0501251220703, 383.67681884765625, 618.3543090820312], [429.5910339355469, 144.1963653564453, 535.81298828125, 647.5098876953125], [198.0865020751953, 37.17320251464844, 310.239990234375, 384.2305908203125], [341.7967529296875, 36.7291259765625, 459.129638671875, 389.0393371582031], [546.32666015625, 192.42703247070312, 725.1458740234375, 727.1866455078125]]}