{"labels": [0], "scores": [0.9973942041397095], "bboxes": [[110.47337341308594, 297.3490905761719, 585.4996337890625, 783.695556640625]]}