{"labels": [0], "scores": [0.9985007047653198], "bboxes": [[6.868743896484375, 6.331695556640625, 783.611328125, 791.998779296875]]}