{"labels": [0, 0, 0, 0, 0, 0, 0, 0, 0, 0, 0, 0, 0], "scores": [0.9906026124954224, 0.9856525659561157, 0.9772524237632751, 0.8613172173500061, 0.5052847862243652, 0.45321959257125854, 0.2601207196712494, 0.19779111444950104, 0.16929465532302856, 0.12032441794872284, 0.09539340436458588, 0.07734041661024094, 0.05912131816148758], "bboxes": [[300.6653747558594, 424.6319580078125, 463.8774719238281, 579.8401489257812], [39.3323974609375, 456.2755126953125, 233.92922973632812, 609.2017822265625], [215.57830810546875, 458.7558288574219, 401.39288330078125, 635.154541015625], [115.784423828125, 172.73794555664062, 788.548828125, 432.4781188964844], [275.64874267578125, 214.8845977783203, 592.1220092773438, 412.045166015625], [550.8822631835938, 295.8336181640625, 762.9063110351562, 454.093994140625], [40.2266845703125, 150.24142456054688, 800.0, 662.5286865234375], [448.9839172363281, 187.1048583984375, 772.636962890625, 438.95025634765625], [548.51806640625, 171.880859375, 701.713623046875, 288.0012512207031], [560.25830078125, 211.52536010742188, 776.470947265625, 322.1938781738281], [58.538238525390625, 441.5896911621094, 433.9477233886719, 631.7288818359375], [455.6617126464844, 252.19561767578125, 599.79345703125, 402.83746337890625], [129.461669921875, 192.7275390625, 385.088623046875, 322.34356689453125]]}