{"labels": [0, 0, 0, 0, 0, 0], "scores": [0.9940855503082275, 0.9702890515327454, 0.18926995992660522, 0.18139809370040894, 0.10779141634702682, 0.05449961498379707], "bboxes": [[206.4959259033203, 114.22543334960938, 567.5657348632812, 655.3720703125], [448.9200134277344, 508.71319580078125, 700.6446533203125, 734.2975463867188], [0.212615966796875, 43.6968994140625, 598.0638427734375, 582.3717041015625], [227.2486114501953, 104.82513427734375, 462.70574951171875, 529.7854614257812], [129.53433227539062, 492.10076904296875, 715.09423828125, 789.2123413085938], [122.18878173828125, 643.32861328125, 273.0185546875, 790.9805908203125]]}