{"labels": [0, 0, 0], "scores": [0.9592803120613098, 0.09056096524000168, 0.06202314794063568], "bboxes": [[95.68267822265625, 103.961181640625, 650.7056884765625, 699.5479125976562], [404.52410888671875, 283.3443908691406, 615.4725952148438, 718.3414306640625], [125.11811828613281, 152.63978576660156, 470.6221923828125, 628.6189575195312]]}