{"labels": [0], "scores": [0.9972397089004517], "bboxes": [[191.46139526367188, 219.151611328125, 580.7576904296875, 800.0]]}