{"labels": [0, 0, 0, 0, 0, 0, 0], "scores": [0.9247269630432129, 0.9174178242683411, 0.8787776231765747, 0.6953079104423523, 0.6792527437210083, 0.09432004392147064, 0.05704953521490097], "bboxes": [[322.12701416015625, 336.0704345703125, 613.3289794921875, 628.1631469726562], [595.32080078125, 281.82269287109375, 782.0355224609375, 453.3341064453125], [207.04208374023438, 147.61062622070312, 445.1101989746094, 383.8038024902344], [56.28739929199219, 311.09521484375, 339.52001953125, 641.8089599609375], [51.976593017578125, 146.23489379882812, 623.133544921875, 646.3485107421875], [162.95919799804688, 263.7470703125, 561.941162109375, 618.8684692382812], [392.729736328125, 283.534423828125, 533.8131103515625, 467.61822509765625]]}