{"labels": [0], "scores": [0.9979361295700073], "bboxes": [[256.5943603515625, 53.63214111328125, 526.74267578125, 797.51416015625]]}