{"labels": [0, 0], "scores": [0.9971532821655273, 0.31574803590774536], "bboxes": [[17.55767822265625, 386.90081787109375, 773.226806640625, 720.0441284179688], [0.0, 209.45263671875, 525.2255859375, 518.302490234375]]}