{"labels": [0], "scores": [0.9987446069717407], "bboxes": [[111.27845764160156, 258.7630310058594, 624.8719482421875, 892.8878784179688]]}