{"labels": [0, 0, 0, 0, 0, 0, 0, 0], "scores": [0.933986246585846, 0.6653360724449158, 0.5094223022460938, 0.2621776759624481, 0.10375303775072098, 0.09543497115373611, 0.07823283970355988, 0.07211142033338547], "bboxes": [[70.22584533691406, 314.78265380859375, 450.54571533203125, 763.2545776367188], [288.62646484375, 38.01776123046875, 732.78466796875, 746.1415405273438], [53.3114013671875, 94.65579223632812, 604.6864624023438, 761.236083984375], [436.3428955078125, 561.18701171875, 730.992431640625, 732.011474609375], [380.5723876953125, 244.85122680664062, 728.4163818359375, 406.4325256347656], [352.2198181152344, 50.63055419921875, 730.83251953125, 304.36676025390625], [459.17633056640625, 409.0448913574219, 695.2097778320312, 549.0068359375], [110.79017639160156, 598.5040283203125, 441.59228515625, 763.1673583984375]]}