{"labels": [0], "scores": [0.9997300505638123], "bboxes": [[0.0, 26.215980529785156, 697.65625, 896.0]]}