{"labels": [0, 0, 0, 0, 0, 0], "scores": [0.9975820779800415, 0.5898747444152832, 0.5450367331504822, 0.5412524938583374, 0.3090601861476898, 0.1268829107284546], "bboxes": [[34.456207275390625, 198.17181396484375, 751.1165771484375, 368.5697021484375], [498.1581115722656, 548.4780883789062, 668.4068603515625, 622.9807739257812], [430.05322265625, 458.1492614746094, 742.1187744140625, 540.0477294921875], [236.51715087890625, 565.6373291015625, 423.25982666015625, 634.4627685546875], [246.68161010742188, 396.7059020996094, 389.0077819824219, 557.2393188476562], [82.53914642333984, 413.64080810546875, 197.59011840820312, 630.3663940429688]]}