{"labels": [0], "scores": [0.9991950392723083], "bboxes": [[26.390289306640625, 14.887847900390625, 780.7230224609375, 790.57861328125]]}