{"labels": [0, 0, 0], "scores": [0.9945800304412842, 0.09305007010698318, 0.06952258199453354], "bboxes": [[146.36170959472656, 245.2491912841797, 629.8304443359375, 633.2384643554688], [167.84573364257812, 112.11373901367188, 464.2174987792969, 278.23370361328125], [48.4533805847168, 128.37051391601562, 169.1593017578125, 344.00115966796875]]}