{"labels": [0, 0], "scores": [0.9927935600280762, 0.050367023795843124], "bboxes": [[24.1158447265625, 159.04000854492188, 665.4844360351562, 703.719970703125], [382.0687255859375, 146.13717651367188, 643.861572265625, 544.955322265625]]}