{"labels": [0, 0, 0], "scores": [0.993432879447937, 0.8680205345153809, 0.7849273681640625], "bboxes": [[29.923614501953125, 99.34268188476562, 627.968994140625, 751.9930419921875], [388.2767639160156, 114.96479797363281, 793.7161865234375, 488.37396240234375], [204.74417114257812, 112.98678588867188, 780.4361572265625, 638.6529541015625]]}