{"labels": [0, 0], "scores": [0.9854047894477844, 0.8422444462776184], "bboxes": [[275.6768798828125, 98.40817260742188, 570.1981811523438, 384.9838562011719], [113.79786682128906, 377.2874755859375, 618.811279296875, 800.0]]}