{"labels": [0], "scores": [0.995965838432312], "bboxes": [[122.87530517578125, 253.09146118164062, 680.745361328125, 800.0]]}