{"labels": [0, 0, 0], "scores": [0.9775697588920593, 0.5536255240440369, 0.17666012048721313], "bboxes": [[151.29910278320312, 119.7791748046875, 706.892578125, 698.2002563476562], [159.30877685546875, 185.13528442382812, 473.43646240234375, 713.068115234375], [326.48541259765625, 118.7989501953125, 701.3585815429688, 540.447509765625]]}