{"labels": [0], "scores": [0.9948989748954773], "bboxes": [[170.41868591308594, 284.45416259765625, 626.0728759765625, 546.7041015625]]}