{"labels": [0, 0], "scores": [0.9969390630722046, 0.995556652545929], "bboxes": [[306.1894226074219, 132.94029235839844, 707.4017333984375, 610.3897094726562], [94.47837829589844, 281.2166748046875, 482.18310546875, 704.1834106445312]]}