{"labels": [0, 0, 0], "scores": [0.9825161695480347, 0.8416039943695068, 0.08090750873088837], "bboxes": [[241.4440155029297, 299.8725280761719, 643.11474609375, 727.2978515625], [163.85145568847656, 411.6064147949219, 346.20379638671875, 622.669189453125], [170.07412719726562, 408.197998046875, 522.5926513671875, 698.080322265625]]}