{"labels": [0, 0], "scores": [0.9911654591560364, 0.07692568749189377], "bboxes": [[52.91473388671875, 15.66412353515625, 790.4112548828125, 795.7744140625], [151.0864715576172, 1.565948486328125, 633.1410522460938, 509.7290954589844]]}