{"labels": [0, 0, 0, 0, 0, 0], "scores": [0.986120343208313, 0.9259429574012756, 0.7450300455093384, 0.199165940284729, 0.0592363104224205, 0.05269530788064003], "bboxes": [[347.73089599609375, 55.6947021484375, 673.039794921875, 696.2335815429688], [77.40370178222656, 152.09951782226562, 524.2781372070312, 754.8316650390625], [0.0, 180.3270721435547, 85.3345947265625, 551.18310546875], [143.20162963867188, 32.041229248046875, 772.6806640625, 736.1953125], [82.79185485839844, 190.24249267578125, 321.176513671875, 754.8085327148438], [196.6547088623047, 341.6644287109375, 520.2874145507812, 727.5328369140625]]}