{"labels": [0, 0, 0], "scores": [0.9980744123458862, 0.8184863924980164, 0.16180597245693207], "bboxes": [[0.0, 114.74409484863281, 520.505615234375, 876.961669921875], [394.0482482910156, 22.570663452148438, 700.0, 831.5113525390625], [501.2249755859375, 196.636962890625, 692.4537963867188, 884.9080810546875]]}