{"labels": [0, 0], "scores": [0.9977044463157654, 0.45419764518737793], "bboxes": [[42.167999267578125, 105.50259399414062, 739.807373046875, 675.25439453125], [0.0, 69.33915710449219, 304.736328125, 378.1060791015625]]}