{"labels": [0, 0, 0], "scores": [0.9854355454444885, 0.5254986882209778, 0.0771399736404419], "bboxes": [[231.26010131835938, 109.96881103515625, 578.0850830078125, 619.2584838867188], [128.189697265625, 58.690582275390625, 782.2847290039062, 797.0799560546875], [148.69630432128906, 546.6822509765625, 414.96575927734375, 787.4212646484375]]}