{"labels": [0], "scores": [0.9948487877845764], "bboxes": [[141.36929321289062, 90.17549133300781, 676.7703857421875, 599.636474609375]]}