{"labels": [0], "scores": [0.992355465888977], "bboxes": [[147.22802734375, 129.80322265625, 637.2429809570312, 786.3817138671875]]}