{"labels": [0], "scores": [0.9962912797927856], "bboxes": [[201.9511260986328, 37.73187255859375, 594.0073852539062, 769.372314453125]]}