{"labels": [0, 0, 0], "scores": [0.9977954626083374, 0.8062662482261658, 0.13651148974895477], "bboxes": [[152.6832733154297, 48.628753662109375, 603.1912231445312, 703.447509765625], [279.96990966796875, 36.91221618652344, 399.52154541015625, 141.7495880126953], [410.6827087402344, 135.92007446289062, 698.9598388671875, 731.4007568359375]]}