{"labels": [0, 0, 0], "scores": [0.9884875416755676, 0.40495264530181885, 0.05294882506132126], "bboxes": [[15.73895263671875, 132.72418212890625, 749.3836059570312, 786.5285034179688], [430.435546875, 149.82469177246094, 624.5418701171875, 618.0505981445312], [258.58282470703125, 131.1912841796875, 612.4983520507812, 621.2594604492188]]}