{"labels": [0, 0, 0, 0, 0, 0, 0, 0, 0, 0, 0, 0, 0, 0, 0, 0, 0, 0, 0, 0, 0, 0, 0, 0, 0, 0, 0], "scores": [0.9882814288139343, 0.9745440483093262, 0.970589280128479, 0.9697132110595703, 0.96939617395401, 0.9579428434371948, 0.9564014673233032, 0.9400343298912048, 0.9334239363670349, 0.9154703617095947, 0.9055328965187073, 0.9033426642417908, 0.8847768306732178, 0.7699588537216187, 0.7362025380134583, 0.6796030402183533, 0.6625630855560303, 0.5607234835624695, 0.5471381545066833, 0.5340441465377808, 0.5019643902778625, 0.4956666827201843, 0.45006421208381653, 0.41229158639907837, 0.26771116256713867, 0.17941202223300934, 0.06722472608089447], "bboxes": [[372.22393798828125, 132.73577880859375, 654.1333618164062, 371.239990234375], [69.92387390136719, 184.66259765625, 373.726806640625, 425.75933837890625], [77.36485290527344, 298.7734069824219, 394.421630859375, 478.4902648925781], [417.58270263671875, 255.78265380859375, 711.4258422851562, 435.203125], [332.01580810546875, 0.0, 566.3916625976562, 162.0968017578125], [0.0599822998046875, 114.67247009277344, 81.75878143310547, 288.17340087890625], [447.0842590332031, 419.38214111328125, 798.65673828125, 740.1961059570312], [665.531494140625, 143.1895294189453, 797.1981201171875, 303.25970458984375], [70.90716552734375, 429.1791687011719, 411.17498779296875, 581.6962890625], [76.74333190917969, 464.8167724609375, 440.0103759765625, 747.7591552734375], [371.2606201171875, 53.278839111328125, 610.0172119140625, 228.92251586914062], [67.41656494140625, 93.88186645507812, 354.2103576660156, 292.3647766113281], [718.0431518554688, 269.5355224609375, 798.8643188476562, 430.59228515625], [0.22096633911132812, 236.22567749023438, 55.37421798706055, 376.0716857910156], [579.0393676757812, 0.0, 762.4546508789062, 110.66242980957031], [0.323211669921875, 23.177703857421875, 106.41615295410156, 152.66014099121094], [581.2813110351562, 4.105476379394531, 799.0214233398438, 187.18344116210938], [504.3701477050781, 655.99072265625, 800.0, 776.3629150390625], [0.0, 378.2207336425781, 76.27482604980469, 536.4473876953125], [1.2550582885742188, 72.85929107666016, 101.81385803222656, 236.81741333007812], [0.0, 547.9494018554688, 79.95426940917969, 734.4876098632812], [122.31619262695312, 686.6512451171875, 434.6967468261719, 797.23876953125], [110.59615325927734, 14.739059448242188, 332.6201477050781, 183.22900390625], [402.4969482421875, 310.82080078125, 728.1138916015625, 544.4722900390625], [80.40644836425781, 319.4061279296875, 406.06219482421875, 637.998046875], [15.626251220703125, 576.9747314453125, 438.68182373046875, 793.242919921875], [376.9603271484375, 49.611297607421875, 723.4254150390625, 489.2466125488281]]}