{"labels": [0], "scores": [0.9923474788665771], "bboxes": [[87.4132080078125, 147.59375, 664.97705078125, 730.697998046875]]}