{"labels": [0], "scores": [0.9977582693099976], "bboxes": [[172.56024169921875, 77.4805908203125, 621.49169921875, 747.13134765625]]}