{"labels": [0, 0, 0, 0, 0, 0, 0, 0], "scores": [0.8067934513092041, 0.799736738204956, 0.43639227747917175, 0.3179468810558319, 0.15883812308311462, 0.11739341914653778, 0.06307291984558105, 0.0599803663790226], "bboxes": [[4.716716766357422, 19.63409423828125, 555.648681640625, 662.7777099609375], [302.65142822265625, 76.56531524658203, 593.5170288085938, 457.72796630859375], [317.83734130859375, 563.2750244140625, 670.511474609375, 896.0], [430.21710205078125, 572.225341796875, 695.4483032226562, 757.3681640625], [154.36483764648438, 99.15997314453125, 369.1492919921875, 609.7542724609375], [309.8677978515625, 627.8821411132812, 515.1166381835938, 896.0], [10.006904602050781, 319.63427734375, 661.982421875, 896.0], [184.7176055908203, 101.62083435058594, 515.2665405273438, 533.209228515625]]}