{"labels": [0, 0, 0], "scores": [0.9906415343284607, 0.9199303984642029, 0.09050168842077255], "bboxes": [[139.52813720703125, 363.298583984375, 567.0674438476562, 648.2686157226562], [42.962188720703125, 102.51768493652344, 357.8926086425781, 415.77593994140625], [110.44192504882812, 225.13119506835938, 733.2928466796875, 646.28173828125]]}