{"labels": [0, 0], "scores": [0.9931460618972778, 0.09042556583881378], "bboxes": [[31.41680908203125, 68.9111328125, 800.0, 726.0126953125], [531.3056030273438, 476.89276123046875, 798.1168823242188, 682.1343383789062]]}