{"labels": [0], "scores": [0.9977473616600037], "bboxes": [[17.83673095703125, 278.41827392578125, 777.3563232421875, 669.6679077148438]]}