{"labels": [0, 0, 0], "scores": [0.9915464520454407, 0.9684435725212097, 0.05011076480150223], "bboxes": [[235.86859130859375, 289.0906982421875, 536.9884643554688, 563.2894287109375], [260.39813232421875, 527.795166015625, 514.4342041015625, 793.66748046875], [210.55929565429688, 10.750625610351562, 566.7252197265625, 294.74517822265625]]}