{"labels": [0, 0], "scores": [0.9961493015289307, 0.800889790058136], "bboxes": [[32.696685791015625, 122.20654296875, 772.606201171875, 650.8001708984375], [23.928634643554688, 424.6766662597656, 526.938232421875, 673.8971557617188]]}