{"labels": [0, 0, 0, 0, 0, 0, 0, 0], "scores": [0.9468733668327332, 0.8904417753219604, 0.7838243246078491, 0.3830986022949219, 0.1745198518037796, 0.09968326985836029, 0.09966199100017548, 0.06545395404100418], "bboxes": [[403.6916198730469, 175.4572296142578, 700.0, 664.5134887695312], [156.5723876953125, 328.2093811035156, 447.769287109375, 722.6712646484375], [271.72222900390625, 676.8756103515625, 589.83349609375, 880.1135864257812], [119.89855194091797, 289.80792236328125, 352.5606384277344, 676.638427734375], [42.212379455566406, 692.9342041015625, 402.99847412109375, 860.0093994140625], [290.8252868652344, 690.5248413085938, 473.34246826171875, 866.4505615234375], [44.84886932373047, 734.3638305664062, 164.597412109375, 859.5032348632812], [227.7150115966797, 351.99749755859375, 457.797119140625, 605.5106811523438]]}