{"labels": [0], "scores": [0.9987971782684326], "bboxes": [[55.75555419921875, 168.20950317382812, 754.0757446289062, 642.4041748046875]]}