{"labels": [0], "scores": [0.9984955787658691], "bboxes": [[81.52471923828125, 89.23849487304688, 743.3761596679688, 745.1982421875]]}