{"labels": [0, 0, 0, 0], "scores": [0.9929133057594299, 0.9803909063339233, 0.915105938911438, 0.057124052196741104], "bboxes": [[282.49395751953125, 58.8619384765625, 591.3773193359375, 384.1332092285156], [49.5833740234375, 379.9376525878906, 399.211181640625, 740.723876953125], [417.70465087890625, 305.7509460449219, 755.6614379882812, 676.377197265625], [433.8730163574219, 310.45184326171875, 665.5516357421875, 552.4979248046875]]}