{"labels": [0, 0], "scores": [0.9882060885429382, 0.17282404005527496], "bboxes": [[0.0, 31.2342529296875, 800.0, 788.0343017578125], [6.196807861328125, 244.0836181640625, 600.3729248046875, 740.3107299804688]]}