{"labels": [0, 0, 0, 0], "scores": [0.9757532477378845, 0.16640546917915344, 0.14652810990810394, 0.059218380600214005], "bboxes": [[116.46975708007812, 132.98751831054688, 653.3272705078125, 718.2864990234375], [202.4173583984375, 574.067138671875, 334.92791748046875, 712.09619140625], [129.73434448242188, 135.2679443359375, 641.997314453125, 403.71661376953125], [140.16561889648438, 360.6754455566406, 330.83831787109375, 723.6839599609375]]}