{"labels": [0, 0, 0, 0], "scores": [0.9974417686462402, 0.11494908481836319, 0.1011103019118309, 0.0954665020108223], "bboxes": [[81.1962890625, 3.5200958251953125, 719.0532836914062, 438.3310546875], [132.88424682617188, 474.94854736328125, 733.2525634765625, 800.0], [8.311676025390625, 345.0418701171875, 443.16790771484375, 799.5174560546875], [45.541839599609375, 40.015960693359375, 731.007080078125, 779.1845703125]]}