{"labels": [0, 0], "scores": [0.9940621256828308, 0.20628707110881805], "bboxes": [[142.99481201171875, 61.128662109375, 651.5662841796875, 737.898681640625], [0.0, 0.0, 243.19192504882812, 796.590576171875]]}