{"labels": [0], "scores": [0.9963908791542053], "bboxes": [[162.4746856689453, 122.01080322265625, 642.3865356445312, 626.6343994140625]]}