{"labels": [0, 0], "scores": [0.9935812950134277, 0.1627482771873474], "bboxes": [[181.414306640625, 44.4400634765625, 707.82666015625, 769.8837280273438], [96.20404815673828, 34.746246337890625, 230.06698608398438, 766.3262939453125]]}