{"labels": [0, 0, 0], "scores": [0.9971745014190674, 0.763112485408783, 0.17379945516586304], "bboxes": [[133.92990112304688, 154.21212768554688, 520.9599609375, 714.558837890625], [494.27850341796875, 657.3289184570312, 699.8458251953125, 790.0390014648438], [124.52383422851562, 724.409423828125, 347.7350769042969, 848.880126953125]]}