{"labels": [0, 0, 0], "scores": [0.9171282649040222, 0.42502883076667786, 0.28254279494285583], "bboxes": [[171.04196166992188, 174.34719848632812, 699.0137939453125, 687.5172119140625], [171.98703002929688, 391.8200988769531, 581.1368408203125, 672.702392578125], [302.64654541015625, 155.38177490234375, 720.590576171875, 390.91888427734375]]}