{"labels": [0, 0, 0], "scores": [0.9968972206115723, 0.37502241134643555, 0.24666795134544373], "bboxes": [[188.03219604492188, 3.00494384765625, 618.784912109375, 775.0972900390625], [404.8403625488281, 524.3534545898438, 517.179443359375, 655.8882446289062], [287.8075256347656, 528.3683471679688, 399.6654968261719, 663.3486938476562]]}