{"labels": [0], "scores": [0.9960291385650635], "bboxes": [[176.56301879882812, 258.18414306640625, 624.6935424804688, 832.55908203125]]}