{"labels": [0], "scores": [0.998451828956604], "bboxes": [[138.28237915039062, 43.6717529296875, 658.8819580078125, 772.88427734375]]}