{"labels": [0, 0, 0], "scores": [0.9849839806556702, 0.9332937002182007, 0.09990622848272324], "bboxes": [[0.0, 276.0207214355469, 761.789306640625, 746.8543701171875], [131.80096435546875, 156.998779296875, 796.1071166992188, 549.1925659179688], [261.897216796875, 147.37921142578125, 701.4362182617188, 452.84881591796875]]}