{"labels": [0], "scores": [0.9961679577827454], "bboxes": [[245.25314331054688, 45.731964111328125, 552.0643310546875, 792.09228515625]]}