{"labels": [0, 0], "scores": [0.9579680562019348, 0.7702963948249817], "bboxes": [[140.90933227539062, 196.37698364257812, 784.0804443359375, 769.4041748046875], [16.7598876953125, 50.03521728515625, 625.1156005859375, 736.0620727539062]]}