{"labels": [0], "scores": [0.9871122241020203], "bboxes": [[246.4520721435547, 71.2862548828125, 588.5468139648438, 704.5958862304688]]}