{"labels": [0], "scores": [0.9983574748039246], "bboxes": [[96.64471435546875, 111.4095458984375, 698.0440063476562, 709.8508911132812]]}