{"labels": [0, 0], "scores": [0.9949579834938049, 0.1521325409412384], "bboxes": [[8.46319580078125, 100.66461181640625, 556.0867919921875, 557.4935302734375], [0.0, 3.392913818359375, 800.0, 800.0]]}