{"labels": [0], "scores": [0.9981731176376343], "bboxes": [[33.638763427734375, 131.819580078125, 753.307373046875, 683.1588134765625]]}