{"labels": [0], "scores": [0.9971746206283569], "bboxes": [[205.63816833496094, 11.481597900390625, 577.7487182617188, 793.1634521484375]]}