{"labels": [0], "scores": [0.9989732503890991], "bboxes": [[0.0, 197.59918212890625, 800.0, 675.8856811523438]]}