{"labels": [0], "scores": [0.997956395149231], "bboxes": [[27.551483154296875, 380.9207763671875, 765.478759765625, 689.8001708984375]]}