{"labels": [0], "scores": [0.9966269731521606], "bboxes": [[55.5225830078125, 227.83290100097656, 787.1389770507812, 583.4888916015625]]}