{"labels": [0], "scores": [0.9993457198143005], "bboxes": [[100.83563232421875, 24.234100341796875, 684.9725952148438, 756.459228515625]]}