{"labels": [0, 0, 0, 0, 0, 0], "scores": [0.9597512483596802, 0.3752746284008026, 0.35908472537994385, 0.16285167634487152, 0.15047550201416016, 0.052607856690883636], "bboxes": [[4.762786865234375, 91.408935546875, 717.428466796875, 745.2252197265625], [351.0029296875, 108.08236694335938, 652.1592407226562, 458.3403015136719], [419.3395690917969, 93.89352416992188, 797.780029296875, 751.7275390625], [209.64151000976562, 206.296875, 577.214599609375, 733.8076171875], [5.591644287109375, 129.08514404296875, 309.4307556152344, 669.4883422851562], [115.52043151855469, 102.58352661132812, 411.19342041015625, 701.717041015625]]}