{"labels": [0, 0, 0], "scores": [0.9510850310325623, 0.18835219740867615, 0.08900771290063858], "bboxes": [[371.231201171875, 46.151885986328125, 439.62042236328125, 659.97412109375], [51.002227783203125, 32.253143310546875, 638.4608154296875, 659.7725830078125], [190.46774291992188, 44.217010498046875, 443.6160583496094, 644.4156494140625]]}