{"labels": [0], "scores": [0.999555766582489], "bboxes": [[28.611309051513672, 1.1861419677734375, 658.7740478515625, 740.2633056640625]]}