{"labels": [0, 0, 0, 0, 0], "scores": [0.9985790252685547, 0.648264467716217, 0.5521338582038879, 0.5075364708900452, 0.2607060670852661], "bboxes": [[115.93966674804688, 125.28753662109375, 605.2872314453125, 558.5677490234375], [116.14722442626953, 170.79635620117188, 279.1565856933594, 303.239501953125], [625.976318359375, 419.02459716796875, 753.7196044921875, 512.6290283203125], [412.08172607421875, 444.1031494140625, 720.7865600585938, 739.42041015625], [162.94683837890625, 495.17816162109375, 322.6698303222656, 665.9423217773438]]}