{"labels": [0], "scores": [0.9998364448547363], "bboxes": [[24.360397338867188, 35.52177429199219, 680.5430297851562, 871.8245849609375]]}