{"labels": [0], "scores": [0.9963021278381348], "bboxes": [[189.5946502685547, 79.53813171386719, 475.22125244140625, 767.9342651367188]]}