{"labels": [0], "scores": [0.9994279742240906], "bboxes": [[8.476348876953125, 137.6832275390625, 796.0135498046875, 782.23583984375]]}