{"labels": [0, 0, 0, 0], "scores": [0.9440488815307617, 0.10959004610776901, 0.10832587629556656, 0.05090319737792015], "bboxes": [[23.49578857421875, 267.9427490234375, 663.6507568359375, 665.0029296875], [422.18817138671875, 367.65338134765625, 762.5867309570312, 701.2737426757812], [44.78741455078125, 291.1600036621094, 628.285888671875, 490.5270690917969], [293.22711181640625, 208.29840087890625, 758.6754760742188, 701.1641235351562]]}