{"labels": [0, 0, 0], "scores": [0.99310702085495, 0.28136247396469116, 0.05518508702516556], "bboxes": [[8.898681640625, 83.51315307617188, 768.1742553710938, 732.03466796875], [0.0, 353.5373229980469, 315.10955810546875, 663.875732421875], [243.7161865234375, 309.36553955078125, 755.8071899414062, 727.0093383789062]]}