{"labels": [0], "scores": [0.9976130723953247], "bboxes": [[135.85494995117188, 8.7100830078125, 758.973876953125, 789.7431030273438]]}