{"labels": [0, 0], "scores": [0.9993694424629211, 0.33829137682914734], "bboxes": [[44.78302001953125, 299.60748291015625, 751.71630859375, 681.1124877929688], [144.01885986328125, 3.0007247924804688, 304.71929931640625, 194.32199096679688]]}