{"labels": [0, 0], "scores": [0.9911341071128845, 0.05012138560414314], "bboxes": [[11.41241455078125, 389.95697021484375, 798.2772216796875, 788.9142456054688], [0.0, 11.48974609375, 800.0, 621.068115234375]]}