{"labels": [0], "scores": [0.9989500641822815], "bboxes": [[31.50341796875, 303.75738525390625, 774.2245483398438, 566.73046875]]}