{"labels": [0], "scores": [0.9973467588424683], "bboxes": [[180.95248413085938, 43.957366943359375, 575.518310546875, 759.6241455078125]]}