{"labels": [0], "scores": [0.994458794593811], "bboxes": [[249.91079711914062, 13.857696533203125, 568.525146484375, 790.4007568359375]]}