{"labels": [0, 0], "scores": [0.986690878868103, 0.9371379017829895], "bboxes": [[123.44004821777344, 30.332870483398438, 570.684814453125, 711.4307861328125], [141.61550903320312, 692.457763671875, 321.0989990234375, 850.3136596679688]]}