{"labels": [0], "scores": [0.9994366765022278], "bboxes": [[0.0, 0.0, 702.778564453125, 793.64599609375]]}