{"labels": [0, 0], "scores": [0.9896607398986816, 0.9856473207473755], "bboxes": [[142.40811157226562, 322.0149230957031, 784.13916015625, 713.62548828125], [53.61688232421875, 175.59881591796875, 619.9589233398438, 538.0029907226562]]}