{"labels": [0], "scores": [0.9941850304603577], "bboxes": [[1.0609909296035767, 32.14671325683594, 651.69921875, 540.7865600585938]]}