{"labels": [0, 0, 0, 0, 0], "scores": [0.987393856048584, 0.8542640209197998, 0.5888387560844421, 0.31729331612586975, 0.172526553273201], "bboxes": [[22.31805419921875, 233.97776794433594, 428.81890869140625, 716.6392211914062], [343.13140869140625, 163.41473388671875, 772.5620727539062, 675.4842529296875], [26.639434814453125, 193.1724853515625, 780.5894775390625, 796.7108764648438], [167.9119873046875, 0.0, 354.3585205078125, 304.34381103515625], [0.0, 0.0, 368.8196105957031, 356.0769958496094]]}