{"labels": [0], "scores": [0.9988569021224976], "bboxes": [[54.956298828125, 47.228851318359375, 733.9449462890625, 757.3682861328125]]}