{"labels": [0, 0, 0, 0, 0], "scores": [0.9756696820259094, 0.8269667029380798, 0.3490790128707886, 0.15582744777202606, 0.05055665597319603], "bboxes": [[64.11084747314453, 408.560791015625, 251.552734375, 668.924072265625], [215.03256225585938, 283.5515441894531, 640.360595703125, 600.589599609375], [106.55947875976562, 110.0302734375, 785.0765380859375, 587.5516357421875], [14.765838623046875, 78.18600463867188, 593.679443359375, 453.3489074707031], [367.87890625, 89.41471862792969, 676.90673828125, 329.4407958984375]]}