{"labels": [0, 0, 0, 0, 0, 0, 0, 0, 0, 0, 0, 0], "scores": [0.9351314902305603, 0.5635601282119751, 0.5325983166694641, 0.3281634747982025, 0.25539156794548035, 0.2446192502975464, 0.17551091313362122, 0.10786030441522598, 0.08949480205774307, 0.07774563878774643, 0.0584438182413578, 0.0540270060300827], "bboxes": [[557.0181274414062, 138.47207641601562, 651.4368286132812, 652.876953125], [0.0, 77.33206176757812, 792.7086181640625, 760.2962646484375], [296.93365478515625, 395.116943359375, 603.4554443359375, 734.128173828125], [508.8796081542969, 139.9305419921875, 620.38623046875, 667.0057373046875], [0.9361419677734375, 164.20260620117188, 420.3077392578125, 731.42724609375], [0.103179931640625, 318.71551513671875, 263.1889953613281, 724.7003784179688], [419.40313720703125, 137.062744140625, 759.2599487304688, 715.92724609375], [506.95849609375, 238.8499755859375, 585.3997802734375, 411.35247802734375], [348.9891662597656, 445.567626953125, 508.2889099121094, 737.197265625], [682.031982421875, 389.2245178222656, 786.6925048828125, 672.9498291015625], [169.7034912109375, 83.79229736328125, 370.81854248046875, 647.7620239257812], [307.1921081542969, 577.1397705078125, 383.9210510253906, 699.2183837890625]]}