{"labels": [0, 0, 0, 0, 0, 0, 0, 0], "scores": [0.9900311231613159, 0.9723037481307983, 0.4806557297706604, 0.42951735854148865, 0.19711937010288239, 0.06455820798873901, 0.0615009106695652, 0.06014513969421387], "bboxes": [[13.438796997070312, 101.36590576171875, 396.857666015625, 752.6434326171875], [453.5333251953125, 334.4811706542969, 607.4508056640625, 505.9098205566406], [42.578125, 181.59725952148438, 790.5390625, 767.2464599609375], [157.26153564453125, 618.248046875, 392.550048828125, 785.5997314453125], [154.33676147460938, 493.03924560546875, 797.667236328125, 789.8941040039062], [12.818191528320312, 581.6243896484375, 416.0888671875, 773.252197265625], [164.63267517089844, 583.8872680664062, 565.3886108398438, 780.4672241210938], [396.414306640625, 337.84161376953125, 712.2916259765625, 702.9185180664062]]}