{"labels": [0, 0], "scores": [0.9952359795570374, 0.19062469899654388], "bboxes": [[73.83755493164062, 76.87973022460938, 775.8221435546875, 799.0859375], [253.55953979492188, 81.3582763671875, 776.2564697265625, 558.5848388671875]]}