{"labels": [0, 0], "scores": [0.9977512955665588, 0.992397129535675], "bboxes": [[0.0, 206.66421508789062, 354.2674560546875, 788.1678466796875], [432.86370849609375, 181.95327758789062, 727.3390502929688, 715.6241455078125]]}