{"labels": [0, 0], "scores": [0.995473325252533, 0.9825427532196045], "bboxes": [[14.562723159790039, 253.972412109375, 377.8782958984375, 895.7449340820312], [492.320068359375, 167.53060913085938, 696.3128662109375, 896.0]]}