{"labels": [0, 0, 0, 0], "scores": [0.9389454126358032, 0.882378101348877, 0.1781923770904541, 0.0521496944129467], "bboxes": [[400.79278564453125, 207.18719482421875, 592.8721313476562, 764.744873046875], [547.2556762695312, 63.49188232421875, 792.3053588867188, 549.22119140625], [29.076828002929688, 63.45152282714844, 460.97576904296875, 365.798828125], [430.02264404296875, 83.56790161132812, 755.1232299804688, 763.4844970703125]]}