{"labels": [0, 0, 0], "scores": [0.9855115413665771, 0.9815099239349365, 0.10757774859666824], "bboxes": [[234.9663848876953, 168.69668579101562, 719.61376953125, 748.0330810546875], [51.115936279296875, 143.74774169921875, 507.2042541503906, 637.018798828125], [51.064544677734375, 348.7596435546875, 460.9508972167969, 619.8177490234375]]}