{"labels": [0], "scores": [0.9990733861923218], "bboxes": [[127.03091430664062, 9.44866943359375, 651.6636962890625, 800.0]]}