{"labels": [0, 0, 0, 0], "scores": [0.9872307181358337, 0.924550473690033, 0.5784956216812134, 0.09444604814052582], "bboxes": [[33.629150390625, 71.1807861328125, 509.72698974609375, 775.002685546875], [171.07577514648438, 54.91571044921875, 765.556396484375, 780.2423706054688], [405.031982421875, 545.6092529296875, 606.6949462890625, 778.0682373046875], [461.7571105957031, 121.45547485351562, 782.068359375, 766.912841796875]]}