{"labels": [0, 0], "scores": [0.9910274147987366, 0.5010290145874023], "bboxes": [[165.9229278564453, 193.80953979492188, 661.0023193359375, 713.77783203125], [218.9551544189453, 82.45610046386719, 550.5271606445312, 382.90093994140625]]}