{"labels": [0], "scores": [0.9979015588760376], "bboxes": [[253.17752075195312, 0.0, 539.7001953125, 800.0]]}