{"labels": [0, 0, 0, 0, 0, 0, 0, 0, 0], "scores": [0.9501675367355347, 0.9238798022270203, 0.8734424710273743, 0.5133777856826782, 0.3293590247631073, 0.26688095927238464, 0.2614463269710541, 0.13638915121555328, 0.07219871878623962], "bboxes": [[369.2303161621094, 401.5885009765625, 733.4075927734375, 634.1243896484375], [195.74337768554688, 170.3409423828125, 597.0240478515625, 324.2436218261719], [19.962692260742188, 312.0423583984375, 374.20361328125, 619.6693115234375], [202.36659240722656, 253.44577026367188, 590.473388671875, 392.9216003417969], [179.7031707763672, 177.2615509033203, 598.2527465820312, 533.4344482421875], [471.3162536621094, 436.81982421875, 707.8966064453125, 600.06201171875], [130.4234161376953, 378.8055114746094, 337.4344482421875, 605.878173828125], [379.1475524902344, 401.20172119140625, 569.6365966796875, 609.4783935546875], [27.82525634765625, 264.135498046875, 633.8958740234375, 629.7579345703125]]}