{"labels": [0, 0, 0, 0, 0], "scores": [0.9935334920883179, 0.9866189360618591, 0.9834655523300171, 0.946851372718811, 0.8728246092796326], "bboxes": [[80.26966857910156, 123.48738098144531, 465.23980712890625, 486.62469482421875], [308.5424499511719, 583.71240234375, 498.3919982910156, 757.60546875], [534.04736328125, 123.77249145507812, 790.828857421875, 473.4627990722656], [571.9661254882812, 592.3320922851562, 752.5214233398438, 762.7324829101562], [52.01343536376953, 594.1116943359375, 215.43988037109375, 757.31298828125]]}