{"labels": [0], "scores": [0.9981897473335266], "bboxes": [[0.0, 118.96673583984375, 789.8712768554688, 738.013916015625]]}