{"labels": [0, 0, 0], "scores": [0.9931136965751648, 0.9796679019927979, 0.06088373810052872], "bboxes": [[403.91326904296875, 85.42459106445312, 576.3223876953125, 794.2677001953125], [223.63693237304688, 57.81402587890625, 415.2600402832031, 778.9443359375], [179.00912475585938, 59.896812438964844, 209.68438720703125, 88.03717803955078]]}