{"labels": [0, 0], "scores": [0.9935717582702637, 0.05962207540869713], "bboxes": [[86.03988647460938, 88.01156616210938, 606.7578125, 615.1260986328125], [240.53372192382812, 77.60333251953125, 776.3741455078125, 798.3521118164062]]}