{"labels": [0, 0, 0], "scores": [0.9863870143890381, 0.8061295747756958, 0.5302395224571228], "bboxes": [[350.4130859375, 116.82830810546875, 791.7467041015625, 700.9918823242188], [14.457183837890625, 106.990478515625, 320.2919921875, 695.3162841796875], [23.410736083984375, 90.78659057617188, 659.204833984375, 708.05126953125]]}