{"labels": [0, 0], "scores": [0.9983991980552673, 0.1506211906671524], "bboxes": [[8.314056396484375, 240.109375, 777.4400634765625, 787.739990234375], [464.42645263671875, 1.0538558959960938, 614.6354370117188, 180.49127197265625]]}