{"labels": [0, 0], "scores": [0.992479681968689, 0.9382326006889343], "bboxes": [[178.0121612548828, 64.289306640625, 466.901123046875, 732.8749389648438], [302.39276123046875, 85.037841796875, 699.931640625, 766.7256469726562]]}