{"labels": [0], "scores": [0.9982137680053711], "bboxes": [[59.684539794921875, 173.06576538085938, 720.9200439453125, 639.6650390625]]}