{"labels": [0, 0], "scores": [0.9903402924537659, 0.2007075548171997], "bboxes": [[82.60922241210938, 311.99114990234375, 754.9818115234375, 670.9318237304688], [68.76126098632812, 370.58026123046875, 447.4257507324219, 632.171630859375]]}