{"labels": [0, 0, 0], "scores": [0.9767292737960815, 0.8106080889701843, 0.12420045584440231], "bboxes": [[29.89093017578125, 189.28359985351562, 556.2169799804688, 747.65283203125], [580.4554443359375, 385.4742736816406, 726.9276123046875, 542.7440185546875], [582.756591796875, 625.5740966796875, 723.867431640625, 742.0318603515625]]}