{"labels": [0], "scores": [0.9954789876937866], "bboxes": [[67.16171264648438, 295.36114501953125, 761.2440185546875, 662.013427734375]]}