{"labels": [0, 0], "scores": [0.9947625994682312, 0.053110040724277496], "bboxes": [[0.0, 134.16131591796875, 664.3572998046875, 896.0], [2.9471168518066406, 362.95867919921875, 446.3102722167969, 896.0]]}