{"labels": [0], "scores": [0.9968575239181519], "bboxes": [[189.69943237304688, 76.39520263671875, 593.680908203125, 727.16845703125]]}