{"labels": [0], "scores": [0.9984695315361023], "bboxes": [[4.0516357421875, 62.895843505859375, 782.5352783203125, 753.7257080078125]]}