{"labels": [0], "scores": [0.9993045330047607], "bboxes": [[6.40191650390625, 133.94656372070312, 792.095947265625, 687.0394287109375]]}