{"labels": [0, 0, 0], "scores": [0.9972198009490967, 0.7371184229850769, 0.3252432644367218], "bboxes": [[246.97152709960938, 102.7244873046875, 563.3502197265625, 746.8250122070312], [2.969707489013672, 143.01644897460938, 295.4132080078125, 374.1506652832031], [264.54693603515625, 691.7586669921875, 393.01953125, 849.0133056640625]]}