{"labels": [0, 0], "scores": [0.8409708738327026, 0.7389790415763855], "bboxes": [[282.8233947753906, 49.39825439453125, 423.8373718261719, 627.347412109375], [249.55545043945312, 46.805877685546875, 535.6026611328125, 656.5233154296875]]}