{"labels": [0], "scores": [0.9990803003311157], "bboxes": [[34.465606689453125, 139.10467529296875, 778.9647216796875, 686.6669311523438]]}