{"labels": [0, 0], "scores": [0.9980442523956299, 0.05146579444408417], "bboxes": [[200.5105743408203, 164.64450073242188, 649.191650390625, 780.8385009765625], [320.86663818359375, 7.836845397949219, 498.7418212890625, 223.18270874023438]]}