{"labels": [0, 0, 0], "scores": [0.9980960488319397, 0.9643657803535461, 0.12082730978727341], "bboxes": [[0.0, 101.1693115234375, 578.1036376953125, 712.7476806640625], [446.538818359375, 117.93388366699219, 793.7484130859375, 542.6016235351562], [202.76962280273438, 106.21878051757812, 763.9156494140625, 687.5980224609375]]}