{"labels": [0, 0], "scores": [0.9976369142532349, 0.05886324495077133], "bboxes": [[126.47138977050781, 12.922351837158203, 623.3486328125, 688.0393676757812], [144.48004150390625, 358.636474609375, 584.1605224609375, 894.703125]]}