{"labels": [0, 0, 0, 0], "scores": [0.9990060925483704, 0.4243508279323578, 0.31981948018074036, 0.15558210015296936], "bboxes": [[65.14743041992188, 328.0555419921875, 738.6038818359375, 671.7162475585938], [323.258544921875, 60.360267639160156, 417.57025146484375, 186.77633666992188], [417.73773193359375, 84.205810546875, 498.5294189453125, 196.89224243164062], [191.869140625, 17.318313598632812, 325.5242919921875, 183.93408203125]]}