{"labels": [0], "scores": [0.9985077977180481], "bboxes": [[121.5634765625, 101.47381591796875, 703.7845458984375, 739.3304443359375]]}