{"labels": [0], "scores": [0.9985952973365784], "bboxes": [[161.11123657226562, 112.88845825195312, 680.09228515625, 649.0250244140625]]}