{"labels": [0], "scores": [0.9972388744354248], "bboxes": [[59.85821533203125, 233.91146850585938, 722.9119262695312, 621.445556640625]]}