{"labels": [0, 0], "scores": [0.9970833659172058, 0.10905424505472183], "bboxes": [[31.20062255859375, 311.1802978515625, 776.9258422851562, 777.7843017578125], [203.50807189941406, 81.19247436523438, 320.90985107421875, 354.9888610839844]]}