{"labels": [0, 0], "scores": [0.9821233153343201, 0.9636067152023315], "bboxes": [[391.1485595703125, 5.115203857421875, 682.9908447265625, 800.0], [153.22430419921875, 5.93511962890625, 366.52203369140625, 800.0]]}