{"labels": [0, 0, 0], "scores": [0.9801488518714905, 0.5157024264335632, 0.42690223455429077], "bboxes": [[97.16390991210938, 190.87701416015625, 645.4959716796875, 697.4681396484375], [234.90228271484375, 29.457763671875, 680.4929809570312, 628.8836669921875], [270.14215087890625, 25.661514282226562, 670.2221069335938, 329.037109375]]}