{"labels": [0, 0, 0], "scores": [0.9903159737586975, 0.10697066783905029, 0.05959189683198929], "bboxes": [[0.0, 115.72686767578125, 800.0, 699.994140625], [0.0, 48.537109375, 484.7339782714844, 578.39013671875], [1.8858642578125, 38.03416442871094, 282.75372314453125, 453.6494140625]]}