{"labels": [0], "scores": [0.9959981441497803], "bboxes": [[190.82449340820312, 56.25872802734375, 567.4415283203125, 795.0625]]}