{"labels": [0, 0, 0, 0, 0], "scores": [0.9926976561546326, 0.7928012013435364, 0.5669500231742859, 0.44457244873046875, 0.0852365717291832], "bboxes": [[46.554443359375, 125.06414794921875, 368.5333557128906, 762.2515258789062], [360.4813232421875, 286.3612060546875, 765.38671875, 700.9935913085938], [507.6423034667969, 645.5735473632812, 722.8272705078125, 727.0724487304688], [477.1654968261719, 569.3339233398438, 570.3928833007812, 692.7085571289062], [574.3942260742188, 648.6893920898438, 710.3161010742188, 706.1655883789062]]}