{"labels": [0, 0, 0, 0], "scores": [0.825661838054657, 0.628549337387085, 0.5581377148628235, 0.05446585267782211], "bboxes": [[193.24008178710938, 323.7368469238281, 612.63623046875, 776.8790283203125], [291.970458984375, 0.0, 609.1304931640625, 353.4563903808594], [102.27739715576172, 323.573486328125, 348.76190185546875, 707.3486328125], [274.1953125, 148.53341674804688, 714.955322265625, 782.4591064453125]]}