{"labels": [0], "scores": [0.9967008233070374], "bboxes": [[134.96726989746094, 347.1357116699219, 646.6013793945312, 444.1889343261719]]}