{"labels": [0, 0], "scores": [0.9889228343963623, 0.8757753372192383], "bboxes": [[8.8984375, 183.84005737304688, 800.0, 793.9326171875], [280.2991027832031, 223.02578735351562, 485.9634094238281, 420.2510070800781]]}