{"labels": [0, 0, 0, 0, 0, 0, 0], "scores": [0.9326884150505066, 0.684543251991272, 0.6747101545333862, 0.639511227607727, 0.4021797776222229, 0.23962539434432983, 0.09771911799907684], "bboxes": [[392.8106689453125, 216.7136993408203, 714.331298828125, 378.8348388671875], [24.799407958984375, 9.175384521484375, 690.0108642578125, 720.1778564453125], [280.96832275390625, 497.86883544921875, 652.281005859375, 691.9060668945312], [477.82879638671875, 356.45074462890625, 800.0, 633.3843383789062], [28.08331298828125, 22.749008178710938, 449.6690368652344, 523.4417724609375], [55.99925231933594, 150.29542541503906, 360.55389404296875, 483.82794189453125], [325.2782287597656, 247.74691772460938, 760.019287109375, 684.6148681640625]]}