{"labels": [0], "scores": [0.9990149736404419], "bboxes": [[24.520599365234375, 395.719970703125, 777.5675048828125, 698.1463623046875]]}