{"labels": [0], "scores": [0.9986012578010559], "bboxes": [[160.10157775878906, 146.47608947753906, 547.502197265625, 896.0]]}