{"labels": [0], "scores": [0.9989776611328125], "bboxes": [[17.65093994140625, 323.27532958984375, 778.4887084960938, 672.1901245117188]]}