{"labels": [0], "scores": [0.9995788931846619], "bboxes": [[26.566829681396484, 15.301952362060547, 655.013671875, 890.2236328125]]}