{"labels": [0], "scores": [0.9968675971031189], "bboxes": [[173.3341064453125, 245.84674072265625, 586.4515380859375, 781.8943481445312]]}