{"labels": [0, 0], "scores": [0.969952404499054, 0.6062848567962646], "bboxes": [[451.4957275390625, 13.22222900390625, 791.43359375, 654.4039916992188], [434.03814697265625, 319.6449279785156, 776.4432983398438, 762.5596923828125]]}