{"labels": [0], "scores": [0.9981114864349365], "bboxes": [[41.600555419921875, 282.97918701171875, 735.618408203125, 677.7743530273438]]}