{"labels": [0], "scores": [0.9980584979057312], "bboxes": [[52.673492431640625, 0.0, 748.0789794921875, 800.0]]}