{"labels": [0], "scores": [0.998977780342102], "bboxes": [[59.594268798828125, 167.68653869628906, 759.8621826171875, 652.04248046875]]}