{"labels": [0], "scores": [0.9970755577087402], "bboxes": [[257.57330322265625, 35.998504638671875, 541.0447998046875, 763.111328125]]}