{"labels": [0], "scores": [0.9970404505729675], "bboxes": [[211.80372619628906, 181.06439208984375, 478.507080078125, 886.3273315429688]]}