{"labels": [0, 0], "scores": [0.9513012766838074, 0.05937722325325012], "bboxes": [[63.98870849609375, 175.74368286132812, 699.001708984375, 547.11572265625], [23.2254638671875, 491.6182556152344, 742.2924194335938, 745.3547973632812]]}