{"labels": [0], "scores": [0.9994382262229919], "bboxes": [[30.251747131347656, 107.5500717163086, 609.79443359375, 870.1560668945312]]}