{"labels": [0], "scores": [0.9993054866790771], "bboxes": [[44.1416015625, 172.41876220703125, 765.0299682617188, 786.4303588867188]]}