{"labels": [0, 0, 0, 0, 0, 0], "scores": [0.7848591804504395, 0.730829119682312, 0.7018624544143677, 0.5507655143737793, 0.5446502566337585, 0.07478123158216476], "bboxes": [[48.848175048828125, 219.0513916015625, 662.4576416015625, 737.4482421875], [21.67913818359375, 340.66253662109375, 344.67730712890625, 738.9646606445312], [240.7016143798828, 101.22700500488281, 605.8291015625, 460.39666748046875], [329.04791259765625, 335.64019775390625, 634.4468994140625, 714.9805297851562], [172.62762451171875, 63.066925048828125, 706.4894409179688, 634.5303955078125], [357.9140625, 23.82745361328125, 741.5333251953125, 479.76055908203125]]}