{"labels": [0, 0, 0, 0, 0], "scores": [0.987788736820221, 0.22920696437358856, 0.13867250084877014, 0.12603172659873962, 0.10881424695253372], "bboxes": [[29.746337890625, 126.21453857421875, 765.26220703125, 618.1122436523438], [289.86309814453125, 367.2923583984375, 607.85400390625, 639.055419921875], [214.48301696777344, 224.7902374267578, 678.621826171875, 599.3573608398438], [18.11700439453125, 125.98606872558594, 303.215087890625, 426.90484619140625], [12.8455810546875, 364.9294128417969, 622.7213134765625, 652.28271484375]]}