{"labels": [0, 0], "scores": [0.9977506995201111, 0.9925916194915771], "bboxes": [[272.0081787109375, 165.64007568359375, 793.615478515625, 735.8659057617188], [7.7822113037109375, 67.37837219238281, 341.5372314453125, 388.39300537109375]]}