{"labels": [0, 0, 0], "scores": [0.9935222268104553, 0.11740463227033615, 0.05647680535912514], "bboxes": [[18.351043701171875, 99.03857421875, 794.1678466796875, 742.5198364257812], [0.0, 42.18608093261719, 432.73016357421875, 489.41253662109375], [97.54743957519531, 170.05987548828125, 155.753662109375, 218.74420166015625]]}