{"labels": [0, 0], "scores": [0.99775630235672, 0.9880321025848389], "bboxes": [[64.23138427734375, 225.03561401367188, 413.6704406738281, 462.1877136230469], [221.0152587890625, 279.39959716796875, 752.1904296875, 800.0]]}