{"labels": [0], "scores": [0.9902541041374207], "bboxes": [[161.85601806640625, 34.587554931640625, 678.4240112304688, 730.453125]]}