{"labels": [0], "scores": [0.9990142583847046], "bboxes": [[44.199554443359375, 193.00999450683594, 759.790283203125, 578.678466796875]]}