{"labels": [0, 0, 0, 0, 0, 0], "scores": [0.9050720930099487, 0.507468581199646, 0.173753023147583, 0.13463400304317474, 0.10805961489677429, 0.07983698695898056], "bboxes": [[412.65478515625, 357.11053466796875, 754.9942626953125, 726.0125122070312], [3.137481689453125, 402.4542236328125, 754.1065673828125, 767.1290283203125], [23.665363311767578, 478.62884521484375, 126.79795837402344, 560.9033813476562], [242.2325897216797, 359.8767395019531, 387.46136474609375, 515.321044921875], [456.00927734375, 279.7281494140625, 751.203857421875, 568.32421875], [70.56265258789062, 432.1715393066406, 560.6297607421875, 678.1900634765625]]}