{"labels": [0, 0, 0], "scores": [0.911401629447937, 0.8088133335113525, 0.10546169430017471], "bboxes": [[539.1638793945312, 132.4939422607422, 779.1255493164062, 639.9480590820312], [17.239501953125, 169.9959259033203, 591.104736328125, 635.718017578125], [640.9636840820312, 225.46620178222656, 682.0734252929688, 613.5446166992188]]}