{"labels": [0], "scores": [0.9997493624687195], "bboxes": [[0.0, 23.725830078125, 796.815185546875, 796.8328247070312]]}