{"labels": [0], "scores": [0.9984606504440308], "bboxes": [[140.98342895507812, 25.79644775390625, 641.9788818359375, 800.0]]}