{"labels": [0, 0, 0], "scores": [0.9615936279296875, 0.9553574919700623, 0.1177251935005188], "bboxes": [[60.232513427734375, 220.68675231933594, 740.437255859375, 694.5305786132812], [22.545379638671875, 39.080970764160156, 787.956298828125, 194.5494384765625], [186.22738647460938, 313.17242431640625, 271.46026611328125, 464.44366455078125]]}