{"labels": [0, 0, 0, 0, 0, 0, 0, 0, 0], "scores": [0.7588770389556885, 0.560335636138916, 0.5387149453163147, 0.4620814621448517, 0.26332974433898926, 0.18342021107673645, 0.077579565346241, 0.06974698603153229, 0.05680884048342705], "bboxes": [[107.72550964355469, 127.15023803710938, 406.18145751953125, 406.0397033691406], [59.597564697265625, 118.07267761230469, 754.2911376953125, 600.3797607421875], [279.31109619140625, 211.18386840820312, 709.9679565429688, 497.4971008300781], [618.1546630859375, 333.42926025390625, 797.863037109375, 629.506103515625], [268.9910888671875, 325.55560302734375, 507.07958984375, 591.081298828125], [7.994598388671875, 312.2290344238281, 204.05929565429688, 553.03466796875], [451.47882080078125, 227.33460998535156, 714.6716918945312, 586.3040771484375], [237.67578125, 141.5487823486328, 546.4337768554688, 570.9692993164062], [460.44671630859375, 409.8458251953125, 687.0656127929688, 605.1393432617188]]}