{"labels": [0], "scores": [0.9812622666358948], "bboxes": [[209.145751953125, 0.155303955078125, 706.0397338867188, 700.3355712890625]]}