{"labels": [0], "scores": [0.9969051480293274], "bboxes": [[122.297119140625, 280.4000549316406, 682.4126586914062, 657.0740966796875]]}