{"labels": [0], "scores": [0.9952731728553772], "bboxes": [[164.36273193359375, 22.06854248046875, 639.5267333984375, 778.1239624023438]]}