{"labels": [0], "scores": [0.9968135952949524], "bboxes": [[34.834747314453125, 69.64602661132812, 751.9764404296875, 780.6568603515625]]}