{"labels": [0, 0], "scores": [0.998752236366272, 0.7492541074752808], "bboxes": [[0.0, 56.668052673339844, 518.8825073242188, 864.8562622070312], [435.39300537109375, 187.61032104492188, 696.0865478515625, 663.6812744140625]]}