{"labels": [0, 0, 0, 0, 0], "scores": [0.8863231539726257, 0.7659118175506592, 0.3851580023765564, 0.2199961543083191, 0.10744563490152359], "bboxes": [[404.39788818359375, 55.61328125, 695.6679077148438, 673.923095703125], [1.3029937744140625, 359.02264404296875, 461.0347900390625, 693.1101684570312], [192.28237915039062, 48.92083740234375, 762.30517578125, 685.9971313476562], [2.52752685546875, 226.122314453125, 645.3590698242188, 684.1094360351562], [423.99786376953125, 274.05694580078125, 798.4113159179688, 667.9395141601562]]}