{"labels": [0, 0, 0, 0, 0, 0], "scores": [0.997878909111023, 0.9632555246353149, 0.6089451909065247, 0.17614847421646118, 0.14667218923568726, 0.051270660012960434], "bboxes": [[298.3502197265625, 205.74359130859375, 528.8319702148438, 435.97222900390625], [253.5721893310547, 553.9951782226562, 518.3907470703125, 744.2879028320312], [515.60693359375, 431.9825744628906, 793.147216796875, 754.2645263671875], [201.5313720703125, 454.7887878417969, 518.8720703125, 773.3839111328125], [217.98675537109375, 421.4802551269531, 736.525146484375, 792.1580810546875], [246.6319122314453, 215.9626922607422, 533.86865234375, 596.8521118164062]]}