{"labels": [0], "scores": [0.9955350160598755], "bboxes": [[190.31150817871094, 22.772340774536133, 536.3680419921875, 659.7395629882812]]}