{"labels": [0, 0, 0, 0, 0, 0, 0, 0, 0, 0, 0, 0], "scores": [0.9663622379302979, 0.9655972719192505, 0.9418478012084961, 0.7667618989944458, 0.6163561344146729, 0.3132188618183136, 0.28710469603538513, 0.26116910576820374, 0.11222019791603088, 0.10351044684648514, 0.07763531059026718, 0.06065896153450012], "bboxes": [[25.929046630859375, 14.965301513671875, 790.8553466796875, 655.4423828125], [558.9644775390625, 130.97088623046875, 798.1029052734375, 347.1233825683594], [15.813430786132812, 36.262046813964844, 269.64495849609375, 255.15530395507812], [676.8126220703125, 261.89569091796875, 800.0, 497.65625], [327.6221923828125, 39.24604797363281, 552.370849609375, 267.646728515625], [0.0, 138.87173461914062, 67.12935638427734, 326.03173828125], [262.0331115722656, 43.130760192871094, 407.1139831542969, 222.42282104492188], [91.11354064941406, 197.75714111328125, 386.41949462890625, 431.195068359375], [366.3236083984375, 236.21705627441406, 600.1968383789062, 462.705322265625], [50.55940246582031, 178.1292266845703, 520.6441650390625, 478.5435791015625], [200.87828063964844, 39.3802490234375, 585.721923828125, 374.06976318359375], [7.3097076416015625, 87.78315734863281, 307.4835205078125, 439.93212890625]]}