{"labels": [0, 0, 0, 0, 0, 0], "scores": [0.980824887752533, 0.6607143878936768, 0.3409244120121002, 0.21179649233818054, 0.0917045846581459, 0.06641946732997894], "bboxes": [[52.64215087890625, 130.2356414794922, 654.3552856445312, 632.2355346679688], [224.29281616210938, 451.2252197265625, 367.9932556152344, 596.6651611328125], [133.55691528320312, 377.31463623046875, 293.3282470703125, 535.080322265625], [626.633544921875, 125.68136596679688, 797.8465576171875, 301.4454040527344], [163.84716796875, 290.1094665527344, 306.9514465332031, 425.2624816894531], [481.8970642089844, 269.89996337890625, 606.8377685546875, 423.177001953125]]}