{"labels": [0], "scores": [0.9984402060508728], "bboxes": [[245.81861877441406, 2.019287109375, 548.8331298828125, 797.2581787109375]]}