{"labels": [0], "scores": [0.9946351647377014], "bboxes": [[299.9496154785156, 14.150726318359375, 497.1366271972656, 800.0]]}