{"labels": [0, 0, 0, 0, 0], "scores": [0.9578886032104492, 0.8208673596382141, 0.5070481896400452, 0.4004853069782257, 0.058315459638834], "bboxes": [[105.58598327636719, 410.71826171875, 327.46112060546875, 592.6339111328125], [174.49444580078125, 26.183380126953125, 757.385009765625, 789.050537109375], [306.6897277832031, 446.5897216796875, 409.8141784667969, 616.1607666015625], [411.56280517578125, 34.77394104003906, 760.9083862304688, 426.71075439453125], [130.115966796875, 477.62042236328125, 358.5116882324219, 618.7526245117188]]}