{"labels": [0, 0, 0, 0, 0, 0, 0], "scores": [0.984851062297821, 0.3074118494987488, 0.27855658531188965, 0.20986910164356232, 0.13726836442947388, 0.11784098297357559, 0.06332334131002426], "bboxes": [[0.0, 11.8018798828125, 791.9002685546875, 643.486328125], [671.8054809570312, 256.2581787109375, 798.1592407226562, 426.67340087890625], [560.9368286132812, 76.59417724609375, 776.5556030273438, 304.00384521484375], [563.9395751953125, 362.3448486328125, 745.341552734375, 583.3317260742188], [5.926025390625, 230.8042449951172, 595.6113891601562, 636.4351196289062], [519.108642578125, 66.80378723144531, 792.7247314453125, 452.7861328125], [131.24087524414062, 11.836669921875, 628.8394775390625, 478.6307678222656]]}