{"labels": [0, 0, 0, 0, 0], "scores": [0.992652416229248, 0.3868071138858795, 0.37241697311401367, 0.0836157277226448, 0.08093995600938797], "bboxes": [[101.74264526367188, 49.46112060546875, 763.489990234375, 741.6356201171875], [90.15928649902344, 318.50457763671875, 446.24163818359375, 571.1123657226562], [45.96919250488281, 459.290771484375, 490.72918701171875, 718.2835693359375], [102.51371765136719, 178.00704956054688, 465.8310546875, 438.1120300292969], [73.21321105957031, 152.3421630859375, 456.8731689453125, 639.0980224609375]]}