{"labels": [0, 0, 0, 0], "scores": [0.998116135597229, 0.9522298574447632, 0.2802251875400543, 0.15352395176887512], "bboxes": [[9.15789794921875, 326.94122314453125, 711.8971557617188, 720.5855102539062], [145.93630981445312, 87.31715393066406, 350.3215637207031, 389.48321533203125], [246.37783813476562, 109.74833679199219, 349.6951599121094, 377.43408203125], [228.76759338378906, 90.15476989746094, 681.4522094726562, 394.3787841796875]]}