{"labels": [0, 0], "scores": [0.9942907094955444, 0.9522027373313904], "bboxes": [[6.595855712890625, 8.5565185546875, 793.319091796875, 767.114013671875], [147.71728515625, 411.30902099609375, 343.979736328125, 624.4672241210938]]}