{"labels": [0, 0], "scores": [0.9980949759483337, 0.0749942734837532], "bboxes": [[36.000579833984375, 44.616546630859375, 781.830078125, 790.48095703125], [633.0372924804688, 341.94561767578125, 743.4232788085938, 475.95892333984375]]}