{"labels": [0, 0], "scores": [0.9947571754455566, 0.9536343216896057], "bboxes": [[237.20675659179688, 182.43365478515625, 771.973876953125, 518.9605712890625], [19.008758544921875, 195.30531311035156, 511.3839416503906, 495.1077880859375]]}