{"labels": [0, 0, 0, 0], "scores": [0.9972946047782898, 0.9564453363418579, 0.8589342832565308, 0.8480464816093445], "bboxes": [[59.58734130859375, 0.51409912109375, 618.0819702148438, 800.0], [631.91455078125, 3.2745590209960938, 778.9931640625, 218.57644653320312], [632.8090209960938, 292.0477294921875, 780.1127319335938, 510.49798583984375], [636.6409301757812, 583.9099731445312, 777.7262573242188, 800.0]]}