{"labels": [0], "scores": [0.9906212091445923], "bboxes": [[213.77809143066406, 212.038818359375, 560.9252319335938, 609.0333251953125]]}