{"labels": [0, 0, 0], "scores": [0.9974443912506104, 0.8768771290779114, 0.05538441613316536], "bboxes": [[5.907135009765625, 108.38467407226562, 782.94677734375, 530.98876953125], [579.296630859375, 506.85284423828125, 798.01611328125, 800.0], [0.0, 198.13253784179688, 794.3978881835938, 800.0]]}