{"labels": [0], "scores": [0.9812445640563965], "bboxes": [[8.526214599609375, 14.816986083984375, 721.3494873046875, 792.3314208984375]]}