{"labels": [0, 0, 0, 0, 0, 0], "scores": [0.9876284599304199, 0.9812522530555725, 0.8761597275733948, 0.8642770051956177, 0.13174830377101898, 0.07555580884218216], "bboxes": [[304.7823791503906, 5.754486083984375, 701.4248046875, 797.3448486328125], [4.367034912109375, 597.5350952148438, 160.7056884765625, 780.1848754882812], [611.5140380859375, 467.23419189453125, 793.0047607421875, 785.3715209960938], [166.99740600585938, 583.8621215820312, 333.4858703613281, 775.1610717773438], [310.5465087890625, 23.741958618164062, 704.8341064453125, 424.9769287109375], [332.16192626953125, 295.7801513671875, 614.8345947265625, 791.2999267578125]]}