{"labels": [0], "scores": [0.9990214109420776], "bboxes": [[18.897552490234375, 49.886505126953125, 788.7047119140625, 753.5059814453125]]}