{"labels": [0, 0, 0, 0], "scores": [0.9859187602996826, 0.1876005083322525, 0.08358412981033325, 0.0644715428352356], "bboxes": [[36.49847412109375, 411.722900390625, 756.8133544921875, 741.244873046875], [41.616966247558594, 258.5792541503906, 217.36715698242188, 396.7574157714844], [225.884765625, 163.45657348632812, 564.1514892578125, 421.4320983886719], [18.81353759765625, 65.04287719726562, 773.9993286132812, 784.1107177734375]]}