{"labels": [0, 0, 0, 0, 0], "scores": [0.972007691860199, 0.12599775195121765, 0.10920719802379608, 0.09159895032644272, 0.052217405289411545], "bboxes": [[29.082275390625, 94.44168090820312, 656.682861328125, 677.329345703125], [81.62347412109375, 323.1790771484375, 622.7571411132812, 660.8870239257812], [320.43377685546875, 59.00852966308594, 624.6416625976562, 272.05072021484375], [642.1127319335938, 232.8543701171875, 774.9611206054688, 519.9016723632812], [424.23370361328125, 157.8088836669922, 700.2809448242188, 564.263427734375]]}