{"labels": [0, 0], "scores": [0.9969671368598938, 0.9935792684555054], "bboxes": [[136.464111328125, 67.11578369140625, 474.85174560546875, 747.4140625], [446.2959899902344, 198.53414916992188, 652.78173828125, 730.9681396484375]]}