{"labels": [0], "scores": [0.9996236562728882], "bboxes": [[55.46113586425781, 48.651580810546875, 661.697265625, 839.4923706054688]]}