{"labels": [0, 0, 0], "scores": [0.9829777479171753, 0.1588272899389267, 0.05429951101541519], "bboxes": [[37.095184326171875, 44.055145263671875, 769.9793701171875, 777.9508056640625], [43.6529541015625, 371.50360107421875, 438.39208984375, 680.2890014648438], [288.4210205078125, 225.5303192138672, 527.323486328125, 640.5181884765625]]}