{"labels": [0, 0, 0, 0], "scores": [0.9982081651687622, 0.998177170753479, 0.9922102689743042, 0.9793181419372559], "bboxes": [[201.2774200439453, 179.01219177246094, 419.07275390625, 476.371826171875], [369.0090026855469, 114.98159790039062, 601.9136352539062, 527.4195556640625], [43.91315460205078, 442.06573486328125, 232.67477416992188, 664.3540649414062], [596.4116821289062, 270.9224853515625, 750.5598754882812, 480.60137939453125]]}