{"labels": [0], "scores": [0.9969653487205505], "bboxes": [[23.147430419921875, 99.4541015625, 756.197265625, 664.2825317382812]]}