{"labels": [0], "scores": [0.980231761932373], "bboxes": [[204.85162353515625, 251.94125366210938, 567.4326782226562, 727.97021484375]]}