{"labels": [0, 0, 0, 0, 0, 0], "scores": [0.9946070313453674, 0.9925153851509094, 0.9683249592781067, 0.8820468783378601, 0.5953417420387268, 0.17942848801612854], "bboxes": [[128.20704650878906, 350.176513671875, 579.1016235351562, 673.6536254882812], [343.3277893066406, 239.1099395751953, 787.9407958984375, 382.46185302734375], [335.5557556152344, 434.9068603515625, 799.623046875, 736.4854736328125], [0.0, 139.02297973632812, 428.0628356933594, 428.0101623535156], [254.60775756835938, 46.13605880737305, 679.745361328125, 164.39862060546875], [3.327545166015625, 149.1526641845703, 526.685546875, 640.6503295898438]]}