{"labels": [0], "scores": [0.9991907477378845], "bboxes": [[140.294677734375, 35.761474609375, 652.7473754882812, 788.7357177734375]]}