{"labels": [0, 0], "scores": [0.968562662601471, 0.8499647378921509], "bboxes": [[118.3260498046875, 229.1090850830078, 777.1939086914062, 637.1539916992188], [8.729766845703125, 31.813369750976562, 372.2401123046875, 482.8565673828125]]}