{"labels": [0, 0, 0, 0, 0, 0, 0, 0, 0], "scores": [0.9835829138755798, 0.8188104033470154, 0.6963276267051697, 0.29771846532821655, 0.18481115996837616, 0.17101174592971802, 0.16594839096069336, 0.05522045120596886, 0.05191825330257416], "bboxes": [[63.389495849609375, 137.2044677734375, 753.04931640625, 319.7333679199219], [6.7725830078125, 409.3077392578125, 788.8261108398438, 775.8170166015625], [260.350341796875, 629.0657958984375, 572.1315307617188, 796.4051513671875], [0.2262115478515625, 576.3975830078125, 77.34852600097656, 772.2147216796875], [29.718276977539062, 470.15289306640625, 220.1312713623047, 601.8035278320312], [80.90487670898438, 558.4267578125, 312.53814697265625, 793.3533935546875], [40.26338195800781, 439.319091796875, 459.181640625, 758.8515625], [33.008544921875, 442.908447265625, 327.9253845214844, 644.0631103515625], [260.1059265136719, 441.9436340332031, 790.864990234375, 710.7528076171875]]}