{"labels": [0, 0], "scores": [0.9977824091911316, 0.9625771045684814], "bboxes": [[93.39773559570312, 148.08053588867188, 726.56689453125, 755.9952392578125], [0.0, 255.3450927734375, 238.51107788085938, 790.9722900390625]]}