{"labels": [0, 0, 0, 0, 0, 0], "scores": [0.9870131611824036, 0.9868755340576172, 0.9860191345214844, 0.9608823657035828, 0.6925854682922363, 0.13291318714618683], "bboxes": [[455.44940185546875, 450.98382568359375, 775.4657592773438, 726.1858520507812], [151.81002807617188, 315.8514404296875, 470.5451965332031, 612.4002685546875], [290.2947082519531, 373.7615966796875, 610.464599609375, 633.147705078125], [31.866012573242188, 254.028564453125, 332.7286376953125, 487.6942138671875], [612.3580932617188, 258.02374267578125, 707.4933471679688, 288.69158935546875], [576.3046875, 254.10324096679688, 778.94970703125, 401.6798400878906]]}