{"labels": [0, 0], "scores": [0.9740860462188721, 0.23078128695487976], "bboxes": [[567.0303344726562, 19.897918701171875, 632.3567504882812, 618.190185546875], [0.0, 6.8565673828125, 706.5891723632812, 652.5711059570312]]}