{"labels": [0], "scores": [0.9971513152122498], "bboxes": [[197.070068359375, 242.15408325195312, 603.8636474609375, 800.0]]}