{"labels": [0, 0, 0, 0, 0, 0, 0, 0, 0, 0, 0, 0], "scores": [0.7833482027053833, 0.7395673990249634, 0.6982107758522034, 0.5869055986404419, 0.564867377281189, 0.4720333516597748, 0.4035777449607849, 0.31601184606552124, 0.25758886337280273, 0.1861976832151413, 0.15124283730983734, 0.05204208940267563], "bboxes": [[22.43951416015625, 153.2974853515625, 766.2262573242188, 690.9913330078125], [446.3575134277344, 7.8441925048828125, 690.3941650390625, 218.71343994140625], [54.9520263671875, 192.33570861816406, 344.91766357421875, 473.5582275390625], [426.22528076171875, 409.54840087890625, 703.8622436523438, 714.2201538085938], [244.5828857421875, 280.68621826171875, 561.3779907226562, 577.6187744140625], [8.043304443359375, 285.22235107421875, 370.7489318847656, 781.3834838867188], [279.92535400390625, 157.62521362304688, 743.1056518554688, 472.5036315917969], [553.7874755859375, 350.94097900390625, 763.8529052734375, 606.38671875], [68.76637268066406, 478.4645690917969, 365.115234375, 757.715087890625], [57.630615234375, 154.524658203125, 630.8642578125, 489.96820068359375], [455.06842041015625, 152.96072387695312, 729.1738891601562, 405.7556457519531], [464.5332336425781, 259.63580322265625, 772.5113525390625, 601.1845703125]]}