{"labels": [0], "scores": [0.9984762072563171], "bboxes": [[89.51773071289062, 193.4052734375, 706.8646240234375, 800.0]]}