{"labels": [0], "scores": [0.9980847835540771], "bboxes": [[153.8605499267578, 42.055328369140625, 625.4464721679688, 793.55859375]]}