{"labels": [0], "scores": [0.9978705644607544], "bboxes": [[59.20941162109375, 10.164794921875, 746.6040649414062, 685.7286376953125]]}