{"labels": [0, 0, 0], "scores": [0.9846670627593994, 0.9628751873970032, 0.45157697796821594], "bboxes": [[34.9041748046875, 112.67105102539062, 642.76904296875, 713.8302001953125], [20.971290588378906, 43.140716552734375, 258.7322998046875, 310.4302062988281], [269.8138732910156, 412.14251708984375, 793.8800048828125, 800.0]]}