{"labels": [0, 0, 0, 0, 0, 0, 0, 0, 0, 0, 0], "scores": [0.9174509048461914, 0.7505171298980713, 0.6598336696624756, 0.4212866425514221, 0.3406464457511902, 0.32916319370269775, 0.19610343873500824, 0.11733036488294601, 0.0967070460319519, 0.07013072073459625, 0.05383387207984924], "bboxes": [[0.912841796875, 74.18646240234375, 127.326171875, 278.0457763671875], [154.418701171875, 184.8680419921875, 549.6298828125, 540.7041625976562], [58.716552734375, 152.6610107421875, 757.430908203125, 698.5438842773438], [0.0, 447.5910949707031, 120.47957611083984, 658.943603515625], [0.0, 586.785888671875, 485.8775939941406, 800.0], [270.788818359375, 125.57366180419922, 635.90283203125, 317.6790771484375], [385.735107421875, 303.47283935546875, 734.176513671875, 589.2421875], [311.39794921875, 425.99200439453125, 667.1567993164062, 670.0918579101562], [305.78570556640625, 104.58673095703125, 676.830322265625, 543.9478149414062], [0.0, 410.1171875, 752.8478393554688, 791.059814453125], [120.4332275390625, 117.45767211914062, 664.311279296875, 401.7416076660156]]}