{"labels": [0], "scores": [0.9953376054763794], "bboxes": [[142.60791015625, 0.0, 656.4026489257812, 663.5611572265625]]}