{"labels": [0, 0, 0, 0, 0, 0], "scores": [0.9873491525650024, 0.44126129150390625, 0.39671096205711365, 0.12896151840686798, 0.1043819934129715, 0.07564981281757355], "bboxes": [[182.20712280273438, 46.473541259765625, 710.538818359375, 726.2667236328125], [67.42584228515625, 332.7383117675781, 356.16741943359375, 611.394287109375], [0.08095932006835938, 1.5274200439453125, 71.41763305664062, 290.0513916015625], [310.69268798828125, 274.906005859375, 707.3150024414062, 718.5087890625], [3.13232421875, 9.012603759765625, 787.6304931640625, 349.7277526855469], [451.3365478515625, 1.837738037109375, 798.96875, 225.20974731445312]]}