{"labels": [0], "scores": [0.9933037161827087], "bboxes": [[274.820556640625, 15.122802734375, 527.7198486328125, 795.348388671875]]}