{"labels": [0], "scores": [0.9996342658996582], "bboxes": [[0.0, 60.3272819519043, 682.0927124023438, 871.3162841796875]]}