{"labels": [0], "scores": [0.9968219995498657], "bboxes": [[42.58966064453125, 111.8809814453125, 778.6572265625, 680.4520263671875]]}