{"labels": [0], "scores": [0.9987252354621887], "bboxes": [[20.891082763671875, 105.16891479492188, 782.0257568359375, 647.26318359375]]}