{"labels": [0], "scores": [0.9992491602897644], "bboxes": [[16.334564208984375, 105.81765747070312, 794.130126953125, 715.77880859375]]}