{"labels": [0, 0, 0, 0, 0, 0, 0], "scores": [0.9919880628585815, 0.727232813835144, 0.2637149393558502, 0.15520741045475006, 0.13099214434623718, 0.1250656247138977, 0.09604138880968094], "bboxes": [[0.0, 110.96469116210938, 774.9346923828125, 796.840576171875], [64.8941650390625, 80.59616088867188, 393.9034118652344, 385.2884216308594], [625.4752197265625, 492.42279052734375, 768.6488037109375, 622.2532348632812], [105.98712158203125, 6.08575439453125, 509.64990234375, 338.1628112792969], [639.6532592773438, 689.0553588867188, 772.0172729492188, 799.5519409179688], [109.53888702392578, 462.7099609375, 239.653564453125, 596.804931640625], [732.8935546875, 335.25946044921875, 798.7015380859375, 458.87689208984375]]}