{"labels": [0, 0, 0], "scores": [0.9908938407897949, 0.7877720594406128, 0.0829942598938942], "bboxes": [[22.63262939453125, 155.402099609375, 793.67431640625, 794.7181396484375], [557.5223388671875, 463.8703918457031, 788.268310546875, 795.0784912109375], [9.576568603515625, 428.63812255859375, 678.8883056640625, 786.2067260742188]]}