{"labels": [0], "scores": [0.9994089603424072], "bboxes": [[0.0, 0.0, 799.05859375, 800.0]]}