{"labels": [0], "scores": [0.9980249404907227], "bboxes": [[46.45208740234375, 253.2838134765625, 772.1671752929688, 539.4766235351562]]}