{"labels": [0, 0, 0, 0, 0, 0, 0, 0, 0], "scores": [0.9895834922790527, 0.9818142056465149, 0.8059532642364502, 0.7172034978866577, 0.3959519565105438, 0.30665409564971924, 0.13478003442287445, 0.09526986628770828, 0.05610428377985954], "bboxes": [[563.1076049804688, 240.96273803710938, 797.9293823242188, 463.7546081542969], [0.0, 233.54376220703125, 300.55548095703125, 442.0531005859375], [0.0, 556.1239013671875, 300.7537841796875, 799.26806640625], [536.2327880859375, 563.07080078125, 800.0, 800.0], [337.391845703125, 211.10745239257812, 454.22906494140625, 429.5931091308594], [0.0, 21.7847900390625, 800.0, 561.7284545898438], [62.086700439453125, 526.201416015625, 771.661865234375, 798.924560546875], [286.30047607421875, 187.239501953125, 574.7821655273438, 463.53350830078125], [161.2729949951172, 176.51156616210938, 273.15863037109375, 279.3436584472656]]}