{"labels": [0, 0, 0, 0], "scores": [0.9941630959510803, 0.9895592927932739, 0.808586835861206, 0.10995896905660629], "bboxes": [[421.34320068359375, 259.3654479980469, 793.9161987304688, 779.059814453125], [14.3643798828125, 282.6471862792969, 473.1761779785156, 774.3157958984375], [13.209457397460938, 270.8316650390625, 231.25152587890625, 750.0545654296875], [483.7691955566406, 685.3824462890625, 710.2677001953125, 800.0]]}