{"labels": [0], "scores": [0.9993491768836975], "bboxes": [[18.6541748046875, 265.66192626953125, 783.9349975585938, 549.5535278320312]]}