{"labels": [0], "scores": [0.9965535402297974], "bboxes": [[140.66201782226562, 302.3870849609375, 642.6011962890625, 752.7142333984375]]}