{"labels": [0, 0, 0, 0], "scores": [0.9602557420730591, 0.8385820388793945, 0.1996605396270752, 0.17864881455898285], "bboxes": [[269.86944580078125, 357.0458679199219, 525.9202270507812, 646.9635009765625], [12.054031372070312, 306.4201354980469, 270.57244873046875, 658.8470458984375], [520.1768798828125, 412.51611328125, 783.3929443359375, 648.2154541015625], [295.2396240234375, 63.159759521484375, 485.46905517578125, 385.4330139160156]]}