{"labels": [0, 0], "scores": [0.9970638155937195, 0.0502711683511734], "bboxes": [[54.356353759765625, 220.01319885253906, 775.6326904296875, 596.4107666015625], [289.854248046875, 233.26614379882812, 529.0255737304688, 409.4590148925781]]}