{"labels": [0, 0, 0], "scores": [0.9878219962120056, 0.9665464162826538, 0.265504390001297], "bboxes": [[8.6307373046875, 481.8623046875, 630.345947265625, 718.6278076171875], [478.0162658691406, 67.28573608398438, 703.2708129882812, 690.968505859375], [7.35302734375, 67.55783081054688, 704.962890625, 738.9083251953125]]}