{"labels": [0, 0], "scores": [0.9927495718002319, 0.06628725677728653], "bboxes": [[23.039886474609375, 38.40380859375, 775.9176025390625, 800.0], [130.1219940185547, 195.8604736328125, 593.2646484375, 800.0]]}