{"labels": [0], "scores": [0.9914721846580505], "bboxes": [[150.75234985351562, 85.18060302734375, 648.27880859375, 697.9534912109375]]}