{"labels": [0, 0], "scores": [0.988851010799408, 0.1468506008386612], "bboxes": [[185.51791381835938, 10.588714599609375, 624.318359375, 791.420166015625], [210.33702087402344, 104.47109985351562, 475.58026123046875, 743.9652099609375]]}