{"labels": [0], "scores": [0.9991257786750793], "bboxes": [[9.597747802734375, 66.60891723632812, 779.4488525390625, 711.4732666015625]]}