{"labels": [0], "scores": [0.9924457669258118], "bboxes": [[81.95306396484375, 155.22909545898438, 755.62548828125, 800.0]]}