{"labels": [0], "scores": [0.9907636046409607], "bboxes": [[299.3762512207031, 271.62835693359375, 632.5010986328125, 736.8314819335938]]}