{"labels": [0, 0, 0, 0], "scores": [0.829771876335144, 0.34210294485092163, 0.1655433028936386, 0.07088060677051544], "bboxes": [[248.74850463867188, 246.0150146484375, 572.783935546875, 428.4384765625], [2.081451416015625, 517.906005859375, 668.9852294921875, 798.8721923828125], [15.963775634765625, 78.21737670898438, 642.8521728515625, 693.97021484375], [218.6005401611328, 500.8724365234375, 479.626708984375, 633.714111328125]]}