{"labels": [0, 0, 0], "scores": [0.9982554316520691, 0.16985413432121277, 0.16023866832256317], "bboxes": [[104.9364013671875, 23.5364990234375, 687.10302734375, 797.7330322265625], [109.3944091796875, 21.2415771484375, 669.5003662109375, 410.4845275878906], [0.0, 639.0196533203125, 108.33161163330078, 775.61572265625]]}