{"labels": [0, 0], "scores": [0.9641472101211548, 0.9238060712814331], "bboxes": [[123.64236450195312, 233.40032958984375, 734.700927734375, 748.3551635742188], [1.570037841796875, 37.88511657714844, 781.409912109375, 359.35992431640625]]}