{"labels": [0, 0, 0, 0], "scores": [0.9963670969009399, 0.19548781216144562, 0.1859600841999054, 0.10337115824222565], "bboxes": [[167.38934326171875, 31.139556884765625, 730.6943359375, 800.0], [0.523345947265625, 171.74212646484375, 316.09649658203125, 784.3012084960938], [45.291046142578125, 406.6754150390625, 478.9264831542969, 800.0], [0.5734939575195312, 101.66644287109375, 229.66342163085938, 619.25341796875]]}