{"labels": [0], "scores": [0.9973534345626831], "bboxes": [[92.31207275390625, 117.94464111328125, 696.2482299804688, 717.1879272460938]]}