{"labels": [0, 0], "scores": [0.9910746216773987, 0.056398048996925354], "bboxes": [[8.710968017578125, 267.280029296875, 793.92041015625, 546.8353881835938], [279.2501220703125, 426.9473571777344, 780.598388671875, 551.6934814453125]]}