{"labels": [0], "scores": [0.9986866116523743], "bboxes": [[91.84786987304688, 109.6260986328125, 721.8583984375, 724.5750122070312]]}