{"labels": [0], "scores": [0.9929376244544983], "bboxes": [[261.552001953125, 354.8843994140625, 592.6486206054688, 716.069580078125]]}