{"labels": [0], "scores": [0.9954056739807129], "bboxes": [[128.4608154296875, 109.37933349609375, 646.81591796875, 725.3955688476562]]}