{"labels": [0, 0, 0], "scores": [0.9138597846031189, 0.7859731912612915, 0.22844739258289337], "bboxes": [[62.137115478515625, 92.88558959960938, 797.2374267578125, 570.8135986328125], [172.34600830078125, 273.4229431152344, 795.7574462890625, 685.952880859375], [96.47579956054688, 177.8692626953125, 722.2830810546875, 445.6666259765625]]}