{"labels": [0, 0, 0, 0], "scores": [0.9723567366600037, 0.6393607258796692, 0.5762982368469238, 0.08191975951194763], "bboxes": [[7.6800537109375, 152.47756958007812, 776.1544799804688, 800.0], [358.5035400390625, 152.11898803710938, 626.7391357421875, 491.1184997558594], [552.1680908203125, 334.95782470703125, 778.56787109375, 628.31396484375], [60.38690185546875, 456.1748352050781, 770.726806640625, 704.4777221679688]]}