{"labels": [0, 0, 0, 0], "scores": [0.9785585403442383, 0.9642578959465027, 0.9623472690582275, 0.9430892467498779], "bboxes": [[425.01507568359375, 188.44921875, 742.0535278320312, 638.089599609375], [480.0518798828125, 480.6436767578125, 716.8887939453125, 798.3314208984375], [27.443893432617188, 265.5185852050781, 438.4373779296875, 372.0032653808594], [18.025421142578125, 420.60919189453125, 439.30316162109375, 531.3818969726562]]}