{"labels": [0], "scores": [0.9976661205291748], "bboxes": [[0.0, 57.30865478515625, 800.0, 792.1351928710938]]}