{"labels": [0], "scores": [0.996856689453125], "bboxes": [[76.15151977539062, 1.2359619140625, 684.617431640625, 800.0]]}