{"labels": [0], "scores": [0.9985809326171875], "bboxes": [[37.06439208984375, 63.620513916015625, 762.2257690429688, 774.08837890625]]}