{"labels": [0], "scores": [0.9977372884750366], "bboxes": [[23.88037109375, 133.68521118164062, 776.1557006835938, 680.887939453125]]}