{"labels": [0], "scores": [0.9984095692634583], "bboxes": [[174.92630004882812, 34.484344482421875, 614.4969482421875, 787.35986328125]]}