{"labels": [0, 0], "scores": [0.9941337704658508, 0.10027105361223221], "bboxes": [[97.72813415527344, 223.9586639404297, 609.4903564453125, 768.3264770507812], [198.755126953125, 737.3372802734375, 495.64605712890625, 895.6253051757812]]}