{"labels": [0], "scores": [0.9968026876449585], "bboxes": [[199.51165771484375, 21.473419189453125, 574.4117431640625, 796.370361328125]]}