{"labels": [0], "scores": [0.9975907802581787], "bboxes": [[35.0321044921875, 162.39962768554688, 766.0921020507812, 702.1492919921875]]}