{"labels": [0], "scores": [0.9988585710525513], "bboxes": [[0.0, 61.33660888671875, 800.0, 800.0]]}