{"labels": [0, 0], "scores": [0.9954065084457397, 0.08594568818807602], "bboxes": [[86.69554901123047, 0.0, 627.4423217773438, 896.0], [104.28055572509766, 391.84429931640625, 484.5776062011719, 896.0]]}