{"labels": [0, 0, 0, 0, 0, 0, 0, 0, 0, 0, 0], "scores": [0.9149287939071655, 0.8819272518157959, 0.7187471389770508, 0.4450773298740387, 0.3028883934020996, 0.22537696361541748, 0.18723250925540924, 0.13060826063156128, 0.11628704518079758, 0.09875408560037613, 0.09797736257314682], "bboxes": [[89.1622314453125, 444.7528076171875, 792.9789428710938, 543.1478881835938], [49.974517822265625, 106.20222473144531, 799.654541015625, 560.0955200195312], [97.61709594726562, 536.9486694335938, 794.078125, 617.0842895507812], [56.743255615234375, 309.9369812011719, 796.8509521484375, 617.0579833984375], [110.20779418945312, 604.3951416015625, 797.2379150390625, 724.957275390625], [93.14642333984375, 481.67327880859375, 793.3844604492188, 604.7843627929688], [92.151123046875, 513.9652099609375, 798.7233276367188, 795.241455078125], [108.72210693359375, 644.628173828125, 790.949462890625, 788.1009521484375], [59.73876953125, 219.05233764648438, 793.8826293945312, 434.2525939941406], [73.00515747070312, 364.78118896484375, 780.346923828125, 508.203125], [82.46963500976562, 333.1661376953125, 758.515869140625, 445.9649658203125]]}