{"labels": [0, 0, 0, 0, 0, 0], "scores": [0.9621080160140991, 0.9490751028060913, 0.8748048543930054, 0.7615487575531006, 0.0813491940498352, 0.06367520987987518], "bboxes": [[377.0592041015625, 193.3850860595703, 730.877197265625, 522.9752807617188], [46.25439453125, 176.30096435546875, 366.74395751953125, 583.923583984375], [144.80783081054688, 521.0394897460938, 325.719970703125, 599.5559692382812], [324.87542724609375, 302.27801513671875, 601.25341796875, 581.7636108398438], [410.5388488769531, 396.4933776855469, 786.0828857421875, 602.697265625], [177.09893798828125, 215.4961700439453, 771.3539428710938, 602.5127563476562]]}