{"labels": [0, 0], "scores": [0.9974566102027893, 0.1217566579580307], "bboxes": [[168.76177978515625, 176.17098999023438, 621.4440307617188, 645.051513671875], [558.1734008789062, 0.38274383544921875, 797.6085815429688, 171.95431518554688]]}