{"labels": [0, 0], "scores": [0.9975445866584778, 0.08435376733541489], "bboxes": [[68.93283081054688, 62.880401611328125, 800.0, 774.758056640625], [115.56031799316406, 73.81829833984375, 528.4775390625, 643.0527954101562]]}