{"labels": [0, 0, 0, 0], "scores": [0.9704020023345947, 0.942866861820221, 0.09123639762401581, 0.08577757328748703], "bboxes": [[200.96682739257812, 111.67828369140625, 395.2213439941406, 671.7667846679688], [404.5264892578125, 237.4075927734375, 603.2964477539062, 641.1748657226562], [210.186279296875, 384.54412841796875, 382.88494873046875, 679.3488159179688], [218.1394500732422, 107.56965637207031, 389.35162353515625, 430.69390869140625]]}