{"labels": [0], "scores": [0.9994321465492249], "bboxes": [[176.67996215820312, 10.580509185791016, 696.7199096679688, 893.8836669921875]]}