{"labels": [0, 0, 0, 0, 0, 0], "scores": [0.9784404039382935, 0.8760523796081543, 0.5023724436759949, 0.19278685748577118, 0.17211610078811646, 0.09018255025148392], "bboxes": [[493.2139892578125, 41.038330078125, 755.2877197265625, 775.2403564453125], [31.12353515625, 36.86602783203125, 184.82794189453125, 744.8256225585938], [115.75056457519531, 483.98834228515625, 498.90533447265625, 768.5402221679688], [82.06854248046875, 30.801300048828125, 712.441162109375, 785.0859375], [622.1011352539062, 662.8170776367188, 791.9127807617188, 768.3694458007812], [8.58521842956543, 63.25575256347656, 44.52372741699219, 82.13540649414062]]}