{"labels": [0, 0], "scores": [0.9982863068580627, 0.7534050941467285], "bboxes": [[142.93630981445312, 234.44189453125, 584.3784790039062, 778.3084716796875], [149.23684692382812, 710.4978637695312, 513.5810546875, 885.8259887695312]]}