{"labels": [0], "scores": [0.9977536797523499], "bboxes": [[132.27963256835938, 79.391357421875, 646.1036376953125, 769.5130615234375]]}