{"labels": [0, 0, 0, 0, 0, 0, 0], "scores": [0.998318076133728, 0.9375633597373962, 0.8717940449714661, 0.8013655543327332, 0.7896773219108582, 0.45980560779571533, 0.05552687868475914], "bboxes": [[1.86505126953125, 60.33589172363281, 792.8238525390625, 570.13232421875], [151.5071258544922, 603.8372192382812, 347.94512939453125, 740.8499145507812], [277.6385192871094, 621.4382934570312, 482.6637268066406, 759.5645141601562], [414.9659118652344, 634.8984375, 627.8216552734375, 773.75], [14.216209411621094, 593.266845703125, 213.53976440429688, 719.3984375], [565.1046142578125, 650.979736328125, 777.44482421875, 792.2762451171875], [120.28311157226562, 613.01513671875, 634.932861328125, 768.955078125]]}