{"labels": [0, 0], "scores": [0.9977171421051025, 0.8414987325668335], "bboxes": [[185.24517822265625, 330.43695068359375, 773.0712890625, 723.1870727539062], [8.55157470703125, 148.24281311035156, 427.60009765625, 508.081298828125]]}