{"labels": [0], "scores": [0.9989528656005859], "bboxes": [[1.88922119140625, 242.07473754882812, 797.7620849609375, 588.38671875]]}