{"labels": [0], "scores": [0.998819887638092], "bboxes": [[10.322601318359375, 121.997314453125, 787.538818359375, 747.5635375976562]]}