{"labels": [0], "scores": [0.9990010857582092], "bboxes": [[45.453765869140625, 101.50834655761719, 740.498046875, 608.9976196289062]]}