{"labels": [0, 0, 0, 0], "scores": [0.9889153838157654, 0.9726839065551758, 0.7360926270484924, 0.45819833874702454], "bboxes": [[21.81350326538086, 204.2170867919922, 336.969970703125, 723.516357421875], [477.5168762207031, 118.05229187011719, 678.226318359375, 773.286376953125], [475.453125, 117.13407897949219, 683.600341796875, 386.5721740722656], [203.8180694580078, 665.6051635742188, 357.50543212890625, 847.5547485351562]]}