{"labels": [0], "scores": [0.9993414282798767], "bboxes": [[136.41171264648438, 2.044647216796875, 665.0751953125, 800.0]]}