{"labels": [0], "scores": [0.9975816011428833], "bboxes": [[252.57080078125, 53.179290771484375, 554.869384765625, 733.99462890625]]}