{"labels": [0, 0, 0, 0, 0, 0, 0, 0], "scores": [0.9590142369270325, 0.9308376312255859, 0.430068701505661, 0.18173830211162567, 0.1808328479528427, 0.08144406229257584, 0.06877230852842331, 0.05762043595314026], "bboxes": [[299.95074462890625, 178.81353759765625, 560.6832885742188, 542.4666137695312], [4.442169189453125, 208.5035400390625, 750.7735595703125, 800.0], [185.935791015625, 184.25762939453125, 765.0037231445312, 591.0978393554688], [385.4144287109375, 229.77264404296875, 764.25048828125, 531.13525390625], [79.01190185546875, 203.26173400878906, 485.43377685546875, 543.3229370117188], [1.945281982421875, 9.121345520019531, 796.5093994140625, 264.6359558105469], [415.0811462402344, 174.2765655517578, 784.902099609375, 425.664794921875], [36.59162139892578, 369.0856628417969, 194.28448486328125, 473.6106872558594]]}