{"labels": [0, 0, 0], "scores": [0.9912403225898743, 0.45870187878608704, 0.05606323853135109], "bboxes": [[63.392608642578125, 86.857421875, 763.980224609375, 738.1669921875], [187.85943603515625, 73.654541015625, 725.9552612304688, 517.1546630859375], [214.438720703125, 73.3033447265625, 560.2371215820312, 418.2130126953125]]}