{"labels": [0, 0], "scores": [0.9962576627731323, 0.5197088718414307], "bboxes": [[63.5854606628418, 152.36541748046875, 668.1541748046875, 762.718505859375], [374.5362548828125, 153.1071319580078, 671.20849609375, 760.1661987304688]]}