{"labels": [0], "scores": [0.9885901808738708], "bboxes": [[325.01513671875, 132.10098266601562, 794.734619140625, 681.5574951171875]]}