{"labels": [0, 0], "scores": [0.9892037510871887, 0.8169264197349548], "bboxes": [[0.0, 0.0, 785.2914428710938, 800.0], [388.1563720703125, 135.17239379882812, 773.0238037109375, 682.440185546875]]}