{"labels": [0, 0, 0, 0, 0], "scores": [0.9802109599113464, 0.7848417162895203, 0.6759032607078552, 0.1839878112077713, 0.12152078002691269], "bboxes": [[354.2572937011719, 209.83563232421875, 732.365234375, 511.13995361328125], [4.055572509765625, 356.01617431640625, 680.01904296875, 683.5973510742188], [71.55686950683594, 99.03962707519531, 422.164306640625, 414.6392822265625], [75.916015625, 112.2413330078125, 719.3526000976562, 626.0609130859375], [720.1636962890625, 141.15660095214844, 795.250244140625, 288.434814453125]]}