{"labels": [0, 0], "scores": [0.9716897010803223, 0.1108219176530838], "bboxes": [[19.071868896484375, 194.09539794921875, 785.0167236328125, 743.0164184570312], [88.79580688476562, 404.60552978515625, 705.9224853515625, 690.7985229492188]]}