{"labels": [0], "scores": [0.9953836798667908], "bboxes": [[121.53976440429688, 155.16751098632812, 796.53369140625, 645.5272216796875]]}