{"labels": [0], "scores": [0.9983023405075073], "bboxes": [[246.88717651367188, 37.730377197265625, 570.5760498046875, 755.8228759765625]]}