{"labels": [0], "scores": [0.9972639083862305], "bboxes": [[10.0682373046875, 6.17547607421875, 784.005859375, 719.3473510742188]]}