{"labels": [0], "scores": [0.9977443218231201], "bboxes": [[4.26776123046875, 160.0242919921875, 793.055419921875, 726.1829833984375]]}