{"labels": [0, 0], "scores": [0.9893446564674377, 0.17558255791664124], "bboxes": [[0.0, 0.0, 800.0, 800.0], [361.5477600097656, 468.0503845214844, 444.1397399902344, 539.4166870117188]]}