{"labels": [0, 0, 0, 0, 0], "scores": [0.9725663065910339, 0.9707804322242737, 0.29507124423980713, 0.292182058095932, 0.10883072763681412], "bboxes": [[433.70416259765625, 0.0, 725.5032348632812, 530.0098876953125], [26.925445556640625, 400.43389892578125, 721.0633544921875, 736.5889282226562], [423.03515625, 532.1694946289062, 712.2813720703125, 735.5296020507812], [130.31190490722656, 14.390548706054688, 380.06365966796875, 404.17779541015625], [37.057525634765625, 66.2640380859375, 723.003173828125, 745.5394897460938]]}