{"labels": [0, 0, 0, 0, 0, 0, 0, 0], "scores": [0.9531571269035339, 0.9491682052612305, 0.9066088795661926, 0.8217054009437561, 0.7053723335266113, 0.2637728750705719, 0.21556219458580017, 0.14508920907974243], "bboxes": [[366.6585388183594, 533.0079956054688, 793.585205078125, 790.5642700195312], [131.23341369628906, 558.2369384765625, 311.9964599609375, 792.6087646484375], [239.5303955078125, 127.50819396972656, 365.221923828125, 251.6818084716797], [378.6991271972656, 127.77619934082031, 542.9688720703125, 287.3212890625], [595.3173828125, 123.79370880126953, 718.585205078125, 241.99813842773438], [390.2546081542969, 302.2528076171875, 516.0210571289062, 424.00634765625], [223.0413818359375, 267.42779541015625, 386.79254150390625, 429.472900390625], [107.87631225585938, 198.7596435546875, 227.703125, 318.33258056640625]]}