{"labels": [0], "scores": [0.9967319965362549], "bboxes": [[0.0, 170.72203063964844, 768.6226196289062, 608.8046875]]}