{"labels": [0], "scores": [0.9981231093406677], "bboxes": [[119.67057800292969, 147.14230346679688, 548.149169921875, 845.174072265625]]}