{"labels": [0], "scores": [0.9993858337402344], "bboxes": [[49.306793212890625, 59.243927001953125, 724.9158935546875, 774.6658935546875]]}