{"labels": [0], "scores": [0.9982049465179443], "bboxes": [[6.52667236328125, 134.11553955078125, 786.9596557617188, 659.4615478515625]]}