{"labels": [0, 0, 0, 0, 0], "scores": [0.9632186889648438, 0.29180383682250977, 0.1630459427833557, 0.1375998705625534, 0.071184441447258], "bboxes": [[4.568195343017578, 234.80978393554688, 584.9962158203125, 895.5765991210938], [0.0, 352.2040100097656, 233.94447326660156, 800.045166015625], [178.8873291015625, 383.2623291015625, 356.97412109375, 779.1021118164062], [56.27716064453125, 384.5030517578125, 337.2498474121094, 803.548583984375], [191.66119384765625, 344.9103088378906, 555.43017578125, 866.746337890625]]}