{"labels": [0, 0], "scores": [0.9982801675796509, 0.17199936509132385], "bboxes": [[0.0, 0.158233642578125, 752.5755615234375, 738.0557861328125], [1.1784820556640625, 2.49444580078125, 495.08441162109375, 552.1593627929688]]}