{"labels": [0, 0, 0, 0, 0, 0, 0], "scores": [0.9893819093704224, 0.9821860194206238, 0.9739809036254883, 0.8839569091796875, 0.5315985679626465, 0.31667032837867737, 0.05440778285264969], "bboxes": [[294.4065246582031, 319.33062744140625, 606.7115478515625, 719.5464477539062], [312.91546630859375, 41.908782958984375, 639.12548828125, 428.95751953125], [100.17699432373047, 371.6297302246094, 224.46365356445312, 707.4327392578125], [632.862548828125, 533.3540649414062, 778.5750732421875, 781.9755249023438], [718.4713745117188, 384.528564453125, 797.1118774414062, 658.043212890625], [598.5015258789062, 315.7384033203125, 794.7654418945312, 618.8468627929688], [396.6175537109375, 307.57965087890625, 774.7322998046875, 721.4019165039062]]}