{"labels": [0, 0], "scores": [0.9757424592971802, 0.3512032926082611], "bboxes": [[151.6556854248047, 39.039520263671875, 650.7254028320312, 782.0595703125], [169.34686279296875, 87.75888061523438, 320.3734130859375, 764.4951171875]]}