{"labels": [0], "scores": [0.9967798590660095], "bboxes": [[33.05364990234375, 45.7244873046875, 692.8685302734375, 759.4078979492188]]}