{"labels": [0], "scores": [0.9946587681770325], "bboxes": [[263.6807861328125, 20.32342529296875, 526.1353759765625, 793.781982421875]]}