{"labels": [0, 0], "scores": [0.9960634112358093, 0.05151418596506119], "bboxes": [[193.24334716796875, 347.6347961425781, 553.7455444335938, 669.0025634765625], [422.8875732421875, 325.7052001953125, 796.6671142578125, 799.888916015625]]}