{"labels": [0], "scores": [0.9976568222045898], "bboxes": [[81.6212158203125, 250.8345947265625, 755.1500854492188, 586.538330078125]]}