{"labels": [0], "scores": [0.994907557964325], "bboxes": [[133.30044555664062, 46.176666259765625, 784.3172607421875, 612.2822265625]]}