{"labels": [0, 0, 0], "scores": [0.9941603541374207, 0.4574214816093445, 0.058817747980356216], "bboxes": [[192.85647583007812, 99.35360717773438, 742.7423095703125, 393.1815185546875], [249.0637664794922, 467.61151123046875, 642.1691284179688, 800.0], [228.52932739257812, 520.5286865234375, 535.3692626953125, 756.5799560546875]]}