{"labels": [0], "scores": [0.9985191226005554], "bboxes": [[12.944976806640625, 214.47286987304688, 781.29541015625, 726.86865234375]]}