{"labels": [0], "scores": [0.9985330104827881], "bboxes": [[24.45123291015625, 251.65138244628906, 794.4382934570312, 584.2901000976562]]}