{"labels": [0], "scores": [0.9990149736404419], "bboxes": [[5.118408203125, 152.05633544921875, 799.471435546875, 611.2553100585938]]}