{"labels": [0], "scores": [0.9987412095069885], "bboxes": [[0.0, 10.081779479980469, 700.0, 825.3673706054688]]}