{"labels": [0], "scores": [0.9980608820915222], "bboxes": [[227.77919006347656, 262.01702880859375, 621.6972045898438, 628.6150512695312]]}