{"labels": [0, 0, 0, 0], "scores": [0.9879133105278015, 0.5781683921813965, 0.3205313980579376, 0.0541282519698143], "bboxes": [[95.26591491699219, 196.38046264648438, 496.259521484375, 717.9769287109375], [200.98809814453125, 200.22311401367188, 749.881103515625, 720.5093994140625], [372.816650390625, 349.1209716796875, 768.3038330078125, 721.8216552734375], [8.749107360839844, 126.74445343017578, 182.6475830078125, 299.9880065917969]]}