{"labels": [0], "scores": [0.995539128780365], "bboxes": [[208.1570587158203, 22.332366943359375, 520.95458984375, 804.1983642578125]]}