{"labels": [0], "scores": [0.9987202882766724], "bboxes": [[37.71246337890625, 102.79690551757812, 754.57763671875, 722.28271484375]]}