{"labels": [0, 0], "scores": [0.9775135517120361, 0.841262698173523], "bboxes": [[152.1561279296875, 310.80206298828125, 660.6632080078125, 721.5460815429688], [208.1118927001953, 135.32717895507812, 612.4761352539062, 408.7860412597656]]}