{"labels": [0], "scores": [0.9983543157577515], "bboxes": [[34.366424560546875, 164.06549072265625, 770.9100341796875, 642.171875]]}