{"labels": [0], "scores": [0.9979004859924316], "bboxes": [[94.24618530273438, 276.5052490234375, 606.7683715820312, 812.082763671875]]}