{"labels": [0, 0, 0], "scores": [0.9532644748687744, 0.4309670627117157, 0.08980271965265274], "bboxes": [[362.974853515625, 255.9117889404297, 456.29931640625, 758.9974365234375], [355.66839599609375, 45.06689453125, 502.49267578125, 766.5780029296875], [360.20855712890625, 41.24076843261719, 502.68341064453125, 384.37152099609375]]}