{"labels": [0], "scores": [0.9991053938865662], "bboxes": [[57.4051513671875, 41.211517333984375, 783.055908203125, 753.7879638671875]]}