{"labels": [0, 0, 0, 0], "scores": [0.9942235350608826, 0.9757410883903503, 0.522987425327301, 0.41549819707870483], "bboxes": [[227.22506713867188, 450.249267578125, 444.6893005371094, 720.600341796875], [374.0564270019531, 246.451904296875, 663.8460693359375, 550.6881713867188], [175.35565185546875, 418.3926086425781, 333.911376953125, 574.901611328125], [182.27972412109375, 423.40191650390625, 389.9522705078125, 658.9696655273438]]}