{"labels": [0], "scores": [0.9990977048873901], "bboxes": [[169.7691192626953, 56.643218994140625, 653.4048461914062, 760.28076171875]]}