{"labels": [0], "scores": [0.965356171131134], "bboxes": [[295.9236145019531, 263.7544860839844, 681.022216796875, 766.709228515625]]}