{"labels": [0, 0], "scores": [0.9921286106109619, 0.3213748335838318], "bboxes": [[211.0718536376953, 264.86956787109375, 680.7323608398438, 737.185791015625], [148.08642578125, 134.51063537597656, 429.86700439453125, 478.47259521484375]]}