{"labels": [0, 0, 0], "scores": [0.9885767102241516, 0.4851968288421631, 0.07195813953876495], "bboxes": [[214.75721740722656, 19.12872886657715, 499.55157470703125, 396.567138671875], [244.94862365722656, 718.7083740234375, 445.9648742675781, 848.2900390625], [206.1711883544922, 27.80392074584961, 499.40191650390625, 805.5490112304688]]}