{"labels": [0, 0], "scores": [0.9876870512962341, 0.0934307724237442], "bboxes": [[7.501739501953125, 119.88668823242188, 791.88232421875, 796.3282470703125], [337.93426513671875, 218.32220458984375, 793.6347045898438, 795.4409790039062]]}