{"labels": [0, 0], "scores": [0.9558724164962769, 0.9533873200416565], "bboxes": [[254.492919921875, 565.9188842773438, 472.06597900390625, 745.4220581054688], [216.52915954589844, 247.5665740966797, 552.7245483398438, 745.887939453125]]}