{"labels": [0], "scores": [0.9984228610992432], "bboxes": [[41.106719970703125, 198.88543701171875, 763.1893310546875, 617.3564453125]]}