{"labels": [0, 0], "scores": [0.9884023070335388, 0.16551221907138824], "bboxes": [[45.056549072265625, 304.9750671386719, 755.8924560546875, 669.826171875], [51.819610595703125, 311.32696533203125, 744.7281494140625, 447.6590576171875]]}