{"labels": [0, 0], "scores": [0.9961503744125366, 0.9940469264984131], "bboxes": [[64.51535034179688, 383.59637451171875, 545.8984375, 700.1084594726562], [217.876953125, 85.6234130859375, 724.0490112304688, 639.6802978515625]]}