{"labels": [0, 0, 0], "scores": [0.8483644127845764, 0.6201766133308411, 0.23464085161685944], "bboxes": [[183.29566955566406, 22.2891845703125, 617.1486206054688, 800.0], [586.1641235351562, 410.22650146484375, 698.5484008789062, 800.0], [225.63027954101562, 399.0162353515625, 559.0325927734375, 772.3448486328125]]}