{"labels": [0], "scores": [0.9991725087165833], "bboxes": [[29.12384033203125, 135.2408447265625, 771.0144653320312, 656.3453979492188]]}