{"labels": [0, 0], "scores": [0.9946286082267761, 0.06523559242486954], "bboxes": [[31.77667236328125, 8.42987060546875, 678.136474609375, 800.0], [329.1700439453125, 617.553955078125, 652.2461547851562, 792.5360107421875]]}