{"labels": [0, 0, 0], "scores": [0.9992783665657043, 0.08912733197212219, 0.05237714573740959], "bboxes": [[0.0, 16.5001220703125, 783.8525390625, 796.6038818359375], [295.52117919921875, 1.4797439575195312, 465.57830810546875, 128.38323974609375], [571.270263671875, 50.184417724609375, 721.5452880859375, 277.4575500488281]]}