{"labels": [0], "scores": [0.9978861212730408], "bboxes": [[179.46340942382812, 4.82073974609375, 632.23095703125, 800.0]]}