{"labels": [0], "scores": [0.9533942341804504], "bboxes": [[208.89537048339844, 155.07879638671875, 580.639404296875, 749.573486328125]]}