{"labels": [0], "scores": [0.9954061508178711], "bboxes": [[26.432220458984375, 311.9925231933594, 781.0699462890625, 485.7865295410156]]}