{"labels": [0, 0], "scores": [0.9736720323562622, 0.2566838562488556], "bboxes": [[436.17901611328125, 25.071807861328125, 678.2666625976562, 736.6884765625], [0.0, 0.0, 621.2205810546875, 800.0]]}