{"labels": [0, 0, 0, 0], "scores": [0.984263002872467, 0.9807220697402954, 0.9633492231369019, 0.17643392086029053], "bboxes": [[412.0479431152344, 182.6529541015625, 538.912353515625, 319.8955383300781], [228.96246337890625, 162.87612915039062, 403.6241455078125, 632.563232421875], [387.10760498046875, 364.86956787109375, 582.789794921875, 795.6464233398438], [662.2394409179688, 376.03668212890625, 799.2622680664062, 651.7918090820312]]}