{"labels": [0], "scores": [0.9950206279754639], "bboxes": [[279.1466979980469, 45.5877685546875, 517.5657958984375, 775.9771728515625]]}