{"labels": [0, 0], "scores": [0.9968273043632507, 0.06568679213523865], "bboxes": [[6.115936279296875, 219.5257568359375, 782.3946533203125, 761.2908935546875], [14.450592041015625, 204.5166778564453, 445.671630859375, 628.0502319335938]]}