{"labels": [0], "scores": [0.9976940751075745], "bboxes": [[230.87338256835938, 34.963653564453125, 575.5673828125, 781.93017578125]]}