{"labels": [0, 0, 0], "scores": [0.9937924742698669, 0.051637306809425354, 0.0508265495300293], "bboxes": [[155.83517456054688, 122.152587890625, 619.5594482421875, 702.208984375], [217.29737854003906, 130.03350830078125, 466.3631591796875, 653.5517578125], [16.2459716796875, 89.21188354492188, 499.9407958984375, 800.0]]}