{"labels": [0, 0, 0], "scores": [0.9937556982040405, 0.5593594908714294, 0.09621655195951462], "bboxes": [[231.4741668701172, 235.12721252441406, 657.3527221679688, 676.2518920898438], [640.4971313476562, 47.65692138671875, 800.0, 800.0], [240.25733947753906, 627.0423583984375, 528.7452392578125, 797.7861328125]]}