{"labels": [0], "scores": [0.9970118999481201], "bboxes": [[98.47137451171875, 297.724609375, 710.975830078125, 661.0646362304688]]}