{"labels": [0, 0], "scores": [0.9994679093360901, 0.1423966884613037], "bboxes": [[232.90170288085938, 311.5528259277344, 614.101318359375, 664.5301513671875], [107.85340881347656, 299.8764953613281, 331.1888427734375, 798.6336669921875]]}