{"labels": [0, 0, 0], "scores": [0.9716193675994873, 0.8033412098884583, 0.4645960330963135], "bboxes": [[45.0579833984375, 438.0938720703125, 717.1817016601562, 552.7174682617188], [568.5443115234375, 276.9129638671875, 760.5498046875, 503.208984375], [45.452667236328125, 282.20977783203125, 749.1512451171875, 563.0885620117188]]}