{"labels": [0], "scores": [0.9949164390563965], "bboxes": [[33.829620361328125, 291.7747802734375, 784.5985107421875, 714.15478515625]]}