{"labels": [0, 0, 0, 0, 0, 0, 0, 0, 0, 0], "scores": [0.9443630576133728, 0.6806614995002747, 0.35950568318367004, 0.296684205532074, 0.21489103138446808, 0.20042254030704498, 0.1764068454504013, 0.08556238561868668, 0.05880787596106529, 0.05089399963617325], "bboxes": [[66.267822265625, 182.32015991210938, 669.521728515625, 799.4525146484375], [546.0820922851562, 20.442276000976562, 768.8180541992188, 348.16168212890625], [0.0, 9.766937255859375, 789.79443359375, 675.157958984375], [211.3300018310547, 175.73770141601562, 557.285888671875, 372.2932434082031], [602.8378295898438, 185.08119201660156, 798.7014770507812, 469.249755859375], [0.0, 104.05902862548828, 234.97093200683594, 339.4459228515625], [6.640129089355469, 0.0, 254.9942626953125, 136.87747192382812], [0.0, 70.3004150390625, 252.04295349121094, 536.4269409179688], [188.60614013671875, 7.5083465576171875, 770.821533203125, 419.13629150390625], [39.57057189941406, 138.66256713867188, 518.3468017578125, 607.2862548828125]]}