{"labels": [0, 0], "scores": [0.9939980506896973, 0.9872466325759888], "bboxes": [[42.22019958496094, 192.63870239257812, 357.08319091796875, 722.8626708984375], [390.54815673828125, 223.53158569335938, 795.6492309570312, 745.98974609375]]}