{"labels": [0], "scores": [0.9977819323539734], "bboxes": [[144.5371551513672, 187.48922729492188, 638.016357421875, 739.1436767578125]]}