{"labels": [0, 0, 0, 0, 0], "scores": [0.9970892071723938, 0.7689199447631836, 0.7135910987854004, 0.09157989919185638, 0.06500940024852753], "bboxes": [[132.13922119140625, 97.74470520019531, 680.7455444335938, 506.9295654296875], [414.68182373046875, 500.79107666015625, 738.5570678710938, 740.9744262695312], [60.07533264160156, 509.78546142578125, 409.5504150390625, 745.8333129882812], [289.43560791015625, 385.5802307128906, 408.41778564453125, 500.3551940917969], [141.30923461914062, 108.10877990722656, 390.1752624511719, 431.84381103515625]]}