{"labels": [0], "scores": [0.998484194278717], "bboxes": [[63.7164306640625, 106.49554443359375, 750.7374877929688, 712.1046752929688]]}