{"labels": [0, 0, 0], "scores": [0.9917460083961487, 0.9813670516014099, 0.06560669094324112], "bboxes": [[466.73834228515625, 146.32354736328125, 624.8003540039062, 729.6171264648438], [163.2624969482422, 62.258026123046875, 469.895263671875, 726.755615234375], [180.4464874267578, 457.378173828125, 462.95806884765625, 726.254150390625]]}