{"labels": [0, 0], "scores": [0.707883894443512, 0.5265068411827087], "bboxes": [[174.74884033203125, 70.932861328125, 632.1904296875, 747.9957885742188], [284.0844421386719, 64.47482299804688, 517.5775146484375, 586.0704345703125]]}