{"labels": [0, 0], "scores": [0.9965866804122925, 0.2309444695711136], "bboxes": [[17.71844482421875, 116.40951538085938, 798.8768920898438, 794.6351318359375], [76.14654541015625, 190.83177185058594, 281.88958740234375, 301.73583984375]]}