{"labels": [0, 0], "scores": [0.9926378726959229, 0.9776498079299927], "bboxes": [[394.4672546386719, 23.9444580078125, 593.158203125, 800.0], [159.85023498535156, 12.313507080078125, 427.92041015625, 797.3265380859375]]}