{"labels": [0, 0, 0], "scores": [0.9979978203773499, 0.46723440289497375, 0.2984544336795807], "bboxes": [[0.0, 13.160327911376953, 693.6239013671875, 727.5164794921875], [11.76889419555664, 604.9646606445312, 191.22634887695312, 803.2633666992188], [4.061454772949219, 439.8033142089844, 657.7048950195312, 887.4788818359375]]}