{"labels": [0, 0], "scores": [0.9994014501571655, 0.0532556027173996], "bboxes": [[32.451995849609375, 39.38092041015625, 781.5052490234375, 790.8092041015625], [38.760894775390625, 272.5045166015625, 590.9818115234375, 780.9356689453125]]}