{"labels": [0], "scores": [0.9978099465370178], "bboxes": [[0.927520751953125, 175.0030059814453, 794.935546875, 664.6390380859375]]}