{"labels": [0, 0, 0, 0, 0, 0, 0], "scores": [0.9871118664741516, 0.8790737390518188, 0.23312324285507202, 0.16719254851341248, 0.1431805044412613, 0.12877114117145538, 0.06308430433273315], "bboxes": [[36.37921142578125, 409.5998229980469, 450.24481201171875, 744.18212890625], [233.11358642578125, 83.77064514160156, 771.2669067382812, 542.8231811523438], [157.86126708984375, 261.7462158203125, 761.5029907226562, 730.56005859375], [72.23544311523438, 9.054550170898438, 232.24874877929688, 302.112548828125], [444.3662109375, 618.6233520507812, 646.0672607421875, 771.8577270507812], [229.20782470703125, 313.9706726074219, 773.1580200195312, 556.6210327148438], [423.6427917480469, 574.1981201171875, 755.3236083984375, 791.3338623046875]]}