{"labels": [0, 0], "scores": [0.9916760921478271, 0.05275246500968933], "bboxes": [[133.75897216796875, 33.204559326171875, 671.0346069335938, 781.2740478515625], [136.7526092529297, 26.227890014648438, 435.7603759765625, 304.82611083984375]]}