{"labels": [0, 0], "scores": [0.9892957806587219, 0.1423991173505783], "bboxes": [[340.9825439453125, 234.71328735351562, 643.84716796875, 421.5166320800781], [63.639068603515625, 418.2489013671875, 784.0986328125, 606.9290771484375]]}