{"labels": [0, 0, 0], "scores": [0.9496055245399475, 0.6550241708755493, 0.31111106276512146], "bboxes": [[2.9156494140625, 97.0535888671875, 793.9954833984375, 724.3873901367188], [2.476104736328125, 145.3498992919922, 558.5660400390625, 579.7276611328125], [404.2600402832031, 144.61566162109375, 609.78125, 266.8202209472656]]}