{"labels": [0, 0, 0, 0], "scores": [0.9737560153007507, 0.945565402507782, 0.5674699544906616, 0.17707522213459015], "bboxes": [[87.85845947265625, 335.47265625, 722.3799438476562, 800.0], [164.70118713378906, 92.0195541381836, 539.27294921875, 326.4064636230469], [70.76470184326172, 445.7048034667969, 224.09011840820312, 798.9310302734375], [222.4817657470703, 94.87815856933594, 485.0892333984375, 247.92112731933594]]}