{"labels": [0], "scores": [0.9996740818023682], "bboxes": [[40.974212646484375, 10.9500732421875, 780.1361083984375, 751.5040893554688]]}