{"labels": [0, 0, 0, 0, 0], "scores": [0.9875119924545288, 0.4274783730506897, 0.305947482585907, 0.2692537009716034, 0.20890304446220398], "bboxes": [[13.607086181640625, 132.34808349609375, 779.5013427734375, 678.9395141601562], [172.82595825195312, 135.01007080078125, 563.106201171875, 501.3841552734375], [19.623748779296875, 292.4483642578125, 354.3092346191406, 593.2769165039062], [360.76800537109375, 222.77679443359375, 771.3063354492188, 617.4896240234375], [27.2606201171875, 190.2156982421875, 546.8534545898438, 591.0491943359375]]}