{"labels": [0], "scores": [0.9945202469825745], "bboxes": [[144.41397094726562, 248.0654296875, 696.1466064453125, 677.0276489257812]]}