{"labels": [0, 0, 0, 0, 0], "scores": [0.9626674652099609, 0.9528824090957642, 0.1828163117170334, 0.0681353509426117, 0.05158695951104164], "bboxes": [[96.38531494140625, 92.03239440917969, 467.77642822265625, 449.2333984375], [351.26556396484375, 17.35101318359375, 778.5154418945312, 669.4194946289062], [102.33294677734375, 91.38290405273438, 552.5021362304688, 669.3582763671875], [375.50665283203125, 269.05328369140625, 715.2219848632812, 670.958251953125], [83.1099853515625, 246.14938354492188, 761.5982055664062, 787.2318115234375]]}