{"labels": [0, 0, 0, 0, 0, 0, 0, 0], "scores": [0.959020733833313, 0.9277041554450989, 0.8631157279014587, 0.3866831958293915, 0.36403605341911316, 0.28432026505470276, 0.15677110850811005, 0.08263503760099411], "bboxes": [[479.492431640625, 442.43023681640625, 724.9488525390625, 643.8784790039062], [79.8526611328125, 175.78488159179688, 751.2913208007812, 782.29931640625], [270.1766662597656, 192.84872436523438, 485.1848449707031, 374.0683288574219], [279.98748779296875, 511.6911926269531, 484.79168701171875, 752.05029296875], [276.63201904296875, 220.87753295898438, 691.5233154296875, 519.0797119140625], [330.63470458984375, 292.4392395019531, 608.1284790039062, 509.4654235839844], [112.83317565917969, 300.3461608886719, 401.94940185546875, 552.1665649414062], [120.54804992675781, 187.77493286132812, 603.7197875976562, 560.299560546875]]}