{"labels": [0], "scores": [0.996404767036438], "bboxes": [[0.88092041015625, 244.5913543701172, 797.0419311523438, 561.0236206054688]]}