{"labels": [0], "scores": [0.9973052740097046], "bboxes": [[234.1945037841797, 137.158935546875, 581.7454223632812, 756.5982666015625]]}