{"labels": [0, 0, 0, 0, 0], "scores": [0.9882673621177673, 0.9781931638717651, 0.9762100577354431, 0.960909903049469, 0.058050960302352905], "bboxes": [[272.0357666015625, 522.411376953125, 788.795654296875, 757.654541015625], [290.5931396484375, 29.97060775756836, 522.055419921875, 124.68937683105469], [540.1121826171875, 28.71739959716797, 772.1605224609375, 124.92346954345703], [2.4379119873046875, 269.7611083984375, 463.20977783203125, 713.06298828125], [10.1964111328125, 54.08746337890625, 780.91064453125, 787.2205200195312]]}