{"labels": [0], "scores": [0.9993155002593994], "bboxes": [[0.3541069030761719, 119.24574279785156, 618.3213500976562, 869.2176513671875]]}