{"labels": [0], "scores": [0.9991693496704102], "bboxes": [[123.72735595703125, 42.669677734375, 687.9321899414062, 731.800537109375]]}