{"labels": [0, 0, 0, 0], "scores": [0.9839957356452942, 0.39242127537727356, 0.13492451608181, 0.08781416714191437], "bboxes": [[107.47946166992188, 77.46331787109375, 742.999755859375, 734.8118286132812], [85.46038818359375, 154.61325073242188, 468.13482666015625, 739.875], [157.8690948486328, 445.18096923828125, 498.32806396484375, 727.1367797851562], [29.42688751220703, 4.60858154296875, 132.02239990234375, 747.9495239257812]]}