{"labels": [0, 0, 0], "scores": [0.9127060174942017, 0.22893203794956207, 0.09926687180995941], "bboxes": [[8.84716796875, 17.191314697265625, 736.2816162109375, 800.0], [163.64166259765625, 172.9945831298828, 587.77392578125, 553.1377563476562], [273.6369934082031, 295.19427490234375, 586.5587158203125, 555.9685668945312]]}