{"labels": [0], "scores": [0.9995098114013672], "bboxes": [[0.0, 3.1016845703125, 797.6026000976562, 800.0]]}