{"labels": [0], "scores": [0.9961856007575989], "bboxes": [[43.4168701171875, 104.64299011230469, 725.3854370117188, 613.825439453125]]}