{"labels": [0], "scores": [0.9979898929595947], "bboxes": [[19.36981201171875, 68.58120727539062, 800.0, 761.7362060546875]]}