{"labels": [0, 0, 0, 0, 0, 0], "scores": [0.9856271743774414, 0.5003612637519836, 0.17342369258403778, 0.12875846028327942, 0.05365541949868202, 0.05188696086406708], "bboxes": [[48.912261962890625, 174.69720458984375, 706.0550537109375, 684.203369140625], [540.9774169921875, 22.000778198242188, 780.3690185546875, 307.322021484375], [123.09992980957031, 222.01626586914062, 498.232177734375, 638.602294921875], [398.6941223144531, 286.58685302734375, 691.052490234375, 633.9367065429688], [127.35833740234375, 305.69830322265625, 352.7986755371094, 636.0470581054688], [497.7596130371094, 365.1248779296875, 694.239990234375, 616.3530883789062]]}