{"labels": [0, 0], "scores": [0.9977032542228699, 0.1251203566789627], "bboxes": [[75.95184326171875, 207.47409057617188, 754.1237182617188, 704.11474609375], [76.95610046386719, 361.04962158203125, 485.08038330078125, 693.0950317382812]]}