{"labels": [0, 0, 0], "scores": [0.9740038514137268, 0.7929937243461609, 0.6489408612251282], "bboxes": [[333.2619323730469, 40.5596923828125, 791.023681640625, 646.5717163085938], [7.42645263671875, 67.933349609375, 667.60009765625, 720.4705810546875], [18.730224609375, 354.1105041503906, 517.4227294921875, 730.4072265625]]}