{"labels": [0, 0], "scores": [0.9886821508407593, 0.12509147822856903], "bboxes": [[26.279449462890625, 38.53363037109375, 792.188232421875, 782.5791625976562], [31.5655517578125, 286.6966552734375, 492.26123046875, 760.99951171875]]}