{"labels": [0], "scores": [0.997577965259552], "bboxes": [[61.457550048828125, 130.87771606445312, 728.58154296875, 668.26416015625]]}