{"labels": [0], "scores": [0.9987189769744873], "bboxes": [[164.9177703857422, 168.2985382080078, 586.536376953125, 597.6713256835938]]}