{"labels": [0, 0], "scores": [0.9983532428741455, 0.7389549612998962], "bboxes": [[51.9046630859375, 38.358612060546875, 750.7022705078125, 759.7982177734375], [490.57049560546875, 497.0856018066406, 770.4006958007812, 774.71728515625]]}