{"labels": [0, 0, 0, 0, 0, 0, 0], "scores": [0.9808846712112427, 0.9706536531448364, 0.9081947207450867, 0.8112566471099854, 0.8099714517593384, 0.7045179605484009, 0.6557720899581909], "bboxes": [[207.66354370117188, 553.0665283203125, 533.946044921875, 765.0386962890625], [412.5030517578125, 296.5631408691406, 624.227294921875, 562.1380615234375], [203.4702606201172, 332.352783203125, 495.67633056640625, 605.7413330078125], [126.11509704589844, 170.1511688232422, 415.68756103515625, 412.27813720703125], [3.326446533203125, 333.3328857421875, 297.3667907714844, 629.28955078125], [500.55023193359375, 18.449615478515625, 800.0, 361.71795654296875], [5.639678955078125, 188.88682556152344, 563.1334228515625, 644.8905029296875]]}