{"labels": [0, 0, 0, 0, 0], "scores": [0.8875068426132202, 0.8717578649520874, 0.7844212651252747, 0.644051730632782, 0.49499502778053284], "bboxes": [[364.99310302734375, 200.25314331054688, 463.46990966796875, 572.2664794921875], [638.3021240234375, 154.2789306640625, 739.49658203125, 572.6497192382812], [58.246429443359375, 197.1442108154297, 160.36691284179688, 575.201171875], [215.71324157714844, 286.19085693359375, 303.6322326660156, 478.469970703125], [518.338134765625, 331.3764953613281, 611.0047607421875, 442.0815124511719]]}