{"labels": [0, 0, 0], "scores": [0.7795683741569519, 0.22058992087841034, 0.10351558774709702], "bboxes": [[296.34844970703125, 0.0, 571.28369140625, 507.3460388183594], [227.01708984375, 530.663818359375, 425.7457275390625, 787.432373046875], [212.706787109375, 32.914794921875, 584.5238037109375, 790.7501220703125]]}