{"labels": [0], "scores": [0.9985681772232056], "bboxes": [[57.767333984375, 51.857666015625, 727.7832641601562, 758.496337890625]]}