{"labels": [0], "scores": [0.9985070824623108], "bboxes": [[109.17611694335938, 87.30413818359375, 702.411865234375, 697.1749267578125]]}