{"labels": [0], "scores": [0.9993162155151367], "bboxes": [[105.4991455078125, 305.837158203125, 665.2406005859375, 747.7236328125]]}