{"labels": [0, 0], "scores": [0.997778594493866, 0.9968760013580322], "bboxes": [[50.56105041503906, 59.8519287109375, 376.24969482421875, 767.1536865234375], [414.7117614746094, 63.2432861328125, 747.6290283203125, 746.5765380859375]]}