{"labels": [0], "scores": [0.9989462494850159], "bboxes": [[135.8513641357422, 7.079878330230713, 558.2561645507812, 698.8387451171875]]}