{"labels": [0, 0], "scores": [0.9945803284645081, 0.11307241022586823], "bboxes": [[150.85043334960938, 157.54727172851562, 585.1070556640625, 681.0306396484375], [576.310546875, 147.50450134277344, 794.4224853515625, 485.44140625]]}