{"labels": [0, 0, 0, 0, 0, 0, 0], "scores": [0.9552056193351746, 0.3499932587146759, 0.2629791796207428, 0.15536603331565857, 0.14781513810157776, 0.09292405098676682, 0.0878647193312645], "bboxes": [[162.3217315673828, 36.92138671875, 324.7135009765625, 710.0932006835938], [359.14697265625, 341.99871826171875, 399.30523681640625, 599.2938232421875], [496.4680480957031, 224.7080841064453, 634.5140991210938, 309.86505126953125], [361.09527587890625, 314.6859130859375, 400.87835693359375, 797.4837646484375], [133.36178588867188, 57.185394287109375, 742.6939697265625, 800.0], [430.8264465332031, 211.9744873046875, 620.531494140625, 796.2451782226562], [441.1740417480469, 330.9106140136719, 559.0701904296875, 408.5215148925781]]}