{"labels": [0], "scores": [0.9983945488929749], "bboxes": [[153.0748748779297, 177.37588500976562, 615.7865600585938, 752.66796875]]}