{"labels": [0, 0, 0, 0, 0, 0], "scores": [0.9879565834999084, 0.9489428400993347, 0.5106160044670105, 0.12314050644636154, 0.0987253412604332, 0.09616539627313614], "bboxes": [[94.13748168945312, 375.9080810546875, 705.78369140625, 771.777587890625], [153.1470947265625, 0.8102569580078125, 667.3193359375, 397.31768798828125], [156.60777282714844, 213.55364990234375, 668.502685546875, 398.24285888671875], [450.7622375488281, 224.34242248535156, 666.9354248046875, 400.68670654296875], [146.6695556640625, 1.043121337890625, 414.05145263671875, 384.1517639160156], [149.86065673828125, 220.08059692382812, 401.07501220703125, 383.8409118652344]]}