{"labels": [0], "scores": [0.9990378618240356], "bboxes": [[25.535614013671875, 211.4848175048828, 765.1488037109375, 597.5729370117188]]}