{"labels": [0], "scores": [0.997632622718811], "bboxes": [[214.90956115722656, 222.68008422851562, 686.6504516601562, 800.0]]}