{"labels": [0, 0], "scores": [0.9875054359436035, 0.5060113072395325], "bboxes": [[64.52276611328125, 112.097900390625, 727.0786743164062, 470.88848876953125], [88.87661743164062, 160.616455078125, 741.1846923828125, 790.5220947265625]]}