{"labels": [0, 0, 0, 0, 0], "scores": [0.9897739291191101, 0.9825876355171204, 0.9287192225456238, 0.20872779190540314, 0.06860323995351791], "bboxes": [[323.55389404296875, 58.03605651855469, 797.5314331054688, 471.04193115234375], [155.02195739746094, 414.52532958984375, 538.0569458007812, 795.6754760742188], [3.178253173828125, 185.48057556152344, 294.21630859375, 547.5260620117188], [317.10296630859375, 112.92375183105469, 608.5397338867188, 457.48785400390625], [216.9490966796875, 52.99635314941406, 330.63311767578125, 165.6540069580078]]}