{"labels": [0, 0], "scores": [0.9968910813331604, 0.0791209414601326], "bboxes": [[405.5794677734375, 18.547515869140625, 759.405029296875, 682.3602294921875], [18.22540283203125, 38.485321044921875, 372.4822692871094, 343.9033508300781]]}