{"labels": [0], "scores": [0.9941737055778503], "bboxes": [[81.99588012695312, 342.57904052734375, 731.3006591796875, 469.90374755859375]]}