{"labels": [0], "scores": [0.9781041145324707], "bboxes": [[130.75961303710938, 132.04452514648438, 677.4427490234375, 744.873046875]]}