{"labels": [0], "scores": [0.9884263277053833], "bboxes": [[94.91336059570312, 129.7146453857422, 706.52490234375, 638.6796264648438]]}