{"labels": [0, 0, 0], "scores": [0.9974563717842102, 0.4324766993522644, 0.22464892268180847], "bboxes": [[122.5347900390625, 227.658203125, 719.44091796875, 779.7412109375], [1.61175537109375, 226.84164428710938, 151.04541015625, 577.32373046875], [120.91771697998047, 244.6522979736328, 369.00653076171875, 638.7656860351562]]}