{"labels": [0], "scores": [0.9771161675453186], "bboxes": [[0.0, 60.090362548828125, 798.5693359375, 772.044189453125]]}