{"labels": [0], "scores": [0.9975741505622864], "bboxes": [[18.23992919921875, 13.6055908203125, 792.9671630859375, 794.226318359375]]}