{"labels": [0, 0], "scores": [0.9930847883224487, 0.38626688718795776], "bboxes": [[5.75042724609375, 12.92822265625, 453.9033203125, 682.7080078125], [459.0003356933594, 440.9051818847656, 585.5046997070312, 611.4542846679688]]}