{"labels": [0], "scores": [0.9943867921829224], "bboxes": [[164.05325317382812, 10.987861633300781, 530.6498413085938, 885.5853881835938]]}