{"labels": [0], "scores": [0.9970206618309021], "bboxes": [[268.75482177734375, 21.7061767578125, 533.7400512695312, 786.19091796875]]}