{"labels": [0, 0, 0], "scores": [0.9942479133605957, 0.9803447127342224, 0.06287802755832672], "bboxes": [[214.30087280273438, 103.37356567382812, 800.0, 660.833740234375], [11.780471801757812, 5.31964111328125, 213.4375762939453, 800.0], [149.90982055664062, 119.7003173828125, 309.5525817871094, 248.22848510742188]]}