{"labels": [0], "scores": [0.997490406036377], "bboxes": [[237.2598419189453, 120.12173461914062, 544.298095703125, 769.2625732421875]]}