{"labels": [0], "scores": [0.9972988963127136], "bboxes": [[30.20318603515625, 176.74050903320312, 757.4202270507812, 646.977783203125]]}