{"labels": [0, 0], "scores": [0.9962493777275085, 0.25349515676498413], "bboxes": [[44.674957275390625, 19.337188720703125, 694.61865234375, 420.0077209472656], [6.88970947265625, 84.71725463867188, 725.7137451171875, 792.262939453125]]}