{"labels": [0], "scores": [0.9975020289421082], "bboxes": [[197.98226928710938, 33.973846435546875, 584.1553955078125, 750.4539794921875]]}