{"labels": [0], "scores": [0.9986718893051147], "bboxes": [[266.31146240234375, 35.249481201171875, 564.34619140625, 784.3873291015625]]}