{"labels": [0, 0, 0, 0, 0, 0], "scores": [0.9748685956001282, 0.6724953055381775, 0.15890029072761536, 0.12189864367246628, 0.09684359282255173, 0.08925850689411163], "bboxes": [[310.3487548828125, 134.51510620117188, 796.30615234375, 788.6414794921875], [0.0, 101.03359985351562, 616.44384765625, 800.0], [187.9137725830078, 115.55279541015625, 327.36602783203125, 795.7111206054688], [0.0, 406.8592529296875, 140.32473754882812, 799.96533203125], [4.348533630371094, 187.01727294921875, 257.4087219238281, 794.2145385742188], [310.62628173828125, 136.64569091796875, 494.53680419921875, 792.5343627929688]]}