{"labels": [0], "scores": [0.9982277750968933], "bboxes": [[44.622833251953125, 171.921630859375, 777.1329345703125, 714.2301025390625]]}