{"labels": [0], "scores": [0.9992424249649048], "bboxes": [[11.05120849609375, 0.0, 777.146240234375, 796.9739379882812]]}