{"labels": [0, 0], "scores": [0.9945184588432312, 0.9917556047439575], "bboxes": [[515.72998046875, 65.00665283203125, 742.6248779296875, 766.5274047851562], [10.525665283203125, 164.57733154296875, 536.8983154296875, 678.403076171875]]}