{"labels": [0], "scores": [0.9985106587409973], "bboxes": [[35.63677978515625, 26.835845947265625, 759.0426635742188, 784.308349609375]]}