{"labels": [0], "scores": [0.969822108745575], "bboxes": [[147.3907928466797, 261.2679443359375, 504.6615905761719, 791.2630615234375]]}