{"labels": [0], "scores": [0.997017502784729], "bboxes": [[111.28829956054688, 67.79324340820312, 635.9315185546875, 739.1563720703125]]}