{"labels": [0, 0, 0, 0, 0, 0, 0, 0, 0, 0, 0, 0], "scores": [0.9426457285881042, 0.8705251216888428, 0.8405638933181763, 0.8389483094215393, 0.8241366744041443, 0.782111406326294, 0.5973120331764221, 0.35524001717567444, 0.22618357837200165, 0.1453091949224472, 0.08280801773071289, 0.0515107624232769], "bboxes": [[540.0606079101562, 386.10052490234375, 754.6244506835938, 585.0701293945312], [322.29974365234375, 204.38128662109375, 533.1990356445312, 387.21441650390625], [42.74165344238281, 402.3671875, 307.9261474609375, 595.498291015625], [39.69219970703125, 203.50146484375, 683.697265625, 598.8642578125], [519.196533203125, 87.25607299804688, 777.5162353515625, 382.4028015136719], [409.19464111328125, 214.66441345214844, 648.0968627929688, 491.12188720703125], [164.06829833984375, 231.0475311279297, 447.9407958984375, 500.5567626953125], [208.53927612304688, 203.11692810058594, 628.257568359375, 498.4638671875], [521.602294921875, 88.65354919433594, 780.38037109375, 234.78038024902344], [286.4810791015625, 472.44329833984375, 595.3847045898438, 602.1683959960938], [469.38555908203125, 167.89175415039062, 714.6533813476562, 419.3054504394531], [55.1412353515625, 395.3813781738281, 606.2523803710938, 601.2191772460938]]}