{"labels": [0, 0, 0, 0, 0], "scores": [0.7185349464416504, 0.6931469440460205, 0.11818668991327286, 0.07634205371141434, 0.05732209235429764], "bboxes": [[0.0, 1.005767822265625, 800.0, 370.2146911621094], [5.467315673828125, 0.0, 800.0, 750.431640625], [160.07046508789062, 371.9890441894531, 709.824951171875, 728.6688232421875], [386.66644287109375, 372.3223876953125, 618.8995361328125, 709.0400390625], [181.3934783935547, 392.2677917480469, 357.29052734375, 581.2337036132812]]}