{"labels": [0], "scores": [0.9968016147613525], "bboxes": [[203.48443603515625, 242.71917724609375, 538.2426147460938, 734.2134399414062]]}