{"labels": [0], "scores": [0.9975276589393616], "bboxes": [[219.71946716308594, 16.720947265625, 577.6619873046875, 796.14892578125]]}