{"labels": [0], "scores": [0.9943872690200806], "bboxes": [[15.9034423828125, 87.42880249023438, 792.0592651367188, 736.45751953125]]}