{"labels": [0, 0, 0, 0], "scores": [0.9443835616111755, 0.3519499599933624, 0.08441835641860962, 0.050784192979335785], "bboxes": [[138.87442016601562, 77.81646728515625, 658.20849609375, 787.2429809570312], [382.2315368652344, 331.70025634765625, 588.1580810546875, 562.9559936523438], [304.3318786621094, 274.26983642578125, 613.6839599609375, 757.8344116210938], [176.9636993408203, 696.9904174804688, 603.064208984375, 762.9883422851562]]}