{"labels": [0, 0, 0, 0], "scores": [0.9937525391578674, 0.9923263788223267, 0.9852166175842285, 0.9775447845458984], "bboxes": [[268.4206237792969, 144.51058959960938, 418.0180358886719, 652.482666015625], [419.6613464355469, 137.94317626953125, 570.5352783203125, 654.5855102539062], [99.38713836669922, 143.14930725097656, 240.7899169921875, 651.1788330078125], [571.1096801757812, 138.47569274902344, 717.8814086914062, 647.72265625]]}