{"labels": [0, 0], "scores": [0.9841204285621643, 0.1068064495921135], "bboxes": [[206.3839569091797, 190.7545623779297, 512.37255859375, 786.8017578125], [248.83143615722656, 433.2719421386719, 504.7530212402344, 789.8555297851562]]}