{"labels": [0], "scores": [0.9987454414367676], "bboxes": [[146.91690063476562, 72.62887573242188, 664.4444580078125, 746.900146484375]]}