{"labels": [0], "scores": [0.9871790409088135], "bboxes": [[307.36163330078125, 128.05929565429688, 490.6439208984375, 668.6270751953125]]}