{"labels": [0], "scores": [0.9976403713226318], "bboxes": [[125.67233276367188, 94.02203369140625, 681.6689453125, 745.3002319335938]]}