{"labels": [0], "scores": [0.9976244568824768], "bboxes": [[90.21575927734375, 171.58135986328125, 744.7743530273438, 694.2575073242188]]}