{"labels": [0], "scores": [0.9928563833236694], "bboxes": [[143.70755004882812, 5.991943359375, 658.9295654296875, 788.0845947265625]]}