{"labels": [0, 0, 0, 0, 0], "scores": [0.6119779944419861, 0.4326082468032837, 0.19960589706897736, 0.07435254007577896, 0.06805188953876495], "bboxes": [[51.96441650390625, 102.41067504882812, 710.6781616210938, 748.37109375], [112.46121215820312, 340.4085693359375, 651.1282958984375, 669.5286254882812], [66.916259765625, 348.9303283691406, 660.3945922851562, 512.9271850585938], [28.889495849609375, 85.21759033203125, 784.830810546875, 401.5710754394531], [185.12997436523438, 538.4043579101562, 646.40673828125, 794.2153930664062]]}