{"labels": [0], "scores": [0.997896671295166], "bboxes": [[23.58203125, 121.9039306640625, 762.4644775390625, 655.5239868164062]]}