{"labels": [0], "scores": [0.9993860721588135], "bboxes": [[84.7164306640625, 150.56039428710938, 738.2682495117188, 656.2474365234375]]}