{"labels": [0], "scores": [0.9956520199775696], "bboxes": [[208.3834991455078, 18.004486083984375, 585.6568603515625, 776.6259765625]]}