{"labels": [0], "scores": [0.998099148273468], "bboxes": [[190.4331512451172, 9.65087890625, 608.2250366210938, 792.1589965820312]]}