{"labels": [0, 0], "scores": [0.9952109456062317, 0.18435317277908325], "bboxes": [[121.9112548828125, 38.920989990234375, 638.6292724609375, 770.4375], [118.93701171875, 101.91433715820312, 268.77392578125, 529.6561279296875]]}