{"labels": [0, 0, 0], "scores": [0.9845935702323914, 0.9785714745521545, 0.12100069969892502], "bboxes": [[313.0184631347656, 475.64697265625, 742.8277587890625, 624.612060546875], [279.85028076171875, 397.75238037109375, 766.5095825195312, 452.8350830078125], [428.1889343261719, 150.3116455078125, 619.178955078125, 357.6036682128906]]}