{"labels": [0, 0, 0], "scores": [0.995830237865448, 0.9859657287597656, 0.3998875617980957], "bboxes": [[2.736114501953125, 48.525390625, 772.4654541015625, 764.4866333007812], [409.9314270019531, 513.803955078125, 468.3871154785156, 746.4427490234375], [525.457275390625, 278.8857421875, 791.8863525390625, 741.720947265625]]}