{"labels": [0], "scores": [0.9990023970603943], "bboxes": [[83.8726806640625, 129.81069946289062, 716.0400390625, 741.60986328125]]}