{"labels": [0], "scores": [0.9988415837287903], "bboxes": [[135.6470947265625, 19.445465087890625, 654.1643676757812, 766.1116943359375]]}