{"labels": [0], "scores": [0.9986780285835266], "bboxes": [[13.688140869140625, 171.94085693359375, 775.8857421875, 741.1823120117188]]}