{"labels": [0, 0], "scores": [0.9958269000053406, 0.21436968445777893], "bboxes": [[29.272216796875, 17.162445068359375, 748.8074951171875, 773.56689453125], [29.31109619140625, 259.4318542480469, 546.800537109375, 769.065185546875]]}