{"labels": [0], "scores": [0.9984826445579529], "bboxes": [[137.38577270507812, 91.95632934570312, 667.227294921875, 745.5926513671875]]}