{"labels": [0, 0], "scores": [0.9980759620666504, 0.08576570451259613], "bboxes": [[35.33074951171875, 89.0899658203125, 758.5025634765625, 745.4124145507812], [313.5730285644531, 314.978515625, 424.7435607910156, 460.75372314453125]]}