{"labels": [0, 0, 0, 0, 0, 0, 0, 0, 0, 0, 0, 0], "scores": [0.9585944414138794, 0.9585297703742981, 0.9475224018096924, 0.9324496388435364, 0.8716893196105957, 0.8269791007041931, 0.4512680768966675, 0.3016871511936188, 0.0840681940317154, 0.07366402447223663, 0.059858739376068115, 0.05868469923734665], "bboxes": [[102.93099975585938, 119.886962890625, 213.46112060546875, 774.5265502929688], [193.06683349609375, 80.226806640625, 309.8775634765625, 771.0740356445312], [280.1336975097656, 27.896881103515625, 459.8486633300781, 764.6138916015625], [601.597412109375, 152.22073364257812, 702.72607421875, 746.8302001953125], [512.0470581054688, 130.9083251953125, 629.8350219726562, 750.4041748046875], [435.9384765625, 119.2435302734375, 542.6961669921875, 742.4163208007812], [128.5385284423828, 70.780517578125, 490.04010009765625, 770.5819702148438], [203.82603454589844, 72.570556640625, 316.90850830078125, 251.44912719726562], [348.642822265625, 48.633270263671875, 677.9495849609375, 744.530029296875], [324.33489990234375, 30.291542053222656, 414.3211669921875, 237.2119140625], [90.90962219238281, 111.1600341796875, 315.3292236328125, 782.2146606445312], [418.883544921875, 69.68101501464844, 497.38482666015625, 251.87413024902344]]}