{"labels": [0, 0, 0, 0], "scores": [0.9729872941970825, 0.7407965660095215, 0.286065012216568, 0.16264250874519348], "bboxes": [[75.404541015625, 75.68927001953125, 775.613037109375, 786.3912963867188], [17.893707275390625, 36.17750549316406, 704.06005859375, 509.9764404296875], [355.51739501953125, 423.0766906738281, 753.1259155273438, 716.2567138671875], [0.0, 87.80746459960938, 434.56207275390625, 486.0478210449219]]}