{"labels": [0], "scores": [0.9987646341323853], "bboxes": [[88.51422119140625, 27.72314453125, 719.8229370117188, 755.4545288085938]]}