{"labels": [0, 0, 0, 0, 0, 0, 0, 0, 0, 0], "scores": [0.9826853275299072, 0.9545650482177734, 0.821517825126648, 0.52742600440979, 0.3796733319759369, 0.27801886200904846, 0.12492477148771286, 0.12148704379796982, 0.10874786972999573, 0.09032527357339859], "bboxes": [[225.93331909179688, 411.16925048828125, 792.208740234375, 711.7887573242188], [330.3620300292969, 21.446853637695312, 779.522705078125, 518.9313354492188], [21.625396728515625, 231.77830505371094, 364.3136291503906, 708.9102783203125], [159.18678283691406, 193.26683044433594, 488.4185791015625, 467.6689453125], [93.38729858398438, 143.32977294921875, 775.4486083984375, 646.6083984375], [264.8397521972656, 140.48855590820312, 426.2497863769531, 220.62347412109375], [298.595947265625, 151.68870544433594, 504.49591064453125, 458.41552734375], [335.134521484375, 101.9273681640625, 605.042236328125, 469.7147216796875], [149.45333862304688, 241.32925415039062, 371.1236877441406, 495.7055969238281], [44.32720947265625, 339.14422607421875, 649.1259765625, 708.6616821289062]]}