{"labels": [0, 0], "scores": [0.9869869947433472, 0.054203469306230545], "bboxes": [[225.4396514892578, 219.70614624023438, 574.2941284179688, 724.1719970703125], [260.89117431640625, 686.0399169921875, 535.6962890625, 800.0]]}