{"labels": [0, 0, 0, 0], "scores": [0.9940259456634521, 0.9876595139503479, 0.34418806433677673, 0.3431920111179352], "bboxes": [[30.9501953125, 331.3472900390625, 523.5515747070312, 781.5662841796875], [456.1654357910156, 193.2982940673828, 799.993408203125, 508.21441650390625], [431.746826171875, 408.3255615234375, 595.3533935546875, 616.451416015625], [0.0, 391.20343017578125, 201.917236328125, 527.3380126953125]]}