{"labels": [0], "scores": [0.9972065091133118], "bboxes": [[116.22594451904297, 201.13168334960938, 564.1802368164062, 756.287353515625]]}