{"labels": [0, 0], "scores": [0.9941447377204895, 0.9929361939430237], "bboxes": [[433.24615478515625, 219.00311279296875, 794.4437866210938, 789.6268310546875], [6.476348876953125, 270.989013671875, 468.67724609375, 767.5567626953125]]}