{"labels": [0, 0, 0], "scores": [0.9942967295646667, 0.8225403428077698, 0.2661913335323334], "bboxes": [[163.83999633789062, 268.2986755371094, 647.3619384765625, 798.499755859375], [602.5000610351562, 573.2491455078125, 670.5963745117188, 721.7528076171875], [685.8784790039062, 601.147216796875, 727.2700805664062, 699.2786865234375]]}