{"labels": [0], "scores": [0.9991820454597473], "bboxes": [[27.217681884765625, 271.10235595703125, 768.5130615234375, 528.49951171875]]}