{"labels": [0], "scores": [0.9986335635185242], "bboxes": [[228.44154357910156, 63.608734130859375, 604.712890625, 749.22216796875]]}