{"labels": [0, 0], "scores": [0.9981924891471863, 0.2067061811685562], "bboxes": [[25.683685302734375, 68.72445678710938, 783.7071533203125, 727.7598876953125], [59.17639923095703, 533.4675903320312, 221.4549560546875, 769.8247680664062]]}