{"labels": [0], "scores": [0.9989087581634521], "bboxes": [[22.87750244140625, 12.60345458984375, 783.4061889648438, 800.0]]}