{"labels": [0], "scores": [0.9978976249694824], "bboxes": [[160.76004028320312, 26.83837127685547, 569.0228881835938, 802.946044921875]]}