{"labels": [0], "scores": [0.9958934783935547], "bboxes": [[37.4560546875, 11.10235595703125, 753.3909301757812, 786.1735229492188]]}