{"labels": [0], "scores": [0.9956080317497253], "bboxes": [[271.45611572265625, 120.24404907226562, 524.9984130859375, 674.3277587890625]]}