{"labels": [0, 0, 0, 0], "scores": [0.9671516418457031, 0.520153284072876, 0.1557326763868332, 0.11672480404376984], "bboxes": [[184.4477996826172, 296.01739501953125, 499.96990966796875, 600.7258911132812], [172.62863159179688, 285.43682861328125, 752.2626953125, 646.9312744140625], [7.779510498046875, 1.376251220703125, 777.16796875, 723.407470703125], [426.3092041015625, 449.19927978515625, 743.0703125, 730.2141723632812]]}