{"labels": [0, 0, 0, 0], "scores": [0.9847468137741089, 0.19439885020256042, 0.14259134232997894, 0.11130212992429733], "bboxes": [[98.47647094726562, 138.8160400390625, 728.386474609375, 731.5328369140625], [108.89288330078125, 147.65386962890625, 362.62872314453125, 728.2423706054688], [301.5806579589844, 160.90579223632812, 544.6027221679688, 719.78759765625], [484.3659362792969, 156.8946533203125, 724.5765380859375, 717.5955200195312]]}