{"labels": [0, 0, 0, 0], "scores": [0.9964666366577148, 0.14334702491760254, 0.12612386047840118, 0.07983209192752838], "bboxes": [[126.61515808105469, 121.79446411132812, 426.81390380859375, 624.15576171875], [633.85009765625, 150.2482147216797, 754.199462890625, 315.4127197265625], [602.0438232421875, 338.580078125, 732.590576171875, 532.5241088867188], [568.370849609375, 547.9977416992188, 634.162109375, 670.8554077148438]]}