{"labels": [0, 0, 0], "scores": [0.9971697926521301, 0.7580978870391846, 0.7525772452354431], "bboxes": [[23.603973388671875, 100.14913940429688, 758.5662841796875, 712.174072265625], [22.534568786621094, 110.69280242919922, 214.21035766601562, 289.8063049316406], [200.42242431640625, 121.98468780517578, 328.945556640625, 255.54971313476562]]}