{"labels": [0, 0], "scores": [0.9788655042648315, 0.09800338000059128], "bboxes": [[166.00320434570312, 179.12771606445312, 756.8358154296875, 685.19873046875], [276.59942626953125, 191.63577270507812, 687.56884765625, 513.77587890625]]}