{"labels": [0, 0, 0], "scores": [0.9788938164710999, 0.16110746562480927, 0.07595129311084747], "bboxes": [[291.3182067871094, 152.4464111328125, 677.8868408203125, 775.6185302734375], [10.143142700195312, 359.0909423828125, 317.1923828125, 623.1062622070312], [295.80133056640625, 456.4812316894531, 676.2046508789062, 782.8876953125]]}