{"labels": [0, 0, 0, 0], "scores": [0.9507564902305603, 0.20234377682209015, 0.14901620149612427, 0.07474546879529953], "bboxes": [[27.77996826171875, 117.50079345703125, 787.9285888671875, 735.1212158203125], [292.40887451171875, 120.1439208984375, 756.9413452148438, 520.097900390625], [122.73014831542969, 202.5408477783203, 543.7127075195312, 589.651611328125], [0.0, 383.1595764160156, 544.7542724609375, 732.6790771484375]]}