{"labels": [0], "scores": [0.998784601688385], "bboxes": [[24.09598159790039, 98.4851303100586, 672.0416259765625, 571.8638916015625]]}