{"labels": [0, 0], "scores": [0.967913806438446, 0.6794966459274292], "bboxes": [[20.138763427734375, 3.51165771484375, 797.871337890625, 602.8060913085938], [58.839996337890625, 233.2157440185547, 672.6331787109375, 576.6273803710938]]}