{"labels": [0, 0, 0], "scores": [0.9922129511833191, 0.8461474180221558, 0.09441142529249191], "bboxes": [[12.853013038635254, 0.0, 641.421630859375, 660.5012817382812], [343.91094970703125, 46.92182540893555, 695.532470703125, 629.8822631835938], [3.167480945587158, 71.21747589111328, 361.0706787109375, 653.1431884765625]]}