{"labels": [0, 0], "scores": [0.9963890314102173, 0.25760966539382935], "bboxes": [[10.151763916015625, 296.51275634765625, 793.5106201171875, 769.5624389648438], [11.28472900390625, 416.79779052734375, 559.2616577148438, 730.2002563476562]]}