{"labels": [0], "scores": [0.9988956451416016], "bboxes": [[229.57435607910156, 211.15753173828125, 621.2896118164062, 782.1112060546875]]}