{"labels": [0], "scores": [0.9987449645996094], "bboxes": [[18.757568359375, 203.90374755859375, 788.1494140625, 555.5662231445312]]}