{"labels": [0, 0, 0], "scores": [0.9877523183822632, 0.7027536034584045, 0.05203918367624283], "bboxes": [[13.8681640625, 179.93685913085938, 786.65673828125, 598.2984619140625], [246.9485626220703, 406.3460693359375, 563.6144409179688, 585.0993041992188], [346.12030029296875, 174.0572509765625, 461.0599365234375, 303.03643798828125]]}