{"labels": [0, 0, 0], "scores": [0.9566915035247803, 0.847399115562439, 0.8276932239532471], "bboxes": [[224.18560791015625, 181.94309997558594, 551.1751098632812, 678.8179931640625], [235.826171875, 177.06539916992188, 547.6345825195312, 318.6547546386719], [235.43019104003906, 425.0096740722656, 537.504150390625, 638.5573120117188]]}