{"labels": [0], "scores": [0.9987321496009827], "bboxes": [[84.49020385742188, 0.915313720703125, 672.011962890625, 789.5618896484375]]}