{"labels": [0], "scores": [0.9964659214019775], "bboxes": [[171.3553009033203, 17.95611572265625, 633.3062133789062, 780.70556640625]]}