{"labels": [0, 0, 0, 0, 0], "scores": [0.9926456212997437, 0.16217218339443207, 0.0847150906920433, 0.0736534371972084, 0.07183492183685303], "bboxes": [[0.0, 77.53009033203125, 800.0, 711.0573120117188], [13.370773315429688, 130.62362670898438, 453.58056640625, 309.3887939453125], [264.0589904785156, 459.11077880859375, 800.0, 725.8536987304688], [437.490234375, 34.03822326660156, 797.0762939453125, 393.667236328125], [5.13580322265625, 24.230804443359375, 467.8386535644531, 390.2283935546875]]}