{"labels": [0], "scores": [0.9983054399490356], "bboxes": [[46.975006103515625, 309.19989013671875, 757.11865234375, 564.6985473632812]]}