{"labels": [0], "scores": [0.9995880722999573], "bboxes": [[0.59332275390625, 17.345611572265625, 797.151123046875, 783.340087890625]]}