{"labels": [0, 0, 0, 0, 0, 0, 0, 0, 0, 0, 0, 0, 0, 0, 0, 0], "scores": [0.9261780977249146, 0.8874017596244812, 0.7433571815490723, 0.7268726825714111, 0.5097407698631287, 0.4263598322868347, 0.39811861515045166, 0.3087402880191803, 0.2923634350299835, 0.19899526238441467, 0.1952025443315506, 0.17403998970985413, 0.17155225574970245, 0.07367172837257385, 0.0720449835062027, 0.07128652930259705], "bboxes": [[237.05641174316406, 126.64973449707031, 543.9595336914062, 348.192626953125], [13.122116088867188, 258.13360595703125, 338.14703369140625, 479.9266357421875], [53.3221435546875, 436.2513732910156, 343.98040771484375, 655.54833984375], [468.0527648925781, 102.95899963378906, 743.7579345703125, 378.09600830078125], [56.836334228515625, 394.82171630859375, 730.5067138671875, 690.5238647460938], [249.3673095703125, 439.532470703125, 516.5332641601562, 663.0328369140625], [539.1432495117188, 457.25115966796875, 655.3364868164062, 529.6740112304688], [471.8314208984375, 372.33148193359375, 721.593505859375, 531.0676879882812], [80.96263885498047, 307.66510009765625, 309.0599060058594, 431.53466796875], [646.071044921875, 463.73065185546875, 723.0574951171875, 518.4205932617188], [9.940948486328125, 111.40853881835938, 795.6956787109375, 717.210205078125], [180.87176513671875, 102.77702331542969, 735.1394653320312, 393.47369384765625], [101.14176177978516, 200.34552001953125, 205.07980346679688, 270.4541931152344], [9.81982421875, 179.06076049804688, 411.2449951171875, 591.628662109375], [157.55203247070312, 313.9241638183594, 298.9223327636719, 413.4642028808594], [517.103515625, 417.25341796875, 686.796630859375, 530.2432250976562]]}