{"labels": [0, 0, 0], "scores": [0.9969857335090637, 0.9750233888626099, 0.19452621042728424], "bboxes": [[223.2543487548828, 227.81056213378906, 554.8565063476562, 545.4485473632812], [227.47454833984375, 344.0144958496094, 735.2858276367188, 749.87158203125], [181.7191619873047, 484.70892333984375, 572.9231567382812, 754.2015991210938]]}