{"labels": [0], "scores": [0.9989674091339111], "bboxes": [[0.0, 138.74746704101562, 799.7805786132812, 757.291259765625]]}