{"labels": [0], "scores": [0.9973867535591125], "bboxes": [[185.29959106445312, 48.86395263671875, 596.87939453125, 756.7791137695312]]}