{"labels": [0], "scores": [0.9982806444168091], "bboxes": [[7.798309326171875, 116.93466186523438, 793.3170166015625, 731.6912841796875]]}