{"labels": [0], "scores": [0.9878243207931519], "bboxes": [[88.410888671875, 45.51702880859375, 715.4047241210938, 800.0]]}