{"labels": [0, 0], "scores": [0.9955853223800659, 0.06626037508249283], "bboxes": [[100.29975891113281, 33.825767517089844, 555.7922973632812, 706.8587036132812], [9.66731071472168, 18.339725494384766, 365.6612548828125, 708.746826171875]]}