{"labels": [0, 0], "scores": [0.9851519465446472, 0.973379373550415], "bboxes": [[120.66641235351562, 10.490325927734375, 509.4208068847656, 787.74365234375], [271.2330627441406, 9.5416259765625, 680.3939208984375, 790.9790649414062]]}