{"labels": [0], "scores": [0.9996888637542725], "bboxes": [[20.907135009765625, 13.645416259765625, 785.4517822265625, 754.2734375]]}