{"labels": [0, 0], "scores": [0.9980044960975647, 0.06413349509239197], "bboxes": [[30.341388702392578, 10.03256607055664, 645.7879028320312, 730.8192749023438], [152.05166625976562, 583.5848999023438, 385.4622802734375, 883.7782592773438]]}