{"labels": [0, 0, 0, 0, 0, 0, 0, 0], "scores": [0.9900055527687073, 0.9868069291114807, 0.981700599193573, 0.8809987902641296, 0.352119117975235, 0.3378450870513916, 0.2644784450531006, 0.07409405708312988], "bboxes": [[222.48345947265625, 77.93936157226562, 397.95660400390625, 747.65380859375], [42.05145263671875, 73.66827392578125, 224.53512573242188, 752.2861938476562], [370.6626281738281, 63.60247802734375, 561.2764282226562, 768.8556518554688], [531.2138061523438, 59.0672607421875, 738.1251831054688, 763.794189453125], [566.1588134765625, 331.1023864746094, 721.9049072265625, 753.6707763671875], [533.1690063476562, 57.2139892578125, 738.8445434570312, 395.43731689453125], [88.49264526367188, 68.57925415039062, 569.588134765625, 756.1748046875], [218.91513061523438, 78.08302307128906, 408.2087097167969, 405.55462646484375]]}