{"labels": [0, 0, 0, 0, 0], "scores": [0.9497167468070984, 0.157296285033226, 0.12168815732002258, 0.07416216284036636, 0.056782837957143784], "bboxes": [[53.01435089111328, 44.95429992675781, 658.4328002929688, 866.0587158203125], [64.30520629882812, 59.89251708984375, 657.0603637695312, 447.6873779296875], [518.4996337890625, 275.47320556640625, 652.612548828125, 395.2313537597656], [129.28367614746094, 481.9464111328125, 627.2841796875, 880.429443359375], [72.99958801269531, 297.4923095703125, 167.1169891357422, 389.3050842285156]]}