{"labels": [0, 0], "scores": [0.9957438111305237, 0.08512532711029053], "bboxes": [[63.87225341796875, 100.69131469726562, 775.25390625, 793.099853515625], [9.628753662109375, 167.08682250976562, 371.1170654296875, 733.2535400390625]]}