{"labels": [0, 0], "scores": [0.9944202303886414, 0.11638794839382172], "bboxes": [[101.86541748046875, 317.1571044921875, 623.0860595703125, 739.6732177734375], [337.8321533203125, 347.55718994140625, 634.6539306640625, 752.8551635742188]]}