{"labels": [0, 0, 0, 0, 0, 0], "scores": [0.9942574501037598, 0.992705762386322, 0.8961874842643738, 0.6614904999732971, 0.6112654209136963, 0.07316939532756805], "bboxes": [[145.87278747558594, 21.590072631835938, 498.682373046875, 372.94110107421875], [395.78857421875, 170.3361053466797, 796.9041748046875, 584.2390747070312], [0.0, 218.49913024902344, 445.46636962890625, 652.32666015625], [248.65728759765625, 455.12451171875, 707.4765014648438, 746.1578369140625], [55.2216796875, 206.53805541992188, 730.3876953125, 737.9151611328125], [49.30364990234375, 93.91984558105469, 574.5025024414062, 438.874755859375]]}