{"labels": [0, 0, 0, 0, 0, 0, 0], "scores": [0.9980611205101013, 0.8272038698196411, 0.7308284044265747, 0.4861224889755249, 0.4461631774902344, 0.2954369783401489, 0.07358492165803909], "bboxes": [[98.8553466796875, 255.54049682617188, 717.025390625, 603.918701171875], [445.0234680175781, 34.33758544921875, 758.134033203125, 558.5587158203125], [209.4085235595703, 71.97737121582031, 487.512939453125, 364.0933837890625], [126.40776062011719, 47.35816955566406, 542.804443359375, 538.6707763671875], [407.88653564453125, 27.03356170654297, 580.967041015625, 265.54180908203125], [60.856529235839844, 88.09407043457031, 280.0521545410156, 551.6084594726562], [450.5262145996094, 35.77044677734375, 650.3837890625, 387.2841491699219]]}