{"labels": [0, 0, 0], "scores": [0.9943501353263855, 0.9764044284820557, 0.6956467628479004], "bboxes": [[49.624664306640625, 133.79196166992188, 425.36016845703125, 757.1162109375], [469.06878662109375, 127.18182373046875, 767.7808227539062, 763.424072265625], [305.5693054199219, 205.96279907226562, 559.5086059570312, 773.074951171875]]}