{"labels": [0], "scores": [0.9969485402107239], "bboxes": [[178.7566375732422, 222.59271240234375, 630.8338012695312, 699.1439208984375]]}