{"labels": [0, 0, 0, 0], "scores": [0.9905015230178833, 0.971097469329834, 0.1040828749537468, 0.08211863785982132], "bboxes": [[447.1667785644531, 77.56317138671875, 589.1417236328125, 740.732421875], [49.01190185546875, 76.408203125, 723.429931640625, 743.3561401367188], [423.4700622558594, 56.99688720703125, 712.5592041015625, 764.3832397460938], [37.953765869140625, 408.51824951171875, 728.8170166015625, 716.3560180664062]]}