{"labels": [0, 0], "scores": [0.9959710240364075, 0.05874459072947502], "bboxes": [[37.264068603515625, 319.8121032714844, 757.133544921875, 768.014404296875], [251.9812774658203, 107.8073959350586, 288.7392883300781, 147.53460693359375]]}