{"labels": [0], "scores": [0.9831377267837524], "bboxes": [[284.6351013183594, 86.26092529296875, 510.3633117675781, 697.1296997070312]]}