{"labels": [0], "scores": [0.9993333220481873], "bboxes": [[38.35491943359375, 304.28814697265625, 778.3475952148438, 507.4969482421875]]}