{"labels": [0, 0, 0, 0], "scores": [0.9877358078956604, 0.9794701933860779, 0.5679234862327576, 0.11072546988725662], "bboxes": [[0.0, 15.111907958984375, 533.427978515625, 775.8349609375], [297.8026428222656, 96.571044921875, 794.9212646484375, 785.5536499023438], [215.84669494628906, 364.2896728515625, 626.3349609375, 790.319091796875], [159.45059204101562, 94.40097045898438, 635.1217041015625, 640.6092529296875]]}