{"labels": [0, 0, 0, 0], "scores": [0.9974309802055359, 0.7549525499343872, 0.20598718523979187, 0.1973203867673874], "bboxes": [[186.32508850097656, 74.58109283447266, 520.039794921875, 705.301025390625], [91.8908462524414, 712.400146484375, 299.5010681152344, 824.6915893554688], [95.40371704101562, 705.7509765625, 437.6724548339844, 883.6422119140625], [384.0003967285156, 315.5777587890625, 700.0, 896.0]]}