{"labels": [0], "scores": [0.9995288848876953], "bboxes": [[82.84652709960938, 47.696868896484375, 712.31494140625, 787.6317138671875]]}