{"labels": [0], "scores": [0.9987320303916931], "bboxes": [[29.18670654296875, 154.54238891601562, 778.5641479492188, 690.8358154296875]]}