{"labels": [0, 0], "scores": [0.9868185520172119, 0.18909573554992676], "bboxes": [[116.15451049804688, 173.240478515625, 713.9727783203125, 706.9519653320312], [376.4867858886719, 0.0, 784.282470703125, 477.2630310058594]]}