{"labels": [0], "scores": [0.9983670115470886], "bboxes": [[22.42083740234375, 280.80718994140625, 785.2118530273438, 531.435302734375]]}