{"labels": [0, 0, 0], "scores": [0.9659985899925232, 0.9271556735038757, 0.05946024879813194], "bboxes": [[147.25509643554688, 44.61224365234375, 758.6036376953125, 670.7994995117188], [132.2108154296875, 288.43035888671875, 465.02642822265625, 646.5738525390625], [434.1003112792969, 528.4994506835938, 552.3062744140625, 656.2672729492188]]}