{"labels": [0], "scores": [0.9983868598937988], "bboxes": [[82.15206909179688, 303.8370056152344, 747.266845703125, 583.290283203125]]}