{"labels": [0, 0, 0], "scores": [0.9918545484542847, 0.29085296392440796, 0.058528345078229904], "bboxes": [[86.27301025390625, 176.1058349609375, 796.6976318359375, 755.267822265625], [32.45057678222656, 384.57940673828125, 274.07672119140625, 567.9695434570312], [10.71405029296875, 353.4503479003906, 347.16143798828125, 628.76513671875]]}