{"labels": [0], "scores": [0.9900499582290649], "bboxes": [[291.40264892578125, 36.0748291015625, 512.9424438476562, 752.4940185546875]]}