{"labels": [0, 0, 0, 0, 0, 0, 0, 0, 0, 0, 0], "scores": [0.9664663672447205, 0.9514679908752441, 0.8644305467605591, 0.7811483144760132, 0.7737686038017273, 0.35712891817092896, 0.1628749519586563, 0.14862394332885742, 0.09743981063365936, 0.09032420068979263, 0.06960338354110718], "bboxes": [[133.74908447265625, 19.60211181640625, 678.9957885742188, 736.5473022460938], [215.55711364746094, 533.7273559570312, 557.772705078125, 576.8695678710938], [228.1038055419922, 475.4470520019531, 551.6277465820312, 516.5118408203125], [0.0, 45.269134521484375, 214.86813354492188, 735.5960693359375], [219.9417724609375, 593.922119140625, 555.6104125976562, 635.2081298828125], [224.66653442382812, 416.392822265625, 557.3551025390625, 457.13092041015625], [226.93270874023438, 356.5614929199219, 554.7720947265625, 402.9518127441406], [227.80023193359375, 302.537109375, 563.1561889648438, 343.94091796875], [227.76202392578125, 195.9892578125, 560.8236694335938, 238.7479248046875], [228.9366912841797, 239.85330200195312, 552.0244140625, 294.2966613769531], [225.39671325683594, 137.62802124023438, 553.9610595703125, 185.28231811523438]]}