{"labels": [0, 0, 0, 0], "scores": [0.9862346053123474, 0.7932386994361877, 0.2620812654495239, 0.0830610916018486], "bboxes": [[232.53758239746094, 131.34625244140625, 594.7702026367188, 756.5814208984375], [450.58123779296875, 150.9708709716797, 597.4931030273438, 223.78321838378906], [217.93865966796875, 1.72509765625, 449.1734619140625, 717.2415771484375], [414.1826171875, 144.6964111328125, 434.4530029296875, 213.14218139648438]]}