{"labels": [0, 0], "scores": [0.9828028082847595, 0.71085524559021], "bboxes": [[22.25445556640625, 373.8118896484375, 783.6068115234375, 624.08447265625], [2.376953125, 136.73779296875, 786.5643920898438, 627.0590209960938]]}