{"labels": [0], "scores": [0.9996719360351562], "bboxes": [[0.0, 50.86148452758789, 700.0, 896.0]]}