{"labels": [0], "scores": [0.9977704286575317], "bboxes": [[82.17425537109375, 57.839813232421875, 734.677001953125, 797.6954345703125]]}