{"labels": [0, 0], "scores": [0.9951313734054565, 0.07253281772136688], "bboxes": [[47.90117645263672, 147.78941345214844, 665.8286743164062, 856.178955078125], [48.13536071777344, 449.7833251953125, 597.3468627929688, 884.424072265625]]}