{"labels": [0, 0], "scores": [0.984066367149353, 0.807659924030304], "bboxes": [[121.3482666015625, 5.81488037109375, 566.3936767578125, 797.6287841796875], [544.8823852539062, 287.60589599609375, 752.4113159179688, 619.1165161132812]]}