{"labels": [0, 0, 0, 0, 0, 0], "scores": [0.9967557787895203, 0.992237389087677, 0.973708987236023, 0.9702935814857483, 0.9673830270767212, 0.45471906661987305], "bboxes": [[161.95506286621094, 179.3622283935547, 364.27105712890625, 683.1693115234375], [271.5939025878906, 223.76730346679688, 510.5224304199219, 771.0616455078125], [538.6978149414062, 185.10089111328125, 752.6912231445312, 645.4378051757812], [37.857200622558594, 193.4883270263672, 237.83853149414062, 594.6536865234375], [438.1031799316406, 193.26632690429688, 678.0812377929688, 681.5206298828125], [379.2452087402344, 221.59521484375, 595.7763061523438, 709.5338745117188]]}