{"labels": [0, 0, 0, 0, 0, 0], "scores": [0.9645451903343201, 0.9480426907539368, 0.8312504291534424, 0.3219250738620758, 0.12963739037513733, 0.08942373096942902], "bboxes": [[174.9082794189453, 156.78369140625, 461.7574462890625, 483.0177001953125], [427.6005859375, 162.96743774414062, 777.467529296875, 530.0535888671875], [14.987144470214844, 292.5032958984375, 268.6601257324219, 620.1190795898438], [35.533172607421875, 154.4373321533203, 786.1533203125, 629.5072631835938], [27.783981323242188, 268.12847900390625, 470.70257568359375, 628.9945678710938], [270.6268005371094, 398.19549560546875, 678.7928466796875, 636.2821655273438]]}