{"labels": [0, 0], "scores": [0.9574429988861084, 0.13019268214702606], "bboxes": [[135.00027465820312, 32.071678161621094, 474.24676513671875, 674.4248657226562], [219.77566528320312, 60.673683166503906, 693.7726440429688, 682.0079956054688]]}