{"labels": [0, 0, 0], "scores": [0.9525923132896423, 0.9357206225395203, 0.3212854862213135], "bboxes": [[0.9612884521484375, 73.39129638671875, 434.36785888671875, 653.3941650390625], [396.22149658203125, 181.66375732421875, 786.7550659179688, 697.610107421875], [5.365814208984375, 82.86679077148438, 782.9583740234375, 715.732421875]]}