{"labels": [0, 0, 0, 0], "scores": [0.9983798265457153, 0.9854381084442139, 0.18654687702655792, 0.058880701661109924], "bboxes": [[110.8826904296875, 173.79537963867188, 484.14910888671875, 800.0], [427.77447509765625, 228.60894775390625, 719.0261840820312, 800.0], [141.55267333984375, 586.4669799804688, 414.46527099609375, 800.0], [448.2833251953125, 233.4728240966797, 715.8563232421875, 490.48138427734375]]}