{"labels": [0, 0, 0, 0, 0, 0], "scores": [0.9692384004592896, 0.9310992956161499, 0.8934097290039062, 0.14063811302185059, 0.07844792306423187, 0.0560140423476696], "bboxes": [[247.6267547607422, 106.7659912109375, 593.5269775390625, 767.9530639648438], [428.0130310058594, 28.589385986328125, 772.1895751953125, 740.1807861328125], [18.602462768554688, 55.7607421875, 374.86834716796875, 688.469970703125], [77.71147155761719, 205.1207733154297, 269.37933349609375, 701.6057739257812], [543.233154296875, 128.69363403320312, 708.412109375, 715.7301025390625], [266.9898376464844, 567.603271484375, 542.834716796875, 759.08837890625]]}