{"labels": [0], "scores": [0.9913501739501953], "bboxes": [[304.2841491699219, 121.90267944335938, 794.5770263671875, 782.8106689453125]]}