{"labels": [0], "scores": [0.9984837174415588], "bboxes": [[10.31854248046875, 310.7626037597656, 794.9773559570312, 632.255615234375]]}