{"labels": [0, 0, 0, 0, 0, 0, 0], "scores": [0.995919942855835, 0.9909417033195496, 0.9852656722068787, 0.9791752696037292, 0.24993066489696503, 0.1278718262910843, 0.050120752304792404], "bboxes": [[253.11805725097656, 232.45724487304688, 655.5549926757812, 543.0313720703125], [34.84684753417969, 324.2274475097656, 154.8938751220703, 432.3591003417969], [58.85234069824219, 391.14508056640625, 217.6202850341797, 529.224853515625], [627.408935546875, 272.6899108886719, 766.3001708984375, 395.3197937011719], [522.612060546875, 329.06072998046875, 657.1224365234375, 463.7745361328125], [275.071044921875, 238.75778198242188, 441.99188232421875, 383.1020202636719], [490.131103515625, 381.69219970703125, 646.6610107421875, 518.76171875]]}