{"labels": [0], "scores": [0.9961420893669128], "bboxes": [[195.71681213378906, 19.438446044921875, 588.0169677734375, 800.0]]}