{"labels": [0], "scores": [0.9993839263916016], "bboxes": [[51.8419189453125, 81.073974609375, 745.37060546875, 736.7233276367188]]}