{"labels": [0, 0], "scores": [0.990998387336731, 0.21504145860671997], "bboxes": [[34.125091552734375, 42.753143310546875, 794.1572265625, 682.775390625], [239.29920959472656, 383.3653259277344, 719.9904174804688, 662.9735107421875]]}