{"labels": [0, 0], "scores": [0.9814954400062561, 0.9431735277175903], "bboxes": [[0.174102783203125, 130.2681884765625, 718.261962890625, 660.6979370117188], [170.936767578125, 323.68414306640625, 720.1858520507812, 681.1467895507812]]}