{"labels": [0], "scores": [0.9909607768058777], "bboxes": [[11.336822509765625, 21.905303955078125, 703.848388671875, 792.012939453125]]}