{"labels": [0, 0, 0, 0, 0], "scores": [0.9937855005264282, 0.9816932678222656, 0.20605018734931946, 0.15145361423492432, 0.1033230796456337], "bboxes": [[109.98141479492188, 233.54458618164062, 441.2367858886719, 793.650634765625], [479.2735900878906, 161.36166381835938, 696.7235107421875, 496.3175964355469], [421.3966369628906, 460.6173095703125, 542.166015625, 699.0137939453125], [160.79315185546875, 9.616180419921875, 396.2227783203125, 178.12315368652344], [518.1593017578125, 3.8970947265625, 663.47021484375, 98.82758331298828]]}