{"labels": [0], "scores": [0.9992565512657166], "bboxes": [[4.947723388671875, 132.77529907226562, 796.2254638671875, 709.994384765625]]}