{"labels": [0], "scores": [0.998322069644928], "bboxes": [[182.072021484375, 20.27276611328125, 616.6888427734375, 790.8350219726562]]}