{"labels": [0, 0], "scores": [0.9932175278663635, 0.3994602560997009], "bboxes": [[203.95144653320312, 265.1857604980469, 601.2896728515625, 744.77734375], [214.8309326171875, 317.99169921875, 357.9312744140625, 587.661865234375]]}