{"labels": [0, 0, 0, 0, 0], "scores": [0.9865294694900513, 0.7303995490074158, 0.0846099779009819, 0.0630941241979599, 0.058519408106803894], "bboxes": [[11.195465087890625, 214.69927978515625, 790.62353515625, 768.8826904296875], [115.12841796875, 178.66552734375, 229.84603881835938, 322.5250549316406], [215.8895263671875, 160.13174438476562, 488.75665283203125, 687.416259765625], [19.762771606445312, 391.6885986328125, 483.167724609375, 758.5797119140625], [240.31585693359375, 158.27740478515625, 465.390625, 471.8199462890625]]}