{"labels": [0, 0, 0], "scores": [0.998615026473999, 0.2661687135696411, 0.23441077768802643], "bboxes": [[37.61528015136719, 190.3284149169922, 598.571533203125, 753.4097900390625], [218.1099853515625, 729.2415161132812, 501.4468994140625, 895.4637451171875], [1.157987117767334, 454.679931640625, 75.8896255493164, 611.916748046875]]}