{"labels": [0, 0, 0, 0, 0, 0, 0, 0, 0, 0, 0, 0, 0], "scores": [0.9874146580696106, 0.9478440880775452, 0.9397276043891907, 0.9127818942070007, 0.8798069357872009, 0.827687680721283, 0.20624884963035583, 0.1786094754934311, 0.07873516529798508, 0.07445385307073593, 0.06631261110305786, 0.0655452311038971, 0.06178116798400879], "bboxes": [[332.6524658203125, 114.81144714355469, 668.260498046875, 372.49365234375], [658.1910400390625, 42.323707580566406, 798.6798095703125, 293.4189453125], [83.42646789550781, 78.6824951171875, 384.81951904296875, 359.6942443847656], [182.66259765625, 294.49359130859375, 726.7191772460938, 683.6519165039062], [371.1087646484375, 5.851051330566406, 697.5762939453125, 210.6280517578125], [16.323287963867188, 204.73782348632812, 358.57086181640625, 578.93798828125], [27.870391845703125, 210.09576416015625, 583.989990234375, 663.2962646484375], [576.713623046875, 215.82711791992188, 797.7354736328125, 672.455078125], [16.49847412109375, 37.25201416015625, 755.7174682617188, 426.57891845703125], [20.39659881591797, 116.6063232421875, 138.64935302734375, 237.6300048828125], [622.5848999023438, 0.0, 797.5368041992188, 60.09662628173828], [128.86009216308594, 0.0, 619.100830078125, 209.05905151367188], [664.5864868164062, 124.52841186523438, 798.8718872070312, 406.8204650878906]]}