{"labels": [0, 0, 0, 0], "scores": [0.9762845635414124, 0.8652622103691101, 0.40364542603492737, 0.15230973064899445], "bboxes": [[287.23883056640625, 264.3288879394531, 748.1774291992188, 660.73828125], [91.52664184570312, 150.65606689453125, 376.0905456542969, 522.2648315429688], [0.0, 110.17794799804688, 169.2776641845703, 506.3278503417969], [34.37811279296875, 167.50363159179688, 770.25927734375, 687.8321533203125]]}