{"labels": [0], "scores": [0.9973593354225159], "bboxes": [[0.0, 0.0, 646.0955810546875, 549.6203002929688]]}