{"labels": [0], "scores": [0.9971357583999634], "bboxes": [[126.77413177490234, 49.48529815673828, 530.1420288085938, 843.856689453125]]}