{"labels": [0, 0, 0], "scores": [0.9888187050819397, 0.9689851403236389, 0.6402239799499512], "bboxes": [[156.83177185058594, 368.38714599609375, 599.5869140625, 783.7545776367188], [142.3490447998047, 3.5403289794921875, 602.9766235351562, 413.7525634765625], [148.70948791503906, 68.468017578125, 617.2523193359375, 738.6580810546875]]}