{"labels": [0], "scores": [0.9957297444343567], "bboxes": [[0.0, 132.58172607421875, 800.0, 665.074462890625]]}