{"labels": [0], "scores": [0.9982506632804871], "bboxes": [[184.77296447753906, 81.46063232421875, 636.8646240234375, 759.1424560546875]]}