{"labels": [0, 0], "scores": [0.9946883916854858, 0.993482768535614], "bboxes": [[0.552886962890625, 194.91278076171875, 587.8919677734375, 794.9855346679688], [231.23611450195312, 0.127532958984375, 791.0894775390625, 590.4637451171875]]}