{"labels": [0, 0, 0], "scores": [0.9865346550941467, 0.9729225039482117, 0.9383418560028076], "bboxes": [[153.13670349121094, 106.76185607910156, 429.3946533203125, 379.066162109375], [420.806884765625, 103.47821044921875, 685.6187744140625, 378.83782958984375], [65.56875610351562, 302.255126953125, 743.4481201171875, 711.7590942382812]]}