{"labels": [0], "scores": [0.9990338087081909], "bboxes": [[189.78857421875, 45.223388671875, 619.8225708007812, 783.24462890625]]}