{"labels": [0], "scores": [0.9989185333251953], "bboxes": [[50.821044921875, 262.19970703125, 746.5234375, 599.1911010742188]]}