{"labels": [0, 0, 0, 0], "scores": [0.9900726079940796, 0.2794952094554901, 0.0691835880279541, 0.0561075434088707], "bboxes": [[35.240753173828125, 224.44418334960938, 683.99072265625, 722.57080078125], [22.754432678222656, 333.4245300292969, 247.0328369140625, 657.711669921875], [138.8089599609375, 173.0295867919922, 777.9998779296875, 577.4487915039062], [473.3971862792969, 166.3485107421875, 743.6011962890625, 401.939697265625]]}