{"labels": [0], "scores": [0.9988982677459717], "bboxes": [[94.55477905273438, 60.419769287109375, 631.0518798828125, 735.2978515625]]}