{"labels": [0, 0, 0, 0, 0, 0, 0], "scores": [0.961150586605072, 0.23561055958271027, 0.20522893965244293, 0.14486996829509735, 0.1354237049818039, 0.12251866608858109, 0.0670798048377037], "bboxes": [[239.19036865234375, 14.800178527832031, 593.2086181640625, 631.219970703125], [130.4716339111328, 567.6452026367188, 596.38330078125, 892.1783447265625], [25.026714324951172, 122.47489929199219, 606.07666015625, 885.5701904296875], [0.28148841857910156, 481.6321716308594, 272.49810791015625, 679.4148559570312], [0.0, 467.86572265625, 321.07550048828125, 896.0], [10.439773559570312, 27.707977294921875, 63.48896789550781, 214.01785278320312], [118.42054748535156, 46.664066314697266, 161.509765625, 213.07272338867188]]}