{"labels": [0], "scores": [0.9982101917266846], "bboxes": [[252.8606719970703, 71.83062744140625, 545.9579467773438, 729.9488525390625]]}