{"labels": [0, 0], "scores": [0.9928514957427979, 0.09539896249771118], "bboxes": [[154.01309204101562, 324.7742919921875, 629.3509521484375, 731.9088134765625], [18.442230224609375, 13.813873291015625, 558.8486328125, 590.3726806640625]]}