{"labels": [0, 0], "scores": [0.9904553294181824, 0.9872057437896729], "bboxes": [[201.03289794921875, 236.6752471923828, 761.8597412109375, 663.2456665039062], [17.762359619140625, 293.68060302734375, 595.998046875, 743.3735961914062]]}