{"labels": [0], "scores": [0.9941636919975281], "bboxes": [[138.3271484375, 20.779647827148438, 568.435546875, 814.0244750976562]]}