{"labels": [0], "scores": [0.9971548318862915], "bboxes": [[155.63186645507812, 105.93704223632812, 566.6756591796875, 656.8602294921875]]}