{"labels": [0, 0], "scores": [0.9930474162101746, 0.28034648299217224], "bboxes": [[49.60601806640625, 10.503204345703125, 799.673828125, 739.5799560546875], [612.2134399414062, 305.68634033203125, 781.7920532226562, 431.14434814453125]]}