{"labels": [0], "scores": [0.9995177984237671], "bboxes": [[20.68381118774414, 175.1953582763672, 699.6348876953125, 881.8582763671875]]}