{"labels": [0], "scores": [0.9960511326789856], "bboxes": [[263.2553405761719, 61.542694091796875, 523.0322265625, 747.7552490234375]]}