{"labels": [0, 0], "scores": [0.998284637928009, 0.8237110376358032], "bboxes": [[90.44680786132812, 33.549560546875, 730.266357421875, 766.3562622070312], [103.1336669921875, 56.026885986328125, 398.94012451171875, 560.3885498046875]]}