{"labels": [0, 0, 0], "scores": [0.9395928382873535, 0.30588024854660034, 0.10431750863790512], "bboxes": [[340.3160095214844, 467.67401123046875, 542.5859375, 772.7023315429688], [292.59820556640625, 175.01107788085938, 548.9981079101562, 496.1520080566406], [305.3270263671875, 241.7115478515625, 554.6357421875, 758.57861328125]]}