{"labels": [0], "scores": [0.9987916350364685], "bboxes": [[55.88079833984375, 44.9134521484375, 740.3316650390625, 766.7401123046875]]}