{"labels": [0, 0], "scores": [0.8619582653045654, 0.688055157661438], "bboxes": [[61.062042236328125, 205.52687072753906, 727.7789306640625, 395.4185791015625], [0.0, 210.25271606445312, 800.0, 720.09423828125]]}