{"labels": [0], "scores": [0.9981216788291931], "bboxes": [[48.27728271484375, 132.70599365234375, 751.6226196289062, 670.3177490234375]]}