{"labels": [0, 0, 0], "scores": [0.9561878442764282, 0.33511629700660706, 0.0679895356297493], "bboxes": [[117.8046875, 209.38394165039062, 542.7039794921875, 692.6098022460938], [174.22116088867188, 386.48248291015625, 584.3480224609375, 896.0], [196.1541290283203, 625.9540405273438, 535.3319091796875, 896.0]]}