{"labels": [0, 0, 0, 0, 0, 0], "scores": [0.9850917458534241, 0.9830307960510254, 0.8876886367797852, 0.22154134511947632, 0.17513301968574524, 0.11452805995941162], "bboxes": [[50.07759094238281, 166.19650268554688, 359.59686279296875, 725.088623046875], [243.1330108642578, 370.63592529296875, 524.3705444335938, 767.4691772460938], [423.60540771484375, 246.11366271972656, 744.0376586914062, 716.6422729492188], [488.4195556640625, 59.80780792236328, 620.292236328125, 313.026123046875], [286.1556396484375, 108.98706817626953, 302.52105712890625, 122.12578582763672], [121.94456481933594, 302.752685546875, 445.9544677734375, 759.860107421875]]}