{"labels": [0, 0, 0, 0, 0, 0, 0], "scores": [0.9216746687889099, 0.7637084722518921, 0.6412191987037659, 0.57993483543396, 0.26903608441352844, 0.12515541911125183, 0.06665606051683426], "bboxes": [[506.1461181640625, 245.0679473876953, 684.638427734375, 566.198974609375], [71.04133605957031, 251.2124786376953, 225.2062225341797, 549.083251953125], [219.95486450195312, 129.60130310058594, 517.7509765625, 570.8710327148438], [507.9765319824219, 195.2917938232422, 602.978515625, 535.3607177734375], [57.776336669921875, 118.46086120605469, 651.3404541015625, 592.1583862304688], [253.9253387451172, 446.5911560058594, 367.57403564453125, 560.6868896484375], [74.70304870605469, 141.63232421875, 360.83831787109375, 554.8335571289062]]}