{"labels": [0, 0], "scores": [0.9813392758369446, 0.06774532049894333], "bboxes": [[253.5160675048828, 342.3843994140625, 545.112060546875, 731.1611328125], [190.5487518310547, 73.9600830078125, 592.3549194335938, 753.2728271484375]]}