{"labels": [0, 0, 0, 0, 0, 0, 0], "scores": [0.9040122628211975, 0.8933221101760864, 0.817144513130188, 0.6274596452713013, 0.13238660991191864, 0.0668865442276001, 0.05619114637374878], "bboxes": [[395.97125244140625, 470.55914306640625, 800.0, 719.2088012695312], [147.9671630859375, 256.0928649902344, 420.16644287109375, 482.2631530761719], [0.17243194580078125, 232.4665069580078, 178.90567016601562, 486.76318359375], [397.7322692871094, 213.1749267578125, 554.281982421875, 448.54412841796875], [240.16372680664062, 214.15582275390625, 539.9642333984375, 465.41131591796875], [0.063629150390625, 426.5622863769531, 786.739013671875, 785.3316650390625], [149.71566772460938, 208.55548095703125, 253.8551025390625, 436.9830322265625]]}