{"labels": [0, 0, 0, 0, 0], "scores": [0.9679152369499207, 0.9418834447860718, 0.17018912732601166, 0.10954899340867996, 0.08388546109199524], "bboxes": [[0.0, 0.0, 782.552978515625, 800.0], [642.08349609375, 626.1339721679688, 727.3734130859375, 716.6802368164062], [34.27317810058594, 52.53028869628906, 303.53375244140625, 422.33599853515625], [342.83184814453125, 238.30174255371094, 432.74261474609375, 387.41424560546875], [18.23828125, 339.2207336425781, 663.3964233398438, 795.04931640625]]}