{"labels": [0, 0], "scores": [0.995931088924408, 0.09032582491636276], "bboxes": [[247.58041381835938, 241.72415161132812, 603.370361328125, 730.2994384765625], [2.278961181640625, 50.037445068359375, 631.4410400390625, 800.0]]}