{"labels": [0], "scores": [0.995425283908844], "bboxes": [[200.9349365234375, 19.680511474609375, 594.3636474609375, 791.5313720703125]]}