{"labels": [0, 0], "scores": [0.9924176931381226, 0.9492430686950684], "bboxes": [[276.0498046875, 270.32354736328125, 633.4287719726562, 749.5098876953125], [124.90897369384766, 259.78448486328125, 478.3432312011719, 734.6390380859375]]}