{"labels": [0, 0, 0], "scores": [0.9824792146682739, 0.9777656197547913, 0.8833310604095459], "bboxes": [[34.39958190917969, 201.06663513183594, 227.38368225097656, 698.4893188476562], [111.99139404296875, 128.10052490234375, 785.66162109375, 686.4248046875], [220.2856903076172, 190.09767150878906, 344.0421142578125, 502.1845703125]]}