{"labels": [0], "scores": [0.9975622892379761], "bboxes": [[24.25103759765625, 135.90560913085938, 787.8761596679688, 668.3531494140625]]}