{"labels": [0, 0], "scores": [0.998219907283783, 0.9970036149024963], "bboxes": [[138.12881469726562, 325.06622314453125, 660.6905517578125, 748.9369506835938], [140.490966796875, 129.07315063476562, 664.088623046875, 273.2120666503906]]}