{"labels": [0, 0], "scores": [0.996892511844635, 0.5099380612373352], "bboxes": [[207.5836944580078, 71.73707580566406, 549.5533447265625, 299.60223388671875], [8.954376220703125, 466.72979736328125, 711.1517333984375, 800.0]]}