{"labels": [0], "scores": [0.9929094910621643], "bboxes": [[313.9227600097656, 33.425872802734375, 509.5437927246094, 760.357421875]]}