{"labels": [0, 0], "scores": [0.9926457405090332, 0.06534460932016373], "bboxes": [[31.155792236328125, 206.98260498046875, 676.58544921875, 558.7991333007812], [8.548927307128906, 234.55044555664062, 212.43539428710938, 494.3169250488281]]}