{"labels": [0, 0, 0], "scores": [0.9757457375526428, 0.9569292068481445, 0.4785537123680115], "bboxes": [[226.72454833984375, 489.7793273925781, 550.2394409179688, 676.8689575195312], [158.2308349609375, 318.2948303222656, 614.445068359375, 398.6449890136719], [163.11215209960938, 115.0625, 613.7783203125, 397.75592041015625]]}