{"labels": [0], "scores": [0.9957626461982727], "bboxes": [[107.44313049316406, 281.49896240234375, 599.374267578125, 883.0125732421875]]}