{"labels": [0], "scores": [0.9968407154083252], "bboxes": [[0.0, 25.559600830078125, 794.9076538085938, 799.10205078125]]}