{"labels": [0, 0, 0], "scores": [0.9956884980201721, 0.08242492377758026, 0.0627177506685257], "bboxes": [[174.8995361328125, 28.38916015625, 727.577392578125, 786.1948852539062], [393.08404541015625, 101.21600341796875, 718.3661499023438, 597.1397705078125], [2.863189697265625, 541.7594604492188, 371.3172607421875, 726.5540161132812]]}