{"labels": [0], "scores": [0.9975631237030029], "bboxes": [[0.0, 172.48806762695312, 800.0, 622.75048828125]]}