{"labels": [0, 0, 0], "scores": [0.9836268424987793, 0.22210216522216797, 0.060263391584157944], "bboxes": [[30.7900390625, 176.68862915039062, 770.2826538085938, 752.3428955078125], [220.86068725585938, 418.204345703125, 468.3363952636719, 583.2294311523438], [423.4612121582031, 349.16741943359375, 658.1129150390625, 542.6971435546875]]}