{"labels": [0], "scores": [0.9960042834281921], "bboxes": [[178.04078674316406, 149.16600036621094, 577.9647216796875, 753.88232421875]]}