{"labels": [0, 0], "scores": [0.9395991563796997, 0.6086945533752441], "bboxes": [[274.61114501953125, 279.28350830078125, 700.5952758789062, 708.7990112304688], [32.41265106201172, 298.61297607421875, 281.18707275390625, 698.6405029296875]]}