{"labels": [0], "scores": [0.9983168840408325], "bboxes": [[75.58758544921875, 111.63385009765625, 729.6560668945312, 750.7948608398438]]}