{"labels": [0], "scores": [0.9730830192565918], "bboxes": [[327.6566467285156, 26.198577880859375, 463.9587097167969, 787.6107177734375]]}