{"labels": [0, 0], "scores": [0.9994142055511475, 0.17022313177585602], "bboxes": [[38.742862701416016, 53.89634704589844, 659.5289306640625, 746.0850219726562], [583.9212036132812, 84.89446258544922, 637.3645629882812, 111.7724838256836]]}