{"labels": [0], "scores": [0.9941547513008118], "bboxes": [[280.93255615234375, 145.7085723876953, 649.2938842773438, 801.1976318359375]]}