{"labels": [0], "scores": [0.9827872514724731], "bboxes": [[1.0203857421875, 0.0, 675.7071533203125, 800.0]]}