{"labels": [0], "scores": [0.9982543587684631], "bboxes": [[114.847412109375, 291.417724609375, 697.859619140625, 521.0067749023438]]}