{"labels": [0, 0], "scores": [0.8989717960357666, 0.37098798155784607], "bboxes": [[336.1921691894531, 94.16323852539062, 558.500732421875, 672.5614013671875], [0.0, 23.11102294921875, 578.66064453125, 760.4166259765625]]}