{"labels": [0, 0, 0], "scores": [0.9976298809051514, 0.9851587414741516, 0.27680036425590515], "bboxes": [[2.692230224609375, 199.4862060546875, 431.146240234375, 800.0], [381.0122375488281, 297.0362243652344, 681.64990234375, 800.0], [137.46763610839844, 267.2669372558594, 547.1333618164062, 800.0]]}