{"labels": [0, 0, 0], "scores": [0.9343736171722412, 0.9318329691886902, 0.10293660312891006], "bboxes": [[8.166229248046875, 88.84506225585938, 723.63232421875, 773.34375], [239.39671325683594, 87.75997924804688, 711.9856567382812, 547.3087158203125], [5.98114013671875, 382.3525390625, 562.7689819335938, 764.127197265625]]}