{"labels": [0], "scores": [0.9987142086029053], "bboxes": [[90.72198486328125, 88.1463623046875, 678.8740844726562, 750.7860107421875]]}