{"labels": [0, 0], "scores": [0.9979509711265564, 0.4423118233680725], "bboxes": [[85.8300552368164, 79.71212768554688, 613.37939453125, 728.2882690429688], [191.5347137451172, 690.793701171875, 506.638671875, 894.8510131835938]]}