{"labels": [0, 0], "scores": [0.9889167547225952, 0.9574766159057617], "bboxes": [[344.32379150390625, 24.521636962890625, 684.4777221679688, 787.8026123046875], [144.27723693847656, 13.233062744140625, 407.83868408203125, 788.7769775390625]]}