{"labels": [0, 0, 0], "scores": [0.9891502261161804, 0.9727284908294678, 0.5059419274330139], "bboxes": [[49.54705810546875, 239.65719604492188, 264.90234375, 554.3914794921875], [578.218017578125, 17.599151611328125, 763.1861572265625, 677.8974609375], [198.774169921875, 266.62005615234375, 486.8433837890625, 530.860107421875]]}