{"labels": [0, 0, 0, 0, 0, 0], "scores": [0.9939277172088623, 0.9467637538909912, 0.9006735682487488, 0.8775320649147034, 0.5244076251983643, 0.09671178460121155], "bboxes": [[206.2621307373047, 107.06869506835938, 472.06292724609375, 700.43505859375], [444.1640319824219, 598.0228881835938, 637.7303466796875, 820.39990234375], [0.0, 55.77051544189453, 162.9561309814453, 708.3029174804688], [96.17616271972656, 654.4735717773438, 289.1950988769531, 836.908935546875], [561.1030883789062, 46.221458435058594, 699.0659790039062, 692.01171875], [96.54412841796875, 615.3878784179688, 610.7034301757812, 846.0616455078125]]}