{"labels": [0, 0], "scores": [0.9745795726776123, 0.3145313262939453], "bboxes": [[135.77200317382812, 9.137359619140625, 657.5882568359375, 788.4251708984375], [145.27455139160156, 443.57269287109375, 524.6204223632812, 764.3441772460938]]}