{"labels": [0], "scores": [0.9993245601654053], "bboxes": [[44.17889404296875, 146.57244873046875, 755.3685913085938, 737.9988403320312]]}