{"labels": [0, 0], "scores": [0.9789697527885437, 0.064633809030056], "bboxes": [[29.100921630859375, 124.51220703125, 767.0009765625, 681.6298828125], [84.86602783203125, 201.286376953125, 505.22119140625, 619.1370849609375]]}