{"labels": [0, 0], "scores": [0.977246105670929, 0.9712876081466675], "bboxes": [[432.701904296875, 224.28652954101562, 764.4444580078125, 766.20654296875], [29.019424438476562, 184.38848876953125, 405.522216796875, 780.1544189453125]]}