{"labels": [0], "scores": [0.9987745881080627], "bboxes": [[58.566436767578125, 166.22349548339844, 737.30029296875, 650.496337890625]]}