{"labels": [0, 0, 0, 0, 0, 0], "scores": [0.9956396818161011, 0.9643228650093079, 0.6954805850982666, 0.4556586444377899, 0.4150296747684479, 0.07595069706439972], "bboxes": [[287.7474365234375, 150.1007843017578, 514.093994140625, 427.2857666015625], [88.4109878540039, 47.942657470703125, 267.0259094238281, 314.97589111328125], [44.994789123535156, 346.93585205078125, 275.3707580566406, 543.2015380859375], [82.19522094726562, 570.753173828125, 307.96051025390625, 727.4654541015625], [458.8609313964844, 345.87066650390625, 622.1990356445312, 753.6437377929688], [36.56353759765625, 113.3360595703125, 780.61669921875, 769.9840087890625]]}