{"labels": [0, 0], "scores": [0.9992037415504456, 0.985819935798645], "bboxes": [[147.90814208984375, 340.47998046875, 701.8468017578125, 669.8533325195312], [128.51966857910156, 116.32905578613281, 342.7254638671875, 465.931884765625]]}