{"labels": [0], "scores": [0.9960901141166687], "bboxes": [[119.21878051757812, 270.0346984863281, 577.213134765625, 780.3775634765625]]}