{"labels": [0], "scores": [0.9972068667411804], "bboxes": [[19.878875732421875, 47.84869384765625, 727.5970458984375, 757.2771606445312]]}