{"labels": [0, 0, 0, 0], "scores": [0.98830646276474, 0.956790030002594, 0.12147610634565353, 0.05464496463537216], "bboxes": [[406.9754638671875, 219.92727661132812, 796.72998046875, 776.720703125], [0.0745697021484375, 242.49105834960938, 371.833984375, 796.0711669921875], [157.39793395996094, 231.2625732421875, 592.042724609375, 784.7646484375], [55.798309326171875, 241.02816772460938, 282.8969421386719, 633.11083984375]]}