{"labels": [0, 0, 0, 0, 0, 0], "scores": [0.9662148952484131, 0.2560420036315918, 0.18447962403297424, 0.111911341547966, 0.10211817175149918, 0.0829433873295784], "bboxes": [[198.23995971679688, 126.9453125, 774.6744384765625, 683.2755126953125], [1.4021415710449219, 535.5994873046875, 121.81245422363281, 647.1343994140625], [0.0, 269.8663635253906, 737.2857055664062, 762.22998046875], [398.9266357421875, 121.22442626953125, 787.544677734375, 536.240478515625], [22.55254364013672, 452.4533996582031, 193.87088012695312, 533.76220703125], [12.891830444335938, 363.21820068359375, 258.57958984375, 552.4852905273438]]}