{"labels": [0, 0, 0], "scores": [0.9912871718406677, 0.583045482635498, 0.33310937881469727], "bboxes": [[58.06695556640625, 315.81878662109375, 742.4777221679688, 684.2319946289062], [263.84674072265625, 86.86770629882812, 560.3195190429688, 449.8358459472656], [90.10943603515625, 83.25640869140625, 653.7295532226562, 638.776611328125]]}