{"labels": [0, 0], "scores": [0.9979215264320374, 0.40685492753982544], "bboxes": [[16.63739013671875, 88.40066528320312, 518.5867919921875, 662.2725830078125], [501.94146728515625, 364.64971923828125, 789.9552612304688, 617.0114135742188]]}