{"labels": [0], "scores": [0.9970075488090515], "bboxes": [[12.849365234375, 253.25672912597656, 771.552978515625, 684.283935546875]]}