{"labels": [0], "scores": [0.999596893787384], "bboxes": [[32.1844482421875, 58.98529052734375, 761.1954345703125, 771.2061157226562]]}