{"labels": [0], "scores": [0.9980016350746155], "bboxes": [[87.13092041015625, 41.345611572265625, 616.4788818359375, 784.6356201171875]]}