{"labels": [0, 0, 0, 0], "scores": [0.9946544170379639, 0.9909732341766357, 0.11924047768115997, 0.07143346220254898], "bboxes": [[241.97779846191406, 160.91998291015625, 544.2112426757812, 737.7671508789062], [486.5279541015625, 194.21791076660156, 741.507080078125, 697.6784057617188], [332.9075927734375, 174.06289672851562, 656.9039916992188, 716.5225830078125], [23.54770278930664, 161.51153564453125, 102.51982116699219, 238.67037963867188]]}