{"labels": [0], "scores": [0.9994038343429565], "bboxes": [[15.5716552734375, 45.686004638671875, 788.423583984375, 718.09814453125]]}