{"labels": [0], "scores": [0.9987795948982239], "bboxes": [[44.476806640625, 220.92991638183594, 747.9315185546875, 625.5179443359375]]}