{"labels": [0, 0, 0, 0, 0], "scores": [0.901932418346405, 0.42117008566856384, 0.291585236787796, 0.24082142114639282, 0.08206075429916382], "bboxes": [[180.22853088378906, 233.39080810546875, 568.6661376953125, 773.6065673828125], [601.4606323242188, 678.158935546875, 700.0, 808.955078125], [532.7772216796875, 664.3363037109375, 695.0236206054688, 828.599365234375], [566.660888671875, 764.9512939453125, 677.663818359375, 833.1187133789062], [561.3648071289062, 646.517578125, 660.8786010742188, 783.9298706054688]]}