{"labels": [0], "scores": [0.9981794357299805], "bboxes": [[204.33868408203125, 47.945220947265625, 792.5780029296875, 723.5916748046875]]}