{"labels": [0, 0, 0, 0, 0, 0, 0, 0, 0], "scores": [0.9727427959442139, 0.9433354735374451, 0.902767539024353, 0.7039186954498291, 0.5986063480377197, 0.3166990876197815, 0.12462477385997772, 0.09118994325399399, 0.06654062867164612], "bboxes": [[292.4056396484375, 375.525390625, 781.1763916015625, 739.5648193359375], [278.2848205566406, 27.71575927734375, 551.0076904296875, 590.085693359375], [49.537132263183594, 104.23286437988281, 265.1807556152344, 456.029296875], [24.677337646484375, 648.8561401367188, 237.009033203125, 792.1276245117188], [138.95111083984375, 638.2042236328125, 240.55242919921875, 725.2110595703125], [282.6630859375, 24.105255126953125, 754.064208984375, 735.7047119140625], [37.72135543823242, 426.1365051269531, 146.2885284423828, 591.2445068359375], [24.35516357421875, 667.6937866210938, 98.4535903930664, 791.7179565429688], [109.01655578613281, 417.6175537109375, 203.91075134277344, 655.242919921875]]}