{"labels": [0, 0, 0, 0], "scores": [0.9932624697685242, 0.45971640944480896, 0.23457159101963043, 0.09754209220409393], "bboxes": [[88.96665954589844, 3.632049560546875, 485.7095947265625, 800.0], [0.0, 11.361572265625, 800.0, 800.0], [520.5597534179688, 115.1492919921875, 761.6344604492188, 369.896240234375], [473.7241516113281, 128.9193878173828, 781.1866455078125, 607.4796142578125]]}