{"labels": [0], "scores": [0.9981695413589478], "bboxes": [[24.816375732421875, 329.88616943359375, 781.3179931640625, 624.0740966796875]]}