{"labels": [0], "scores": [0.9972718358039856], "bboxes": [[141.01559448242188, 111.56646728515625, 679.47119140625, 727.4194946289062]]}