{"labels": [0, 0], "scores": [0.9968613386154175, 0.05022155120968819], "bboxes": [[18.149078369140625, 279.517333984375, 797.42333984375, 529.40966796875], [34.75987243652344, 651.6094970703125, 189.9728546142578, 788.807373046875]]}