{"labels": [0], "scores": [0.9955019354820251], "bboxes": [[180.9770050048828, 42.7625732421875, 596.5807495117188, 761.7022094726562]]}