{"labels": [0], "scores": [0.9995576739311218], "bboxes": [[83.18630981445312, 12.60845947265625, 749.3974609375, 788.6505126953125]]}