{"labels": [0], "scores": [0.9992783665657043], "bboxes": [[0.984405517578125, 224.11965942382812, 795.2081298828125, 619.5101318359375]]}