{"labels": [0], "scores": [0.9969965219497681], "bboxes": [[110.34196472167969, 250.64520263671875, 632.4903564453125, 853.8992919921875]]}