{"labels": [0], "scores": [0.9980663657188416], "bboxes": [[249.93389892578125, 18.361846923828125, 513.5333862304688, 792.0130615234375]]}