{"labels": [0], "scores": [0.9972676038742065], "bboxes": [[66.8818359375, 255.03611755371094, 718.072265625, 588.510009765625]]}