{"labels": [0], "scores": [0.9965559244155884], "bboxes": [[233.57208251953125, 26.329864501953125, 570.7923583984375, 800.0]]}