{"labels": [0], "scores": [0.9985195994377136], "bboxes": [[0.346588134765625, 19.53857421875, 788.0416259765625, 800.0]]}