{"labels": [0], "scores": [0.9974849224090576], "bboxes": [[84.97183227539062, 151.08175659179688, 737.3857421875, 598.1846923828125]]}