{"labels": [0], "scores": [0.9991946816444397], "bboxes": [[63.913726806640625, 23.30426025390625, 728.078857421875, 775.0055541992188]]}