{"labels": [0, 0, 0, 0, 0, 0, 0, 0, 0, 0, 0], "scores": [0.9357610940933228, 0.9018413424491882, 0.8207849860191345, 0.7717886567115784, 0.33378300070762634, 0.19703882932662964, 0.17616935074329376, 0.08009431511163712, 0.06823030859231949, 0.06092904135584831, 0.060314033180475235], "bboxes": [[491.68731689453125, 479.3253173828125, 755.0258178710938, 748.8690185546875], [490.456298828125, 81.87509155273438, 763.21630859375, 353.7250671386719], [92.99942016601562, 477.9993896484375, 360.11907958984375, 754.858154296875], [91.42276000976562, 118.50333404541016, 301.11688232421875, 373.7237243652344], [19.4139404296875, 396.6152648925781, 754.9994506835938, 788.818115234375], [550.8285522460938, 471.661376953125, 792.0624389648438, 630.77685546875], [1.7725601196289062, 120.47279357910156, 137.32180786132812, 283.19586181640625], [122.83563995361328, 486.5782470703125, 312.90869140625, 622.4793701171875], [387.7756652832031, 104.11650085449219, 654.061279296875, 368.31939697265625], [265.3993835449219, 178.36001586914062, 398.9009704589844, 312.6951904296875], [551.0858764648438, 70.84530639648438, 787.7998657226562, 242.743408203125]]}