{"labels": [0, 0, 0], "scores": [0.9690084457397461, 0.8695789575576782, 0.39334091544151306], "bboxes": [[155.47430419921875, 265.8164367675781, 569.40478515625, 597.4514770507812], [162.27511596679688, 340.0228271484375, 564.5611572265625, 860.2823486328125], [188.2303924560547, 562.5756225585938, 540.3109130859375, 868.43212890625]]}