{"labels": [0, 0, 0, 0], "scores": [0.9942219853401184, 0.8346172571182251, 0.3528151214122772, 0.06541445106267929], "bboxes": [[252.46572875976562, 98.89372253417969, 505.7446594238281, 716.4957275390625], [1.5580463409423828, 224.5215606689453, 275.1939697265625, 411.76776123046875], [164.78504943847656, 681.8065185546875, 574.995361328125, 886.2423706054688], [182.24783325195312, 730.638916015625, 377.73321533203125, 830.892578125]]}