{"labels": [0], "scores": [0.997789740562439], "bboxes": [[276.9110412597656, 2.407012939453125, 547.908935546875, 788.4554443359375]]}