{"labels": [0, 0, 0, 0], "scores": [0.9984228610992432, 0.9971333742141724, 0.9969929456710815, 0.08635470271110535], "bboxes": [[383.80474853515625, 126.93124389648438, 769.4019165039062, 623.883056640625], [146.51654052734375, 329.509765625, 591.5585327148438, 745.270263671875], [17.974716186523438, 236.16749572753906, 403.7078857421875, 609.4446411132812], [143.38662719726562, 135.8360595703125, 692.4232177734375, 670.0011596679688]]}