{"labels": [0], "scores": [0.9989394545555115], "bboxes": [[26.851959228515625, 273.027587890625, 762.904052734375, 690.0794067382812]]}