{"labels": [0], "scores": [0.9997434020042419], "bboxes": [[1.54931640625, 133.96273803710938, 791.865478515625, 684.4527587890625]]}