{"labels": [0, 0, 0, 0, 0, 0, 0, 0, 0], "scores": [0.9810560345649719, 0.9071288704872131, 0.8915352821350098, 0.8888999819755554, 0.7719017267227173, 0.40715640783309937, 0.3866674602031708, 0.09212569892406464, 0.08621232956647873], "bboxes": [[12.100616455078125, 423.8369140625, 468.3549499511719, 763.880126953125], [384.02557373046875, 237.75079345703125, 667.3109741210938, 476.9158935546875], [107.21827697753906, 19.139389038085938, 419.5435791015625, 368.61834716796875], [506.510498046875, 299.162841796875, 785.575927734375, 581.2596435546875], [21.350555419921875, 69.39190673828125, 320.64288330078125, 424.10693359375], [0.307403564453125, 25.47509765625, 789.973876953125, 763.4434814453125], [13.794830322265625, 17.119186401367188, 571.46728515625, 486.70635986328125], [299.11260986328125, 104.56777954101562, 780.8151245117188, 580.37841796875], [543.75927734375, 241.78363037109375, 669.9190673828125, 350.032958984375]]}