{"labels": [0, 0], "scores": [0.9979973435401917, 0.25345972180366516], "bboxes": [[27.841827392578125, 311.2747497558594, 776.637451171875, 582.5780029296875], [34.03749084472656, 314.7164001464844, 371.10504150390625, 580.5760498046875]]}