{"labels": [0, 0, 0, 0], "scores": [0.9700403213500977, 0.774562656879425, 0.47437992691993713, 0.05374053120613098], "bboxes": [[98.63311767578125, 0.763427734375, 737.3837890625, 782.1551513671875], [512.078857421875, 451.43634033203125, 794.9903564453125, 766.4891967773438], [320.6161193847656, 388.5818176269531, 546.3487548828125, 782.3118896484375], [582.0863647460938, 342.0281982421875, 626.1154174804688, 394.84710693359375]]}