{"labels": [0, 0], "scores": [0.9750087857246399, 0.2019987255334854], "bboxes": [[286.67523193359375, 110.25656127929688, 793.5337524414062, 682.0369873046875], [530.1903686523438, 401.7234802246094, 690.6734008789062, 569.851318359375]]}