{"labels": [0, 0, 0, 0, 0, 0, 0, 0, 0], "scores": [0.956184446811676, 0.824093759059906, 0.6751064658164978, 0.5603767037391663, 0.48332250118255615, 0.21048283576965332, 0.18792571127414703, 0.16382938623428345, 0.14665290713310242], "bboxes": [[93.96023559570312, 309.6724853515625, 763.084228515625, 760.8114013671875], [134.61859130859375, 432.0677795410156, 482.06036376953125, 693.8470458984375], [322.8214111328125, 332.72100830078125, 414.8828125, 467.76092529296875], [223.44424438476562, 67.08761596679688, 524.1351318359375, 317.6848449707031], [31.710533142089844, 312.25518798828125, 215.9169921875, 632.8151245117188], [467.22735595703125, 308.3065185546875, 765.9711303710938, 760.4844970703125], [33.39508056640625, 330.6963806152344, 409.95257568359375, 683.355224609375], [252.78045654296875, 331.35662841796875, 350.09637451171875, 457.122802734375], [390.08203125, 336.0251770019531, 483.6092529296875, 436.0490417480469]]}