{"labels": [0], "scores": [0.9969454407691956], "bboxes": [[239.34063720703125, 228.39385986328125, 538.7952270507812, 862.9185791015625]]}