{"labels": [0], "scores": [0.9936367273330688], "bboxes": [[109.1571044921875, 250.44033813476562, 792.0111694335938, 755.14697265625]]}