{"labels": [0], "scores": [0.99873286485672], "bboxes": [[0.0, 63.845245361328125, 793.9512939453125, 795.9239501953125]]}