{"labels": [0, 0, 0], "scores": [0.9874815940856934, 0.1155952587723732, 0.06380462646484375], "bboxes": [[154.3675079345703, 267.21624755859375, 525.0831298828125, 379.71783447265625], [134.58676147460938, 64.48910522460938, 681.2353515625, 788.960205078125], [158.95848083496094, 58.159149169921875, 649.2123413085938, 457.4594421386719]]}