{"labels": [0, 0, 0, 0, 0, 0, 0, 0, 0], "scores": [0.953390896320343, 0.9515281915664673, 0.8508879542350769, 0.744338870048523, 0.2955549657344818, 0.2838015854358673, 0.1566258817911148, 0.09554027020931244, 0.054414037615060806], "bboxes": [[399.8663330078125, 410.33935546875, 539.8965454101562, 736.7174072265625], [180.52719116210938, 13.783729553222656, 425.6064147949219, 67.63269805908203], [508.04229736328125, 379.5572204589844, 747.7332153320312, 756.0594482421875], [251.22381591796875, 415.8829345703125, 431.69873046875, 774.7457275390625], [513.8274536132812, 558.5160522460938, 738.8980102539062, 760.5515747070312], [405.3564453125, 573.4142456054688, 541.918212890625, 735.0747680664062], [407.9045104980469, 416.16070556640625, 530.2242431640625, 594.831298828125], [0.0, 514.3934326171875, 250.28363037109375, 768.653076171875], [407.971923828125, 401.986572265625, 658.2667236328125, 745.575927734375]]}