{"labels": [0], "scores": [0.9970927238464355], "bboxes": [[43.4727783203125, 141.10018920898438, 743.6488647460938, 726.0052490234375]]}