{"labels": [0, 0, 0], "scores": [0.9944906234741211, 0.20150896906852722, 0.059606801718473434], "bboxes": [[192.09393310546875, 136.46510314941406, 515.060791015625, 863.7970581054688], [220.28567504882812, 139.6371612548828, 518.5939331054688, 335.7810363769531], [219.33172607421875, 179.5909423828125, 515.8511962890625, 492.78277587890625]]}