{"labels": [0], "scores": [0.9993441700935364], "bboxes": [[78.08475494384766, 65.25579071044922, 626.642333984375, 659.0792236328125]]}