{"labels": [0, 0, 0, 0, 0, 0], "scores": [0.990480363368988, 0.32650989294052124, 0.28116104006767273, 0.17333148419857025, 0.06476607918739319, 0.05992475152015686], "bboxes": [[272.396240234375, 222.77610778808594, 566.0081176757812, 731.9406127929688], [0.0, 0.0, 55.269996643066406, 532.009033203125], [20.846923828125, 218.19940185546875, 556.676025390625, 752.8121948242188], [124.56265258789062, 307.8740539550781, 200.78826904296875, 386.0499572753906], [593.240966796875, 85.79158020019531, 705.9278564453125, 448.23565673828125], [400.61260986328125, 630.7536010742188, 566.249755859375, 800.0]]}