{"labels": [0], "scores": [0.9991171956062317], "bboxes": [[93.7529296875, 0.0, 701.2776489257812, 800.0]]}