{"labels": [0, 0], "scores": [0.9655594825744629, 0.09024606645107269], "bboxes": [[220.4390869140625, 90.31100463867188, 788.0941162109375, 703.5814208984375], [62.208251953125, 417.29766845703125, 749.4525756835938, 728.7626342773438]]}