{"labels": [0, 0, 0, 0], "scores": [0.9967582821846008, 0.5216579437255859, 0.08902501314878464, 0.07360556721687317], "bboxes": [[63.031494140625, 58.12689208984375, 730.6339111328125, 721.6766357421875], [524.5977172851562, 411.1310119628906, 667.0997924804688, 583.2783813476562], [444.3769836425781, 184.21600341796875, 714.408447265625, 512.4871215820312], [551.3522338867188, 479.8132019042969, 665.0792846679688, 583.8040161132812]]}