{"labels": [0, 0], "scores": [0.995762050151825, 0.9944392442703247], "bboxes": [[432.023681640625, 73.56646728515625, 668.146240234375, 769.1364135742188], [127.65385437011719, 33.65032958984375, 412.18231201171875, 762.962890625]]}