{"labels": [0, 0, 0, 0], "scores": [0.9857470989227295, 0.25252047181129456, 0.2257363349199295, 0.0534977912902832], "bboxes": [[6.235687255859375, 250.23277282714844, 796.3453369140625, 670.99365234375], [68.81704711914062, 264.4825439453125, 547.453125, 590.34130859375], [346.05413818359375, 319.5098571777344, 793.5264282226562, 665.4471435546875], [204.65997314453125, 302.9648742675781, 465.49151611328125, 587.3101806640625]]}