{"labels": [0], "scores": [0.9943922162055969], "bboxes": [[150.8548583984375, 205.278564453125, 777.0751953125, 752.6818237304688]]}