{"labels": [0, 0, 0, 0], "scores": [0.9956828355789185, 0.6054150462150574, 0.5285978317260742, 0.05669583007693291], "bboxes": [[73.06234741210938, 15.78533935546875, 724.279052734375, 670.7224731445312], [656.222900390625, 460.70147705078125, 797.0234375, 774.2001342773438], [11.159683227539062, 527.1231689453125, 265.05279541015625, 798.58251953125], [350.74542236328125, 702.7460327148438, 596.509033203125, 752.9684448242188]]}