{"labels": [0, 0], "scores": [0.9894223809242249, 0.9820353984832764], "bboxes": [[17.891357421875, 198.22225952148438, 756.1244506835938, 416.5381774902344], [127.48666381835938, 477.6650390625, 702.0089111328125, 663.992919921875]]}