{"labels": [0, 0, 0, 0, 0, 0, 0, 0, 0, 0, 0, 0, 0, 0, 0, 0, 0, 0, 0], "scores": [0.7943781614303589, 0.7640749216079712, 0.7566511631011963, 0.4814700186252594, 0.4161224961280823, 0.40425941348075867, 0.3940248489379883, 0.3514804244041443, 0.3477241098880768, 0.2885042726993561, 0.2698338031768799, 0.23985785245895386, 0.1484348028898239, 0.12837226688861847, 0.1144055724143982, 0.10593175888061523, 0.08811932057142258, 0.0786905288696289, 0.055093470960855484], "bboxes": [[612.513671875, 8.69891357421875, 704.5169677734375, 746.9324951171875], [179.27603149414062, 14.834625244140625, 705.3468017578125, 736.0997314453125], [212.90969848632812, 57.693084716796875, 306.1807556152344, 711.1800537109375], [585.695068359375, 41.204833984375, 631.5899658203125, 746.8662109375], [327.50634765625, 57.319732666015625, 405.76776123046875, 715.5809326171875], [553.2938232421875, 50.60321044921875, 592.452880859375, 742.8410034179688], [493.32342529296875, 40.51953125, 589.1823120117188, 745.4071044921875], [0.0, 159.96469116210938, 75.7206039428711, 309.9404602050781], [281.5417785644531, 62.01776123046875, 347.8329162597656, 712.5307006835938], [623.0786743164062, 15.747833251953125, 665.5457153320312, 761.27294921875], [522.968994140625, 61.10382080078125, 561.894775390625, 741.9890747070312], [523.7354125976562, 8.394775390625, 698.6557006835938, 741.2783813476562], [270.8319091796875, 51.774505615234375, 313.430908203125, 716.9212646484375], [387.5603942871094, 29.119720458984375, 512.08251953125, 735.57080078125], [336.7275695800781, 76.03982543945312, 374.3039245605469, 721.50732421875], [229.90261840820312, 45.10400390625, 427.5342712402344, 710.0668334960938], [232.8135528564453, 55.05303955078125, 281.9551696777344, 673.8956298828125], [311.213623046875, 37.34814453125, 572.6988525390625, 711.53515625], [0.0, 495.35797119140625, 235.76507568359375, 776.2236938476562]]}