{"labels": [0, 0, 0, 0], "scores": [0.997098445892334, 0.9957996010780334, 0.9946027398109436, 0.9882036447525024], "bboxes": [[88.0142822265625, 165.4395751953125, 388.2212219238281, 439.21063232421875], [28.057144165039062, 285.48834228515625, 375.908447265625, 652.869873046875], [355.201904296875, 241.10536193847656, 683.7607421875, 594.414306640625], [0.0, 237.1532440185547, 90.54463958740234, 542.5951538085938]]}