{"labels": [0], "scores": [0.9782463312149048], "bboxes": [[239.14808654785156, 270.8719177246094, 510.97015380859375, 664.8521728515625]]}