{"labels": [0], "scores": [0.9961593151092529], "bboxes": [[47.1051025390625, 262.4870910644531, 751.117919921875, 790.57958984375]]}