{"labels": [0], "scores": [0.9983605742454529], "bboxes": [[15.13812255859375, 18.30096435546875, 775.544677734375, 784.1810913085938]]}