{"labels": [0, 0, 0, 0, 0, 0], "scores": [0.9752928614616394, 0.8844365477561951, 0.569769561290741, 0.5593919157981873, 0.17308983206748962, 0.06128417328000069], "bboxes": [[41.083099365234375, 447.168701171875, 775.9990234375, 729.407958984375], [251.92715454101562, 66.64912414550781, 529.5633544921875, 289.01666259765625], [27.433082580566406, 160.08987426757812, 265.596923828125, 513.92138671875], [587.3983154296875, 279.9233093261719, 730.7215576171875, 455.5384826660156], [25.68988037109375, 121.30789184570312, 775.705078125, 733.2965087890625], [38.2442626953125, 141.18197631835938, 468.4608459472656, 671.517822265625]]}