{"labels": [0, 0, 0], "scores": [0.9988872408866882, 0.464605450630188, 0.1138320192694664], "bboxes": [[155.93484497070312, 196.957275390625, 544.16015625, 803.005615234375], [529.2230834960938, 262.2245178222656, 698.2359619140625, 373.3338623046875], [616.4132690429688, 210.19503784179688, 699.0389404296875, 300.7489013671875]]}