{"labels": [0], "scores": [0.995319664478302], "bboxes": [[0.0, 15.54046630859375, 789.2906494140625, 799.1458129882812]]}