{"labels": [0], "scores": [0.9848329424858093], "bboxes": [[252.93775939941406, 171.40872192382812, 537.6342163085938, 723.4576416015625]]}