{"labels": [0, 0], "scores": [0.988569438457489, 0.43261563777923584], "bboxes": [[0.0, 138.5570068359375, 798.4551391601562, 621.0291748046875], [9.09869384765625, 477.22967529296875, 783.609130859375, 608.6443481445312]]}