{"labels": [0], "scores": [0.9956626296043396], "bboxes": [[94.3892822265625, 93.3182373046875, 695.7716064453125, 717.795654296875]]}