{"labels": [0], "scores": [0.9990922212600708], "bboxes": [[87.23110961914062, 0.907073974609375, 668.978271484375, 800.0]]}