{"labels": [0], "scores": [0.9932557344436646], "bboxes": [[0.0, 110.87710571289062, 763.640380859375, 701.297119140625]]}