{"labels": [0], "scores": [0.9957308173179626], "bboxes": [[118.81645202636719, 212.9690704345703, 604.6554565429688, 626.451904296875]]}