{"labels": [0], "scores": [0.9987691044807434], "bboxes": [[95.27001953125, 0.0, 709.7158203125, 800.0]]}