{"labels": [0], "scores": [0.9985460042953491], "bboxes": [[74.88235473632812, 214.5188446044922, 723.778564453125, 578.2955932617188]]}