{"labels": [0, 0, 0, 0], "scores": [0.83370041847229, 0.6247904896736145, 0.15171068906784058, 0.13875961303710938], "bboxes": [[52.94233322143555, 244.81549072265625, 368.58563232421875, 671.8253173828125], [21.27725601196289, 227.79750061035156, 626.3408203125, 779.5674438476562], [170.48764038085938, 203.55877685546875, 617.560302734375, 501.3915100097656], [0.0, 471.2223815917969, 679.9486083984375, 896.0]]}