{"labels": [0], "scores": [0.9989468455314636], "bboxes": [[19.319915771484375, 4.99688720703125, 800.0, 795.4732666015625]]}