{"labels": [0, 0, 0, 0], "scores": [0.9852914810180664, 0.34913817048072815, 0.23673273622989655, 0.052444785833358765], "bboxes": [[0.0, 241.2053680419922, 800.0, 728.388671875], [288.2431640625, 387.0218505859375, 436.956298828125, 658.718017578125], [16.4774169921875, 353.22119140625, 534.2305908203125, 696.048828125], [216.93438720703125, 260.7241516113281, 280.2226257324219, 366.9532775878906]]}