{"labels": [0, 0, 0, 0, 0], "scores": [0.8854604363441467, 0.8398243188858032, 0.602076530456543, 0.4213324785232544, 0.19131147861480713], "bboxes": [[85.8319091796875, 170.70477294921875, 776.870849609375, 750.9368896484375], [6.4744110107421875, 184.082275390625, 362.50360107421875, 659.7918701171875], [225.51251220703125, 205.71124267578125, 559.56591796875, 662.3246459960938], [95.15330505371094, 602.6320190429688, 283.858154296875, 776.5972290039062], [359.9801025390625, 219.07305908203125, 746.3221435546875, 717.2032470703125]]}