{"labels": [0, 0], "scores": [0.9908922910690308, 0.9873778223991394], "bboxes": [[94.21903991699219, 87.88851928710938, 561.5470581054688, 684.6036376953125], [175.34921264648438, 295.64215087890625, 742.386962890625, 753.4421997070312]]}