{"labels": [0], "scores": [0.9973829388618469], "bboxes": [[108.60989379882812, 29.35040283203125, 707.7564697265625, 767.4627685546875]]}