{"labels": [0, 0], "scores": [0.9945018291473389, 0.956040620803833], "bboxes": [[397.8211975097656, 76.33978271484375, 577.916259765625, 797.7902221679688], [213.030517578125, 65.94964599609375, 446.776611328125, 778.1807861328125]]}