{"labels": [0], "scores": [0.9987649917602539], "bboxes": [[49.1732177734375, 329.5858459472656, 765.7691650390625, 708.5706787109375]]}