{"labels": [0, 0, 0, 0, 0, 0, 0, 0, 0, 0, 0], "scores": [0.8575289249420166, 0.23965923488140106, 0.20213575661182404, 0.15816284716129303, 0.144809290766716, 0.11486504226922989, 0.1148076131939888, 0.08820580691099167, 0.07950746268033981, 0.06885118782520294, 0.05012135207653046], "bboxes": [[11.859161376953125, 107.570068359375, 788.52294921875, 592.00341796875], [69.30126953125, 178.3759765625, 518.34228515625, 523.6328735351562], [253.30392456054688, 156.6881561279297, 304.3182678222656, 519.5244750976562], [318.8858947753906, 265.0123291015625, 400.8062438964844, 532.8726196289062], [531.6251831054688, 259.9048156738281, 679.4793090820312, 524.72705078125], [73.63945770263672, 219.88246154785156, 298.8758239746094, 524.8213500976562], [367.3808898925781, 130.21261596679688, 765.070068359375, 529.3084716796875], [280.52423095703125, 247.70559692382812, 451.25103759765625, 528.0859375], [650.0908203125, 272.2330017089844, 751.8177490234375, 707.562744140625], [350.75885009765625, 259.5474548339844, 419.3804931640625, 527.0855712890625], [267.06671142578125, 163.03851318359375, 329.9437255859375, 521.8362426757812]]}