{"labels": [0, 0], "scores": [0.9976099729537964, 0.06425456702709198], "bboxes": [[16.539947509765625, 224.86260986328125, 791.398193359375, 762.4548950195312], [1.823486328125, 499.0029296875, 800.0, 796.751953125]]}