{"labels": [0, 0], "scores": [0.9808870553970337, 0.2841727137565613], "bboxes": [[193.8892059326172, 218.58758544921875, 493.750732421875, 796.7440795898438], [194.65187072753906, 605.8231201171875, 493.86700439453125, 794.93505859375]]}