{"labels": [0, 0], "scores": [0.9924176931381226, 0.8336315751075745], "bboxes": [[330.14129638671875, 89.72027587890625, 454.9803466796875, 734.9297485351562], [493.46533203125, 334.23712158203125, 593.4188232421875, 725.2155151367188]]}