{"labels": [0, 0], "scores": [0.996696949005127, 0.23559334874153137], "bboxes": [[179.56576538085938, 101.01950073242188, 653.6470947265625, 790.1240234375], [747.77490234375, 512.5411376953125, 799.0692138671875, 606.970703125]]}