{"labels": [0], "scores": [0.9971747398376465], "bboxes": [[263.1485595703125, 4.03466796875, 514.8621215820312, 785.228759765625]]}