{"labels": [0, 0], "scores": [0.957591712474823, 0.137344628572464], "bboxes": [[126.93167114257812, 178.40550231933594, 684.6322021484375, 685.2910766601562], [127.04183959960938, 50.738311767578125, 548.4130859375, 530.341796875]]}