{"labels": [0], "scores": [0.9313907623291016], "bboxes": [[219.21432495117188, 140.88092041015625, 579.0648193359375, 707.8474731445312]]}