{"labels": [0], "scores": [0.9988206028938293], "bboxes": [[33.404541015625, 216.47520446777344, 750.837158203125, 615.3184814453125]]}