{"labels": [0], "scores": [0.9970442652702332], "bboxes": [[104.50021362304688, 66.12548828125, 732.2000732421875, 681.360107421875]]}