{"labels": [0], "scores": [0.9989363551139832], "bboxes": [[65.41940307617188, 174.722900390625, 738.243408203125, 600.3992309570312]]}