{"labels": [0, 0, 0, 0, 0], "scores": [0.9939008951187134, 0.9829598665237427, 0.08164185285568237, 0.07705064117908478, 0.05934327840805054], "bboxes": [[117.76214599609375, 52.785186767578125, 477.69549560546875, 544.1649169921875], [413.4398193359375, 217.9407958984375, 577.570556640625, 767.6412353515625], [602.4391479492188, 180.60743713378906, 750.2058715820312, 323.20538330078125], [6.91387939453125, 600.5629272460938, 152.1756591796875, 751.7908325195312], [153.4761962890625, 134.47463989257812, 665.6722412109375, 771.2342529296875]]}