{"labels": [0, 0, 0], "scores": [0.9795584082603455, 0.07194475829601288, 0.06610970199108124], "bboxes": [[58.877655029296875, 5.609375, 765.1309814453125, 800.0], [72.99411010742188, 187.7487030029297, 640.801025390625, 620.6777954101562], [209.05987548828125, 5.6166839599609375, 760.51513671875, 467.83416748046875]]}