{"labels": [0], "scores": [0.9942112565040588], "bboxes": [[248.46725463867188, 184.1869354248047, 507.84906005859375, 836.7645874023438]]}