{"labels": [0, 0, 0, 0, 0], "scores": [0.9981434345245361, 0.861012876033783, 0.5118171572685242, 0.1132793128490448, 0.07992605119943619], "bboxes": [[205.52142333984375, 96.09741973876953, 503.05963134765625, 630.2745971679688], [249.70028686523438, 703.7642211914062, 431.0274353027344, 863.9892578125], [579.428466796875, 400.6265869140625, 698.5858154296875, 893.3742065429688], [369.25543212890625, 718.00390625, 426.5427551269531, 861.8650512695312], [255.34442138671875, 709.843994140625, 323.8544616699219, 856.102294921875]]}