{"labels": [0, 0, 0, 0], "scores": [0.9854974150657654, 0.9374474883079529, 0.14014795422554016, 0.057647570967674255], "bboxes": [[277.46826171875, 145.68380737304688, 783.664306640625, 694.281005859375], [28.165077209472656, 151.18060302734375, 250.44708251953125, 694.1824951171875], [267.8539733886719, 166.53163146972656, 441.6291809082031, 665.5870361328125], [606.1878051757812, 170.19406127929688, 788.1337280273438, 674.6990966796875]]}