{"labels": [0, 0], "scores": [0.9842219352722168, 0.09496009349822998], "bboxes": [[151.8344268798828, 0.0, 602.4788818359375, 800.0], [178.29638671875, 126.19705200195312, 463.80853271484375, 742.0296630859375]]}