{"labels": [0, 0, 0, 0, 0], "scores": [0.9407655596733093, 0.650126039981842, 0.10787443816661835, 0.06484220921993256, 0.05719909071922302], "bboxes": [[122.66970825195312, 0.0, 662.7666015625, 668.3405151367188], [177.56150817871094, 13.2659912109375, 461.98565673828125, 644.5108642578125], [451.14208984375, 479.7011413574219, 554.5863647460938, 758.4412841796875], [529.1564331054688, 116.69853210449219, 649.5521850585938, 379.470947265625], [411.688720703125, 0.0, 656.18115234375, 771.6200561523438]]}