{"labels": [0, 0, 0, 0, 0], "scores": [0.9887738227844238, 0.6983368396759033, 0.128867968916893, 0.08157990127801895, 0.058208122849464417], "bboxes": [[17.195526123046875, 144.36135864257812, 784.998779296875, 766.553466796875], [471.37261962890625, 469.7229919433594, 646.6609497070312, 714.5401000976562], [189.26771545410156, 218.7821044921875, 553.5606689453125, 752.4072265625], [23.398651123046875, 168.41317749023438, 364.38568115234375, 761.3653564453125], [454.2251892089844, 79.74922180175781, 521.9612426757812, 144.551513671875]]}