{"labels": [0, 0], "scores": [0.9973763227462769, 0.106699638068676], "bboxes": [[74.5909423828125, 110.23440551757812, 753.5772705078125, 676.7164306640625], [295.1457214355469, 314.4154052734375, 491.8484191894531, 462.5615234375]]}