{"labels": [0, 0], "scores": [0.9968327879905701, 0.05553331971168518], "bboxes": [[11.564697265625, 32.96759033203125, 751.0408935546875, 630.4603881835938], [435.33984375, 316.47308349609375, 737.6478271484375, 640.6428833007812]]}