{"labels": [0, 0, 0, 0, 0, 0, 0], "scores": [0.9888007640838623, 0.7975854277610779, 0.7338365912437439, 0.6894288659095764, 0.4534534811973572, 0.12221986800432205, 0.08932344615459442], "bboxes": [[27.935806274414062, 182.34945678710938, 354.5672607421875, 689.669677734375], [7.2163543701171875, 637.25537109375, 267.4884033203125, 784.13134765625], [380.44354248046875, 173.23611450195312, 783.3218383789062, 783.5335693359375], [419.60064697265625, 179.55982971191406, 736.0332641601562, 563.0742797851562], [407.12646484375, 220.93568420410156, 608.9598999023438, 599.021728515625], [269.6170349121094, 669.3231201171875, 365.5111389160156, 764.3336181640625], [371.70208740234375, 603.0928955078125, 600.3510131835938, 779.1337890625]]}