{"labels": [0, 0], "scores": [0.9991717338562012, 0.055420808494091034], "bboxes": [[167.889892578125, 263.7918701171875, 646.2620239257812, 760.0703125], [239.13897705078125, 0.0, 480.61883544921875, 289.77618408203125]]}