{"labels": [0, 0], "scores": [0.9900720119476318, 0.36092621088027954], "bboxes": [[3.28973388671875, 28.513671875, 793.9290771484375, 791.0629272460938], [178.96707153320312, 197.33065795898438, 601.423583984375, 624.114990234375]]}