{"labels": [0], "scores": [0.9923830628395081], "bboxes": [[338.21600341796875, 5.367095947265625, 455.22027587890625, 780.3350830078125]]}