{"labels": [0], "scores": [0.9991255402565002], "bboxes": [[95.16793823242188, 181.61102294921875, 686.9766845703125, 704.3021240234375]]}