{"labels": [0], "scores": [0.9987555742263794], "bboxes": [[6.95281982421875, 145.05972290039062, 789.7040405273438, 658.4527587890625]]}