{"labels": [0, 0], "scores": [0.9951004385948181, 0.22389653325080872], "bboxes": [[36.6531982421875, 277.1165466308594, 771.3201293945312, 763.5947265625], [53.69659423828125, 108.24435424804688, 282.3758239746094, 336.3176574707031]]}