{"labels": [0, 0], "scores": [0.999285876750946, 0.20093736052513123], "bboxes": [[516.9526977539062, 317.714111328125, 705.3606567382812, 565.0552978515625], [23.725860595703125, 182.627197265625, 587.1856689453125, 742.200439453125]]}