{"labels": [0], "scores": [0.989638090133667], "bboxes": [[283.4510803222656, 102.61978149414062, 403.3581848144531, 696.5257568359375]]}