{"labels": [0], "scores": [0.9983275532722473], "bboxes": [[129.4644775390625, 50.2012939453125, 668.526611328125, 740.33837890625]]}