{"labels": [0], "scores": [0.9990857839584351], "bboxes": [[13.19671630859375, 214.5791015625, 789.7831420898438, 594.2694702148438]]}