{"labels": [0], "scores": [0.9960854053497314], "bboxes": [[9.48834228515625, 3.65667724609375, 799.8339233398438, 799.131591796875]]}