{"labels": [0], "scores": [0.9877358078956604], "bboxes": [[120.98873901367188, 54.740875244140625, 698.1795654296875, 764.955322265625]]}