{"labels": [0], "scores": [0.9985578656196594], "bboxes": [[111.95651245117188, 118.22402954101562, 685.6656494140625, 724.4661865234375]]}