{"labels": [0, 0], "scores": [0.9170762300491333, 0.10129660367965698], "bboxes": [[151.8787078857422, 251.5275421142578, 533.4933471679688, 800.4835815429688], [136.18898010253906, 668.7852783203125, 551.0715942382812, 895.9674072265625]]}