{"labels": [0], "scores": [0.9976661205291748], "bboxes": [[142.41464233398438, 213.47528076171875, 672.267333984375, 789.81884765625]]}