{"labels": [0, 0], "scores": [0.9894458651542664, 0.09653665870428085], "bboxes": [[2.357025146484375, 284.2525939941406, 766.1279296875, 659.0672607421875], [434.3907470703125, 165.7850341796875, 529.0706176757812, 359.1884765625]]}