{"labels": [0, 0, 0], "scores": [0.9960111379623413, 0.9791463017463684, 0.18514065444469452], "bboxes": [[29.5738525390625, 413.52447509765625, 761.226806640625, 659.4909057617188], [151.0610809326172, 139.72152709960938, 647.7847290039062, 479.4617004394531], [26.69537353515625, 225.9424285888672, 759.2344970703125, 589.7967529296875]]}