{"labels": [0, 0, 0], "scores": [0.9793242812156677, 0.6589834690093994, 0.2448708862066269], "bboxes": [[202.46389770507812, 201.03347778320312, 774.8050537109375, 725.702880859375], [0.0, 10.853851318359375, 798.2247314453125, 687.804443359375], [0.0, 13.110336303710938, 332.46173095703125, 463.6512451171875]]}