{"labels": [0], "scores": [0.9983140230178833], "bboxes": [[234.80003356933594, 11.08184814453125, 599.2747192382812, 793.9488525390625]]}