{"labels": [0, 0, 0], "scores": [0.9961661100387573, 0.9940667152404785, 0.993224561214447], "bboxes": [[9.285736083984375, 260.675537109375, 279.98907470703125, 695.44482421875], [269.7802734375, 260.6872863769531, 533.6414184570312, 698.0023193359375], [524.8004150390625, 262.2042236328125, 790.1053466796875, 687.4591674804688]]}