{"labels": [0], "scores": [0.9981222748756409], "bboxes": [[176.85397338867188, 261.30841064453125, 654.312744140625, 556.4533081054688]]}