{"labels": [0, 0, 0, 0, 0], "scores": [0.9626731872558594, 0.4513890743255615, 0.4024694263935089, 0.15723052620887756, 0.0705469474196434], "bboxes": [[22.959320068359375, 118.92117309570312, 800.0, 800.0], [9.792526245117188, 213.94009399414062, 377.0748291015625, 800.0], [9.7747802734375, 203.7459259033203, 307.5401306152344, 466.83489990234375], [221.6174774169922, 476.0580139160156, 406.35980224609375, 800.0], [37.16810607910156, 452.5714111328125, 301.8289794921875, 800.0]]}