{"labels": [0], "scores": [0.9990952014923096], "bboxes": [[95.1634521484375, 33.68585205078125, 684.9434814453125, 788.5568237304688]]}