{"labels": [0, 0], "scores": [0.9955991506576538, 0.15525680780410767], "bboxes": [[24.3343505859375, 333.0941162109375, 763.4231567382812, 688.2183837890625], [51.138214111328125, 38.858123779296875, 760.0771484375, 552.1219482421875]]}