{"labels": [0, 0, 0, 0], "scores": [0.9732744693756104, 0.6896926760673523, 0.10396555066108704, 0.06461282819509506], "bboxes": [[19.0439453125, 180.33456420898438, 625.4818115234375, 767.796875], [0.0, 8.664459228515625, 797.8818359375, 644.779052734375], [334.8446044921875, 0.0, 800.0, 526.131591796875], [12.012664794921875, 0.8942108154296875, 622.7098388671875, 322.97076416015625]]}