{"labels": [0], "scores": [0.9949446320533752], "bboxes": [[40.644744873046875, 310.7236022949219, 763.220703125, 570.476806640625]]}