{"labels": [0, 0, 0, 0, 0], "scores": [0.9976522326469421, 0.3322400152683258, 0.0899612307548523, 0.07579684257507324, 0.053570427000522614], "bboxes": [[0.0, 18.60504150390625, 800.0, 740.9560546875], [118.2991943359375, 624.6014404296875, 247.44622802734375, 687.6605224609375], [359.9775085449219, 85.08349609375, 800.0, 650.2565307617188], [86.81861114501953, 502.95574951171875, 219.3359375, 634.1825561523438], [244.2049560546875, 635.8699951171875, 375.8489990234375, 699.2728271484375]]}