{"labels": [0, 0, 0, 0, 0, 0, 0], "scores": [0.998989999294281, 0.17625688016414642, 0.10845571756362915, 0.09820900112390518, 0.07649228721857071, 0.05965331941843033, 0.05370815098285675], "bboxes": [[18.403345108032227, 15.046709060668945, 670.0598754882812, 685.3817138671875], [3.4740054607391357, 19.175737380981445, 87.77466583251953, 592.3112182617188], [67.7381820678711, 42.47514343261719, 172.20594787597656, 642.1404418945312], [326.81085205078125, 32.57584762573242, 691.7310180664062, 624.7314453125], [14.369195938110352, 16.473342895507812, 229.41775512695312, 632.6492309570312], [615.5516967773438, 26.211803436279297, 698.1592407226562, 579.0372924804688], [43.64143371582031, 484.9517822265625, 655.1351318359375, 673.910888671875]]}