{"labels": [0, 0], "scores": [0.9987568855285645, 0.10849633812904358], "bboxes": [[73.25717163085938, 250.864501953125, 736.131591796875, 601.6660766601562], [176.28915405273438, 6.326385498046875, 769.3914794921875, 459.3287048339844]]}