{"labels": [0, 0, 0, 0, 0, 0], "scores": [0.9456984400749207, 0.15668322145938873, 0.09739544987678528, 0.06490185856819153, 0.06306803226470947, 0.0517721027135849], "bboxes": [[45.36260986328125, 118.41189575195312, 791.17236328125, 800.0], [231.13294982910156, 162.49485778808594, 257.8424987792969, 195.35972595214844], [0.0, 538.988525390625, 800.0, 798.0291748046875], [167.02227783203125, 679.8600463867188, 232.51644897460938, 798.6084594726562], [6.1068572998046875, 584.2310791015625, 446.12371826171875, 798.781494140625], [54.38677978515625, 627.8087158203125, 120.29159545898438, 710.7509765625]]}