{"labels": [0], "scores": [0.997168242931366], "bboxes": [[220.392578125, 0.0, 574.3057861328125, 797.838134765625]]}