{"labels": [0], "scores": [0.9988017082214355], "bboxes": [[20.41583251953125, 229.97994995117188, 791.4652099609375, 788.6065673828125]]}