{"labels": [0, 0, 0, 0, 0, 0], "scores": [0.9951460957527161, 0.6861192584037781, 0.6537061333656311, 0.47875654697418213, 0.1885654181241989, 0.0659337118268013], "bboxes": [[45.76312255859375, 264.91644287109375, 710.5123291015625, 714.7522583007812], [411.97412109375, 22.897354125976562, 767.742919921875, 525.2611083984375], [224.67343139648438, 5.801361083984375, 428.3013610839844, 379.80328369140625], [38.829689025878906, 0.0, 259.32000732421875, 541.6680297851562], [49.48426818847656, 0.79571533203125, 516.411376953125, 562.6206665039062], [85.28611755371094, 11.071212768554688, 377.0228271484375, 421.260986328125]]}