{"labels": [0], "scores": [0.9985175728797913], "bboxes": [[159.17762756347656, 53.627288818359375, 626.3695678710938, 751.40380859375]]}