{"labels": [0], "scores": [0.998095691204071], "bboxes": [[30.39031982421875, 282.8194885253906, 755.7694091796875, 577.949951171875]]}