{"labels": [0, 0], "scores": [0.995818555355072, 0.15437470376491547], "bboxes": [[42.50408935546875, 63.126068115234375, 700.5384521484375, 772.4525146484375], [318.13128662109375, 218.88125610351562, 676.1605224609375, 774.3238525390625]]}