{"labels": [0], "scores": [0.9985429048538208], "bboxes": [[82.22024536132812, 57.5611572265625, 695.5030517578125, 780.560546875]]}