{"labels": [0, 0], "scores": [0.8146478533744812, 0.8029540777206421], "bboxes": [[230.51214599609375, 407.9924011230469, 493.215087890625, 824.3212890625], [209.34091186523438, 193.2967529296875, 518.4620361328125, 725.0496826171875]]}