{"labels": [0], "scores": [0.9981884360313416], "bboxes": [[34.62237548828125, 10.270538330078125, 776.5607299804688, 762.9254150390625]]}