{"labels": [0, 0], "scores": [0.9977008700370789, 0.7304106950759888], "bboxes": [[8.357666015625, 53.2130126953125, 742.940185546875, 786.9100341796875], [477.5035400390625, 317.47607421875, 782.13330078125, 719.361328125]]}