{"labels": [0], "scores": [0.998900294303894], "bboxes": [[199.20797729492188, 72.863525390625, 675.1982421875, 770.8711547851562]]}