{"labels": [0], "scores": [0.996510922908783], "bboxes": [[156.70712280273438, 55.50286865234375, 688.71630859375, 582.30517578125]]}