{"labels": [0], "scores": [0.9987332224845886], "bboxes": [[19.28851318359375, 270.77899169921875, 782.564697265625, 525.5702514648438]]}