{"labels": [0], "scores": [0.9992749094963074], "bboxes": [[2.7137451171875, 70.4051513671875, 800.0, 658.40234375]]}