{"labels": [0], "scores": [0.9993183612823486], "bboxes": [[24.6802978515625, 134.50918579101562, 779.8477783203125, 653.8887939453125]]}