{"labels": [0, 0, 0, 0, 0], "scores": [0.8835490345954895, 0.3407752513885498, 0.1339062750339508, 0.11323435604572296, 0.06075228005647659], "bboxes": [[24.334625244140625, 98.85345458984375, 756.7723388671875, 721.6055908203125], [17.523178100585938, 271.1041259765625, 466.38592529296875, 698.420654296875], [69.79010009765625, 0.0, 763.039306640625, 417.4538269042969], [199.5941925048828, 293.38079833984375, 610.6803588867188, 673.0703735351562], [308.7461242675781, 10.067733764648438, 688.2918701171875, 386.6298828125]]}