{"labels": [0], "scores": [0.9990956783294678], "bboxes": [[53.876800537109375, 14.5079345703125, 727.9139404296875, 599.8638916015625]]}