{"labels": [0, 0, 0, 0, 0, 0, 0], "scores": [0.9777962565422058, 0.9719681143760681, 0.8505735397338867, 0.7408996224403381, 0.10702638328075409, 0.067250557243824, 0.055382903665304184], "bboxes": [[459.1331481933594, 255.85658264160156, 739.93017578125, 672.8975830078125], [91.40364074707031, 208.87118530273438, 486.45489501953125, 573.981201171875], [222.4401397705078, 552.6911010742188, 463.72894287109375, 794.3712768554688], [469.66180419921875, 605.5035400390625, 691.8737182617188, 690.7430419921875], [208.30784606933594, 220.62680053710938, 583.794921875, 653.2607421875], [102.84254455566406, 300.7589416503906, 505.6358642578125, 789.1788330078125], [482.17291259765625, 129.1482391357422, 602.7592163085938, 255.73927307128906]]}