{"labels": [0], "scores": [0.9909206628799438], "bboxes": [[276.9532470703125, 9.622802734375, 515.9454956054688, 800.0]]}