{"labels": [0, 0, 0, 0, 0], "scores": [0.9806718230247498, 0.9710316061973572, 0.9462031722068787, 0.15488073229789734, 0.12107191979885101], "bboxes": [[63.69053649902344, 153.89683532714844, 333.61541748046875, 545.3614501953125], [383.0970764160156, 252.16009521484375, 778.4051513671875, 621.2020263671875], [122.06080627441406, 175.59010314941406, 515.8618774414062, 636.0177001953125], [153.65585327148438, 340.56719970703125, 462.4829406738281, 643.6071166992188], [231.84251403808594, 267.77655029296875, 535.7772216796875, 575.1328125]]}