{"labels": [0, 0, 0], "scores": [0.9960527420043945, 0.9960452914237976, 0.15069441497325897], "bboxes": [[364.24859619140625, 69.18006896972656, 796.2090454101562, 515.2535400390625], [0.0, 364.9471130371094, 772.5296020507812, 797.8880615234375], [170.26425170898438, 75.72515869140625, 783.7958984375, 669.7014770507812]]}