{"labels": [0, 0, 0, 0, 0], "scores": [0.7218896746635437, 0.13084053993225098, 0.11152145266532898, 0.05585026368498802, 0.055553704500198364], "bboxes": [[365.10986328125, 213.91983032226562, 781.7764892578125, 664.820068359375], [424.5400390625, 463.7463073730469, 514.2772827148438, 665.983642578125], [633.6588134765625, 448.78533935546875, 752.5599365234375, 670.1486206054688], [308.5774841308594, 445.71087646484375, 439.4252624511719, 668.5852661132812], [377.5831604003906, 233.30111694335938, 784.361572265625, 463.6233215332031]]}