{"labels": [0], "scores": [0.991243839263916], "bboxes": [[62.8167724609375, 16.1898193359375, 751.9508666992188, 796.53857421875]]}