{"labels": [0, 0, 0, 0], "scores": [0.9927008152008057, 0.21560360491275787, 0.20579256117343903, 0.14853864908218384], "bboxes": [[0.0, 60.68982696533203, 686.7838134765625, 848.3150024414062], [258.37274169921875, 431.40777587890625, 605.0287475585938, 672.9169921875], [0.0, 382.8855285644531, 332.3588562011719, 896.0], [113.67195892333984, 733.3087158203125, 340.97784423828125, 896.0]]}