{"labels": [0, 0, 0, 0, 0, 0], "scores": [0.981338381767273, 0.9655426144599915, 0.9100403189659119, 0.6271756291389465, 0.09450308233499527, 0.08720868080854416], "bboxes": [[40.656341552734375, 396.87939453125, 465.0659484863281, 710.0406494140625], [386.8765869140625, 160.43441772460938, 764.78955078125, 617.5706787109375], [47.30149841308594, 157.31137084960938, 466.4700927734375, 666.2196044921875], [162.56326293945312, 144.7212677001953, 459.3531188964844, 505.0697021484375], [428.701904296875, 158.091796875, 764.8309326171875, 410.1461181640625], [396.1142883300781, 364.1227111816406, 737.5091552734375, 614.5694580078125]]}