{"labels": [0], "scores": [0.9984318614006042], "bboxes": [[117.67898559570312, 12.33990478515625, 640.1273193359375, 786.387939453125]]}