{"labels": [0, 0, 0], "scores": [0.9859663844108582, 0.9831634163856506, 0.06535788625478745], "bboxes": [[342.43927001953125, 331.95989990234375, 755.3057250976562, 611.135009765625], [54.57554626464844, 198.42393493652344, 320.22003173828125, 691.052001953125], [89.27374267578125, 229.3286590576172, 748.9774780273438, 698.1199340820312]]}