{"labels": [0, 0, 0], "scores": [0.9705012440681458, 0.9439502358436584, 0.4718642234802246], "bboxes": [[50.95362854003906, 170.56520080566406, 409.68914794921875, 532.4566650390625], [364.6797180175781, 362.80078125, 754.271484375, 621.7369995117188], [57.58111572265625, 169.9438018798828, 726.7803955078125, 623.95751953125]]}