{"labels": [0], "scores": [0.9969643950462341], "bboxes": [[203.4736785888672, 11.52764892578125, 616.3076782226562, 791.9547729492188]]}