{"labels": [0, 0], "scores": [0.9978380799293518, 0.9878457188606262], "bboxes": [[140.44143676757812, 63.7078857421875, 370.97943115234375, 731.3067626953125], [422.5125732421875, 477.2667236328125, 759.3057861328125, 722.5421142578125]]}