{"labels": [0, 0, 0, 0], "scores": [0.938116192817688, 0.5116742849349976, 0.09488217532634735, 0.05282760038971901], "bboxes": [[0.690582275390625, 78.98214721679688, 744.1983642578125, 800.0], [198.33802795410156, 113.73384094238281, 674.349853515625, 371.94964599609375], [47.84919738769531, 296.283447265625, 315.84832763671875, 635.2276611328125], [7.6767578125, 26.47430419921875, 443.6540832519531, 666.0014038085938]]}