{"labels": [0], "scores": [0.9983978867530823], "bboxes": [[143.837158203125, 51.55111312866211, 549.6177978515625, 855.09033203125]]}