{"labels": [0, 0], "scores": [0.9837402701377869, 0.972317636013031], "bboxes": [[29.736251831054688, 78.1583251953125, 216.48324584960938, 777.3199462890625], [256.36236572265625, 524.7459106445312, 634.7191162109375, 767.1539916992188]]}