{"labels": [0], "scores": [0.9990652203559875], "bboxes": [[65.38409423828125, 58.38861083984375, 710.2545166015625, 774.8281860351562]]}