{"labels": [0], "scores": [0.9967340230941772], "bboxes": [[1.375579833984375, 173.92019653320312, 793.5299072265625, 658.6201171875]]}