{"labels": [0, 0, 0, 0], "scores": [0.9564542770385742, 0.3945143520832062, 0.17339691519737244, 0.12172523885965347], "bboxes": [[64.83699035644531, 53.114898681640625, 482.2882080078125, 790.949462890625], [553.5560302734375, 60.333892822265625, 787.02587890625, 778.5042724609375], [397.2845153808594, 56.64404296875, 601.2879638671875, 556.3115844726562], [209.23594665527344, 119.42098999023438, 454.61236572265625, 742.277587890625]]}