{"labels": [0], "scores": [0.9916479587554932], "bboxes": [[30.48187255859375, 150.7596435546875, 689.4246215820312, 685.0889282226562]]}