{"labels": [0, 0, 0], "scores": [0.9932278990745544, 0.9531188011169434, 0.12475959211587906], "bboxes": [[318.1264343261719, 102.80120849609375, 538.0547485351562, 666.4855346679688], [447.0750732421875, 625.497802734375, 548.1912841796875, 773.7666015625], [320.54571533203125, 642.5990600585938, 379.3831787109375, 782.5144653320312]]}