{"labels": [0], "scores": [0.9980491399765015], "bboxes": [[156.43505859375, 127.62387084960938, 636.3778076171875, 665.920654296875]]}