{"labels": [0], "scores": [0.994652271270752], "bboxes": [[137.84835815429688, 169.43478393554688, 680.67578125, 705.783447265625]]}