{"labels": [0], "scores": [0.9978708028793335], "bboxes": [[195.3885955810547, 83.22915649414062, 578.4739990234375, 701.932861328125]]}