{"labels": [0, 0, 0, 0], "scores": [0.9859268665313721, 0.9822450876235962, 0.5537495613098145, 0.26684582233428955], "bboxes": [[25.178773880004883, 220.9959716796875, 396.15313720703125, 687.7042236328125], [336.64801025390625, 187.5233612060547, 678.2720947265625, 643.0556640625], [338.697265625, 348.62786865234375, 645.2971801757812, 872.9228515625], [57.68035888671875, 385.7079162597656, 358.6373596191406, 876.0293579101562]]}