{"labels": [0, 0, 0], "scores": [0.9842037558555603, 0.07093794643878937, 0.06808215379714966], "bboxes": [[11.529510498046875, 0.0, 677.5670166015625, 800.0], [261.4656066894531, 59.94873046875, 800.0, 799.4580078125], [99.84825134277344, 40.881500244140625, 400.34033203125, 771.710693359375]]}