{"labels": [0], "scores": [0.9983745813369751], "bboxes": [[164.93865966796875, 19.27005386352539, 569.8749389648438, 684.6249389648438]]}