{"labels": [0], "scores": [0.9966442584991455], "bboxes": [[215.43804931640625, 24.5751953125, 795.781982421875, 725.1492309570312]]}