{"labels": [0, 0, 0], "scores": [0.989655613899231, 0.6312163472175598, 0.31608015298843384], "bboxes": [[363.99969482421875, 317.4071044921875, 603.9005737304688, 800.0], [586.6179809570312, 502.74267578125, 796.1250610351562, 799.749755859375], [10.62451171875, 531.484619140625, 378.3843994140625, 800.0]]}