{"labels": [0], "scores": [0.9968364238739014], "bboxes": [[231.8003692626953, 31.5797119140625, 525.2338256835938, 778.0266723632812]]}