{"labels": [0, 0, 0, 0], "scores": [0.9876482486724854, 0.07325411587953568, 0.06641744077205658, 0.05148305743932724], "bboxes": [[82.27767944335938, 171.28875732421875, 739.9534912109375, 664.3960571289062], [332.0711975097656, 144.76895141601562, 448.5614318847656, 180.82431030273438], [68.94650268554688, 132.4036102294922, 743.0399169921875, 330.6474609375], [473.6969909667969, 155.06747436523438, 606.747802734375, 191.09133911132812]]}