{"labels": [0, 0], "scores": [0.9738478064537048, 0.06526929140090942], "bboxes": [[5.10174560546875, 54.592254638671875, 784.1106567382812, 730.0191650390625], [78.43783569335938, 349.6607971191406, 743.280517578125, 726.0621337890625]]}