{"labels": [0], "scores": [0.9984766840934753], "bboxes": [[98.36782836914062, 11.1533203125, 673.77783203125, 756.672119140625]]}