{"labels": [0], "scores": [0.9973178505897522], "bboxes": [[0.0, 134.23312377929688, 798.7639770507812, 668.5965576171875]]}