{"labels": [0], "scores": [0.9871538281440735], "bboxes": [[16.880706787109375, 193.91845703125, 738.2301025390625, 759.5079345703125]]}