{"labels": [0, 0, 0], "scores": [0.9869335889816284, 0.09424299001693726, 0.07759520411491394], "bboxes": [[28.5487060546875, 30.9373779296875, 702.2853393554688, 775.6047973632812], [41.045074462890625, 68.22540283203125, 410.3016052246094, 706.1760864257812], [294.0038757324219, 407.3527526855469, 711.5223388671875, 779.080810546875]]}