{"labels": [0, 0], "scores": [0.9683815240859985, 0.8390065431594849], "bboxes": [[61.72660827636719, 187.6759033203125, 543.1470947265625, 575.4226684570312], [447.1022033691406, 136.6268310546875, 737.1986083984375, 582.8427124023438]]}