{"labels": [0], "scores": [0.9974628686904907], "bboxes": [[0.0, 75.94281005859375, 778.1990966796875, 797.5380859375]]}