{"labels": [0, 0, 0, 0], "scores": [0.9722371697425842, 0.7083014845848083, 0.7050403356552124, 0.13383080065250397], "bboxes": [[308.9156494140625, 267.41058349609375, 675.7955932617188, 705.7919311523438], [11.311553955078125, 0.0, 363.669921875, 385.9440612792969], [306.4006652832031, 382.1776123046875, 557.016357421875, 709.5828857421875], [381.6661682128906, 264.9237060546875, 681.6651611328125, 538.8814086914062]]}