{"labels": [0], "scores": [0.9995089769363403], "bboxes": [[10.78887939453125, 121.67547607421875, 774.6669921875, 756.9298706054688]]}