{"labels": [0, 0], "scores": [0.9827461242675781, 0.9655436873435974], "bboxes": [[408.8802185058594, 56.91347885131836, 697.4714965820312, 861.3685913085938], [0.0, 18.070693969726562, 233.6024169921875, 843.184814453125]]}