{"labels": [0, 0, 0, 0, 0, 0], "scores": [0.9240139722824097, 0.8042374849319458, 0.3735954463481903, 0.343866229057312, 0.3043888807296753, 0.06180470809340477], "bboxes": [[4.457550048828125, 166.22314453125, 607.44482421875, 564.94580078125], [493.3847351074219, 413.3810119628906, 800.0, 642.2442626953125], [466.19403076171875, 30.441925048828125, 798.8615112304688, 594.9080810546875], [4.33575439453125, 505.09881591796875, 628.3248291015625, 698.0614624023438], [230.355712890625, 112.09768676757812, 777.263916015625, 679.7303466796875], [2.68609619140625, 291.0562744140625, 660.6319580078125, 697.7229614257812]]}