{"labels": [0, 0, 0, 0, 0, 0], "scores": [0.9846363067626953, 0.970505952835083, 0.9633752107620239, 0.8646145462989807, 0.13147300481796265, 0.0821126326918602], "bboxes": [[21.73162078857422, 35.232940673828125, 219.26651000976562, 509.4289245605469], [93.02351379394531, 103.25263977050781, 491.843017578125, 597.6814575195312], [58.9189453125, 305.7287292480469, 765.0744018554688, 759.362548828125], [85.30186462402344, 72.69273376464844, 335.67279052734375, 527.6878051757812], [64.00457763671875, 548.6015014648438, 789.9191284179688, 767.8842163085938], [66.75405883789062, 7.781524658203125, 759.097900390625, 653.1075439453125]]}