{"labels": [0, 0, 0, 0, 0, 0, 0, 0, 0], "scores": [0.9374198913574219, 0.9232132434844971, 0.7435943484306335, 0.2735779881477356, 0.24082529544830322, 0.2007189840078354, 0.1697053611278534, 0.08950898796319962, 0.07940638065338135], "bboxes": [[322.09014892578125, 276.634521484375, 515.0094604492188, 594.0497436523438], [73.73270416259766, 303.72509765625, 249.19015502929688, 603.2900390625], [301.112060546875, 343.6186828613281, 345.1807861328125, 453.5600891113281], [569.0013427734375, 457.4053955078125, 682.0933837890625, 590.51953125], [334.525634765625, 459.1341552734375, 497.46844482421875, 589.4813232421875], [531.9339599609375, 292.3946838378906, 756.837890625, 532.3153076171875], [537.769287109375, 458.18939208984375, 739.3768310546875, 617.8622436523438], [389.2347412109375, 281.8121032714844, 511.30731201171875, 511.2120666503906], [599.0275268554688, 526.9366455078125, 653.9666137695312, 556.4117431640625]]}