{"labels": [0], "scores": [0.9993299245834351], "bboxes": [[0.0, 278.89276123046875, 800.0, 634.43505859375]]}