{"labels": [0], "scores": [0.9975960850715637], "bboxes": [[140.88201904296875, 223.67901611328125, 630.4360961914062, 786.5750122070312]]}