{"labels": [0, 0], "scores": [0.9930817484855652, 0.05040265619754791], "bboxes": [[498.40277099609375, 92.67742919921875, 750.2525024414062, 700.4779663085938], [6.03424072265625, 0.0, 759.029296875, 704.7890625]]}