{"labels": [0, 0], "scores": [0.996849000453949, 0.33646950125694275], "bboxes": [[139.26492309570312, 271.05987548828125, 602.403564453125, 792.240966796875], [178.82186889648438, 801.0162353515625, 549.6845703125, 892.78515625]]}