{"labels": [0], "scores": [0.9978569149971008], "bboxes": [[117.23875427246094, 264.7105712890625, 695.2095947265625, 800.27392578125]]}