{"labels": [0, 0, 0], "scores": [0.9261131882667542, 0.3773724436759949, 0.13734465837478638], "bboxes": [[260.6384582519531, 333.4578857421875, 513.182861328125, 677.557861328125], [264.5151672363281, 493.7052307128906, 511.3396911621094, 668.81494140625], [295.706787109375, 278.992431640625, 494.958251953125, 535.7213134765625]]}