{"labels": [0, 0], "scores": [0.9972831010818481, 0.5439589619636536], "bboxes": [[17.75140380859375, 77.88336181640625, 765.2184448242188, 772.6920166015625], [19.147598266601562, 475.92218017578125, 505.90911865234375, 708.0922241210938]]}