{"labels": [0], "scores": [0.9971832633018494], "bboxes": [[264.198974609375, 29.3770751953125, 582.2547607421875, 784.904052734375]]}