{"labels": [0], "scores": [0.999101996421814], "bboxes": [[221.3137969970703, 55.5791015625, 613.4617309570312, 744.4667358398438]]}