{"labels": [0, 0], "scores": [0.9630653262138367, 0.32789990305900574], "bboxes": [[151.07424926757812, 147.59347534179688, 713.3900146484375, 727.63525390625], [166.90797424316406, 143.58673095703125, 566.2239990234375, 554.0482788085938]]}