{"labels": [0], "scores": [0.9985289573669434], "bboxes": [[93.52908325195312, 50.78265380859375, 718.4256591796875, 667.1544799804688]]}