{"labels": [0], "scores": [0.9976682066917419], "bboxes": [[307.8538513183594, 63.977699279785156, 628.0792236328125, 583.11767578125]]}