{"labels": [0, 0], "scores": [0.9957186579704285, 0.7023480534553528], "bboxes": [[0.0, 80.42196655273438, 773.592041015625, 772.825927734375], [533.3443603515625, 479.3257751464844, 799.2354736328125, 745.657470703125]]}