{"labels": [0], "scores": [0.9913781881332397], "bboxes": [[322.296875, 25.4322509765625, 783.84814453125, 769.1741333007812]]}