{"labels": [0], "scores": [0.9989068508148193], "bboxes": [[185.75730895996094, 28.484375, 652.3600463867188, 751.3764038085938]]}