{"labels": [0], "scores": [0.9979814291000366], "bboxes": [[210.96347045898438, 250.44638061523438, 624.090576171875, 426.5458068847656]]}