{"labels": [0, 0], "scores": [0.9975225329399109, 0.9857484698295593], "bboxes": [[334.25164794921875, 128.02041625976562, 478.82061767578125, 282.7922058105469], [276.80169677734375, 332.61962890625, 551.2218627929688, 773.2476806640625]]}