{"labels": [0, 0], "scores": [0.44536250829696655, 0.24175027012825012], "bboxes": [[0.0, 226.36355590820312, 761.59765625, 800.0], [94.19247436523438, 513.527587890625, 727.9219970703125, 794.2425537109375]]}