{"labels": [0, 0, 0, 0, 0, 0, 0], "scores": [0.9974547028541565, 0.93726646900177, 0.9156837463378906, 0.6358855366706848, 0.15289221704006195, 0.07702046632766724, 0.06454813480377197], "bboxes": [[150.04827880859375, 173.03456115722656, 561.4961547851562, 888.474365234375], [438.1667175292969, 171.74334716796875, 692.65625, 880.6141357421875], [0.4141349792480469, 167.64788818359375, 295.3085632324219, 727.3636474609375], [0.0, 164.6123046875, 143.2350616455078, 390.0622253417969], [96.07464599609375, 168.91360473632812, 435.8580017089844, 640.6585083007812], [577.5016479492188, 173.18264770507812, 697.8688354492188, 506.61083984375], [0.6694011688232422, 200.3544921875, 186.74522399902344, 896.0]]}