{"labels": [0, 0], "scores": [0.9876199960708618, 0.19384415447711945], "bboxes": [[247.9125213623047, 203.74432373046875, 687.2603149414062, 775.0474243164062], [72.90985107421875, 279.9335632324219, 336.72161865234375, 706.4522705078125]]}