{"labels": [0], "scores": [0.9958897233009338], "bboxes": [[14.075592041015625, 5.01837158203125, 785.5704345703125, 694.0709838867188]]}