{"labels": [0], "scores": [0.9806212782859802], "bboxes": [[17.229156494140625, 0.0, 767.0457763671875, 756.6829223632812]]}