{"labels": [0, 0], "scores": [0.9902904629707336, 0.9213755130767822], "bboxes": [[41.89982604980469, 278.50628662109375, 501.1864013671875, 794.2052612304688], [528.7482299804688, 173.32147216796875, 696.4719848632812, 518.0321044921875]]}