{"labels": [0], "scores": [0.9960365891456604], "bboxes": [[135.33642578125, 188.83169555664062, 672.8310546875, 705.1109619140625]]}