{"labels": [0], "scores": [0.9994339346885681], "bboxes": [[4.0274658203125, 0.130859375, 788.1015625, 766.3632202148438]]}