{"labels": [0, 0], "scores": [0.9932147264480591, 0.13312296569347382], "bboxes": [[208.3255157470703, 67.87197875976562, 613.7623291015625, 721.9306640625], [231.97828674316406, 378.796630859375, 589.2755126953125, 715.70849609375]]}