{"labels": [0, 0], "scores": [0.9992522597312927, 0.05873497202992439], "bboxes": [[0.0, 291.4126892089844, 800.0, 755.4566650390625], [0.0, 99.20442199707031, 75.55857849121094, 377.62799072265625]]}