{"labels": [0], "scores": [0.9963740706443787], "bboxes": [[123.03463745117188, 265.2479248046875, 665.603759765625, 745.325439453125]]}