{"labels": [0, 0, 0, 0, 0, 0], "scores": [0.9093429446220398, 0.6432117223739624, 0.25689560174942017, 0.1874845325946808, 0.08917196094989777, 0.06456631422042847], "bboxes": [[0.0, 84.88592529296875, 800.0, 682.752685546875], [240.6068572998047, 385.347900390625, 649.7936401367188, 695.6827392578125], [574.7353515625, 102.97805786132812, 694.218994140625, 246.90719604492188], [116.91964721679688, 156.66683959960938, 352.1842346191406, 372.0683288574219], [4.3369903564453125, 181.09014892578125, 454.83209228515625, 668.4614868164062], [0.0, 4.574462890625, 800.0, 400.3883056640625]]}