{"labels": [0], "scores": [0.9988149404525757], "bboxes": [[26.902496337890625, 151.660400390625, 726.1585693359375, 709.7495727539062]]}