{"labels": [0, 0, 0], "scores": [0.9956556558609009, 0.9939524531364441, 0.2222713679075241], "bboxes": [[253.51318359375, 81.32058715820312, 431.37335205078125, 763.3546142578125], [496.5127258300781, 110.058349609375, 642.3543701171875, 704.0620727539062], [6.790199279785156, 26.382003784179688, 259.84893798828125, 330.2440185546875]]}