{"labels": [0, 0, 0], "scores": [0.9885112047195435, 0.278602659702301, 0.16379086673259735], "bboxes": [[0.0, 107.68463134765625, 800.0, 632.169189453125], [10.080291748046875, 289.9449768066406, 618.8338623046875, 620.44384765625], [478.18890380859375, 437.486572265625, 752.6044311523438, 611.970458984375]]}