{"labels": [0, 0, 0], "scores": [0.9795901775360107, 0.9545056223869324, 0.1377273052930832], "bboxes": [[490.2139587402344, 368.24676513671875, 752.58154296875, 590.4064331054688], [68.71337890625, 174.63345336914062, 434.3302917480469, 447.6954650878906], [509.5120849609375, 380.43670654296875, 654.896240234375, 567.2418823242188]]}