{"labels": [0, 0], "scores": [0.9826042056083679, 0.785528838634491], "bboxes": [[382.3307800292969, 122.0069580078125, 448.3656311035156, 756.7424926757812], [319.7228088378906, 112.50762939453125, 446.0217590332031, 775.0304565429688]]}