{"labels": [0, 0], "scores": [0.9938263297080994, 0.2140813022851944], "bboxes": [[134.74627685546875, 9.782806396484375, 664.1587524414062, 679.890625], [374.16351318359375, 48.69586181640625, 652.9890747070312, 683.9515991210938]]}