{"labels": [0], "scores": [0.9992049336433411], "bboxes": [[0.0, 46.55644607543945, 700.0, 864.1542358398438]]}