{"labels": [0], "scores": [0.9945260882377625], "bboxes": [[49.42008972167969, 243.1600341796875, 641.58544921875, 800.1932373046875]]}