{"labels": [0], "scores": [0.9991843104362488], "bboxes": [[8.636566162109375, 124.75399780273438, 791.549072265625, 672.6480712890625]]}