{"labels": [0, 0, 0, 0, 0, 0, 0], "scores": [0.980268120765686, 0.7113191485404968, 0.18827514350414276, 0.14966893196105957, 0.10429667681455612, 0.06172244995832443, 0.05308067426085472], "bboxes": [[256.8935852050781, 160.95713806152344, 478.767822265625, 654.0018310546875], [0.5498256683349609, 649.8619384765625, 320.82562255859375, 896.0], [417.4932556152344, 650.1201782226562, 693.875732421875, 895.82421875], [427.6856994628906, 125.91353607177734, 681.8816528320312, 896.0], [474.5475158691406, 139.5591583251953, 652.1561889648438, 652.3803100585938], [263.45001220703125, 364.8871154785156, 437.0846252441406, 646.6704711914062], [123.21793365478516, 151.5013885498047, 559.3638305664062, 663.18701171875]]}