{"labels": [0, 0, 0, 0, 0, 0, 0], "scores": [0.8012058138847351, 0.5901023149490356, 0.17835082113742828, 0.1060604378581047, 0.07849876582622528, 0.0782661885023117, 0.07550109177827835], "bboxes": [[377.10357666015625, 121.91213989257812, 722.3230590820312, 643.9493408203125], [40.757080078125, 257.3714904785156, 300.4656066894531, 642.423583984375], [382.00140380859375, 166.68064880371094, 712.0752563476562, 429.29888916015625], [26.1834716796875, 119.21246337890625, 740.6954345703125, 694.5804443359375], [52.364845275878906, 422.00701904296875, 296.1180114746094, 595.3016357421875], [384.3298034667969, 306.302978515625, 652.137939453125, 626.4964599609375], [40.81517028808594, 274.86199951171875, 287.86834716796875, 472.84466552734375]]}