{"labels": [0, 0], "scores": [0.9989669322967529, 0.9966410398483276], "bboxes": [[101.18522644042969, 214.51861572265625, 494.5450439453125, 738.6030883789062], [421.49371337890625, 205.0667724609375, 799.3035278320312, 739.0117797851562]]}