{"labels": [0, 0], "scores": [0.9900740385055542, 0.988358736038208], "bboxes": [[401.73138427734375, 198.62591552734375, 664.8383178710938, 764.995849609375], [185.4834747314453, 194.52593994140625, 397.43182373046875, 659.6829833984375]]}