{"labels": [0], "scores": [0.9990795850753784], "bboxes": [[21.0904541015625, 373.73052978515625, 786.6469116210938, 730.6492309570312]]}