{"labels": [0, 0, 0, 0], "scores": [0.9583115577697754, 0.8626992702484131, 0.28075698018074036, 0.07444573193788528], "bboxes": [[75.52822875976562, 229.5030517578125, 663.3675537109375, 797.4407958984375], [50.381134033203125, 199.99423217773438, 616.637939453125, 492.2008972167969], [416.4234619140625, 271.8651123046875, 674.5595703125, 501.8502197265625], [167.4492645263672, 434.4466552734375, 616.880859375, 800.0]]}