{"labels": [0], "scores": [0.9973514080047607], "bboxes": [[251.56689453125, 18.8057861328125, 545.3489990234375, 786.88525390625]]}