{"labels": [0], "scores": [0.9966443777084351], "bboxes": [[94.40296173095703, 90.83740234375, 578.6918334960938, 896.0]]}