{"labels": [0], "scores": [0.9978654980659485], "bboxes": [[81.452880859375, 94.29058837890625, 704.9429321289062, 800.0]]}