{"labels": [0, 0, 0, 0, 0, 0, 0, 0], "scores": [0.9939675331115723, 0.9542132616043091, 0.2594698667526245, 0.2544530928134918, 0.14449000358581543, 0.11087740957736969, 0.1010064035654068, 0.06888454407453537], "bboxes": [[49.479034423828125, 37.43846130371094, 762.045166015625, 423.1146240234375], [40.35479736328125, 394.01251220703125, 758.6357421875, 731.4989624023438], [515.4714965820312, 540.2883911132812, 678.4750366210938, 682.9896850585938], [423.8393249511719, 460.9662170410156, 568.7174682617188, 580.292724609375], [611.4515380859375, 483.00811767578125, 745.461669921875, 612.9454956054688], [363.45660400390625, 423.64996337890625, 760.1631469726562, 702.9247436523438], [535.6343994140625, 426.56134033203125, 659.1590576171875, 537.3607177734375], [143.84788513183594, 490.7764587402344, 296.1021728515625, 625.5032958984375]]}