{"labels": [0, 0, 0, 0], "scores": [0.9904905557632446, 0.26788902282714844, 0.23686103522777557, 0.06165049225091934], "bboxes": [[0.0, 0.0, 800.0, 761.2828369140625], [0.0, 136.5340576171875, 417.3512878417969, 742.647216796875], [431.4617919921875, 191.5013427734375, 800.0, 742.472412109375], [0.0, 22.395782470703125, 164.72119140625, 282.64727783203125]]}