{"labels": [0, 0, 0, 0, 0], "scores": [0.9834719896316528, 0.9605725407600403, 0.9356305599212646, 0.8568236827850342, 0.1573464721441269], "bboxes": [[569.0057373046875, 271.1199035644531, 719.0692138671875, 675.91357421875], [102.730224609375, 296.61737060546875, 294.887939453125, 729.6139526367188], [381.70135498046875, 85.33512878417969, 573.5481567382812, 418.4632568359375], [394.5429382324219, 433.17071533203125, 546.498779296875, 658.6315307617188], [91.16072845458984, 139.4259490966797, 311.8180847167969, 501.6131591796875]]}