{"labels": [0, 0, 0], "scores": [0.9975222945213318, 0.11948290467262268, 0.07076437026262283], "bboxes": [[199.14186096191406, 188.39263916015625, 592.33056640625, 800.0], [618.294677734375, 507.33270263671875, 731.0943603515625, 616.2853393554688], [138.90133666992188, 59.15374755859375, 307.2662353515625, 324.6444396972656]]}