{"labels": [0], "scores": [0.9969472289085388], "bboxes": [[71.32345581054688, 170.35641479492188, 704.0357666015625, 724.322998046875]]}