{"labels": [0, 0], "scores": [0.9986722469329834, 0.05792708694934845], "bboxes": [[106.73431396484375, 13.13250732421875, 706.2901000976562, 772.7080688476562], [416.09991455078125, 685.2545166015625, 638.0335083007812, 778.4423828125]]}