{"labels": [0, 0, 0, 0], "scores": [0.9959753155708313, 0.9833294153213501, 0.1205110028386116, 0.06568172574043274], "bboxes": [[273.0752868652344, 164.72604370117188, 345.0294494628906, 800.0], [119.16389465332031, 28.9056396484375, 189.75868225097656, 778.0789184570312], [220.39559936523438, 158.81048583984375, 739.7677001953125, 800.0], [102.03007507324219, 25.03338623046875, 281.632568359375, 799.2919311523438]]}