{"labels": [0], "scores": [0.9911766052246094], "bboxes": [[113.59478759765625, 44.197967529296875, 665.0829467773438, 795.3184814453125]]}