{"labels": [0], "scores": [0.9984349608421326], "bboxes": [[31.1307373046875, 161.99688720703125, 793.668212890625, 624.7984619140625]]}