{"labels": [0, 0, 0], "scores": [0.8646970987319946, 0.8557156324386597, 0.06017507240176201], "bboxes": [[0.0, 258.6085205078125, 342.66461181640625, 664.6311645507812], [443.7618408203125, 256.66973876953125, 800.0, 663.9656982421875], [0.719268798828125, 230.75613403320312, 800.0, 686.3546142578125]]}