{"labels": [0, 0], "scores": [0.9940243363380432, 0.13271115720272064], "bboxes": [[402.3704833984375, 155.38516235351562, 645.4810791015625, 779.2735595703125], [41.57428741455078, 465.22314453125, 275.3788146972656, 800.0]]}