{"labels": [0], "scores": [0.9985581040382385], "bboxes": [[8.2288818359375, 126.42196655273438, 770.6727905273438, 733.369384765625]]}