{"labels": [0, 0, 0, 0], "scores": [0.9786060452461243, 0.9197549819946289, 0.2259671837091446, 0.09363606572151184], "bboxes": [[18.039852142333984, 173.9741668701172, 360.4610900878906, 547.4375], [98.78121948242188, 267.2466125488281, 689.1024780273438, 896.0], [7.312343597412109, 167.81759643554688, 544.71142578125, 774.4151611328125], [0.0, 423.11151123046875, 311.2693176269531, 816.9153442382812]]}