{"labels": [0, 0, 0, 0, 0], "scores": [0.8376075029373169, 0.6861520409584045, 0.5797129273414612, 0.2008890062570572, 0.19613751769065857], "bboxes": [[41.919952392578125, 118.01434326171875, 758.753662109375, 653.6077270507812], [165.94717407226562, 514.1163940429688, 447.1105041503906, 663.7451782226562], [75.45681762695312, 83.38453674316406, 542.0980224609375, 477.32244873046875], [81.575927734375, 396.7972106933594, 620.9482421875, 630.6947021484375], [213.0538330078125, 207.06631469726562, 747.7858276367188, 490.5924987792969]]}