{"labels": [0, 0, 0, 0, 0], "scores": [0.9908761382102966, 0.5808355212211609, 0.503867506980896, 0.20663732290267944, 0.18629500269889832], "bboxes": [[150.8761444091797, 157.46685791015625, 404.18353271484375, 778.7000732421875], [395.7274475097656, 333.8758850097656, 562.576416015625, 423.8559265136719], [493.396728515625, 432.49493408203125, 639.323974609375, 566.8087158203125], [403.3028869628906, 327.7015380859375, 609.309326171875, 580.5712280273438], [189.40191650390625, 534.785888671875, 397.6754150390625, 781.70361328125]]}