{"labels": [0, 0], "scores": [0.9981947541236877, 0.9972835779190063], "bboxes": [[75.71267700195312, 228.52816772460938, 417.6022033691406, 800.0], [376.53314208984375, 125.97808837890625, 765.4231567382812, 800.0]]}