{"labels": [0, 0], "scores": [0.9771502017974854, 0.6195545196533203], "bboxes": [[97.44329833984375, 55.185211181640625, 677.4027709960938, 764.08544921875], [112.30783081054688, 62.02838134765625, 671.48193359375, 408.2881774902344]]}