{"labels": [0], "scores": [0.99936443567276], "bboxes": [[43.815948486328125, 97.20025634765625, 760.5218505859375, 688.1817626953125]]}