{"labels": [0], "scores": [0.9976383447647095], "bboxes": [[27.5484619140625, 230.33189392089844, 762.1563110351562, 508.57220458984375]]}