{"labels": [0], "scores": [0.99898761510849], "bboxes": [[1.647918701171875, 125.26409912109375, 795.35595703125, 747.1984252929688]]}