{"labels": [0], "scores": [0.9970682263374329], "bboxes": [[147.44419860839844, 183.27691650390625, 646.2455444335938, 761.658935546875]]}