{"labels": [0, 0, 0, 0], "scores": [0.9943673014640808, 0.9421509504318237, 0.9343487024307251, 0.05204281210899353], "bboxes": [[166.27059936523438, 52.030357360839844, 602.8839111328125, 672.8450927734375], [15.603606224060059, 550.2026977539062, 101.57146453857422, 634.6544189453125], [98.20923614501953, 541.425537109375, 206.09902954101562, 636.3123779296875], [0.24127702414989471, 594.3318481445312, 99.14097595214844, 671.3460083007812]]}