{"labels": [0, 0, 0, 0, 0, 0, 0], "scores": [0.8692174553871155, 0.621478259563446, 0.2124834954738617, 0.1863405555486679, 0.12439081072807312, 0.07828287035226822, 0.0590636171400547], "bboxes": [[3.062225341796875, 413.46990966796875, 666.5911865234375, 776.8973999023438], [146.5771942138672, 166.8427734375, 485.8212890625, 307.7190856933594], [110.09774780273438, 158.15419006347656, 783.5911865234375, 469.493896484375], [0.0, 147.32908630371094, 126.15802001953125, 449.91558837890625], [152.5106964111328, 481.90069580078125, 505.97515869140625, 760.6267700195312], [78.85562133789062, 124.9324951171875, 793.23876953125, 760.391845703125], [138.10223388671875, 525.029296875, 311.2637634277344, 769.865966796875]]}