{"labels": [0, 0, 0, 0, 0], "scores": [0.9722833633422852, 0.9445176720619202, 0.8719494342803955, 0.5472997426986694, 0.0680735781788826], "bboxes": [[254.32626342773438, 136.57778930664062, 797.3204345703125, 742.2779541015625], [13.099006652832031, 448.42535400390625, 243.12716674804688, 713.3046264648438], [287.57470703125, 540.2395629882812, 518.4266967773438, 721.3970336914062], [28.40851593017578, 185.74319458007812, 223.33563232421875, 323.21435546875], [292.8554992675781, 338.27545166015625, 494.6473693847656, 454.69366455078125]]}