{"labels": [0], "scores": [0.9993601441383362], "bboxes": [[37.908226013183594, 101.4800033569336, 673.0427856445312, 624.1085815429688]]}