{"labels": [0], "scores": [0.9985507130622864], "bboxes": [[29.7939453125, 213.3879852294922, 772.837646484375, 611.2064208984375]]}