{"labels": [0, 0, 0], "scores": [0.99347323179245, 0.27661898732185364, 0.0804712176322937], "bboxes": [[95.41551208496094, 139.41502380371094, 575.7811889648438, 797.7174072265625], [380.39532470703125, 24.92434310913086, 526.1216430664062, 146.20077514648438], [87.75572204589844, 147.72116088867188, 391.0201721191406, 632.8978881835938]]}