{"labels": [0], "scores": [0.9972002506256104], "bboxes": [[119.83407592773438, 155.61302185058594, 707.68603515625, 616.009521484375]]}