{"labels": [0], "scores": [0.9977139234542847], "bboxes": [[167.18389892578125, 180.55674743652344, 629.5225219726562, 675.5831298828125]]}