{"labels": [0], "scores": [0.9935473799705505], "bboxes": [[311.84332275390625, 215.13624572753906, 778.1473999023438, 659.7547607421875]]}