{"labels": [0], "scores": [0.9749819040298462], "bboxes": [[361.17388916015625, 96.69857788085938, 624.1432495117188, 761.1865234375]]}