{"labels": [0], "scores": [0.9975542426109314], "bboxes": [[8.199310302734375, 114.12899780273438, 763.1593017578125, 664.8499755859375]]}