{"labels": [0], "scores": [0.9873637557029724], "bboxes": [[116.57257080078125, 269.8616943359375, 692.9771118164062, 630.2055053710938]]}