{"labels": [0, 0, 0], "scores": [0.9573044180870056, 0.9287623167037964, 0.057661719620227814], "bboxes": [[333.90496826171875, 379.1536865234375, 739.9907836914062, 780.5689697265625], [85.40574645996094, 377.24188232421875, 410.15185546875, 723.8676147460938], [97.382568359375, 267.99017333984375, 734.7051391601562, 772.1677856445312]]}