{"labels": [0], "scores": [0.997632622718811], "bboxes": [[152.33055114746094, 50.929107666015625, 642.3551635742188, 790.191162109375]]}