{"labels": [0], "scores": [0.9974966645240784], "bboxes": [[256.2145690917969, 39.144744873046875, 552.0810546875, 799.86474609375]]}