{"labels": [0, 0, 0], "scores": [0.8886053562164307, 0.8479008078575134, 0.05636540427803993], "bboxes": [[55.48675537109375, 199.6881103515625, 612.2606201171875, 588.2169799804688], [51.38348388671875, 435.75811767578125, 626.6536254882812, 586.9788208007812], [155.8853759765625, 202.92886352539062, 493.48968505859375, 505.2348937988281]]}