{"labels": [0, 0, 0], "scores": [0.9867369532585144, 0.9721546769142151, 0.11564694344997406], "bboxes": [[321.8489990234375, 220.2119903564453, 782.6832275390625, 558.1978759765625], [10.304351806640625, 337.29302978515625, 342.3363342285156, 800.0], [438.38360595703125, 198.37918090820312, 728.1616821289062, 458.9211120605469]]}