{"labels": [0, 0], "scores": [0.9907945990562439, 0.053298208862543106], "bboxes": [[220.7166290283203, 134.86422729492188, 498.74310302734375, 748.052734375], [313.68524169921875, 353.89129638671875, 501.0023193359375, 738.8878784179688]]}