{"labels": [0], "scores": [0.9847226738929749], "bboxes": [[39.717254638671875, 227.6228485107422, 799.6026611328125, 588.0274047851562]]}