{"labels": [0, 0], "scores": [0.9832035303115845, 0.07738392800092697], "bboxes": [[120.71665954589844, 398.2003173828125, 555.776611328125, 770.887451171875], [459.5229187011719, 414.7651672363281, 623.437744140625, 565.5142822265625]]}