{"labels": [0], "scores": [0.9987273812294006], "bboxes": [[57.2601318359375, 48.350311279296875, 797.4970092773438, 800.0]]}