{"labels": [0, 0, 0, 0, 0, 0], "scores": [0.9479374885559082, 0.9155303239822388, 0.3179444968700409, 0.19443470239639282, 0.10093507170677185, 0.05699046328663826], "bboxes": [[36.50813293457031, 118.54074096679688, 440.7685546875, 669.511474609375], [360.1180114746094, 460.41912841796875, 691.282470703125, 728.9358520507812], [34.987770080566406, 132.41812133789062, 170.90521240234375, 419.5070495605469], [529.346923828125, 519.9440307617188, 797.7371826171875, 733.5554809570312], [300.02984619140625, 125.84738159179688, 437.0584716796875, 417.4991149902344], [63.439544677734375, 380.01116943359375, 399.6763916015625, 672.1664428710938]]}