{"labels": [0], "scores": [0.997010350227356], "bboxes": [[197.19161987304688, 43.928253173828125, 639.2034912109375, 755.428955078125]]}