{"labels": [0, 0], "scores": [0.9939935803413391, 0.05267524719238281], "bboxes": [[2.7427978515625, 4.40423583984375, 709.8894653320312, 645.1889038085938], [123.21585083007812, 173.01248168945312, 658.63232421875, 572.759033203125]]}