{"labels": [0, 0, 0, 0, 0, 0, 0, 0, 0, 0], "scores": [0.994676947593689, 0.9867525100708008, 0.9774507880210876, 0.9563814401626587, 0.4266619384288788, 0.39560404419898987, 0.21119537949562073, 0.11705891042947769, 0.07226889580488205, 0.07121168076992035], "bboxes": [[0.0, 293.1573486328125, 288.1043701171875, 740.7808837890625], [443.90814208984375, 204.42869567871094, 634.4234008789062, 680.1472778320312], [241.3258056640625, 211.53857421875, 439.1031494140625, 682.23828125], [563.5291748046875, 319.14654541015625, 798.05908203125, 763.7921752929688], [245.42733764648438, 223.6025390625, 431.9613342285156, 451.25384521484375], [562.6685180664062, 564.494384765625, 776.6553344726562, 753.014404296875], [445.57666015625, 210.83067321777344, 631.82763671875, 448.47442626953125], [689.6347045898438, 204.3235321044922, 799.0712280273438, 291.0870361328125], [457.84661865234375, 382.15203857421875, 610.1969604492188, 674.4929809570312], [261.77593994140625, 380.6001892089844, 395.86614990234375, 664.3897705078125]]}