{"labels": [0], "scores": [0.9903833270072937], "bboxes": [[260.04248046875, 16.244720458984375, 531.411376953125, 793.9503173828125]]}