{"labels": [0], "scores": [0.997887909412384], "bboxes": [[74.8524169921875, 357.51031494140625, 777.5111083984375, 529.3238525390625]]}