{"labels": [0], "scores": [0.9996228218078613], "bboxes": [[0.0, 0.0, 776.0994873046875, 748.7403564453125]]}