{"labels": [0], "scores": [0.9986749291419983], "bboxes": [[158.26943969726562, 260.7803955078125, 576.1032104492188, 820.9295043945312]]}