{"labels": [0, 0, 0, 0, 0, 0, 0, 0], "scores": [0.9717676043510437, 0.9592587947845459, 0.9354711174964905, 0.9043436050415039, 0.898178219795227, 0.8480389714241028, 0.7737582325935364, 0.34162893891334534], "bboxes": [[518.6111450195312, 270.9520263671875, 645.2024536132812, 438.01141357421875], [150.100341796875, 275.7626953125, 270.7113037109375, 440.48101806640625], [14.18359375, 426.53106689453125, 782.02978515625, 593.8040771484375], [394.32098388671875, 272.36529541015625, 518.2293701171875, 438.609619140625], [643.9088745117188, 276.85028076171875, 770.1223754882812, 438.5032958984375], [25.50628662109375, 275.19573974609375, 146.7825927734375, 441.913330078125], [275.4224548339844, 276.0361633300781, 396.0646667480469, 440.6114196777344], [7.06201171875, 181.06387329101562, 789.7908935546875, 596.32568359375]]}