{"labels": [0], "scores": [0.9983466863632202], "bboxes": [[38.879638671875, 58.7498779296875, 772.4257202148438, 723.1677856445312]]}