{"labels": [0, 0, 0], "scores": [0.9961848855018616, 0.934309184551239, 0.22153030335903168], "bboxes": [[14.542236328125, 271.5687255859375, 779.055908203125, 766.933837890625], [432.06878662109375, 51.00947570800781, 778.9036254882812, 415.2471923828125], [434.8763427734375, 56.11686706542969, 651.82568359375, 337.28460693359375]]}