{"labels": [0], "scores": [0.9986162185668945], "bboxes": [[1.095733642578125, 266.7728271484375, 800.0, 601.9072265625]]}