{"labels": [0, 0, 0], "scores": [0.9958500862121582, 0.995843231678009, 0.9808587431907654], "bboxes": [[10.422492980957031, 186.865478515625, 238.0347900390625, 776.319580078125], [233.48858642578125, 185.23907470703125, 459.82086181640625, 778.3912353515625], [450.7456970214844, 142.11666870117188, 792.9833984375, 793.640869140625]]}