{"labels": [0], "scores": [0.999093770980835], "bboxes": [[66.63134765625, 24.07733154296875, 685.3984375, 800.0]]}