{"labels": [0], "scores": [0.9992859959602356], "bboxes": [[137.86270141601562, 54.37127685546875, 688.4580078125, 771.537109375]]}