{"labels": [0, 0, 0, 0, 0, 0], "scores": [0.9237545728683472, 0.7643241286277771, 0.7230075001716614, 0.6011398434638977, 0.29710933566093445, 0.06747081875801086], "bboxes": [[212.44346618652344, 244.19305419921875, 556.4200439453125, 585.0262451171875], [408.17315673828125, 144.4240264892578, 619.1649780273438, 338.77581787109375], [100.05221557617188, 173.3797607421875, 679.672119140625, 648.8656005859375], [506.0868225097656, 209.3874969482422, 678.64013671875, 356.4443359375], [385.2395935058594, 251.44876098632812, 581.9114990234375, 531.0599365234375], [305.7896728515625, 205.98597717285156, 630.554931640625, 493.10052490234375]]}