{"labels": [0, 0], "scores": [0.992412269115448, 0.05181165412068367], "bboxes": [[45.139373779296875, 191.197265625, 736.937255859375, 629.5272216796875], [321.26861572265625, 214.07785034179688, 720.8768920898438, 582.811279296875]]}