{"labels": [0], "scores": [0.9989080429077148], "bboxes": [[82.72195434570312, 181.71826171875, 687.8310546875, 524.4715576171875]]}