{"labels": [0, 0, 0], "scores": [0.9975394010543823, 0.9741011261940002, 0.9565949440002441], "bboxes": [[23.54730224609375, 43.574310302734375, 791.41162109375, 527.2432861328125], [433.79595947265625, 539.4140014648438, 798.6904907226562, 770.4446411132812], [17.745925903320312, 543.1911010742188, 398.229736328125, 778.3043823242188]]}