{"labels": [0], "scores": [0.9982092380523682], "bboxes": [[21.39569091796875, 146.89279174804688, 778.940185546875, 691.093505859375]]}