{"labels": [0, 0], "scores": [0.9991236329078674, 0.9943289160728455], "bboxes": [[259.76177978515625, 199.89894104003906, 514.1365966796875, 463.66644287109375], [261.03009033203125, 591.5357055664062, 538.7012939453125, 766.5723266601562]]}