{"labels": [0], "scores": [0.9974935054779053], "bboxes": [[116.78134155273438, 235.1639862060547, 671.2139892578125, 670.725341796875]]}