{"labels": [0], "scores": [0.9989746809005737], "bboxes": [[0.0, 284.55999755859375, 800.0, 626.5863037109375]]}