{"labels": [0], "scores": [0.9981130361557007], "bboxes": [[164.35623168945312, 155.53273010253906, 632.330078125, 645.0670166015625]]}