{"labels": [0], "scores": [0.9981281161308289], "bboxes": [[121.83816528320312, 92.92282104492188, 648.8907470703125, 738.0023193359375]]}