{"labels": [0], "scores": [0.9916139841079712], "bboxes": [[34.160736083984375, 179.5002899169922, 516.9527587890625, 646.1063232421875]]}