{"labels": [0, 0, 0, 0], "scores": [0.9221203327178955, 0.8205364942550659, 0.20227551460266113, 0.1670958399772644], "bboxes": [[240.22720336914062, 295.8175048828125, 749.1666259765625, 795.9434814453125], [5.49072265625, 30.124588012695312, 773.735595703125, 498.73211669921875], [117.11253356933594, 7.9149017333984375, 628.4762573242188, 225.61001586914062], [304.07379150390625, 338.4437255859375, 534.1282958984375, 800.0]]}