{"labels": [0], "scores": [0.999665379524231], "bboxes": [[31.665851593017578, 53.40287780761719, 686.927978515625, 896.0]]}