{"labels": [0, 0, 0, 0, 0, 0, 0, 0], "scores": [0.6089494228363037, 0.33168911933898926, 0.25654342770576477, 0.23120325803756714, 0.13249313831329346, 0.09571785479784012, 0.07788223028182983, 0.0524347759783268], "bboxes": [[210.38035583496094, 630.878662109375, 447.6368408203125, 893.3828125], [4.732631683349609, 2.3053932189941406, 626.6062622070312, 613.9265747070312], [0.7784490585327148, 294.6408386230469, 204.108642578125, 593.83251953125], [529.3270874023438, 304.5638122558594, 697.378173828125, 537.911376953125], [188.08233642578125, 303.5339660644531, 392.068359375, 593.0550537109375], [2.185483932495117, 151.46728515625, 423.90924072265625, 600.354248046875], [511.9452209472656, 605.9876708984375, 692.3849487304688, 748.458984375], [513.0786743164062, 399.409423828125, 697.57421875, 587.7554931640625]]}