{"labels": [0, 0, 0, 0, 0], "scores": [0.9776871800422668, 0.2987136244773865, 0.2449989765882492, 0.09537158906459808, 0.0794951394200325], "bboxes": [[146.49307250976562, 180.49835205078125, 770.9393310546875, 782.7937622070312], [14.238449096679688, 191.67991638183594, 246.4748077392578, 623.3554077148438], [597.2041015625, 186.71022033691406, 769.236083984375, 589.685791015625], [177.87632751464844, 252.52952575683594, 553.436767578125, 738.4788208007812], [398.1326904296875, 167.5861358642578, 768.74462890625, 676.42626953125]]}