{"labels": [0, 0, 0, 0, 0, 0, 0, 0, 0, 0, 0, 0, 0], "scores": [0.9902811050415039, 0.9239089488983154, 0.9109298586845398, 0.508043646812439, 0.46381810307502747, 0.442991703748703, 0.42367851734161377, 0.41142478585243225, 0.19679798185825348, 0.0985734760761261, 0.08859703689813614, 0.07012780755758286, 0.06873131543397903], "bboxes": [[278.99517822265625, 103.44146728515625, 555.1051025390625, 302.4140930175781], [522.8146362304688, 168.6681671142578, 740.2372436523438, 432.84747314453125], [29.00823974609375, 197.61119079589844, 666.5673217773438, 672.0375366210938], [84.82505798339844, 190.13084411621094, 299.55804443359375, 441.08624267578125], [256.7157897949219, 257.8756103515625, 562.64306640625, 556.1347045898438], [31.605224609375, 348.6689453125, 226.50222778320312, 603.3308715820312], [311.4342956542969, 502.62835693359375, 541.089111328125, 707.8997192382812], [511.6103515625, 387.96221923828125, 719.560302734375, 599.8353881835938], [38.086151123046875, 207.5987548828125, 357.6780700683594, 578.29150390625], [103.13543701171875, 245.46328735351562, 486.14306640625, 623.197998046875], [273.1981201171875, 209.11935424804688, 564.7239379882812, 426.6035461425781], [258.86334228515625, 144.31930541992188, 723.5645141601562, 581.1029052734375], [188.16415405273438, 299.607666015625, 558.8353271484375, 693.037109375]]}