{"labels": [0, 0, 0], "scores": [0.9811806678771973, 0.34566500782966614, 0.12436005473136902], "bboxes": [[144.52362060546875, 62.32244873046875, 686.0565185546875, 777.9834594726562], [214.1758575439453, 53.469207763671875, 634.8515625, 478.3603820800781], [507.5283203125, 0.0, 776.6402587890625, 415.8500671386719]]}