{"labels": [0], "scores": [0.9933723211288452], "bboxes": [[0.0, 241.44090270996094, 799.205078125, 623.517822265625]]}