{"labels": [0, 0], "scores": [0.9948168396949768, 0.057536810636520386], "bboxes": [[11.9610595703125, 137.10598754882812, 764.8215942382812, 762.0167236328125], [0.0, 281.57720947265625, 592.9085083007812, 664.3836059570312]]}