{"labels": [0], "scores": [0.9930629134178162], "bboxes": [[110.415283203125, 102.33013916015625, 636.2190551757812, 642.2704467773438]]}