{"labels": [0, 0], "scores": [0.9938702583312988, 0.9671632051467896], "bboxes": [[116.53315734863281, 0.0, 518.7662353515625, 798.8881225585938], [423.4863586425781, 321.5878601074219, 763.5421142578125, 788.307373046875]]}