{"labels": [0], "scores": [0.9985785484313965], "bboxes": [[11.643280029296875, 226.60699462890625, 789.4451904296875, 573.1189575195312]]}