{"labels": [0], "scores": [0.9987664222717285], "bboxes": [[7.260833740234375, 85.766357421875, 795.2613525390625, 734.9533081054688]]}