{"labels": [0], "scores": [0.9960171580314636], "bboxes": [[242.61886596679688, 20.59869384765625, 555.89013671875, 782.3386840820312]]}