{"labels": [0, 0, 0], "scores": [0.9615159034729004, 0.641629695892334, 0.3655554950237274], "bboxes": [[146.22518920898438, 9.026336669921875, 648.5009765625, 796.16748046875], [319.12615966796875, 23.227020263671875, 721.1473999023438, 693.2711181640625], [479.2844543457031, 37.63507080078125, 722.0697021484375, 582.5261840820312]]}