{"labels": [0, 0], "scores": [0.9179173707962036, 0.09827546775341034], "bboxes": [[250.93495178222656, 289.09027099609375, 571.9812622070312, 762.0287475585938], [363.0242004394531, 649.746337890625, 459.6617736816406, 727.601806640625]]}