{"labels": [0, 0, 0, 0], "scores": [0.955075740814209, 0.712723433971405, 0.5591180324554443, 0.14155516028404236], "bboxes": [[0.0, 305.4195861816406, 586.5623779296875, 404.7328796386719], [475.31005859375, 561.3070678710938, 685.50537109375, 763.6998901367188], [654.3462524414062, 584.2647705078125, 800.0, 747.2357177734375], [63.56451416015625, 561.177734375, 272.7166748046875, 766.794677734375]]}