{"labels": [0], "scores": [0.9962843656539917], "bboxes": [[0.84429931640625, 155.57955932617188, 800.0, 733.0457763671875]]}