{"labels": [0, 0], "scores": [0.9974724650382996, 0.19757063686847687], "bboxes": [[106.18994140625, 4.8858642578125, 701.7374877929688, 788.6326293945312], [178.20236206054688, 601.637939453125, 266.05389404296875, 759.416748046875]]}