{"labels": [0], "scores": [0.9988126754760742], "bboxes": [[0.0, 128.39633178710938, 753.1964111328125, 712.651611328125]]}