{"labels": [0, 0, 0, 0], "scores": [0.9770213961601257, 0.5801472663879395, 0.16325947642326355, 0.05333038792014122], "bboxes": [[153.42987060546875, 3.4559326171875, 800.0, 565.6474609375], [76.14239501953125, 362.0552062988281, 681.8984375, 796.6639404296875], [173.44288635253906, 201.8297576904297, 657.9766235351562, 562.7966918945312], [0.0, 0.0, 257.65802001953125, 285.93829345703125]]}