{"labels": [0, 0, 0, 0, 0], "scores": [0.964532196521759, 0.5047657489776611, 0.3051665723323822, 0.1388043314218521, 0.06304440647363663], "bboxes": [[45.842041015625, 68.42367553710938, 741.4592895507812, 643.713134765625], [40.45452880859375, 240.9335174560547, 525.016845703125, 699.1652221679688], [480.1940002441406, 386.94989013671875, 731.0018310546875, 598.0177612304688], [208.12269592285156, 480.13031005859375, 484.3094482421875, 689.8298950195312], [91.1253662109375, 126.75302124023438, 600.2728881835938, 487.6832580566406]]}