{"labels": [0, 0, 0, 0, 0, 0], "scores": [0.5695862770080566, 0.16383995115756989, 0.1634482592344284, 0.15290310978889465, 0.08510584384202957, 0.0645010694861412], "bboxes": [[6.5444183349609375, 8.858978271484375, 416.14056396484375, 534.27783203125], [362.22015380859375, 159.5599365234375, 800.0, 386.53369140625], [0.0, 25.092559814453125, 780.0645751953125, 777.1787109375], [411.8303527832031, 398.05792236328125, 523.1275634765625, 531.5491943359375], [197.51544189453125, 145.52037048339844, 791.521728515625, 510.625732421875], [5.8711395263671875, 491.8060302734375, 404.24658203125, 794.3289794921875]]}