{"labels": [0, 0, 0], "scores": [0.9923357367515564, 0.12806247174739838, 0.09826228767633438], "bboxes": [[209.9073944091797, 64.16926574707031, 526.7483520507812, 769.593505859375], [370.8043212890625, 675.6760864257812, 465.0738220214844, 831.4867553710938], [289.2309265136719, 671.8695678710938, 471.8055114746094, 886.8821411132812]]}