{"labels": [0], "scores": [0.9993282556533813], "bboxes": [[65.83004760742188, 16.965782165527344, 644.6112670898438, 771.060302734375]]}