{"labels": [0], "scores": [0.987987756729126], "bboxes": [[344.3648376464844, 64.42672729492188, 490.8674011230469, 749.633056640625]]}