{"labels": [0, 0, 0, 0], "scores": [0.9879884719848633, 0.6797163486480713, 0.18324050307273865, 0.11516311019659042], "bboxes": [[77.918701171875, 57.366424560546875, 757.0797119140625, 745.5947265625], [514.660400390625, 6.071495056152344, 745.4393310546875, 239.50836181640625], [314.43658447265625, 228.08558654785156, 749.3064575195312, 727.6198120117188], [177.4758758544922, 77.23397827148438, 519.5243530273438, 707.181884765625]]}