{"labels": [0, 0], "scores": [0.9932119846343994, 0.057648517191410065], "bboxes": [[55.456085205078125, 18.98651123046875, 712.6151123046875, 784.6359252929688], [94.73486328125, 138.78628540039062, 682.5745239257812, 477.9082336425781]]}