{"labels": [0], "scores": [0.9064347147941589], "bboxes": [[52.08251953125, 190.51702880859375, 761.8803100585938, 795.45263671875]]}