{"labels": [0, 0], "scores": [0.9980395436286926, 0.4309972822666168], "bboxes": [[120.27362060546875, 152.931396484375, 505.10968017578125, 689.72412109375], [491.85272216796875, 94.82235717773438, 760.5642700195312, 695.449951171875]]}