{"labels": [0, 0], "scores": [0.9951283931732178, 0.12025320529937744], "bboxes": [[120.33082580566406, 23.71459197998047, 590.7626953125, 687.2322387695312], [134.06072998046875, 369.0540466308594, 587.190185546875, 676.6049194335938]]}