{"labels": [0], "scores": [0.9995664954185486], "bboxes": [[0.0, 128.27523803710938, 694.1486206054688, 853.5171508789062]]}