{"labels": [0, 0, 0], "scores": [0.9921523928642273, 0.9886900782585144, 0.9829543232917786], "bboxes": [[286.70794677734375, 180.0614013671875, 519.4142456054688, 642.8557739257812], [541.6072998046875, 188.9019317626953, 770.732177734375, 632.7196044921875], [32.282501220703125, 184.8017120361328, 258.7659606933594, 630.0626220703125]]}