{"labels": [0, 0, 0, 0, 0, 0, 0, 0, 0], "scores": [0.9672228693962097, 0.36954182386398315, 0.21599042415618896, 0.15709710121154785, 0.13892994821071625, 0.11277648061513901, 0.1041664183139801, 0.09491094201803207, 0.08269891142845154], "bboxes": [[114.94031524658203, 450.1014404296875, 279.6821594238281, 799.690673828125], [286.2916259765625, 236.0404052734375, 767.6732177734375, 778.4554443359375], [311.38055419921875, 42.68769073486328, 680.37890625, 237.14239501953125], [0.517242431640625, 21.448455810546875, 788.1409912109375, 799.4801025390625], [282.1050720214844, 413.07354736328125, 441.9904479980469, 781.0960083007812], [2.4591522216796875, 0.0, 317.41912841796875, 375.46435546875], [52.87255859375, 336.6546936035156, 656.774658203125, 799.982666015625], [126.08193969726562, 252.0316162109375, 414.6792907714844, 435.0755615234375], [448.94232177734375, 302.05859375, 735.9409790039062, 718.0761108398438]]}