{"labels": [0], "scores": [0.9975554347038269], "bboxes": [[223.57479858398438, 63.55237579345703, 514.0960693359375, 793.3470458984375]]}