{"labels": [0, 0, 0, 0, 0, 0, 0, 0, 0], "scores": [0.8843725323677063, 0.45231351256370544, 0.2672508656978607, 0.20822036266326904, 0.13806073367595673, 0.13552257418632507, 0.10065528005361557, 0.07873177528381348, 0.06502218544483185], "bboxes": [[0.0, 0.0, 795.462646484375, 747.25732421875], [337.38861083984375, 133.119873046875, 608.8020629882812, 460.96588134765625], [111.35519409179688, 104.41110229492188, 344.6040954589844, 463.6125183105469], [356.8034973144531, 252.63983154296875, 553.1597900390625, 452.25494384765625], [9.072357177734375, 4.27044677734375, 464.3226013183594, 643.135986328125], [185.5020751953125, 44.555450439453125, 715.6383666992188, 590.86279296875], [499.50537109375, 82.67507934570312, 789.4547119140625, 629.78173828125], [261.3247375488281, 389.8787536621094, 460.5934753417969, 586.149169921875], [0.0, 147.54440307617188, 311.38720703125, 671.9188232421875]]}