{"labels": [0, 0, 0, 0, 0, 0, 0, 0, 0, 0, 0], "scores": [0.9910304546356201, 0.9515122175216675, 0.7896490097045898, 0.7672271132469177, 0.7661684155464172, 0.7527018189430237, 0.7236465811729431, 0.4947763979434967, 0.4301333427429199, 0.3864133954048157, 0.065353624522686], "bboxes": [[2.2490234375, 173.19070434570312, 225.2553253173828, 355.1217346191406], [73.0678939819336, 357.14019775390625, 318.8446960449219, 563.8435668945312], [212.84695434570312, 150.7022247314453, 419.7612609863281, 311.8876953125], [153.73362731933594, 608.2186279296875, 462.50006103515625, 750.509033203125], [406.4192810058594, 135.18545532226562, 637.4166870117188, 297.7710266113281], [257.34088134765625, 252.6773681640625, 515.3189086914062, 474.42279052734375], [494.2540588378906, 522.483642578125, 744.345458984375, 682.66650390625], [134.279052734375, 499.0899658203125, 740.202880859375, 719.8604736328125], [162.2013702392578, 133.64675903320312, 634.2932739257812, 535.323974609375], [92.5223388671875, 340.6044921875, 768.1487426757812, 743.277099609375], [115.42703247070312, 403.203857421875, 468.4944152832031, 751.8682861328125]]}