{"labels": [0], "scores": [0.9891495108604431], "bboxes": [[263.0870056152344, 45.338104248046875, 505.1789855957031, 745.6419677734375]]}