{"labels": [0, 0], "scores": [0.9820714592933655, 0.9236245155334473], "bboxes": [[139.07090759277344, 291.2431945800781, 607.3930053710938, 800.0], [422.7329406738281, 219.17117309570312, 699.9703369140625, 795.229248046875]]}