{"labels": [0], "scores": [0.9966689944267273], "bboxes": [[59.819091796875, 309.7725830078125, 715.9352416992188, 711.3493041992188]]}