{"labels": [0], "scores": [0.9996523857116699], "bboxes": [[0.0, 129.6275634765625, 657.5468139648438, 895.65625]]}