{"labels": [0, 0, 0], "scores": [0.9925669431686401, 0.9924720525741577, 0.976984977722168], "bboxes": [[34.29499816894531, 165.63973999023438, 253.32777404785156, 502.3625183105469], [271.790283203125, 143.35592651367188, 523.1856079101562, 540.865966796875], [537.8203735351562, 171.01565551757812, 769.1956176757812, 510.4169006347656]]}