{"labels": [0, 0], "scores": [0.9898071885108948, 0.9820776581764221], "bboxes": [[346.4761962890625, 18.07733154296875, 618.83642578125, 754.4926147460938], [141.86129760742188, 19.534698486328125, 387.1944885253906, 744.614013671875]]}