{"labels": [0, 0, 0, 0], "scores": [0.9915730953216553, 0.9905388355255127, 0.985235333442688, 0.07531892508268356], "bboxes": [[371.390380859375, 176.5951690673828, 699.6563720703125, 453.3704833984375], [261.42266845703125, 479.35528564453125, 785.1620483398438, 754.5762329101562], [28.81573486328125, 164.85797119140625, 354.0599060058594, 636.7825317382812], [226.22511291503906, 642.2850341796875, 361.70367431640625, 733.8367919921875]]}