{"labels": [0, 0, 0, 0], "scores": [0.989062488079071, 0.9225947856903076, 0.6265469789505005, 0.14706377685070038], "bboxes": [[462.6746826171875, 65.8870849609375, 725.9229736328125, 615.8652954101562], [300.65570068359375, 364.5146484375, 417.41973876953125, 480.50177001953125], [301.7094421386719, 487.1333312988281, 407.6115417480469, 612.1535034179688], [290.5919189453125, 266.8197021484375, 424.46990966796875, 524.3614501953125]]}