{"labels": [0], "scores": [0.998794436454773], "bboxes": [[35.72125244140625, 174.01959228515625, 764.90966796875, 692.8082885742188]]}