{"labels": [0], "scores": [0.9988411068916321], "bboxes": [[38.2921142578125, 66.28515625, 794.4789428710938, 709.4476928710938]]}