{"labels": [0], "scores": [0.9978093504905701], "bboxes": [[27.73553466796875, 208.5724639892578, 778.7833862304688, 606.9702758789062]]}