{"labels": [0], "scores": [0.9994601607322693], "bboxes": [[7.4671630859375, 47.282257080078125, 796.8131103515625, 772.2646484375]]}