{"labels": [0], "scores": [0.9978679418563843], "bboxes": [[165.652099609375, 70.6048583984375, 635.5947875976562, 744.45849609375]]}