{"labels": [0, 0, 0, 0, 0, 0], "scores": [0.9987382292747498, 0.996777355670929, 0.9909578561782837, 0.9886826872825623, 0.9881365299224854, 0.972456693649292], "bboxes": [[138.63487243652344, 171.77975463867188, 303.60498046875, 478.3176574707031], [381.76153564453125, 170.8469696044922, 550.1229248046875, 480.1553955078125], [6.219001770019531, 318.04559326171875, 177.87628173828125, 636.140625], [628.6236572265625, 157.5251922607422, 795.0740966796875, 485.72039794921875], [256.47271728515625, 317.1575622558594, 423.42974853515625, 642.9385986328125], [503.0296630859375, 313.01434326171875, 665.0738525390625, 629.142822265625]]}