{"labels": [0, 0, 0, 0, 0, 0], "scores": [0.865671694278717, 0.8256058096885681, 0.5194118618965149, 0.44981929659843445, 0.20282794535160065, 0.1404443234205246], "bboxes": [[100.07815551757812, 177.00204467773438, 357.6793518066406, 604.0399169921875], [161.67794799804688, 130.20742797851562, 702.9215087890625, 795.4619140625], [385.31927490234375, 138.4473876953125, 708.1990356445312, 576.8194580078125], [27.904571533203125, 438.39898681640625, 693.206787109375, 800.0], [107.1674575805664, 387.89263916015625, 330.2085266113281, 604.3674926757812], [79.10714721679688, 230.43994140625, 523.2308349609375, 694.8822631835938]]}