{"labels": [0, 0], "scores": [0.9979041814804077, 0.30941781401634216], "bboxes": [[59.743621826171875, 88.24227905273438, 715.178466796875, 708.579345703125], [24.013107299804688, 39.56768798828125, 244.85597229003906, 328.880859375]]}