{"labels": [0, 0, 0, 0], "scores": [0.9880630373954773, 0.6332241892814636, 0.19614607095718384, 0.18899641931056976], "bboxes": [[38.471710205078125, 62.729888916015625, 334.90777587890625, 777.0205078125], [326.4141845703125, 143.356201171875, 800.0, 745.0399169921875], [177.56324768066406, 82.00991821289062, 329.78643798828125, 782.02099609375], [94.01266479492188, 320.918701171875, 243.87820434570312, 765.9259033203125]]}