{"labels": [0], "scores": [0.9899661540985107], "bboxes": [[354.81231689453125, 7.965362548828125, 439.54296875, 787.03369140625]]}