{"labels": [0, 0, 0, 0, 0, 0, 0, 0, 0], "scores": [0.9741939902305603, 0.8968406319618225, 0.6897234916687012, 0.3551195561885834, 0.2442639023065567, 0.1827470362186432, 0.09913749992847443, 0.08846282213926315, 0.059725645929574966], "bboxes": [[643.6555786132812, 528.84814453125, 765.4757690429688, 623.989990234375], [7.859291076660156, 160.0057830810547, 205.50753784179688, 442.68109130859375], [510.25146484375, 167.89776611328125, 627.414794921875, 316.973876953125], [248.82070922851562, 163.76332092285156, 409.8602600097656, 291.45263671875], [206.4895782470703, 507.2088623046875, 411.40545654296875, 669.67626953125], [7.5810546875, 126.85966491699219, 784.8214721679688, 546.7847900390625], [38.03623580932617, 515.288330078125, 156.6107177734375, 624.9466552734375], [39.79709243774414, 511.96795654296875, 66.38673400878906, 621.4005737304688], [475.6032409667969, 510.5014953613281, 535.41015625, 625.225341796875]]}