{"labels": [0], "scores": [0.9964596629142761], "bboxes": [[82.15997314453125, 81.75314331054688, 716.5402221679688, 696.089599609375]]}