{"labels": [0, 0, 0, 0, 0, 0, 0], "scores": [0.9778083562850952, 0.9533771276473999, 0.19436484575271606, 0.14310233294963837, 0.12509892880916595, 0.05943373963236809, 0.05575433373451233], "bboxes": [[144.6359100341797, 187.63522338867188, 527.076171875, 635.704833984375], [481.2867126464844, 250.92039489746094, 730.6603393554688, 652.990478515625], [514.3980712890625, 73.84561920166016, 658.51953125, 203.58425903320312], [218.32810974121094, 608.658447265625, 489.60992431640625, 799.1376953125], [490.9458312988281, 621.6416015625, 709.6629028320312, 800.0], [478.0985107421875, 422.0296936035156, 741.6390380859375, 781.8992919921875], [184.50611877441406, 465.78167724609375, 494.43231201171875, 790.4242553710938]]}