{"labels": [0], "scores": [0.9995297193527222], "bboxes": [[12.83782958984375, 124.90982055664062, 731.6767578125, 763.103515625]]}