{"labels": [0], "scores": [0.9975415468215942], "bboxes": [[23.201416015625, 80.97314453125, 752.8248291015625, 763.0507202148438]]}