{"labels": [0], "scores": [0.9990321397781372], "bboxes": [[20.525146484375, 73.25640869140625, 766.4998168945312, 714.836669921875]]}