{"labels": [0, 0, 0, 0, 0], "scores": [0.9255595207214355, 0.5889317393302917, 0.23759639263153076, 0.1622566133737564, 0.10720974951982498], "bboxes": [[2.220245361328125, 175.66207885742188, 798.23291015625, 681.2852783203125], [216.4901580810547, 305.3543701171875, 430.830810546875, 601.208251953125], [447.26190185546875, 349.5623474121094, 594.2077026367188, 489.6807556152344], [128.18246459960938, 282.3875732421875, 618.715576171875, 673.1051635742188], [716.1876831054688, 508.7353210449219, 785.7196655273438, 593.2156372070312]]}