{"labels": [0, 0], "scores": [0.9982559084892273, 0.19662164151668549], "bboxes": [[64.72003173828125, 312.73388671875, 779.657958984375, 784.69287109375], [287.11651611328125, 0.0, 482.1236572265625, 333.6160583496094]]}