{"labels": [0, 0, 0, 0, 0], "scores": [0.9817131161689758, 0.46129822731018066, 0.42096683382987976, 0.15454788506031036, 0.07709484547376633], "bboxes": [[427.9405517578125, 276.02337646484375, 751.22119140625, 739.884033203125], [0.8120002746582031, 402.97979736328125, 128.04620361328125, 650.9578247070312], [297.40985107421875, 65.81185913085938, 732.2803344726562, 754.445068359375], [11.31024169921875, 1.804443359375, 472.8946838378906, 775.546630859375], [382.49237060546875, 99.91329956054688, 605.0675048828125, 725.4979248046875]]}