{"labels": [0, 0, 0], "scores": [0.9967038035392761, 0.9934305548667908, 0.05552629753947258], "bboxes": [[1.5572509765625, 48.352386474609375, 501.232666015625, 743.005615234375], [351.9884033203125, 262.3800354003906, 795.0670166015625, 758.5169677734375], [5.6702880859375, 0.0, 468.0630798339844, 198.1813201904297]]}