{"labels": [0, 0], "scores": [0.9178465604782104, 0.78854900598526], "bboxes": [[206.34671020507812, 177.16259765625, 797.07568359375, 724.8905639648438], [189.19143676757812, 57.82057189941406, 792.8843994140625, 396.96282958984375]]}