{"labels": [0, 0, 0, 0], "scores": [0.9790408611297607, 0.26412832736968994, 0.14159701764583588, 0.06113799661397934], "bboxes": [[246.6505126953125, 215.6495819091797, 562.0652465820312, 572.8416137695312], [399.0899658203125, 668.12646484375, 498.7191162109375, 769.062744140625], [380.443603515625, 535.4304809570312, 592.77001953125, 697.4066772460938], [274.28936767578125, 16.97393035888672, 520.6842041015625, 229.33233642578125]]}