{"labels": [0, 0, 0], "scores": [0.9752585291862488, 0.9183365702629089, 0.8037975430488586], "bboxes": [[14.17559814453125, 155.35626220703125, 411.0326843261719, 368.5267333984375], [313.2601318359375, 212.13980102539062, 779.1529541015625, 740.18310546875], [26.055160522460938, 192.83737182617188, 436.8360595703125, 748.76123046875]]}