{"labels": [0, 0, 0, 0, 0, 0, 0, 0, 0, 0, 0], "scores": [0.9962770342826843, 0.8903892040252686, 0.8561100363731384, 0.7015838623046875, 0.5628232359886169, 0.3077754080295563, 0.1618419736623764, 0.10667630285024643, 0.10274732112884521, 0.09543366730213165, 0.059402719140052795], "bboxes": [[167.36509704589844, 206.47329711914062, 481.9881591796875, 527.5750732421875], [211.12257385253906, 500.304931640625, 515.70751953125, 737.119873046875], [581.7593383789062, 134.55335998535156, 747.7606811523438, 423.43310546875], [25.588668823242188, 129.06832885742188, 201.4978790283203, 770.9005126953125], [583.582275390625, 398.0651550292969, 757.3812255859375, 485.6103210449219], [564.989013671875, 135.18035888671875, 761.2890625, 679.9089965820312], [26.42713165283203, 141.29574584960938, 206.33563232421875, 455.9695739746094], [192.2926483154297, 270.2601318359375, 518.3453369140625, 734.779296875], [31.808738708496094, 425.3948669433594, 190.59933471679688, 764.56298828125], [528.78955078125, 326.828125, 757.8779296875, 783.4805908203125], [32.35484313964844, 226.9459686279297, 193.63494873046875, 400.9537353515625]]}