{"labels": [0, 0, 0], "scores": [0.9707065224647522, 0.24565257132053375, 0.1158401295542717], "bboxes": [[0.143463134765625, 36.15960693359375, 771.7642822265625, 795.1902465820312], [264.5433349609375, 39.186859130859375, 791.904296875, 563.2073974609375], [0.0, 224.66958618164062, 486.80902099609375, 783.052978515625]]}