{"labels": [0, 0, 0, 0], "scores": [0.9650366306304932, 0.49080169200897217, 0.12285035103559494, 0.0688050389289856], "bboxes": [[46.744354248046875, 136.30245971679688, 754.092529296875, 750.83447265625], [319.9764709472656, 517.5015258789062, 538.5675048828125, 662.5158081054688], [61.8804931640625, 475.15509033203125, 726.3186645507812, 757.7872924804688], [207.580078125, 48.24504089355469, 343.36138916015625, 177.10919189453125]]}