{"labels": [0, 0], "scores": [0.9836316108703613, 0.05801275745034218], "bboxes": [[182.85092163085938, 65.88864135742188, 782.8271484375, 714.647705078125], [251.68695068359375, 192.7139434814453, 635.4955444335938, 699.4152221679688]]}