{"labels": [0], "scores": [0.9978524446487427], "bboxes": [[28.270721435546875, 124.00753784179688, 770.5411376953125, 733.129150390625]]}