{"labels": [0], "scores": [0.996088981628418], "bboxes": [[7.484222412109375, 215.34567260742188, 747.837646484375, 693.9425048828125]]}