{"labels": [0], "scores": [0.9975838661193848], "bboxes": [[109.60345458984375, 137.54953002929688, 792.8405151367188, 713.5400390625]]}