{"labels": [0, 0], "scores": [0.9654884934425354, 0.897686779499054], "bboxes": [[0.0, 173.56268310546875, 800.0, 706.2796630859375], [256.7863464355469, 335.4177551269531, 795.8094482421875, 682.498779296875]]}