{"labels": [0, 0], "scores": [0.9964722394943237, 0.2865888178348541], "bboxes": [[122.86160278320312, 55.13299560546875, 735.2872314453125, 784.1446533203125], [202.39869689941406, 125.0865478515625, 465.7672119140625, 616.140869140625]]}