{"labels": [0, 0], "scores": [0.9976480603218079, 0.2757126986980438], "bboxes": [[31.4105224609375, 227.255126953125, 756.67041015625, 571.9163208007812], [113.003173828125, 486.2818908691406, 770.2117309570312, 580.817138671875]]}