{"labels": [0, 0, 0, 0], "scores": [0.9932594895362854, 0.21489779651165009, 0.08512737601995468, 0.0679558664560318], "bboxes": [[81.0216064453125, 296.4231872558594, 679.0709838867188, 739.6138916015625], [237.761474609375, 3.4486083984375, 530.6171264648438, 415.4095153808594], [588.5745239257812, 140.20205688476562, 754.9498901367188, 707.946044921875], [111.08981323242188, 16.1092529296875, 579.6370849609375, 529.5418701171875]]}