{"labels": [0], "scores": [0.9988196492195129], "bboxes": [[64.13037109375, 45.19549560546875, 622.6264038085938, 753.9467163085938]]}