{"labels": [0], "scores": [0.9913440942764282], "bboxes": [[168.10748291015625, 57.692840576171875, 752.4902954101562, 791.063232421875]]}