{"labels": [0], "scores": [0.998950183391571], "bboxes": [[12.97698974609375, 212.52700805664062, 774.7644653320312, 663.6434326171875]]}