{"labels": [0, 0, 0, 0], "scores": [0.9561126232147217, 0.3201729655265808, 0.21973763406276703, 0.1460646241903305], "bboxes": [[207.17005920410156, 199.40579223632812, 594.24365234375, 642.98095703125], [216.84121704101562, 613.1419677734375, 573.5745849609375, 779.6986083984375], [278.243408203125, 101.914306640625, 544.195556640625, 496.135986328125], [132.21876525878906, 98.58424377441406, 151.52491760253906, 141.93426513671875]]}