{"labels": [0], "scores": [0.9986914992332458], "bboxes": [[194.58448791503906, 12.882720947265625, 597.988525390625, 787.5]]}