{"labels": [0, 0, 0], "scores": [0.9639580845832825, 0.9031442403793335, 0.590779185295105], "bboxes": [[37.87083435058594, 11.257293701171875, 422.7864990234375, 654.175048828125], [288.30908203125, 243.83810424804688, 735.4752197265625, 788.872802734375], [46.948760986328125, 3.317718505859375, 670.003173828125, 773.2828369140625]]}