{"labels": [0, 0], "scores": [0.9902886152267456, 0.15865418314933777], "bboxes": [[123.94035339355469, 114.23690795898438, 624.1759643554688, 663.673095703125], [49.83937072753906, 123.9073486328125, 166.53903198242188, 236.00506591796875]]}