{"labels": [0], "scores": [0.9984891414642334], "bboxes": [[35.191558837890625, 162.4022216796875, 769.7568359375, 700.9215698242188]]}