{"labels": [0, 0, 0], "scores": [0.9966506361961365, 0.9069649577140808, 0.16364698112010956], "bboxes": [[143.3465576171875, 141.77078247070312, 611.6992797851562, 769.808837890625], [66.64574432373047, 8.899215698242188, 256.5177917480469, 289.80810546875], [580.923583984375, 343.93572998046875, 800.0, 773.2962036132812]]}