{"labels": [0], "scores": [0.9981246590614319], "bboxes": [[168.5814208984375, 31.706085205078125, 752.9061889648438, 761.569091796875]]}