{"labels": [0], "scores": [0.9663881659507751], "bboxes": [[447.964599609375, 124.98853302001953, 601.9273071289062, 536.7000122070312]]}