{"labels": [0, 0, 0, 0], "scores": [0.9194913506507874, 0.7483164072036743, 0.26110732555389404, 0.1727599799633026], "bboxes": [[3.8560791015625, 219.33265686035156, 653.06396484375, 679.7858276367188], [375.7599182128906, 137.82272338867188, 798.048095703125, 478.6445617675781], [5.4047088623046875, 341.4118347167969, 445.43133544921875, 676.69970703125], [112.75497436523438, 132.0004119873047, 788.953857421875, 554.5419921875]]}