{"labels": [0], "scores": [0.9919306635856628], "bboxes": [[323.4184265136719, 63.7410888671875, 479.7397766113281, 743.4755249023438]]}