{"labels": [0], "scores": [0.9974263310432434], "bboxes": [[0.0, 225.798583984375, 792.8426513671875, 664.171142578125]]}