{"labels": [0], "scores": [0.9992007613182068], "bboxes": [[42.52099609375, 219.4465789794922, 783.3026123046875, 627.3456420898438]]}