{"labels": [0, 0], "scores": [0.9447118043899536, 0.9390299320220947], "bboxes": [[82.14585876464844, 136.4507598876953, 451.7283935546875, 564.806396484375], [264.50341796875, 228.3386688232422, 653.6783447265625, 706.6376953125]]}