{"labels": [0, 0, 0], "scores": [0.9979507327079773, 0.243550643324852, 0.1051560491323471], "bboxes": [[194.56344604492188, 180.1939239501953, 619.3378295898438, 645.6676025390625], [251.12152099609375, 633.0250244140625, 512.9845581054688, 896.0], [206.99288940429688, 363.5376281738281, 601.5276489257812, 882.7855834960938]]}