{"labels": [0, 0], "scores": [0.9984000325202942, 0.8891116976737976], "bboxes": [[28.693511962890625, 128.06793212890625, 653.3809814453125, 788.4544677734375], [617.3330688476562, 5.13153076171875, 799.4310913085938, 790.82763671875]]}