{"labels": [0, 0, 0, 0], "scores": [0.976923406124115, 0.8858581185340881, 0.695451021194458, 0.14836180210113525], "bboxes": [[2.624359130859375, 68.56320190429688, 536.5159912109375, 758.099365234375], [366.1396484375, 122.85382080078125, 795.220703125, 717.21728515625], [281.3389892578125, 436.6476745605469, 555.42919921875, 781.576171875], [198.52130126953125, 279.59857177734375, 618.7421264648438, 781.2523803710938]]}