{"labels": [0], "scores": [0.9991639852523804], "bboxes": [[7.04901123046875, 160.84536743164062, 796.2670288085938, 637.0953369140625]]}