{"labels": [0], "scores": [0.9951350092887878], "bboxes": [[276.0387878417969, 0.0, 530.9944458007812, 795.8052978515625]]}