{"labels": [0], "scores": [0.9964991807937622], "bboxes": [[3.149749755859375, 178.29702758789062, 662.584228515625, 685.30078125]]}