{"labels": [0], "scores": [0.9992274045944214], "bboxes": [[0.0439453125, 176.2299346923828, 797.972900390625, 627.09765625]]}