{"labels": [0, 0], "scores": [0.9964538812637329, 0.9699730277061462], "bboxes": [[6.813907623291016, 53.89824295043945, 698.5858154296875, 842.3197021484375], [0.0, 259.55938720703125, 361.854248046875, 844.496337890625]]}