{"labels": [0], "scores": [0.9922353625297546], "bboxes": [[68.22561645507812, 185.9658203125, 545.59814453125, 683.2169189453125]]}