{"labels": [0], "scores": [0.9991313815116882], "bboxes": [[21.49755859375, 291.0126953125, 787.5553588867188, 480.08306884765625]]}