{"labels": [0, 0, 0, 0], "scores": [0.9779390692710876, 0.9711465835571289, 0.5582334995269775, 0.5066573619842529], "bboxes": [[155.03916931152344, 193.63418579101562, 484.099853515625, 569.2658081054688], [199.0501708984375, 529.8058471679688, 477.34722900390625, 745.9707641601562], [587.7144165039062, 1.8233394622802734, 697.3853149414062, 439.4677734375], [443.10748291015625, 0.0, 561.8264770507812, 369.35516357421875]]}