{"labels": [0, 0], "scores": [0.9891340136528015, 0.2959401607513428], "bboxes": [[161.69607543945312, 138.28634643554688, 784.8746337890625, 758.0859375], [55.7576904296875, 203.3687744140625, 593.8710327148438, 672.64111328125]]}