{"labels": [0, 0], "scores": [0.9952059388160706, 0.969285786151886], "bboxes": [[9.396453857421875, 266.03839111328125, 647.503173828125, 750.9200439453125], [197.48654174804688, 76.26036071777344, 790.4217529296875, 483.19329833984375]]}