{"labels": [0, 0], "scores": [0.9984238147735596, 0.14037185907363892], "bboxes": [[26.288299560546875, 28.349151611328125, 772.02392578125, 787.3509521484375], [1.59375, 0.0, 462.85858154296875, 482.44647216796875]]}