{"labels": [0, 0], "scores": [0.9973108768463135, 0.1329767256975174], "bboxes": [[211.8582763671875, 171.97288513183594, 557.845947265625, 769.8251342773438], [230.4134979248047, 703.7329711914062, 539.2636108398438, 843.8265380859375]]}