{"labels": [0], "scores": [0.9971283078193665], "bboxes": [[162.09422302246094, 44.718414306640625, 640.4515380859375, 775.1666259765625]]}