{"labels": [0], "scores": [0.9982683658599854], "bboxes": [[14.9842529296875, 131.41983032226562, 778.1945190429688, 799.791259765625]]}