{"labels": [0], "scores": [0.995766282081604], "bboxes": [[138.36459350585938, 209.94833374023438, 665.9849853515625, 513.1343994140625]]}