{"labels": [0], "scores": [0.9989708662033081], "bboxes": [[1.04913330078125, 6.93548583984375, 799.4678344726562, 800.0]]}