{"labels": [0, 0, 0], "scores": [0.9975383281707764, 0.18049895763397217, 0.09942354261875153], "bboxes": [[111.490478515625, 312.33306884765625, 680.163330078125, 782.6487426757812], [2.8397293090820312, 126.01718139648438, 135.8829345703125, 678.1639404296875], [167.69229125976562, 169.44546508789062, 342.7736511230469, 320.2330017089844]]}