{"labels": [0], "scores": [0.9981372356414795], "bboxes": [[0.0, 141.61093139648438, 800.0, 661.111083984375]]}