{"labels": [0], "scores": [0.9992939233779907], "bboxes": [[0.0, 0.9471435546875, 796.35546875, 800.0]]}