{"labels": [0], "scores": [0.9988558292388916], "bboxes": [[8.231703758239746, 88.8958511352539, 688.6353759765625, 613.8169555664062]]}