{"labels": [0, 0], "scores": [0.9883727431297302, 0.9867428541183472], "bboxes": [[350.8989562988281, 196.4473114013672, 676.6612548828125, 680.1593627929688], [119.50468444824219, 291.0556945800781, 444.89923095703125, 784.63330078125]]}