{"labels": [0, 0], "scores": [0.9972473978996277, 0.25080621242523193], "bboxes": [[52.913177490234375, 271.7176818847656, 759.4315185546875, 784.4071044921875], [189.9965362548828, 92.20025634765625, 575.183837890625, 420.17828369140625]]}