{"labels": [0], "scores": [0.9987329840660095], "bboxes": [[94.5079345703125, 117.06732177734375, 718.3944702148438, 728.7911376953125]]}