{"labels": [0, 0, 0, 0, 0], "scores": [0.8633552193641663, 0.7717816233634949, 0.33892932534217834, 0.18076616525650024, 0.17488668859004974], "bboxes": [[24.68017578125, 362.87261962890625, 698.8259887695312, 627.57861328125], [362.18182373046875, 424.17156982421875, 539.982666015625, 628.5680541992188], [0.0, 526.5509643554688, 787.2752685546875, 797.5028686523438], [161.4373779296875, 414.2353210449219, 553.7120361328125, 627.9822387695312], [455.94769287109375, 438.24951171875, 699.0357055664062, 619.8133544921875]]}