{"labels": [0, 0, 0], "scores": [0.9842484593391418, 0.16004931926727295, 0.05859958752989769], "bboxes": [[116.25341796875, 94.26168823242188, 695.3211059570312, 526.74951171875], [109.42378997802734, 153.3586883544922, 352.630126953125, 514.0907592773438], [255.23556518554688, 106.07855224609375, 564.8043212890625, 497.97882080078125]]}