{"labels": [0, 0, 0, 0, 0], "scores": [0.9718545079231262, 0.6843540668487549, 0.29497411847114563, 0.29393431544303894, 0.10301781445741653], "bboxes": [[86.79220581054688, 8.312408447265625, 706.7696533203125, 791.02734375], [140.9777069091797, 8.464324951171875, 524.1860961914062, 616.942138671875], [377.42449951171875, 80.99484252929688, 686.6989135742188, 794.0064697265625], [307.4746398925781, 84.85443115234375, 516.5602416992188, 599.9623413085938], [74.36192321777344, 52.691253662109375, 336.02490234375, 605.8447265625]]}