{"labels": [0, 0], "scores": [0.9467779397964478, 0.06967730075120926], "bboxes": [[105.20626831054688, 120.84550476074219, 693.3870849609375, 570.7120361328125], [165.35556030273438, 291.662353515625, 658.573974609375, 559.316650390625]]}