{"labels": [0, 0], "scores": [0.9751124978065491, 0.5920372605323792], "bboxes": [[138.35446166992188, 315.2970886230469, 644.91162109375, 896.0], [423.9320983886719, 339.15533447265625, 686.8185424804688, 843.5760498046875]]}