{"labels": [0, 0, 0, 0], "scores": [0.9063805341720581, 0.7991572022438049, 0.3567653000354767, 0.10293066501617432], "bboxes": [[83.4927978515625, 207.93991088867188, 682.0482177734375, 800.0], [20.069488525390625, 0.0, 533.4825439453125, 344.1673583984375], [332.8302307128906, 326.7805480957031, 475.8130187988281, 549.5184326171875], [91.12199401855469, 403.20989990234375, 529.3523559570312, 788.1831665039062]]}