{"labels": [0, 0, 0], "scores": [0.9637643694877625, 0.9422993659973145, 0.3687056303024292], "bboxes": [[5.959625244140625, 16.63250732421875, 545.282470703125, 794.73583984375], [23.919647216796875, 6.277587890625, 420.30902099609375, 356.891357421875], [509.33642578125, 586.7538452148438, 698.740234375, 691.6126098632812]]}