{"labels": [0, 0, 0], "scores": [0.9972395896911621, 0.9966321587562561, 0.9882798194885254], "bboxes": [[272.1887512207031, 30.058624267578125, 539.1650390625, 647.3375244140625], [12.082168579101562, 17.349578857421875, 277.3143310546875, 676.1427001953125], [522.0126953125, 21.651123046875, 789.9639892578125, 677.4736938476562]]}