{"labels": [0, 0, 0], "scores": [0.9948201179504395, 0.9888906478881836, 0.17106327414512634], "bboxes": [[85.085205078125, 7.38690185546875, 779.7218017578125, 624.4313354492188], [53.27423095703125, 96.2138671875, 199.72398376464844, 784.25], [58.421875, 50.899627685546875, 389.13543701171875, 800.0]]}