{"labels": [0, 0], "scores": [0.9290004968643188, 0.09936102479696274], "bboxes": [[193.82542419433594, 188.0264892578125, 443.57000732421875, 471.38629150390625], [170.7545166015625, 165.50843811035156, 720.3638916015625, 655.2708740234375]]}