{"labels": [0, 0, 0], "scores": [0.9945687055587769, 0.9601513147354126, 0.9583671689033508], "bboxes": [[240.7396240234375, 393.90960693359375, 634.70458984375, 687.2828979492188], [492.6736755371094, 254.18154907226562, 778.5914306640625, 457.7206115722656], [18.935195922851562, 146.34068298339844, 376.2708740234375, 500.9166259765625]]}