{"labels": [0, 0, 0], "scores": [0.990132212638855, 0.8614193201065063, 0.7078501582145691], "bboxes": [[7.077178955078125, 355.404296875, 456.1107482910156, 725.4874267578125], [99.00900268554688, 310.032958984375, 776.9852294921875, 696.6690063476562], [557.34765625, 297.71575927734375, 791.440185546875, 657.3751220703125]]}