{"labels": [0, 0], "scores": [0.9787317514419556, 0.22687365114688873], "bboxes": [[44.328582763671875, 273.3311462402344, 685.224853515625, 794.1810302734375], [240.01466369628906, 88.71939849853516, 614.947021484375, 300.2315979003906]]}