{"labels": [0, 0], "scores": [0.9946334362030029, 0.3909871280193329], "bboxes": [[185.9029083251953, 108.94119262695312, 594.1980590820312, 783.7320556640625], [178.86135864257812, 115.09805297851562, 274.5019836425781, 677.66845703125]]}