{"labels": [0, 0], "scores": [0.9959337115287781, 0.2120964378118515], "bboxes": [[57.05169677734375, 195.73643493652344, 758.4876708984375, 685.1917724609375], [431.545654296875, 345.1278076171875, 603.3927001953125, 685.6422119140625]]}