{"labels": [0, 0, 0, 0], "scores": [0.9600808024406433, 0.7301265597343445, 0.71169513463974, 0.5966682434082031], "bboxes": [[287.4444885253906, 471.70599365234375, 553.6480712890625, 788.0802612304688], [206.21713256835938, 179.31459045410156, 626.726806640625, 669.8284912109375], [515.3291625976562, 551.3749389648438, 788.5999145507812, 777.1691284179688], [218.96401977539062, 461.37060546875, 739.2667236328125, 794.9072265625]]}