{"labels": [0], "scores": [0.9984607696533203], "bboxes": [[90.05023193359375, 352.535400390625, 715.8958740234375, 717.6468505859375]]}