{"labels": [0, 0], "scores": [0.9967254400253296, 0.14000053703784943], "bboxes": [[64.14013671875, 155.25491333007812, 733.43212890625, 724.1014404296875], [61.197998046875, 468.498291015625, 729.2154541015625, 706.9180908203125]]}