{"labels": [0], "scores": [0.9989534616470337], "bboxes": [[62.775299072265625, 73.14822387695312, 715.73876953125, 740.155029296875]]}