{"labels": [0, 0, 0], "scores": [0.9854995012283325, 0.18448026478290558, 0.08192572742700577], "bboxes": [[23.994476318359375, 143.121337890625, 612.540283203125, 725.2539672851562], [153.22018432617188, 173.8234405517578, 622.2264404296875, 544.7672119140625], [85.65971374511719, 272.0106201171875, 472.1390380859375, 713.8296508789062]]}