{"labels": [0, 0, 0, 0, 0, 0, 0, 0, 0], "scores": [0.9483457207679749, 0.8833460211753845, 0.8607139587402344, 0.5571888089179993, 0.38689732551574707, 0.2928082048892975, 0.2527960240840912, 0.08798137307167053, 0.07562526315450668], "bboxes": [[19.417152404785156, 346.3063659667969, 264.76654052734375, 556.6922607421875], [292.0990295410156, 100.52964782714844, 525.2794189453125, 303.396240234375], [544.0303955078125, 95.32090759277344, 778.7330322265625, 311.89263916015625], [17.47796630859375, 572.56640625, 538.42919921875, 784.091552734375], [28.249298095703125, 97.44091033935547, 263.0916442871094, 309.3294982910156], [40.79449462890625, 578.583984375, 263.8663024902344, 771.2646484375], [242.14224243164062, 567.1832885742188, 772.2923583984375, 782.1586303710938], [512.4425659179688, 568.0411376953125, 780.4496459960938, 778.1141357421875], [278.2474060058594, 569.8255615234375, 480.9581604003906, 779.1082763671875]]}