{"labels": [0, 0], "scores": [0.9679704308509827, 0.627202033996582], "bboxes": [[222.33596801757812, 208.723388671875, 607.01904296875, 728.1170043945312], [339.3289794921875, 492.0780944824219, 565.3389892578125, 715.906005859375]]}