{"labels": [0], "scores": [0.9772419929504395], "bboxes": [[191.9012451171875, 174.83706665039062, 617.4871826171875, 727.85693359375]]}