{"labels": [0, 0], "scores": [0.9704280495643616, 0.2399747520685196], "bboxes": [[100.78746032714844, 250.73391723632812, 621.2529907226562, 892.8502807617188], [48.045867919921875, 389.954345703125, 454.2887878417969, 892.2974853515625]]}