{"labels": [0, 0], "scores": [0.9689276218414307, 0.10452105849981308], "bboxes": [[336.8854675292969, 61.711944580078125, 484.1171569824219, 736.477783203125], [144.52685546875, 34.6805419921875, 707.9752197265625, 737.1182861328125]]}