{"labels": [0], "scores": [0.9993029832839966], "bboxes": [[144.9837188720703, 31.32720947265625, 636.7454223632812, 781.8080444335938]]}