{"labels": [0], "scores": [0.9972876310348511], "bboxes": [[275.36932373046875, 77.69891357421875, 572.706298828125, 735.3038940429688]]}