{"labels": [0], "scores": [0.9949036836624146], "bboxes": [[249.61695861816406, 208.287841796875, 733.3276977539062, 748.6064453125]]}