{"labels": [0], "scores": [0.9931098222732544], "bboxes": [[303.9285583496094, 14.678680419921875, 485.9978942871094, 791.2396240234375]]}