{"labels": [0], "scores": [0.9979502558708191], "bboxes": [[283.61260986328125, 57.693084716796875, 500.14837646484375, 722.348876953125]]}