{"labels": [0], "scores": [0.995848536491394], "bboxes": [[71.34683227539062, 22.69146728515625, 791.224609375, 749.4453735351562]]}