{"labels": [0, 0], "scores": [0.9975357055664062, 0.10234571993350983], "bboxes": [[3.4561767578125, 93.72222900390625, 791.5315551757812, 734.8329467773438], [0.0, 335.141845703125, 219.28810119628906, 614.5850219726562]]}