{"labels": [0], "scores": [0.9781061410903931], "bboxes": [[114.04632568359375, 40.655242919921875, 479.78570556640625, 789.3470458984375]]}