{"labels": [0, 0], "scores": [0.9962112903594971, 0.11270260065793991], "bboxes": [[3.4804892539978027, 157.9124298095703, 702.0, 660.929443359375], [1.236180305480957, 40.59410858154297, 591.3659057617188, 392.9357604980469]]}