{"labels": [0], "scores": [0.9976958632469177], "bboxes": [[3.8922119140625, 258.4410400390625, 792.6730346679688, 590.0216064453125]]}