{"labels": [0], "scores": [0.9937258362770081], "bboxes": [[173.25604248046875, 244.29551696777344, 563.164306640625, 739.279052734375]]}