{"labels": [0], "scores": [0.9990045428276062], "bboxes": [[2.171234130859375, 4.074249267578125, 795.62939453125, 790.42822265625]]}