{"labels": [0, 0, 0], "scores": [0.9961298704147339, 0.5143705606460571, 0.08457384258508682], "bboxes": [[179.9595947265625, 62.672088623046875, 615.0404052734375, 792.4232177734375], [594.0264282226562, 379.99609375, 741.6786499023438, 714.273193359375], [48.76542663574219, 80.19076538085938, 226.86305236816406, 740.089599609375]]}