{"labels": [0], "scores": [0.998167872428894], "bboxes": [[78.41390991210938, 248.64456176757812, 744.6693115234375, 500.0129699707031]]}