{"labels": [0, 0, 0, 0, 0, 0, 0, 0, 0, 0, 0, 0, 0], "scores": [0.9916800856590271, 0.9600701332092285, 0.7922612428665161, 0.4300137460231781, 0.36210501194000244, 0.34066131711006165, 0.281655490398407, 0.23789754509925842, 0.1450803428888321, 0.08181843161582947, 0.07722433656454086, 0.07026418298482895, 0.06478709727525711], "bboxes": [[38.75885009765625, 196.31622314453125, 778.2117919921875, 751.040771484375], [104.19825744628906, 252.17047119140625, 278.831298828125, 406.70062255859375], [494.89361572265625, 6.707489013671875, 789.2163696289062, 398.4463806152344], [136.69818115234375, 306.0260009765625, 350.88641357421875, 500.4984130859375], [545.99462890625, 438.9723815917969, 743.298095703125, 600.2674560546875], [284.85552978515625, 215.20077514648438, 483.3814697265625, 381.0748596191406], [47.61772918701172, 402.3880615234375, 197.30328369140625, 542.3470458984375], [51.90589141845703, 443.0318603515625, 276.33331298828125, 667.69677734375], [263.1675720214844, 200.0210418701172, 464.2637634277344, 317.36474609375], [370.2315673828125, 610.8081665039062, 548.0557250976562, 769.0735473632812], [258.12921142578125, 205.34368896484375, 620.6354370117188, 425.93023681640625], [260.29718017578125, 215.9558868408203, 747.9506225585938, 533.0474853515625], [526.1800537109375, 504.61322021484375, 678.839111328125, 709.9780883789062]]}