{"labels": [0, 0, 0], "scores": [0.8612102270126343, 0.8148239850997925, 0.34291553497314453], "bboxes": [[14.45831298828125, 231.9613037109375, 775.979736328125, 722.6864013671875], [61.97613525390625, 211.65472412109375, 726.8792724609375, 512.9048461914062], [5.629638671875, 522.3233642578125, 624.600341796875, 725.80322265625]]}