{"labels": [0, 0, 0, 0, 0, 0, 0, 0, 0, 0, 0, 0, 0, 0, 0, 0], "scores": [0.9860749840736389, 0.9739041924476624, 0.9738255143165588, 0.9693261981010437, 0.952191948890686, 0.9370332956314087, 0.9347211122512817, 0.9084566831588745, 0.8935848474502563, 0.859722912311554, 0.8124544620513916, 0.7755329608917236, 0.45878392457962036, 0.13754966855049133, 0.07759092003107071, 0.051637209951877594], "bboxes": [[582.3807373046875, 475.9613952636719, 749.79052734375, 643.5263671875], [578.4948120117188, 176.8792266845703, 748.6622924804688, 344.48004150390625], [465.8745422363281, 571.1084594726562, 628.6416625976562, 739.9299926757812], [178.57003784179688, 578.3533935546875, 339.0644226074219, 743.7076416015625], [329.24517822265625, 611.2512817382812, 482.92181396484375, 774.9105834960938], [619.6719970703125, 330.32611083984375, 793.4561767578125, 498.4056396484375], [55.91815948486328, 188.83184814453125, 216.82937622070312, 351.27899169921875], [59.086334228515625, 477.2928161621094, 232.82159423828125, 649.3528442382812], [452.1385192871094, 92.57768249511719, 614.8673095703125, 261.5467529296875], [319.997314453125, 65.80740356445312, 469.25177001953125, 232.06500244140625], [169.76010131835938, 93.61444091796875, 322.66387939453125, 253.92599487304688], [9.7100830078125, 330.98486328125, 178.95498657226562, 498.7591552734375], [28.72430419921875, 212.60556030273438, 702.0413208007812, 761.3555908203125], [463.0215148925781, 254.5911865234375, 541.9408569335938, 397.3162841796875], [72.83871459960938, 439.18048095703125, 650.042236328125, 681.3718872070312], [155.77024841308594, 185.90872192382812, 563.6044921875, 396.2926330566406]]}