{"labels": [0], "scores": [0.9986792206764221], "bboxes": [[159.0720977783203, 177.0223388671875, 587.993408203125, 865.3819580078125]]}