{"labels": [0, 0], "scores": [0.9961344003677368, 0.05048573389649391], "bboxes": [[17.412322998046875, 20.681991577148438, 636.5836181640625, 520.86962890625], [5.157135009765625, 516.38671875, 627.5599365234375, 800.0]]}