{"labels": [0, 0, 0, 0, 0], "scores": [0.971975564956665, 0.9591796398162842, 0.9047507047653198, 0.31099945306777954, 0.14720602333545685], "bboxes": [[402.7461242675781, 131.42539978027344, 563.2872924804688, 382.98980712890625], [184.47972106933594, 127.68190002441406, 366.0455322265625, 393.32958984375], [197.65878295898438, 402.7208251953125, 613.9456787109375, 800.0], [65.97622680664062, 148.05987548828125, 662.7181396484375, 794.8401489257812], [136.6865234375, 494.57049560546875, 375.521240234375, 567.2440795898438]]}