{"labels": [0, 0, 0, 0], "scores": [0.9489771723747253, 0.6269150376319885, 0.5734723806381226, 0.09559611231088638], "bboxes": [[82.36367797851562, 18.48651123046875, 740.8482666015625, 721.6952514648438], [85.67257690429688, 370.56671142578125, 730.3843994140625, 782.3732299804688], [148.86758422851562, 364.8490295410156, 669.759521484375, 531.11328125], [109.4844970703125, 65.08157348632812, 727.9696044921875, 428.88409423828125]]}