{"labels": [0, 0, 0, 0, 0], "scores": [0.9866654276847839, 0.973041832447052, 0.14176060259342194, 0.1395132690668106, 0.12276014685630798], "bboxes": [[191.13369750976562, 413.6196594238281, 647.9071044921875, 794.0863037109375], [141.06076049804688, 140.8604278564453, 647.3953857421875, 398.4952392578125], [143.10206604003906, 129.50946044921875, 402.2518310546875, 368.6198425292969], [142.1400146484375, 144.00460815429688, 675.021728515625, 783.9022216796875], [497.2174072265625, 7.6806488037109375, 597.72412109375, 200.23291015625]]}