{"labels": [0], "scores": [0.9981034994125366], "bboxes": [[116.95208740234375, 0.57708740234375, 683.16064453125, 793.0957641601562]]}