{"labels": [0], "scores": [0.9986575841903687], "bboxes": [[30.04827880859375, 177.19921875, 765.8401489257812, 641.2301025390625]]}