{"labels": [0, 0, 0, 0, 0, 0, 0], "scores": [0.9778863191604614, 0.9663453102111816, 0.9518218636512756, 0.9410879015922546, 0.5562120079994202, 0.4993056356906891, 0.06982199847698212], "bboxes": [[402.93988037109375, 132.92385864257812, 558.187744140625, 771.98828125], [121.16890716552734, 356.133544921875, 286.7842102050781, 759.0650634765625], [271.7262268066406, 98.71890258789062, 414.9314270019531, 767.152587890625], [518.1451416015625, 85.93612670898438, 704.396240234375, 780.408203125], [126.65961456298828, 9.563507080078125, 293.18511962890625, 800.0], [144.44696044921875, 7.179107666015625, 484.47412109375, 781.5394287109375], [247.218994140625, 45.86834716796875, 676.9511108398438, 791.1806030273438]]}