{"labels": [0], "scores": [0.9980042576789856], "bboxes": [[182.90628051757812, 96.771484375, 610.083740234375, 707.6864013671875]]}