{"labels": [0], "scores": [0.9992627501487732], "bboxes": [[56.844940185546875, 42.233489990234375, 757.583984375, 765.328125]]}