{"labels": [0], "scores": [0.9960980415344238], "bboxes": [[44.65618896484375, 64.64447021484375, 800.0, 675.3999633789062]]}