{"labels": [0], "scores": [0.9970099925994873], "bboxes": [[226.497314453125, 160.23223876953125, 478.53173828125, 889.7286376953125]]}