{"labels": [0, 0, 0], "scores": [0.8448925614356995, 0.6416459679603577, 0.06135764345526695], "bboxes": [[210.1847381591797, 153.8594970703125, 594.05859375, 515.1256103515625], [203.56893920898438, 160.94161987304688, 757.84326171875, 786.1947021484375], [140.11886596679688, 445.1895751953125, 799.900146484375, 800.0]]}