{"labels": [0, 0, 0], "scores": [0.9925796389579773, 0.431946724653244, 0.26877960562705994], "bboxes": [[437.3665466308594, 59.44537353515625, 703.1551513671875, 683.3030395507812], [51.39844512939453, 441.1634521484375, 178.79489135742188, 624.8922119140625], [40.63006591796875, 14.313720703125, 690.1775512695312, 666.4653930664062]]}