{"labels": [0, 0, 0, 0], "scores": [0.9281423091888428, 0.8836905360221863, 0.14326511323451996, 0.12812094390392303], "bboxes": [[160.7154541015625, 212.3193359375, 678.5154418945312, 790.9943237304688], [1.03472900390625, 334.262939453125, 516.4540405273438, 799.210693359375], [448.1695556640625, 173.17413330078125, 497.28973388671875, 236.79373168945312], [213.8589324951172, 136.53697204589844, 656.0902709960938, 568.144287109375]]}