{"labels": [0, 0, 0, 0, 0, 0, 0], "scores": [0.9781948924064636, 0.874615490436554, 0.6877198219299316, 0.37388724088668823, 0.323976069688797, 0.0703425332903862, 0.06387282907962799], "bboxes": [[0.0, 163.00643920898438, 798.366943359375, 793.5924072265625], [460.99786376953125, 31.220199584960938, 800.0, 334.188232421875], [195.12405395507812, 122.9656982421875, 680.7698974609375, 370.4141540527344], [30.6527099609375, 68.47416687011719, 735.4988403320312, 425.02410888671875], [49.9542236328125, 87.08404541015625, 516.625732421875, 269.66552734375], [9.361038208007812, 46.054080963134766, 470.11419677734375, 136.2200164794922], [86.71485137939453, 101.80506896972656, 307.0834655761719, 256.7171630859375]]}