{"labels": [0], "scores": [0.9985594153404236], "bboxes": [[165.53724670410156, 251.79161071777344, 585.9344482421875, 861.2310180664062]]}