{"labels": [0, 0, 0, 0, 0, 0, 0], "scores": [0.9921680092811584, 0.991631805896759, 0.9872363805770874, 0.984157145023346, 0.9823817610740662, 0.11253543943166733, 0.07636889070272446], "bboxes": [[184.5030059814453, 147.84207153320312, 327.0252685546875, 652.73583984375], [336.76129150390625, 143.3565673828125, 484.73345947265625, 660.6338500976562], [643.634765625, 146.59068298339844, 792.9842529296875, 656.839599609375], [13.585609436035156, 144.89462280273438, 168.99075317382812, 661.3775634765625], [483.54180908203125, 148.41346740722656, 629.2868041992188, 645.0159301757812], [522.6660766601562, 141.36322021484375, 707.6476440429688, 661.6253051757812], [166.04563903808594, 150.59776306152344, 591.9763793945312, 657.783203125]]}