{"labels": [0, 0], "scores": [0.9970942735671997, 0.9946569204330444], "bboxes": [[408.2621154785156, 20.118408203125, 583.1514282226562, 757.9661865234375], [209.73580932617188, 126.45181274414062, 414.9417419433594, 746.15380859375]]}