{"labels": [0], "scores": [0.9977838397026062], "bboxes": [[138.2584991455078, 218.9539794921875, 559.5096435546875, 877.16455078125]]}