{"labels": [0], "scores": [0.9967145919799805], "bboxes": [[309.0942077636719, 40.20037841796875, 488.8157043457031, 775.2177124023438]]}