{"labels": [0, 0, 0], "scores": [0.991081178188324, 0.5713732838630676, 0.05370836704969406], "bboxes": [[85.1881103515625, 334.8287353515625, 494.9805908203125, 721.91650390625], [437.4288330078125, 598.9308471679688, 723.22607421875, 725.5776977539062], [39.434661865234375, 63.05755615234375, 600.80810546875, 674.0364990234375]]}