{"labels": [0], "scores": [0.9980378746986389], "bboxes": [[7.50494384765625, 7.419921875, 705.9774169921875, 716.2568969726562]]}