{"labels": [0, 0, 0, 0, 0], "scores": [0.9840440154075623, 0.9394492506980896, 0.8816753029823303, 0.8427401185035706, 0.2423972636461258], "bboxes": [[78.96012878417969, 349.4169616699219, 329.78460693359375, 594.0000610351562], [333.031005859375, 483.4464111328125, 439.5833740234375, 607.4781494140625], [195.81695556640625, 94.69944763183594, 747.0682983398438, 553.0780029296875], [427.13385009765625, 547.2041015625, 569.2972412109375, 654.8587646484375], [175.99978637695312, 76.86326599121094, 526.4910888671875, 338.19708251953125]]}