{"labels": [0, 0, 0, 0, 0], "scores": [0.9849291443824768, 0.5253070592880249, 0.25863680243492126, 0.10177599638700485, 0.08604970574378967], "bboxes": [[177.90936279296875, 78.35128784179688, 725.5184936523438, 724.26123046875], [0.0, 175.08984375, 586.57177734375, 681.1199951171875], [0.0, 111.93855285644531, 120.4580078125, 238.60072326660156], [188.76657104492188, 344.0697021484375, 622.4097900390625, 751.1500244140625], [372.4078063964844, 79.00642395019531, 708.454833984375, 548.0518188476562]]}