{"labels": [0, 0, 0, 0], "scores": [0.9788040518760681, 0.3838784694671631, 0.15217913687229156, 0.10744662582874298], "bboxes": [[196.76483154296875, 369.7918395996094, 631.2314453125, 725.1661376953125], [380.0648498535156, 3.799652099609375, 629.6917114257812, 290.9971008300781], [0.0, 2.135284423828125, 725.186767578125, 712.216796875], [476.27685546875, 0.0, 547.8843994140625, 93.44329071044922]]}