{"labels": [0, 0], "scores": [0.9844707250595093, 0.0990094393491745], "bboxes": [[136.32821655273438, 316.11468505859375, 774.1781005859375, 653.7271728515625], [7.034820556640625, 316.69195556640625, 253.00732421875, 578.1412963867188]]}