{"labels": [0], "scores": [0.998940646648407], "bboxes": [[30.04864501953125, 112.67823791503906, 769.1786499023438, 570.8195190429688]]}