{"labels": [0, 0, 0], "scores": [0.9955617189407349, 0.5962260365486145, 0.2048124372959137], "bboxes": [[130.62237548828125, 9.0791015625, 665.50537109375, 285.082275390625], [334.466796875, 441.44171142578125, 651.8712158203125, 800.0], [18.694610595703125, 423.1558532714844, 663.7213134765625, 800.0]]}