{"labels": [0], "scores": [0.9953519105911255], "bboxes": [[187.75311279296875, 8.911312103271484, 497.7752380371094, 873.2919921875]]}