{"labels": [0, 0, 0], "scores": [0.9968409538269043, 0.8301640748977661, 0.061349887400865555], "bboxes": [[0.0, 270.82452392578125, 789.4010009765625, 580.388671875], [658.9322509765625, 167.4476318359375, 796.990478515625, 322.1266784667969], [0.0, 331.26824951171875, 800.0, 797.3771362304688]]}