{"labels": [0], "scores": [0.99615877866745], "bboxes": [[261.04931640625, 64.869384765625, 524.2675170898438, 744.6275634765625]]}