{"labels": [0, 0], "scores": [0.9767295122146606, 0.09461743384599686], "bboxes": [[63.628814697265625, 88.80511474609375, 702.265625, 783.9854125976562], [82.25784301757812, 193.53353881835938, 448.7671203613281, 764.5914306640625]]}