{"labels": [0], "scores": [0.989194393157959], "bboxes": [[251.56765747070312, 103.01425170898438, 524.223388671875, 729.53564453125]]}