{"labels": [0, 0, 0, 0, 0, 0, 0, 0, 0, 0, 0, 0], "scores": [0.9447376132011414, 0.9140433073043823, 0.8671403527259827, 0.4928102493286133, 0.4863215982913971, 0.4293692111968994, 0.27965766191482544, 0.11518539488315582, 0.08605341613292694, 0.07422389835119247, 0.06278111785650253, 0.05653689429163933], "bboxes": [[608.052001953125, 123.82990264892578, 742.6214599609375, 233.88818359375], [402.9931640625, 86.47990417480469, 573.3078002929688, 230.31895446777344], [146.38226318359375, 76.6488265991211, 329.3035583496094, 231.31109619140625], [141.05255126953125, 247.85971069335938, 276.4963684082031, 412.0299377441406], [0.0, 29.57269287109375, 800.0, 794.2020874023438], [481.88800048828125, 453.3633728027344, 653.7048950195312, 559.3359375], [471.0810241699219, 243.58245849609375, 612.138671875, 409.4957275390625], [679.2265625, 256.37384033203125, 736.2340087890625, 354.88446044921875], [589.4305419921875, 148.86488342285156, 624.9957275390625, 181.67164611816406], [146.2435302734375, 586.2415161132812, 280.94805908203125, 697.7515258789062], [303.3692321777344, 251.09042358398438, 442.0190734863281, 409.9853210449219], [489.16400146484375, 263.3489685058594, 592.6195678710938, 348.7551574707031]]}