{"labels": [0, 0], "scores": [0.9883441925048828, 0.10270868986845016], "bboxes": [[94.53756713867188, 201.60403442382812, 685.455078125, 682.0723876953125], [147.19529724121094, 387.3251953125, 627.0311279296875, 674.53076171875]]}