{"labels": [0, 0], "scores": [0.9956722259521484, 0.1084945946931839], "bboxes": [[99.66769409179688, 175.89511108398438, 671.4598388671875, 749.8939208984375], [16.381820678710938, 501.84222412109375, 284.60809326171875, 777.7836303710938]]}