{"labels": [0], "scores": [0.9987620115280151], "bboxes": [[14.724273681640625, 304.0651550292969, 794.922607421875, 547.4067993164062]]}