{"labels": [0, 0], "scores": [0.9959893822669983, 0.5027028322219849], "bboxes": [[0.73309326171875, 373.9107360839844, 800.0, 579.742431640625], [11.482330322265625, 50.5870361328125, 793.5377197265625, 576.343505859375]]}