{"labels": [0, 0, 0, 0, 0, 0, 0], "scores": [0.9630375504493713, 0.5975759029388428, 0.5781469941139221, 0.23297132551670074, 0.19104985892772675, 0.09659697115421295, 0.0917329341173172], "bboxes": [[394.9212646484375, 0.4900665283203125, 753.3193359375, 293.87469482421875], [531.305419921875, 392.5440673828125, 614.5445556640625, 507.907958984375], [397.0621032714844, 379.2930908203125, 517.7326049804688, 509.472900390625], [117.57899475097656, 560.6068725585938, 197.01084899902344, 679.9351196289062], [258.3172607421875, 386.167724609375, 393.23602294921875, 502.46783447265625], [5.131187438964844, 234.78604125976562, 176.1837158203125, 400.9011535644531], [154.92144775390625, 245.67523193359375, 769.2127685546875, 747.9944458007812]]}