{"labels": [0], "scores": [0.9989979863166809], "bboxes": [[216.24314880371094, 81.06597900390625, 598.6619262695312, 744.9205932617188]]}