{"labels": [0, 0, 0], "scores": [0.9947758913040161, 0.07667797803878784, 0.056230317801237106], "bboxes": [[2.26055908203125, 154.96340942382812, 788.5444946289062, 647.915771484375], [115.50003051757812, 164.33984375, 726.3389892578125, 421.64349365234375], [0.609466552734375, 518.612060546875, 789.0931396484375, 644.59130859375]]}