{"labels": [0], "scores": [0.9977195858955383], "bboxes": [[121.75692749023438, 28.02960205078125, 650.395751953125, 782.4168090820312]]}