{"labels": [0], "scores": [0.9996962547302246], "bboxes": [[0.0, 70.86148834228516, 700.0, 860.9962158203125]]}