{"labels": [0, 0], "scores": [0.9912018775939941, 0.9897798299789429], "bboxes": [[477.58135986328125, 125.15911865234375, 782.1758422851562, 690.9027709960938], [8.322845458984375, 193.04437255859375, 521.7672119140625, 757.2349853515625]]}