{"labels": [0], "scores": [0.9936955571174622], "bboxes": [[161.73959350585938, 126.0067138671875, 601.53173828125, 680.71923828125]]}