{"labels": [0, 0, 0, 0, 0, 0, 0, 0, 0], "scores": [0.997136116027832, 0.9945622086524963, 0.9922735095024109, 0.9632138013839722, 0.9367435574531555, 0.9217969179153442, 0.8241862654685974, 0.36650365591049194, 0.07315652072429657], "bboxes": [[193.05593872070312, 80.09091186523438, 323.7124328613281, 754.12451171875], [284.37237548828125, 59.889007568359375, 475.4466552734375, 751.16748046875], [114.25326538085938, 108.80401611328125, 226.50308227539062, 740.278564453125], [419.2643737792969, 68.055419921875, 560.219970703125, 740.580078125], [582.7247314453125, 123.1795654296875, 681.6248779296875, 726.9942016601562], [551.796630859375, 122.01318359375, 642.2078857421875, 727.1881713867188], [504.1282043457031, 96.69537353515625, 593.64111328125, 731.5613403320312], [234.3963623046875, 64.90213012695312, 375.7410888671875, 744.1396484375], [309.96600341796875, 78.36959838867188, 612.1558227539062, 747.9627685546875]]}