{"labels": [0, 0, 0, 0, 0, 0, 0, 0], "scores": [0.9461926221847534, 0.8098166584968567, 0.5385072827339172, 0.0970979556441307, 0.08127175271511078, 0.06978964805603027, 0.05665045976638794, 0.05350567400455475], "bboxes": [[442.0531005859375, 122.5494384765625, 790.360595703125, 580.3397827148438], [279.3473205566406, 502.68829345703125, 586.457763671875, 794.3753051757812], [0.0, 160.62655639648438, 314.2913818359375, 673.8896484375], [17.58868408203125, 130.71762084960938, 609.653076171875, 800.0], [307.2393798828125, 353.5455322265625, 690.9651489257812, 781.0262451171875], [430.26495361328125, 260.5400695800781, 764.4711303710938, 730.2598876953125], [279.1943359375, 127.7781982421875, 775.9044189453125, 769.618896484375], [125.70846557617188, 313.84912109375, 422.0984191894531, 741.861328125]]}