{"labels": [0, 0], "scores": [0.9957627654075623, 0.9857481122016907], "bboxes": [[6.083587646484375, 133.47662353515625, 715.9990234375, 663.2958984375], [647.6397094726562, 257.7938232421875, 783.1946411132812, 674.0999145507812]]}