{"labels": [0, 0], "scores": [0.9976627826690674, 0.24132154881954193], "bboxes": [[169.84136962890625, 46.779815673828125, 772.6190795898438, 798.2525634765625], [189.24729919433594, 503.58697509765625, 660.20361328125, 793.7555541992188]]}