{"labels": [0], "scores": [0.9990598559379578], "bboxes": [[5.6220703125, 21.207000732421875, 775.4164428710938, 771.1663818359375]]}