{"labels": [0, 0, 0], "scores": [0.9805697202682495, 0.3319740891456604, 0.07396302372217178], "bboxes": [[348.786865234375, 274.3018798828125, 793.351806640625, 665.066650390625], [0.0, 395.0349426269531, 351.607666015625, 717.9583740234375], [16.7476806640625, 272.83148193359375, 750.7754516601562, 721.5548095703125]]}