{"labels": [0, 0], "scores": [0.972876250743866, 0.14957988262176514], "bboxes": [[497.66314697265625, 149.6131591796875, 781.7105102539062, 613.3229370117188], [0.0, 33.162811279296875, 800.0, 700.31982421875]]}