{"labels": [0, 0], "scores": [0.9542670845985413, 0.21569065749645233], "bboxes": [[249.85267639160156, 214.1676025390625, 586.7392578125, 731.14404296875], [288.07720947265625, 228.51168823242188, 506.79736328125, 481.0709533691406]]}