{"labels": [0, 0], "scores": [0.9940740466117859, 0.9936249256134033], "bboxes": [[105.38285827636719, 291.1705627441406, 399.76031494140625, 600.999267578125], [412.41998291015625, 298.29736328125, 718.2747192382812, 602.7971801757812]]}