{"labels": [0, 0, 0], "scores": [0.9906264543533325, 0.7200216054916382, 0.05308997258543968], "bboxes": [[250.74652099609375, 100.75103759765625, 599.01318359375, 754.2013549804688], [1.870147705078125, 127.59257507324219, 179.4151611328125, 594.8816528320312], [272.5606689453125, 106.47555541992188, 579.3162231445312, 408.9884948730469]]}