{"labels": [0, 0, 0, 0], "scores": [0.9919281005859375, 0.4339592158794403, 0.2965313494205475, 0.2704795300960541], "bboxes": [[223.54168701171875, 97.3896484375, 531.4588623046875, 457.58154296875], [77.93814849853516, 700.28857421875, 232.27700805664062, 867.7318725585938], [463.8812255859375, 696.6145629882812, 685.1549682617188, 836.3331909179688], [48.18788528442383, 460.3431396484375, 690.3330078125, 868.2052001953125]]}