{"labels": [0], "scores": [0.999195396900177], "bboxes": [[92.91806030273438, 201.163818359375, 724.2115478515625, 644.6162719726562]]}