{"labels": [0], "scores": [0.998634397983551], "bboxes": [[0.6838874816894531, 217.47862243652344, 697.532470703125, 894.9354248046875]]}