{"labels": [0, 0], "scores": [0.9966894388198853, 0.08420073986053467], "bboxes": [[97.97628784179688, 65.62533569335938, 717.40771484375, 777.7015380859375], [0.0, 260.739013671875, 117.89173126220703, 446.32879638671875]]}