{"labels": [0], "scores": [0.9940100908279419], "bboxes": [[125.94647216796875, 201.45611572265625, 790.9609985351562, 603.1355590820312]]}