{"labels": [0], "scores": [0.9834991097450256], "bboxes": [[121.00192260742188, 14.83392333984375, 683.69140625, 776.0568237304688]]}