{"labels": [0], "scores": [0.9974966645240784], "bboxes": [[64.72357177734375, 190.85885620117188, 729.9414672851562, 594.3875732421875]]}