{"labels": [0], "scores": [0.9654901623725891], "bboxes": [[318.0022888183594, 166.35855102539062, 480.9015808105469, 777.75634765625]]}