{"labels": [0, 0], "scores": [0.9943748712539673, 0.9625913500785828], "bboxes": [[27.748046875, 348.45318603515625, 587.78857421875, 583.9996337890625], [137.5233154296875, 548.1491088867188, 555.8997802734375, 659.9868774414062]]}