{"labels": [0, 0], "scores": [0.9942867159843445, 0.257487416267395], "bboxes": [[13.38165283203125, 166.1087646484375, 784.5032958984375, 771.4620971679688], [390.1157531738281, 9.164665222167969, 664.7496337890625, 171.51031494140625]]}