{"labels": [0, 0], "scores": [0.9926484227180481, 0.15365605056285858], "bboxes": [[150.3555908203125, 258.7716064453125, 596.04248046875, 758.221923828125], [410.7247619628906, 293.8223876953125, 598.840087890625, 762.9854736328125]]}