{"labels": [0], "scores": [0.9981233477592468], "bboxes": [[157.37295532226562, 115.28424072265625, 722.4326171875, 703.9280395507812]]}