{"labels": [0], "scores": [0.998975396156311], "bboxes": [[40.80950927734375, 169.40618896484375, 757.6365356445312, 604.7521362304688]]}