{"labels": [0, 0, 0], "scores": [0.9960892200469971, 0.9478013515472412, 0.05189076438546181], "bboxes": [[344.0673522949219, 235.25729370117188, 451.1976013183594, 354.0951843261719], [324.0420227050781, 366.61083984375, 557.736572265625, 746.1297607421875], [206.21090698242188, 439.62799072265625, 323.7384948730469, 569.0706176757812]]}