{"labels": [0, 0], "scores": [0.9886190891265869, 0.7956727743148804], "bboxes": [[100.329345703125, 192.24276733398438, 735.5625610351562, 614.2393798828125], [69.9937515258789, 263.9991455078125, 279.48638916015625, 615.023193359375]]}