{"labels": [0, 0, 0], "scores": [0.9775213003158569, 0.12811973690986633, 0.12128163874149323], "bboxes": [[219.1742706298828, 102.369873046875, 623.0851440429688, 797.2296142578125], [5.502899169921875, 109.72821044921875, 469.4097595214844, 800.0], [369.5449523925781, 81.01556396484375, 629.3250732421875, 670.3783569335938]]}