{"labels": [0, 0, 0, 0, 0, 0, 0], "scores": [0.9369575381278992, 0.4458597004413605, 0.4172276556491852, 0.15082551538944244, 0.12539042532444, 0.1120113953948021, 0.06762398034334183], "bboxes": [[4.69293212890625, 64.12472534179688, 767.6331176757812, 704.99755859375], [531.9063720703125, 501.1129150390625, 654.055419921875, 629.6954345703125], [332.11871337890625, 76.68807983398438, 800.0, 607.7020263671875], [26.513381958007812, 485.54669189453125, 343.25360107421875, 666.9199829101562], [0.0, 136.93832397460938, 428.8254089355469, 726.1617431640625], [437.46807861328125, 530.0186767578125, 539.5223388671875, 631.6068115234375], [1.0610809326171875, 418.50457763671875, 220.61985778808594, 627.5430297851562]]}