{"labels": [0], "scores": [0.9986655712127686], "bboxes": [[0.0, 44.23529052734375, 800.0, 800.0]]}