{"labels": [0, 0, 0, 0], "scores": [0.9442545175552368, 0.4794802665710449, 0.2900257706642151, 0.050540510565042496], "bboxes": [[100.99960327148438, 31.756866455078125, 641.761474609375, 780.3837890625], [290.99017333984375, 50.371246337890625, 597.3320922851562, 683.74072265625], [0.0, 0.0, 449.3631591796875, 614.8623657226562], [182.58773803710938, 11.0081787109375, 396.8872375488281, 606.5216064453125]]}