{"labels": [0, 0, 0, 0, 0], "scores": [0.6141072511672974, 0.19134874641895294, 0.15359839797019958, 0.12128232419490814, 0.10736918449401855], "bboxes": [[236.590087890625, 252.08824157714844, 371.51300048828125, 604.7279052734375], [16.70947265625, 212.76983642578125, 788.0671997070312, 800.0], [195.73524475097656, 250.86062622070312, 485.310302734375, 605.2664794921875], [7.689971923828125, 8.23480224609375, 563.2359619140625, 269.0098571777344], [112.87420654296875, 242.8959503173828, 600.858642578125, 699.431884765625]]}