{"labels": [0, 0, 0, 0, 0, 0, 0, 0, 0], "scores": [0.9579556584358215, 0.899558424949646, 0.46798956394195557, 0.4026859402656555, 0.32979339361190796, 0.20447324216365814, 0.14816464483737946, 0.11290713399648666, 0.09561750292778015], "bboxes": [[440.3588562011719, 116.97050476074219, 776.7071533203125, 626.4172973632812], [12.558013916015625, 250.07809448242188, 622.158935546875, 584.20654296875], [89.9588623046875, 257.8204345703125, 411.67578125, 549.035400390625], [23.423782348632812, 517.3391723632812, 268.2838134765625, 591.1240844726562], [296.70526123046875, 309.05609130859375, 614.4334106445312, 551.697998046875], [263.7690734863281, 518.07373046875, 515.7445678710938, 592.7977294921875], [11.1199951171875, 534.1356201171875, 665.2686157226562, 728.0650634765625], [484.9449157714844, 477.00408935546875, 631.448486328125, 587.1555786132812], [136.93096923828125, 139.1284942626953, 730.5474243164062, 638.8775024414062]]}