{"labels": [0, 0], "scores": [0.9882358312606812, 0.944659948348999], "bboxes": [[148.2164306640625, 265.5336608886719, 762.0257568359375, 708.6251220703125], [49.06732177734375, 83.52285766601562, 568.18798828125, 688.350830078125]]}