{"labels": [0], "scores": [0.9989742040634155], "bboxes": [[25.3939208984375, 225.87142944335938, 773.2860717773438, 609.7979736328125]]}