{"labels": [0, 0, 0, 0, 0, 0, 0], "scores": [0.9939790964126587, 0.9288949370384216, 0.8533034920692444, 0.38158151507377625, 0.27691230177879333, 0.1201598271727562, 0.05361422896385193], "bboxes": [[301.2164306640625, 4.367462158203125, 789.653076171875, 742.0101318359375], [133.41241455078125, 7.698699951171875, 310.1473083496094, 215.3555908203125], [4.9426116943359375, 432.4441223144531, 290.73309326171875, 587.0272827148438], [60.2955322265625, 24.73430633544922, 215.02761840820312, 217.7578125], [9.17864990234375, 584.6552124023438, 419.36431884765625, 746.2279663085938], [6.8035430908203125, 430.85162353515625, 384.74798583984375, 678.2374877929688], [1.230194091796875, 69.24612426757812, 446.4599609375, 752.0665283203125]]}