{"labels": [0], "scores": [0.9970711469650269], "bboxes": [[217.02969360351562, 39.47393798828125, 572.26611328125, 746.77734375]]}