{"labels": [0], "scores": [0.9938603639602661], "bboxes": [[111.43682861328125, 75.24508666992188, 591.6989135742188, 724.95166015625]]}