{"labels": [0], "scores": [0.9985955357551575], "bboxes": [[0.0, 232.71803283691406, 800.0, 603.9410400390625]]}