{"labels": [0, 0, 0, 0, 0, 0], "scores": [0.9896667003631592, 0.982725977897644, 0.3174903988838196, 0.29209133982658386, 0.2356947511434555, 0.07144905626773834], "bboxes": [[32.73370361328125, 166.64633178710938, 781.3165893554688, 692.823486328125], [91.14459228515625, 190.094970703125, 426.20184326171875, 384.24505615234375], [34.34771728515625, 277.8599548339844, 472.282958984375, 693.1796875], [337.3655090332031, 162.10073852539062, 671.8441162109375, 395.5429382324219], [55.78668212890625, 298.881591796875, 390.2006530761719, 535.847412109375], [139.64060974121094, 165.27369689941406, 627.9281616210938, 475.55712890625]]}