{"labels": [0], "scores": [0.9976438879966736], "bboxes": [[61.15789794921875, 1.738861083984375, 729.5772094726562, 799.019775390625]]}