{"labels": [0, 0, 0], "scores": [0.9878361821174622, 0.17919418215751648, 0.09187597036361694], "bboxes": [[149.82456970214844, 11.51544189453125, 586.8096313476562, 792.2464599609375], [227.89559936523438, 99.0860595703125, 516.93359375, 647.5840454101562], [247.11094665527344, 355.69189453125, 482.62847900390625, 634.7264404296875]]}