{"labels": [0], "scores": [0.9976261258125305], "bboxes": [[17.808990478515625, 78.314208984375, 752.152587890625, 686.6759033203125]]}