{"labels": [0, 0, 0, 0, 0], "scores": [0.9980535507202148, 0.9700512290000916, 0.7856658697128296, 0.2786763310432434, 0.16718538105487823], "bboxes": [[198.02804565429688, 10.206787109375, 736.93115234375, 523.6658935546875], [561.9739990234375, 581.1695556640625, 762.525390625, 681.4246826171875], [35.902137756347656, 513.928955078125, 221.24609375, 690.917236328125], [307.0680236816406, 507.4908752441406, 493.7239685058594, 691.7470703125], [577.9427490234375, 21.644359588623047, 601.9620361328125, 50.77176284790039]]}