{"labels": [0], "scores": [0.9994184970855713], "bboxes": [[4.83758544921875, 35.71868896484375, 799.063232421875, 800.0]]}