{"labels": [0], "scores": [0.9983298182487488], "bboxes": [[0.0, 126.850341796875, 800.0, 673.8042602539062]]}