{"labels": [0], "scores": [0.9785257577896118], "bboxes": [[271.37109375, 255.10592651367188, 535.421142578125, 793.5172119140625]]}