{"labels": [0, 0, 0, 0, 0, 0, 0], "scores": [0.9897661805152893, 0.4664103388786316, 0.4071776568889618, 0.250958651304245, 0.14421044290065765, 0.07669314742088318, 0.07371139526367188], "bboxes": [[127.14425659179688, 274.6771545410156, 737.9385986328125, 771.7965087890625], [27.989410400390625, 13.374359130859375, 746.1502685546875, 558.2518310546875], [165.60140991210938, 576.1652221679688, 246.44686889648438, 653.8578491210938], [627.02734375, 571.28271484375, 696.259765625, 646.9285888671875], [444.4515380859375, 668.03466796875, 518.637939453125, 736.9210205078125], [632.9708251953125, 665.8721923828125, 699.2904052734375, 731.232666015625], [542.7510986328125, 672.19482421875, 608.89990234375, 736.97021484375]]}