{"labels": [0], "scores": [0.9994912147521973], "bboxes": [[34.04388427734375, 18.01214599609375, 781.8326416015625, 795.628662109375]]}