{"labels": [0, 0], "scores": [0.9959557056427002, 0.08756441622972488], "bboxes": [[54.56341552734375, 222.5433807373047, 742.44189453125, 625.3958129882812], [9.842315673828125, 118.70413208007812, 677.9898681640625, 445.4288635253906]]}