{"labels": [0], "scores": [0.9983103275299072], "bboxes": [[2.39434814453125, 2.75396728515625, 797.7179565429688, 601.7898559570312]]}