{"labels": [0, 0, 0, 0, 0, 0, 0, 0, 0], "scores": [0.9922035932540894, 0.9374292492866516, 0.9180697202682495, 0.6564245223999023, 0.47179219126701355, 0.25236183404922485, 0.10146790742874146, 0.10022010654211044, 0.05216843634843826], "bboxes": [[317.5594482421875, 6.93756103515625, 485.8192138671875, 678.7302856445312], [9.59625244140625, 127.86831665039062, 314.9273681640625, 650.4317626953125], [467.2820739746094, 125.26019287109375, 792.4964599609375, 664.9342041015625], [188.77090454101562, 136.80410766601562, 317.0438232421875, 662.138916015625], [482.85797119140625, 125.740234375, 784.4031372070312, 411.09539794921875], [177.16050720214844, 158.08335876464844, 226.26014709472656, 646.8681030273438], [137.396484375, 168.2517547607422, 189.45523071289062, 643.9607543945312], [155.59083557128906, 153.98973083496094, 211.51783752441406, 645.1510009765625], [194.58688354492188, 143.1513214111328, 245.87014770507812, 647.6951293945312]]}