{"labels": [0, 0], "scores": [0.9892725944519043, 0.08080929517745972], "bboxes": [[32.857208251953125, 236.61575317382812, 756.8690185546875, 583.5360107421875], [88.35476684570312, 358.352783203125, 539.2315673828125, 585.3041381835938]]}