{"labels": [0, 0, 0], "scores": [0.9877718687057495, 0.26420944929122925, 0.05325021594762802], "bboxes": [[349.6331481933594, 89.80398559570312, 794.5457763671875, 729.2218017578125], [20.27032470703125, 15.5888671875, 609.5651245117188, 614.419921875], [0.0, 635.7970581054688, 242.6412353515625, 753.8622436523438]]}