{"labels": [0], "scores": [0.9983454942703247], "bboxes": [[173.59002685546875, 27.064849853515625, 638.1280517578125, 776.21240234375]]}