{"labels": [0, 0, 0, 0], "scores": [0.987027645111084, 0.6557765007019043, 0.6489743590354919, 0.4632374048233032], "bboxes": [[197.25384521484375, 152.01089477539062, 684.5814208984375, 700.6121826171875], [189.62989807128906, 108.81365966796875, 460.2098388671875, 678.7205200195312], [0.0, 4.8288421630859375, 304.67333984375, 361.23236083984375], [556.435546875, 427.65087890625, 798.747314453125, 800.0]]}