{"labels": [0], "scores": [0.9965546131134033], "bboxes": [[83.73190307617188, 161.53294372558594, 722.9581298828125, 638.7194213867188]]}