{"labels": [0, 0, 0], "scores": [0.9967632293701172, 0.3855507969856262, 0.059007611125707626], "bboxes": [[267.3201904296875, 256.7671203613281, 710.2274780273438, 777.97998046875], [127.8341293334961, 430.90997314453125, 316.4106750488281, 611.0316772460938], [130.30056762695312, 328.53619384765625, 356.82879638671875, 599.915771484375]]}