{"labels": [0, 0, 0, 0], "scores": [0.9541401267051697, 0.23042835295200348, 0.22148896753787994, 0.18675969541072845], "bboxes": [[109.65310668945312, 247.43516540527344, 511.5023193359375, 824.5769653320312], [381.4144592285156, 259.79913330078125, 516.2460327148438, 388.13568115234375], [109.90286254882812, 510.23236083984375, 493.8164367675781, 886.076904296875], [143.4810028076172, 374.388916015625, 505.33050537109375, 682.5445556640625]]}