{"labels": [0], "scores": [0.9975408315658569], "bboxes": [[188.16075134277344, 74.67059326171875, 619.599609375, 753.4407958984375]]}