{"labels": [0, 0, 0, 0], "scores": [0.9867932200431824, 0.3271406888961792, 0.23881429433822632, 0.05205583572387695], "bboxes": [[0.310638427734375, 251.410888671875, 788.7786865234375, 565.6683349609375], [3.357177734375, 459.38055419921875, 788.0962524414062, 663.4413452148438], [615.0135498046875, 333.9837951660156, 791.1905517578125, 501.7073669433594], [10.574462890625, 329.0440368652344, 177.60736083984375, 491.2784118652344]]}