{"labels": [0, 0, 0, 0, 0, 0], "scores": [0.9682794809341431, 0.38472989201545715, 0.33147531747817993, 0.23467473685741425, 0.11153057217597961, 0.06566251814365387], "bboxes": [[16.855560302734375, 376.24981689453125, 765.73291015625, 774.4462280273438], [13.968612670898438, 379.3309326171875, 338.5238037109375, 768.478271484375], [383.9179992675781, 563.7999267578125, 787.0902099609375, 716.651611328125], [156.47418212890625, 528.0897827148438, 782.280029296875, 754.7783813476562], [64.9210205078125, 14.134185791015625, 670.9256591796875, 671.5631103515625], [521.9423828125, 355.2858581542969, 664.6875, 463.1355895996094]]}