{"labels": [0], "scores": [0.9969789981842041], "bboxes": [[134.53631591796875, 122.06097412109375, 654.3510131835938, 687.6864624023438]]}