{"labels": [0, 0, 0, 0, 0, 0, 0, 0, 0, 0, 0, 0, 0, 0], "scores": [0.9992573857307434, 0.9850770831108093, 0.9693872332572937, 0.9153851866722107, 0.8800778388977051, 0.8525416254997253, 0.29657256603240967, 0.26494619250297546, 0.1771567314863205, 0.13583754003047943, 0.13111935555934906, 0.105507992208004, 0.08793068677186966, 0.0604342557489872], "bboxes": [[117.6756591796875, 347.65911865234375, 700.0109252929688, 729.7455444335938], [215.30892944335938, 50.53399658203125, 461.5069274902344, 432.7759094238281], [37.20104217529297, 160.05108642578125, 167.93222045898438, 587.5216674804688], [350.07623291015625, 97.060302734375, 662.9749145507812, 400.74798583984375], [139.03717041015625, 110.80685424804688, 254.05343627929688, 507.8660583496094], [467.90948486328125, 195.35304260253906, 774.8777465820312, 599.962158203125], [331.64703369140625, 63.592193603515625, 734.1737670898438, 541.6976318359375], [291.6430969238281, 58.05149841308594, 522.792724609375, 384.966064453125], [219.67437744140625, 182.89907836914062, 747.278564453125, 639.767822265625], [60.48027038574219, 31.0692138671875, 484.74755859375, 571.2886962890625], [382.0279541015625, 98.28924560546875, 536.4121704101562, 395.92633056640625], [201.18360900878906, 55.33357238769531, 616.778564453125, 504.6688232421875], [437.1004943847656, 151.60528564453125, 665.7412719726562, 332.3056640625], [116.97039031982422, 112.74539184570312, 346.01861572265625, 564.4735107421875]]}