{"labels": [0], "scores": [0.9996992349624634], "bboxes": [[0.0, 5.7532958984375, 700.0, 893.1155395507812]]}