{"labels": [0], "scores": [0.9984036087989807], "bboxes": [[103.095947265625, 141.67782592773438, 707.8816528320312, 726.7979736328125]]}