{"labels": [0, 0, 0, 0], "scores": [0.9920696020126343, 0.990355372428894, 0.9791873693466187, 0.8646179437637329], "bboxes": [[14.36309814453125, 186.9326171875, 686.7965698242188, 515.046875], [286.556396484375, 538.5532836914062, 521.6364135742188, 760.0294799804688], [537.3151245117188, 536.3109130859375, 769.1436157226562, 758.1319580078125], [48.914520263671875, 583.303466796875, 254.96502685546875, 714.3291015625]]}