{"labels": [0, 0, 0, 0, 0, 0, 0, 0, 0, 0], "scores": [0.984546422958374, 0.7661811709403992, 0.31261205673217773, 0.2157997339963913, 0.19238504767417908, 0.1857912838459015, 0.17046838998794556, 0.07659781724214554, 0.075444795191288, 0.0525503009557724], "bboxes": [[347.86474609375, 373.2258605957031, 788.53857421875, 753.8277587890625], [662.0763549804688, 0.0, 798.9470825195312, 121.66403198242188], [41.740318298339844, 336.4259338378906, 235.87322998046875, 599.9837646484375], [54.87629699707031, 319.6271667480469, 529.6148681640625, 643.0816650390625], [0.0, 80.23199462890625, 780.0316772460938, 725.0217895507812], [99.53536987304688, 654.7582397460938, 172.30279541015625, 748.7949829101562], [615.2432861328125, 97.19879150390625, 734.172607421875, 411.6588134765625], [705.1197509765625, 127.44123840332031, 798.780517578125, 195.4686737060547], [167.0165557861328, 643.8562622070312, 292.099609375, 756.8980102539062], [124.02499389648438, 350.65216064453125, 381.84869384765625, 655.2965698242188]]}