{"labels": [0], "scores": [0.998838484287262], "bboxes": [[135.67062377929688, 140.15679931640625, 670.6353759765625, 661.7507934570312]]}