{"labels": [0], "scores": [0.9823769330978394], "bboxes": [[171.48861694335938, 52.53383255004883, 512.5084228515625, 857.0935668945312]]}