{"labels": [0, 0], "scores": [0.9911371469497681, 0.1769823133945465], "bboxes": [[34.89720153808594, 121.81536865234375, 520.8424682617188, 578.1661987304688], [297.936767578125, 187.0849609375, 785.91552734375, 707.901611328125]]}