{"labels": [0, 0, 0, 0, 0], "scores": [0.9779055714607239, 0.07148639857769012, 0.05956817418336868, 0.05345522612333298, 0.05149490386247635], "bboxes": [[15.124543190002441, 79.1121597290039, 344.3540954589844, 702.0], [16.01112174987793, 271.6331787109375, 333.052978515625, 556.493408203125], [0.0, 7.871952533721924, 623.3095092773438, 700.2963256835938], [8.058764457702637, 18.367046356201172, 496.1874694824219, 395.6556091308594], [135.5860137939453, 86.8862075805664, 329.97662353515625, 454.5189208984375]]}