{"labels": [0, 0], "scores": [0.9965008497238159, 0.993594229221344], "bboxes": [[113.69540405273438, 15.018157958984375, 434.5278625488281, 788.9285888671875], [378.1300048828125, 72.46218872070312, 673.417236328125, 634.255615234375]]}