{"labels": [0, 0], "scores": [0.9966452717781067, 0.2677364945411682], "bboxes": [[107.81546020507812, 241.29510498046875, 625.2174072265625, 796.2402954101562], [12.288177490234375, 75.65533447265625, 233.25173950195312, 324.93487548828125]]}