{"labels": [0, 0, 0, 0, 0, 0], "scores": [0.9759282469749451, 0.8733099102973938, 0.8184880614280701, 0.13017036020755768, 0.0801752433180809, 0.05475355684757233], "bboxes": [[69.64216613769531, 61.86456298828125, 533.3876342773438, 660.8683471679688], [511.0328063964844, 265.55291748046875, 681.0296020507812, 644.7254028320312], [386.6356201171875, 491.52801513671875, 502.351318359375, 645.7601928710938], [511.9077453613281, 499.0794677734375, 681.7349243164062, 639.2335205078125], [0.0, 652.9185180664062, 800.0, 799.1371459960938], [705.7137451171875, 654.6597900390625, 740.996826171875, 792.724853515625]]}