{"labels": [0], "scores": [0.9962961077690125], "bboxes": [[19.628662109375, 208.83963012695312, 764.619873046875, 615.408447265625]]}