{"labels": [0], "scores": [0.9996398687362671], "bboxes": [[6.489105224609375, 22.91748046875, 788.6422119140625, 791.394775390625]]}