{"labels": [0], "scores": [0.9972866773605347], "bboxes": [[17.90142822265625, 0.0, 785.625, 800.0]]}