{"labels": [0], "scores": [0.9973509311676025], "bboxes": [[24.32098388671875, 21.41766357421875, 773.8568115234375, 771.7345581054688]]}