{"labels": [0, 0, 0, 0, 0, 0, 0, 0, 0, 0, 0, 0, 0, 0], "scores": [0.9887879490852356, 0.7591743469238281, 0.6536420583724976, 0.4431608021259308, 0.38661885261535645, 0.3575402498245239, 0.3071878254413605, 0.30027809739112854, 0.2917829155921936, 0.20066116750240326, 0.1614580750465393, 0.10019427537918091, 0.09701374173164368, 0.0648663341999054], "bboxes": [[527.8340454101562, 510.5835266113281, 669.4563598632812, 599.7767944335938], [439.2645263671875, 117.85615539550781, 681.7713623046875, 510.02020263671875], [359.24945068359375, 337.68853759765625, 478.3468017578125, 603.1171875], [506.8961181640625, 708.5678100585938, 635.82763671875, 795.6959838867188], [189.84054565429688, 156.43846130371094, 369.4147033691406, 536.7158813476562], [521.1729736328125, 325.9884033203125, 669.9102783203125, 669.805908203125], [360.3661193847656, 521.2123413085938, 472.3648376464844, 603.5599975585938], [204.2271728515625, 375.0337829589844, 363.67034912109375, 471.1902770996094], [194.60977172851562, 168.35763549804688, 352.1993103027344, 373.4684753417969], [222.28778076171875, 459.8262939453125, 346.96533203125, 701.5291748046875], [523.9593505859375, 322.63818359375, 656.3883056640625, 498.72406005859375], [225.8102569580078, 174.0738067626953, 346.1618347167969, 308.325927734375], [469.01220703125, 193.97427368164062, 683.08251953125, 756.6005859375], [370.859619140625, 389.1719665527344, 456.21356201171875, 474.2140808105469]]}