{"labels": [0, 0, 0], "scores": [0.9913161993026733, 0.9830642342567444, 0.9784997701644897], "bboxes": [[350.6691589355469, 121.27447509765625, 800.0, 692.9405517578125], [0.0, 0.0, 517.4638671875, 691.7313842773438], [222.65187072753906, 329.556396484375, 643.213134765625, 778.2117919921875]]}