{"labels": [0, 0], "scores": [0.9691184759140015, 0.0988357663154602], "bboxes": [[181.17974853515625, 207.44500732421875, 579.69140625, 756.7295532226562], [202.44451904296875, 217.44200134277344, 461.19244384765625, 637.6094360351562]]}