{"labels": [0, 0], "scores": [0.9821037650108337, 0.06860775500535965], "bboxes": [[264.1676330566406, 193.51443481445312, 633.803955078125, 757.1651611328125], [293.4831237792969, 569.62109375, 548.8299560546875, 800.0]]}