{"labels": [0], "scores": [0.9984014630317688], "bboxes": [[61.98419189453125, 144.69503784179688, 744.0427856445312, 751.8720703125]]}