{"labels": [0, 0, 0], "scores": [0.9742259979248047, 0.80414217710495, 0.05193258449435234], "bboxes": [[151.308349609375, 305.044189453125, 667.7040405273438, 615.5765991210938], [163.52981567382812, 429.40899658203125, 621.314453125, 660.4397583007812], [48.739044189453125, 0.0, 791.43505859375, 670.3568725585938]]}