{"labels": [0], "scores": [0.9993807077407837], "bboxes": [[44.5726318359375, 245.60745239257812, 758.3397827148438, 704.5438232421875]]}