{"labels": [0], "scores": [0.9952384233474731], "bboxes": [[193.16038513183594, 194.31179809570312, 598.6728515625, 705.2119140625]]}