{"labels": [0, 0, 0, 0], "scores": [0.9824260473251343, 0.9653429388999939, 0.8965803980827332, 0.17079441249370575], "bboxes": [[242.53897094726562, 386.259765625, 800.0, 790.9881591796875], [421.806396484375, 77.51022338867188, 777.761474609375, 471.5195007324219], [5.6690673828125, 168.67431640625, 406.8081970214844, 538.0465087890625], [79.0711669921875, 92.66177368164062, 778.8905639648438, 716.468994140625]]}