{"labels": [0], "scores": [0.9992194175720215], "bboxes": [[151.71510314941406, 27.506103515625, 634.4743041992188, 770.249267578125]]}