{"labels": [0, 0], "scores": [0.9957183003425598, 0.9455655813217163], "bboxes": [[42.874481201171875, 67.95513916015625, 773.6751708984375, 744.397705078125], [269.0791931152344, 474.3240966796875, 459.4721984863281, 743.81494140625]]}