{"labels": [0], "scores": [0.9971565008163452], "bboxes": [[9.452545166015625, 243.09713745117188, 798.14501953125, 655.1903076171875]]}