{"labels": [0], "scores": [0.9989117383956909], "bboxes": [[34.26165771484375, 135.7012939453125, 753.1558837890625, 753.294189453125]]}