{"labels": [0], "scores": [0.9903494119644165], "bboxes": [[135.45010375976562, 17.677001953125, 740.4871826171875, 800.0]]}