{"labels": [0, 0, 0, 0, 0, 0, 0], "scores": [0.9833189249038696, 0.8572103977203369, 0.8235539197921753, 0.36965444684028625, 0.27034425735473633, 0.23955214023590088, 0.19733738899230957], "bboxes": [[235.0658721923828, 187.88951110839844, 527.871337890625, 460.885986328125], [76.18057250976562, 405.02685546875, 384.1980895996094, 709.1502685546875], [409.67340087890625, 350.9007568359375, 788.2662963867188, 701.6009521484375], [238.02976989746094, 253.42628479003906, 536.9244995117188, 634.340576171875], [314.9547119140625, 409.68408203125, 472.31756591796875, 640.2222900390625], [62.8887939453125, 347.0677795410156, 696.1119384765625, 711.1680908203125], [213.68055725097656, 404.42462158203125, 498.86981201171875, 659.2434692382812]]}