{"labels": [0], "scores": [0.9968275427818298], "bboxes": [[36.163124084472656, 99.76842498779297, 650.4459228515625, 831.2933959960938]]}