{"labels": [0, 0, 0], "scores": [0.9798564910888672, 0.8447281718254089, 0.28896304965019226], "bboxes": [[251.7007293701172, 12.661880493164062, 517.99462890625, 331.31719970703125], [218.7406768798828, 31.628173828125, 670.6720581054688, 800.0], [258.2949523925781, 335.684326171875, 502.3432312011719, 787.1651611328125]]}