{"labels": [0, 0], "scores": [0.9888553023338318, 0.9842823147773743], "bboxes": [[278.0751037597656, 205.27276611328125, 693.6248168945312, 727.431884765625], [39.46094512939453, 366.9742736816406, 327.2991943359375, 887.776611328125]]}