{"labels": [0], "scores": [0.9986616373062134], "bboxes": [[207.934814453125, 12.526336669921875, 602.0333251953125, 718.841796875]]}