{"labels": [0, 0], "scores": [0.9852691292762756, 0.10130676627159119], "bboxes": [[48.828399658203125, 323.3734130859375, 740.7509765625, 535.0038452148438], [35.81634521484375, 319.7647705078125, 774.3516235351562, 743.117431640625]]}