{"labels": [0, 0, 0, 0, 0, 0, 0], "scores": [0.9502193927764893, 0.3977142572402954, 0.2684362530708313, 0.23561111092567444, 0.18619033694267273, 0.0747176855802536, 0.05375854671001434], "bboxes": [[218.37852478027344, 153.02084350585938, 500.87896728515625, 743.7669677734375], [488.64007568359375, 55.035797119140625, 792.5682983398438, 507.1612854003906], [59.21630096435547, 172.0539093017578, 286.66937255859375, 551.9158935546875], [0.157257080078125, 620.8079223632812, 204.75814819335938, 799.7434692382812], [375.48779296875, 58.562530517578125, 783.484619140625, 706.4141845703125], [263.1791687011719, 0.0, 569.937255859375, 123.4021987915039], [516.5523681640625, 342.51080322265625, 654.59716796875, 451.75054931640625]]}