{"labels": [0], "scores": [0.999283492565155], "bboxes": [[11.976715087890625, 111.67303466796875, 785.7952880859375, 693.9025268554688]]}