{"labels": [0, 0, 0, 0, 0, 0], "scores": [0.9317172169685364, 0.7761837840080261, 0.5319226384162903, 0.4890267848968506, 0.2924535870552063, 0.1637706160545349], "bboxes": [[26.688568115234375, 452.8792724609375, 749.151611328125, 769.568359375], [123.94070434570312, 325.787841796875, 672.4063720703125, 562.7390747070312], [372.4678649902344, 85.05894470214844, 734.5118408203125, 520.7551879882812], [133.496826171875, 89.0357666015625, 757.06201171875, 590.5265502929688], [218.41348266601562, 106.97700500488281, 494.1620788574219, 367.01397705078125], [339.03912353515625, 317.3208923339844, 567.1080322265625, 557.1724853515625]]}