{"labels": [0], "scores": [0.9989399313926697], "bboxes": [[27.5572509765625, 232.94320678710938, 755.76708984375, 610.2869873046875]]}