{"labels": [0, 0], "scores": [0.9946163296699524, 0.07025151699781418], "bboxes": [[7.09033203125, 117.02813720703125, 797.0811157226562, 733.4347534179688], [4.4007720947265625, 311.24005126953125, 425.20648193359375, 690.644287109375]]}