{"labels": [0, 0], "scores": [0.9996160268783569, 0.052186496555805206], "bboxes": [[0.0, 1.039031982421875, 797.707763671875, 800.0], [0.0, 627.4673461914062, 77.60220336914062, 800.0]]}