{"labels": [0, 0, 0, 0, 0], "scores": [0.873389482498169, 0.8097327947616577, 0.14867949485778809, 0.07002420723438263, 0.05317069962620735], "bboxes": [[4.13238525390625, 21.4862060546875, 797.157958984375, 501.96490478515625], [76.59976196289062, 459.21722412109375, 700.197265625, 766.7526245117188], [192.23532104492188, 589.8522338867188, 343.4496765136719, 759.2238159179688], [105.31446838378906, 583.1632080078125, 421.89105224609375, 762.501220703125], [197.24375915527344, 575.8668212890625, 688.8812255859375, 764.7015380859375]]}