{"labels": [0, 0, 0, 0], "scores": [0.9248186945915222, 0.803644597530365, 0.19738861918449402, 0.05971303582191467], "bboxes": [[249.01736450195312, 455.85687255859375, 598.2972412109375, 646.5999145507812], [0.0, 265.39739990234375, 756.442138671875, 726.0274658203125], [23.740371704101562, 268.21490478515625, 438.8902587890625, 628.1793823242188], [225.69947814941406, 350.8719482421875, 685.7813110351562, 658.6376953125]]}