{"labels": [0], "scores": [0.9981350898742676], "bboxes": [[115.28955078125, 154.69503784179688, 711.435302734375, 678.842041015625]]}