{"labels": [0, 0], "scores": [0.9848549962043762, 0.7542334794998169], "bboxes": [[230.1620330810547, 152.08026123046875, 629.784912109375, 670.5863037109375], [272.3985595703125, 148.8294677734375, 629.3195190429688, 336.1932373046875]]}