{"labels": [0], "scores": [0.9957969188690186], "bboxes": [[66.67767333984375, 25.621734619140625, 749.3239135742188, 453.010009765625]]}