{"labels": [0, 0, 0, 0, 0, 0, 0, 0, 0, 0, 0], "scores": [0.9692034721374512, 0.9473723769187927, 0.9440925717353821, 0.9108269810676575, 0.6634821891784668, 0.5620468258857727, 0.2841103672981262, 0.17259740829467773, 0.0871327742934227, 0.05912861227989197, 0.054127585142850876], "bboxes": [[403.4347839355469, 270.2885437011719, 756.704345703125, 595.889404296875], [314.8643798828125, 463.9298095703125, 536.7702026367188, 726.745849609375], [181.28228759765625, 416.1067810058594, 396.2218017578125, 554.21533203125], [140.74761962890625, 322.2042236328125, 314.97039794921875, 467.44635009765625], [531.7295532226562, 349.23602294921875, 795.5690307617188, 603.1728515625], [0.0, 484.9857482910156, 165.8048095703125, 687.8426513671875], [0.0, 26.608978271484375, 778.4956665039062, 744.3492431640625], [193.85031127929688, 453.47003173828125, 470.8002624511719, 722.4006958007812], [271.390380859375, 526.35595703125, 378.07708740234375, 713.9639892578125], [72.15602111816406, 210.90060424804688, 155.3990478515625, 300.66485595703125], [49.46305847167969, 339.548095703125, 532.3773193359375, 719.549560546875]]}