{"labels": [0], "scores": [0.989185094833374], "bboxes": [[0.0, 215.86790466308594, 800.0, 725.3256225585938]]}