{"labels": [0], "scores": [0.9983680844306946], "bboxes": [[231.2591552734375, 86.52879333496094, 491.67877197265625, 756.0101318359375]]}