{"labels": [0], "scores": [0.9988825917243958], "bboxes": [[34.11932373046875, 94.27975463867188, 752.6436767578125, 743.319091796875]]}