{"labels": [0], "scores": [0.9947561025619507], "bboxes": [[150.9478759765625, 54.0364990234375, 635.1309204101562, 799.694580078125]]}