{"labels": [0], "scores": [0.9994353652000427], "bboxes": [[35.61114501953125, 48.30401611328125, 766.5645751953125, 725.0407104492188]]}