{"labels": [0, 0, 0, 0, 0], "scores": [0.986454427242279, 0.6438838839530945, 0.25222018361091614, 0.165708988904953, 0.14602571725845337], "bboxes": [[378.60546875, 163.185546875, 779.49462890625, 564.1259765625], [198.4995880126953, 410.89349365234375, 312.64642333984375, 594.6338500976562], [241.96884155273438, 418.30023193359375, 287.6623840332031, 591.6287841796875], [30.14501190185547, 437.25311279296875, 200.186767578125, 606.0081176757812], [304.6914978027344, 419.0141906738281, 336.9243469238281, 599.927734375]]}