{"labels": [0, 0], "scores": [0.928202748298645, 0.05462082102894783], "bboxes": [[157.04019165039062, 52.897003173828125, 702.7838134765625, 752.8165283203125], [432.720703125, 176.607666015625, 698.2730712890625, 776.24267578125]]}