{"labels": [0], "scores": [0.9980248212814331], "bboxes": [[208.467529296875, 35.25190734863281, 666.1798095703125, 527.2401733398438]]}