{"labels": [0], "scores": [0.9971737861633301], "bboxes": [[4.0205078125, 207.36036682128906, 797.0098876953125, 613.7666015625]]}