{"labels": [0], "scores": [0.9989022016525269], "bboxes": [[60.90875244140625, 103.80841064453125, 761.6099243164062, 747.9474487304688]]}