{"labels": [0], "scores": [0.9763102531433105], "bboxes": [[266.11077880859375, 207.16993713378906, 551.7185668945312, 595.36181640625]]}