{"labels": [0], "scores": [0.9987799525260925], "bboxes": [[58.63812255859375, 190.9418487548828, 745.9224243164062, 638.77001953125]]}