{"labels": [0, 0], "scores": [0.9868572354316711, 0.6914563775062561], "bboxes": [[82.66302490234375, 317.9083251953125, 734.8075561523438, 523.7489013671875], [43.47418212890625, 127.39666748046875, 763.387451171875, 768.6599731445312]]}