{"labels": [0, 0, 0, 0, 0], "scores": [0.9624834060668945, 0.9042161107063293, 0.8358089923858643, 0.196792334318161, 0.10513503849506378], "bboxes": [[115.29719543457031, 361.1528625488281, 485.208251953125, 798.510498046875], [61.618438720703125, 53.57665252685547, 232.47879028320312, 261.6756286621094], [87.0882568359375, 2.657928466796875, 786.6652221679688, 748.3228759765625], [294.110107421875, 5.4594268798828125, 758.18115234375, 488.125244140625], [403.5606384277344, 11.870803833007812, 688.71044921875, 301.68212890625]]}