{"labels": [0], "scores": [0.9993390440940857], "bboxes": [[3.573993682861328, 162.79425048828125, 687.6224365234375, 893.8712158203125]]}