{"labels": [0], "scores": [0.9934523105621338], "bboxes": [[246.2016143798828, 54.052459716796875, 552.1635131835938, 800.0]]}