{"labels": [0, 0], "scores": [0.9954701662063599, 0.925203263759613], "bboxes": [[0.0, 191.7308349609375, 770.9249267578125, 585.73095703125], [0.227813720703125, 376.9510192871094, 522.6959228515625, 707.46923828125]]}