{"labels": [0], "scores": [0.9971874356269836], "bboxes": [[31.41900634765625, 194.20606994628906, 762.1566162109375, 617.9265747070312]]}