{"labels": [0, 0, 0, 0], "scores": [0.9911303520202637, 0.15953245759010315, 0.059440966695547104, 0.05809001997113228], "bboxes": [[173.73501586914062, 370.0909423828125, 717.9473876953125, 606.225341796875], [0.0, 1.474273681640625, 788.6412963867188, 634.2119140625], [76.48057556152344, 328.39288330078125, 525.4468994140625, 611.0902709960938], [272.0238037109375, 172.74395751953125, 564.8390502929688, 396.51348876953125]]}