{"labels": [0, 0, 0, 0, 0, 0, 0], "scores": [0.952524721622467, 0.8571220636367798, 0.8422154188156128, 0.8165826201438904, 0.7558758854866028, 0.6046202182769775, 0.05167083814740181], "bboxes": [[442.8782043457031, 117.56977844238281, 661.29833984375, 593.535400390625], [689.7606811523438, 688.0018920898438, 781.3989868164062, 769.8051147460938], [34.87242889404297, 196.03561401367188, 273.4884338378906, 597.76513671875], [201.69876098632812, 432.26300048828125, 442.4822082519531, 735.0491333007812], [653.5082397460938, 400.74871826171875, 792.8964233398438, 726.8438110351562], [297.2754211425781, 643.2708740234375, 411.7438659667969, 736.745361328125], [437.256103515625, 697.810302734375, 578.8715209960938, 777.02978515625]]}