{"labels": [0], "scores": [0.9935551285743713], "bboxes": [[0.0, 305.81060791015625, 788.87841796875, 638.9585571289062]]}