{"labels": [0, 0, 0], "scores": [0.9896566867828369, 0.6781166791915894, 0.17442236840724945], "bboxes": [[7.89154052734375, 324.52777099609375, 793.0791015625, 796.8613891601562], [248.6431121826172, 34.82135009765625, 574.5922241210938, 331.1388854980469], [307.54681396484375, 92.04214477539062, 503.6800537109375, 307.4984436035156]]}