{"labels": [0, 0], "scores": [0.9926314353942871, 0.9888257384300232], "bboxes": [[392.3063049316406, 3.91546630859375, 616.7383422851562, 758.0603637695312], [150.66513061523438, 274.911376953125, 382.0001525878906, 704.4234619140625]]}