{"labels": [0], "scores": [0.9984769225120544], "bboxes": [[44.62237548828125, 300.50482177734375, 768.56396484375, 671.3026733398438]]}