{"labels": [0], "scores": [0.9959392547607422], "bboxes": [[147.47300720214844, 241.44857788085938, 521.654052734375, 863.669189453125]]}