{"labels": [0], "scores": [0.9994113445281982], "bboxes": [[26.7208251953125, 9.501434326171875, 782.6446533203125, 798.751953125]]}