{"labels": [0], "scores": [0.9987090826034546], "bboxes": [[52.99267578125, 244.04811096191406, 753.955810546875, 647.0739135742188]]}