{"labels": [0, 0], "scores": [0.9968940019607544, 0.9920570254325867], "bboxes": [[95.57980346679688, 41.0546875, 459.0810852050781, 776.0521240234375], [483.8507080078125, 105.91238403320312, 682.6580810546875, 775.7977294921875]]}