{"labels": [0], "scores": [0.9993481040000916], "bboxes": [[72.94775390625, 4.403228759765625, 715.1919555664062, 799.3984375]]}