{"labels": [0, 0, 0, 0, 0, 0], "scores": [0.9027093648910522, 0.7381254434585571, 0.6334635615348816, 0.2520674169063568, 0.2134907990694046, 0.05000609904527664], "bboxes": [[128.41131591796875, 268.88446044921875, 765.3915405273438, 665.5608520507812], [113.9776611328125, 150.7243194580078, 496.5389404296875, 416.574951171875], [110.494384765625, 127.34367370605469, 725.44287109375, 487.05322265625], [349.26214599609375, 139.5943603515625, 622.1007080078125, 353.1554870605469], [450.4863586425781, 121.5274887084961, 617.5888061523438, 312.5580139160156], [565.7371826171875, 132.5377197265625, 797.07373046875, 318.8818664550781]]}