{"labels": [0], "scores": [0.9982129335403442], "bboxes": [[141.9979705810547, 11.713987350463867, 559.0656127929688, 692.1764526367188]]}