{"labels": [0], "scores": [0.9961750507354736], "bboxes": [[142.88787841796875, 250.81015014648438, 654.8856201171875, 769.743408203125]]}