{"labels": [0, 0, 0], "scores": [0.9826688766479492, 0.8813396096229553, 0.056210000067949295], "bboxes": [[174.8665313720703, 7.2763214111328125, 452.0354919433594, 784.8336791992188], [476.7193298339844, 6.74578857421875, 695.994384765625, 591.2056884765625], [535.7638549804688, 41.03525161743164, 699.6602783203125, 421.8369140625]]}