{"labels": [0, 0], "scores": [0.9986296892166138, 0.7992808818817139], "bboxes": [[333.4798278808594, 53.855499267578125, 593.723388671875, 720.5828857421875], [78.44580078125, 382.98248291015625, 222.101318359375, 565.9328002929688]]}