{"labels": [0, 0, 0], "scores": [0.990702748298645, 0.9218124747276306, 0.8820116519927979], "bboxes": [[506.9261169433594, 226.15478515625, 791.8731689453125, 508.28997802734375], [78.6490478515625, 220.59706115722656, 421.93072509765625, 466.9393310546875], [73.0924072265625, 213.53936767578125, 745.89111328125, 744.9966430664062]]}