{"labels": [0, 0, 0, 0, 0, 0, 0, 0, 0, 0], "scores": [0.9584016799926758, 0.9385471940040588, 0.6690303683280945, 0.5428355932235718, 0.308619886636734, 0.2214733511209488, 0.2072368860244751, 0.12728260457515717, 0.09494628757238388, 0.053993724286556244], "bboxes": [[382.36492919921875, 6.6992034912109375, 736.5072631835938, 418.72283935546875], [319.0615234375, 347.21112060546875, 554.2363891601562, 667.5643310546875], [90.28518676757812, 527.207275390625, 690.3507080078125, 782.3184814453125], [11.940105438232422, 357.8894958496094, 126.62847900390625, 484.2162780761719], [98.34136962890625, 17.313232421875, 743.2858276367188, 719.95849609375], [3.93243408203125, 164.00747680664062, 324.04766845703125, 377.9546813964844], [77.70498657226562, 399.1206970214844, 192.3271484375, 518.269287109375], [207.2034912109375, 343.05029296875, 713.596435546875, 710.116455078125], [0.0, 6.668731689453125, 329.6768798828125, 543.512939453125], [574.4212646484375, 429.4210510253906, 737.5977783203125, 532.46142578125]]}