{"labels": [0], "scores": [0.9990549683570862], "bboxes": [[2.6172561645507812, 38.065757751464844, 699.9963989257812, 884.1239013671875]]}