{"labels": [0], "scores": [0.9981258511543274], "bboxes": [[40.767822265625, 248.7430877685547, 767.612548828125, 614.304931640625]]}