{"labels": [0, 0], "scores": [0.9930398464202881, 0.1582542508840561], "bboxes": [[216.8451385498047, 118.88072204589844, 467.37274169921875, 832.8423461914062], [143.03826904296875, 1.5458765029907227, 441.0701904296875, 208.62135314941406]]}