{"labels": [0, 0], "scores": [0.9949983358383179, 0.9930480122566223], "bboxes": [[332.20037841796875, 193.64532470703125, 798.6819458007812, 758.927734375], [0.0, 167.62164306640625, 516.5403442382812, 782.2415771484375]]}