{"labels": [0, 0], "scores": [0.9574638605117798, 0.17134346067905426], "bboxes": [[159.83653259277344, 60.01708984375, 658.2767333984375, 625.0989990234375], [187.6891632080078, 232.18788146972656, 567.4081420898438, 594.3928833007812]]}