{"labels": [0, 0, 0, 0, 0, 0], "scores": [0.9898056983947754, 0.9892765283584595, 0.5835806727409363, 0.23053953051567078, 0.2077357918024063, 0.061782483011484146], "bboxes": [[361.8815002441406, 312.56671142578125, 795.7747802734375, 588.4818725585938], [1.929107666015625, 393.515380859375, 788.9775390625, 799.837890625], [604.8193969726562, 107.69205474853516, 729.9506225585938, 237.2872314453125], [22.573715209960938, 68.18086242675781, 306.4283447265625, 429.88958740234375], [516.4879150390625, 122.7351303100586, 611.9383544921875, 236.67276000976562], [63.077972412109375, 168.26409912109375, 261.72021484375, 371.02423095703125]]}