{"labels": [0], "scores": [0.9995977282524109], "bboxes": [[81.84841918945312, 4.865386962890625, 743.4661865234375, 800.0]]}