{"labels": [0], "scores": [0.9984323382377625], "bboxes": [[33.93609619140625, 357.8637390136719, 777.2250366210938, 645.4462890625]]}