{"labels": [0], "scores": [0.997356653213501], "bboxes": [[97.166015625, 376.32574462890625, 708.3971557617188, 589.640869140625]]}