{"labels": [0, 0], "scores": [0.9930927753448486, 0.15880148112773895], "bboxes": [[60.7762451171875, 16.714996337890625, 645.8469848632812, 797.960205078125], [67.02365112304688, 13.65203857421875, 640.0728759765625, 393.6053771972656]]}