{"labels": [0, 0, 0], "scores": [0.9910813570022583, 0.7800310254096985, 0.05043592303991318], "bboxes": [[322.2251281738281, 281.759765625, 792.5277099609375, 525.5694580078125], [34.353492736816406, 394.4859619140625, 244.77899169921875, 607.1116943359375], [26.560577392578125, 276.5343017578125, 789.508056640625, 612.1129760742188]]}