{"labels": [0], "scores": [0.9962632060050964], "bboxes": [[193.7640838623047, 11.736419677734375, 658.0103759765625, 794.0726318359375]]}