{"labels": [0, 0, 0, 0, 0, 0, 0, 0], "scores": [0.9964243769645691, 0.9956948757171631, 0.9956229329109192, 0.9950359463691711, 0.30272525548934937, 0.1349688023328781, 0.12381848692893982, 0.0612332746386528], "bboxes": [[0.010223388671875, 137.66734313964844, 295.34716796875, 395.92333984375], [54.63603210449219, 480.43109130859375, 319.8416748046875, 745.6614379882812], [494.848388671875, 475.4306335449219, 744.9437255859375, 742.405517578125], [515.1953735351562, 125.52656555175781, 791.3971557617188, 392.2559814453125], [292.01361083984375, 153.26296997070312, 549.4584350585938, 455.8424377441406], [280.7394104003906, 458.1788330078125, 525.9003295898438, 741.3074951171875], [43.95391845703125, 64.09793090820312, 641.664306640625, 453.4072570800781], [24.662109375, 399.2964782714844, 775.1549682617188, 763.5394287109375]]}