{"labels": [0, 0, 0, 0], "scores": [0.9627009034156799, 0.2494530826807022, 0.1482800990343094, 0.06207095831632614], "bboxes": [[121.20259094238281, 222.38436889648438, 596.1546020507812, 691.118896484375], [408.677490234375, 25.027122497558594, 553.1051635742188, 193.34396362304688], [0.0, 253.65264892578125, 359.94830322265625, 673.4820556640625], [0.0, 37.17095947265625, 682.2828369140625, 744.1716918945312]]}