{"labels": [0, 0, 0, 0], "scores": [0.9862841367721558, 0.8318379521369934, 0.5143978595733643, 0.06939821690320969], "bboxes": [[8.99542236328125, 125.677001953125, 765.155029296875, 719.8546142578125], [354.2254943847656, 76.431640625, 629.73779296875, 346.6735534667969], [570.9100952148438, 196.13137817382812, 794.7383422851562, 434.2041320800781], [92.62516784667969, 141.97952270507812, 574.0260009765625, 579.67626953125]]}