{"labels": [0, 0], "scores": [0.997806966304779, 0.9943338632583618], "bboxes": [[176.10838317871094, 34.906890869140625, 484.90240478515625, 743.9432373046875], [389.9956970214844, 47.362823486328125, 715.4161376953125, 665.5247802734375]]}