{"labels": [0], "scores": [0.9974064230918884], "bboxes": [[219.92408752441406, 12.104248046875, 579.3306884765625, 800.0]]}