{"labels": [0, 0, 0, 0, 0], "scores": [0.9614617824554443, 0.9383588433265686, 0.23760296404361725, 0.2155967652797699, 0.19822682440280914], "bboxes": [[407.1552734375, 56.43026351928711, 664.4725341796875, 816.2616577148438], [85.15257263183594, 107.42301940917969, 287.8836364746094, 765.4898071289062], [129.4937286376953, 669.3084106445312, 226.03323364257812, 873.364990234375], [472.88055419921875, 251.51138305664062, 646.1607666015625, 818.65673828125], [394.66552734375, 45.170982360839844, 661.8928833007812, 437.7027893066406]]}