{"labels": [0, 0], "scores": [0.9919695258140564, 0.22122108936309814], "bboxes": [[117.0682373046875, 17.040618896484375, 564.6793212890625, 792.9112548828125], [299.04791259765625, 7.271476745605469, 556.179443359375, 152.9580078125]]}