{"labels": [0, 0, 0], "scores": [0.9861621856689453, 0.07265970855951309, 0.06700744479894638], "bboxes": [[122.825927734375, 191.95367431640625, 665.7133178710938, 754.5791625976562], [0.2647285461425781, 464.446533203125, 68.22846984863281, 763.714111328125], [112.91619873046875, 141.189208984375, 384.6084899902344, 471.218017578125]]}