{"labels": [0], "scores": [0.9989896416664124], "bboxes": [[44.880859375, 131.40133666992188, 766.8670654296875, 668.75146484375]]}