{"labels": [0, 0], "scores": [0.9904453754425049, 0.8285929560661316], "bboxes": [[375.8697509765625, 43.587982177734375, 632.96337890625, 770.5516357421875], [179.89111328125, 48.60015869140625, 409.38336181640625, 741.3922729492188]]}