{"labels": [0], "scores": [0.9993959665298462], "bboxes": [[40.234619140625, 245.34068298339844, 768.637451171875, 527.81005859375]]}