{"labels": [0, 0], "scores": [0.9969934225082397, 0.06366357952356339], "bboxes": [[17.771392822265625, 212.39324951171875, 775.767822265625, 793.9212036132812], [21.041580200195312, 13.463127136230469, 333.997314453125, 257.81005859375]]}