{"labels": [0, 0], "scores": [0.9896877408027649, 0.9257227778434753], "bboxes": [[87.97515869140625, 52.703765869140625, 714.289794921875, 760.848388671875], [106.18492889404297, 132.070068359375, 288.26910400390625, 760.9277954101562]]}