{"labels": [0, 0], "scores": [0.9864369034767151, 0.16021835803985596], "bboxes": [[214.08053588867188, 309.5419006347656, 554.7449951171875, 765.9786376953125], [215.87661743164062, 311.8651123046875, 357.2479553222656, 709.7499389648438]]}