{"labels": [0, 0, 0, 0, 0], "scores": [0.970373272895813, 0.6539603471755981, 0.3796088993549347, 0.35504499077796936, 0.14822469651699066], "bboxes": [[290.67987060546875, 336.2703857421875, 612.4039916992188, 762.51220703125], [0.0, 119.91375732421875, 288.36614990234375, 682.403564453125], [0.0, 505.47637939453125, 124.8948974609375, 800.0], [281.2550048828125, 101.39010620117188, 624.9696044921875, 507.9327697753906], [308.6479797363281, 490.8763122558594, 458.3937683105469, 734.1497802734375]]}