{"labels": [0], "scores": [0.9906001091003418], "bboxes": [[343.2667236328125, 7.4632568359375, 744.1065673828125, 791.2371826171875]]}