{"labels": [0, 0], "scores": [0.9078534841537476, 0.48032763600349426], "bboxes": [[271.60992431640625, 28.7261962890625, 623.7123413085938, 743.6708984375], [238.87054443359375, 359.12054443359375, 580.4771728515625, 767.0253295898438]]}