{"labels": [0, 0, 0], "scores": [0.9777918457984924, 0.9562210440635681, 0.18382735550403595], "bboxes": [[302.37115478515625, 160.2837371826172, 707.846435546875, 602.061767578125], [142.5264434814453, 167.95108032226562, 335.364501953125, 586.7091064453125], [115.47056579589844, 165.8398895263672, 532.8327026367188, 593.997802734375]]}