{"labels": [0, 0], "scores": [0.9977666139602661, 0.10651194304227829], "bboxes": [[107.98997497558594, 260.1510925292969, 643.2144165039062, 859.2371826171875], [0.0, 102.37696075439453, 150.93362426757812, 377.71063232421875]]}