{"labels": [0, 0, 0], "scores": [0.992340087890625, 0.1121748834848404, 0.06042426824569702], "bboxes": [[208.25144958496094, 38.520267486572266, 485.83941650390625, 756.5199584960938], [0.11430835723876953, 143.5667266845703, 212.27882385253906, 714.6901245117188], [153.73593139648438, 674.4688110351562, 481.838623046875, 878.3290405273438]]}