{"labels": [0, 0, 0], "scores": [0.9701998829841614, 0.9341012239456177, 0.062052786350250244], "bboxes": [[74.54769897460938, 255.39593505859375, 769.540771484375, 692.593017578125], [63.85894775390625, 290.23907470703125, 422.4081726074219, 604.773193359375], [0.0, 143.75643920898438, 151.7567138671875, 349.2452697753906]]}