{"labels": [0], "scores": [0.9784619808197021], "bboxes": [[237.96205139160156, 57.43951416015625, 562.7725219726562, 764.6951293945312]]}