{"labels": [0, 0], "scores": [0.9985116124153137, 0.1278676837682724], "bboxes": [[0.0, 102.34735107421875, 781.947998046875, 744.0628662109375], [210.2354736328125, 349.445068359375, 800.0, 721.8748779296875]]}