{"labels": [0, 0], "scores": [0.9959489107131958, 0.18511134386062622], "bboxes": [[227.00706481933594, 50.55982208251953, 487.63446044921875, 808.6793823242188], [260.431640625, 744.320556640625, 431.57763671875, 863.5624389648438]]}