{"labels": [0, 0, 0, 0, 0, 0], "scores": [0.9223911762237549, 0.47293174266815186, 0.39697983860969543, 0.142373725771904, 0.12931400537490845, 0.10220533609390259], "bboxes": [[59.9273681640625, 181.4805908203125, 684.5081787109375, 724.1002197265625], [158.51715087890625, 227.39988708496094, 370.11517333984375, 702.143310546875], [619.3333740234375, 44.0999755859375, 793.0679931640625, 284.8029479980469], [259.4129638671875, 197.348388671875, 334.30975341796875, 283.81671142578125], [365.5631103515625, 362.535400390625, 574.2908935546875, 717.8690185546875], [233.24868774414062, 350.0933837890625, 651.2667236328125, 713.352294921875]]}