{"labels": [0, 0], "scores": [0.9822078347206116, 0.9212408065795898], "bboxes": [[251.35264587402344, 45.78228759765625, 625.6104736328125, 570.30859375], [365.96746826171875, 521.07763671875, 496.83355712890625, 692.368408203125]]}