{"labels": [0], "scores": [0.9989847540855408], "bboxes": [[0.97210693359375, 92.73654174804688, 792.83251953125, 714.2181396484375]]}