{"labels": [0, 0, 0], "scores": [0.9570079445838928, 0.8975653648376465, 0.364491730928421], "bboxes": [[160.69253540039062, 164.05421447753906, 513.7548217773438, 487.554443359375], [159.29559326171875, 447.3042297363281, 445.18450927734375, 879.4903564453125], [158.56228637695312, 193.8805694580078, 515.807861328125, 766.3367919921875]]}