{"labels": [0], "scores": [0.9976335763931274], "bboxes": [[191.847412109375, 27.45318603515625, 523.6871948242188, 756.2747802734375]]}