{"labels": [0], "scores": [0.993928074836731], "bboxes": [[88.74824523925781, 61.25985336303711, 558.1500854492188, 652.4607543945312]]}