{"labels": [0, 0, 0, 0, 0], "scores": [0.9912927746772766, 0.9862709045410156, 0.7408165335655212, 0.25186827778816223, 0.13504983484745026], "bboxes": [[426.5277404785156, 341.2566223144531, 668.7971801757812, 486.7780456542969], [88.23603820800781, 381.11639404296875, 493.1771240234375, 638.46630859375], [102.71876525878906, 263.326171875, 445.8778076171875, 420.28021240234375], [350.00555419921875, 187.47610473632812, 520.7650756835938, 368.8148498535156], [73.52914428710938, 192.3105926513672, 753.740478515625, 654.0860595703125]]}