{"labels": [0], "scores": [0.9962816834449768], "bboxes": [[210.43101501464844, 82.35723876953125, 631.6793212890625, 792.6744995117188]]}