{"labels": [0], "scores": [0.9789040684700012], "bboxes": [[289.54766845703125, 111.33395385742188, 482.15777587890625, 686.9415283203125]]}