{"labels": [0], "scores": [0.9948272109031677], "bboxes": [[230.03611755371094, 24.757232666015625, 569.05419921875, 772.29541015625]]}