{"labels": [0, 0], "scores": [0.9869847893714905, 0.9864458441734314], "bboxes": [[125.30029296875, 437.22088623046875, 739.291259765625, 705.1802368164062], [21.145599365234375, 72.3309326171875, 726.5755615234375, 601.4752197265625]]}