{"labels": [0], "scores": [0.9953886270523071], "bboxes": [[1.508819580078125, 0.0, 776.68017578125, 800.0]]}