{"labels": [0], "scores": [0.9982244372367859], "bboxes": [[11.53216552734375, 110.40570068359375, 772.4115600585938, 671.1900634765625]]}