{"labels": [0, 0, 0], "scores": [0.9800138473510742, 0.9128303527832031, 0.24504467844963074], "bboxes": [[276.69390869140625, 375.1944885253906, 796.0591430664062, 715.5570068359375], [0.0, 293.6695556640625, 567.11083984375, 635.5337524414062], [64.15194702148438, 232.48977661132812, 785.37255859375, 696.3138427734375]]}