{"labels": [0, 0, 0, 0], "scores": [0.988625168800354, 0.9758888483047485, 0.9646490216255188, 0.554124653339386], "bboxes": [[0.0, 59.145538330078125, 522.701904296875, 690.8389892578125], [382.15423583984375, 45.675384521484375, 800.0, 680.8782958984375], [220.94912719726562, 421.01666259765625, 564.16064453125, 782.2258911132812], [176.63754272460938, 57.126617431640625, 725.4810791015625, 796.0697021484375]]}