{"labels": [0], "scores": [0.9989365935325623], "bboxes": [[121.9010009765625, 93.6402587890625, 682.009521484375, 708.4818115234375]]}