{"labels": [0], "scores": [0.9980208873748779], "bboxes": [[152.17015075683594, 279.3525695800781, 582.1217651367188, 868.665283203125]]}