{"labels": [0], "scores": [0.9991000890731812], "bboxes": [[20.967559814453125, 169.13510131835938, 771.9635009765625, 748.604736328125]]}