{"labels": [0, 0, 0, 0], "scores": [0.9934304356575012, 0.8869833946228027, 0.6230037212371826, 0.05471940338611603], "bboxes": [[193.2812042236328, 181.29055786132812, 552.8829956054688, 789.690673828125], [419.1404113769531, 270.90191650390625, 724.34033203125, 738.3530883789062], [603.2679443359375, 54.0789794921875, 797.400146484375, 775.450927734375], [205.1708526611328, 567.240478515625, 432.64044189453125, 787.0657958984375]]}