{"labels": [0], "scores": [0.9984519481658936], "bboxes": [[92.19952392578125, 183.81822204589844, 710.3345336914062, 622.6661376953125]]}