{"labels": [0], "scores": [0.9952507019042969], "bboxes": [[137.39620971679688, 51.114227294921875, 634.5633544921875, 737.2572021484375]]}