{"labels": [0, 0, 0], "scores": [0.9968376159667969, 0.7183837890625, 0.10552186518907547], "bboxes": [[72.9775390625, 187.16677856445312, 712.0241088867188, 708.0433349609375], [37.097389221191406, 375.7129211425781, 120.01546478271484, 439.1861267089844], [0.3597297668457031, 367.6466064453125, 42.73295974731445, 450.74676513671875]]}