{"labels": [0, 0, 0], "scores": [0.9031942486763, 0.5285401940345764, 0.39525607228279114], "bboxes": [[157.20672607421875, 145.46343994140625, 694.1005249023438, 640.81201171875], [349.31658935546875, 149.329345703125, 686.9279174804688, 541.7520751953125], [130.96200561523438, 475.57281494140625, 663.682861328125, 653.0753784179688]]}