{"labels": [0, 0], "scores": [0.9880600571632385, 0.12065710127353668], "bboxes": [[265.871826171875, 0.0, 546.18017578125, 798.73193359375], [157.74435424804688, 0.0, 451.6936340332031, 800.0]]}