{"labels": [0], "scores": [0.9936285614967346], "bboxes": [[215.9538116455078, 123.30111694335938, 482.1258544921875, 697.522216796875]]}