{"labels": [0], "scores": [0.9964855909347534], "bboxes": [[18.637542724609375, 237.1666259765625, 756.275390625, 702.6591186523438]]}