{"labels": [0, 0, 0, 0, 0, 0], "scores": [0.9724263548851013, 0.8654643297195435, 0.8177973031997681, 0.4299471974372864, 0.2112099826335907, 0.09652959555387497], "bboxes": [[371.9242858886719, 359.3361511230469, 645.9521484375, 644.8178100585938], [30.028907775878906, 61.27117919921875, 642.8883056640625, 521.7799072265625], [319.0157165527344, 207.58155822753906, 591.1104125976562, 479.5906066894531], [199.3037109375, 60.26484680175781, 535.2667236328125, 430.2417907714844], [28.584331512451172, 165.39642333984375, 348.8210754394531, 514.4634399414062], [360.46112060546875, 305.8053283691406, 609.83984375, 504.5491027832031]]}