{"labels": [0], "scores": [0.9976677298545837], "bboxes": [[167.4642333984375, 71.56478881835938, 623.948974609375, 756.05126953125]]}