{"labels": [0, 0], "scores": [0.9460196495056152, 0.8260685205459595], "bboxes": [[52.588134765625, 114.68856811523438, 746.4703369140625, 800.0], [28.7020263671875, 90.88153076171875, 734.4944458007812, 361.1595153808594]]}