{"labels": [0], "scores": [0.9988817572593689], "bboxes": [[27.5230712890625, 106.961181640625, 788.2647094726562, 644.0478515625]]}