{"labels": [0], "scores": [0.9977374076843262], "bboxes": [[19.637786865234375, 189.36993408203125, 790.8656005859375, 750.5015258789062]]}