{"labels": [0, 0], "scores": [0.9974725842475891, 0.8769296407699585], "bboxes": [[244.31825256347656, 97.76080322265625, 578.059326171875, 741.1438598632812], [71.12515258789062, 494.32379150390625, 227.95114135742188, 641.8030395507812]]}