{"labels": [0, 0, 0, 0, 0, 0, 0, 0], "scores": [0.9003217220306396, 0.644209086894989, 0.386228084564209, 0.36365488171577454, 0.10904613882303238, 0.08167363703250885, 0.06057954579591751, 0.05718615651130676], "bboxes": [[204.01116943359375, 269.54339599609375, 423.92724609375, 494.04827880859375], [22.34410285949707, 56.57838439941406, 413.17352294921875, 517.0128173828125], [5.782428741455078, 563.5792236328125, 284.8404235839844, 891.7435913085938], [351.986328125, 624.2860107421875, 489.72576904296875, 893.2909545898438], [524.6829833984375, 410.8555908203125, 690.9371337890625, 608.3255615234375], [134.87242126464844, 446.7860412597656, 471.60028076171875, 882.6945190429688], [365.3251037597656, 0.0, 685.4678955078125, 308.7093505859375], [25.560998916625977, 108.68385314941406, 468.26861572265625, 896.0]]}