{"labels": [0], "scores": [0.9935466647148132], "bboxes": [[211.4442138671875, 205.4181671142578, 581.994384765625, 669.0089721679688]]}