{"labels": [0], "scores": [0.9989446997642517], "bboxes": [[0.0, 42.17255401611328, 700.0, 864.2640991210938]]}