{"labels": [0, 0, 0], "scores": [0.9947581887245178, 0.16414634883403778, 0.11247453093528748], "bboxes": [[94.02239990234375, 95.92041015625, 703.4868774414062, 754.822021484375], [306.42620849609375, 373.88226318359375, 339.35699462890625, 604.4160766601562], [111.51106262207031, 141.77703857421875, 392.20281982421875, 735.2992553710938]]}