{"labels": [0, 0], "scores": [0.9693629145622253, 0.4290215075016022], "bboxes": [[21.304473876953125, 96.78884887695312, 632.3790283203125, 772.5347900390625], [444.6080627441406, 549.6852416992188, 687.5095825195312, 761.1124877929688]]}