{"labels": [0, 0, 0, 0, 0], "scores": [0.7885003089904785, 0.7289213538169861, 0.5386293530464172, 0.2728576958179474, 0.09892446547746658], "bboxes": [[232.1031951904297, 15.250732421875, 671.9112548828125, 800.0], [134.81358337402344, 44.748626708984375, 394.16748046875, 656.7452392578125], [287.8822021484375, 139.30789184570312, 512.239013671875, 751.7208251953125], [10.726837158203125, 502.5166015625, 194.7782745361328, 800.0], [461.55108642578125, 0.0, 741.6923217773438, 800.0]]}