{"labels": [0], "scores": [0.9981302618980408], "bboxes": [[0.0, 156.47073364257812, 800.0, 788.4451904296875]]}