{"labels": [0, 0, 0, 0], "scores": [0.9919271469116211, 0.08677668124437332, 0.07760579884052277, 0.06914066523313522], "bboxes": [[9.86273193359375, 143.4427490234375, 779.4518432617188, 741.03369140625], [0.8545761108398438, 0.4238739013671875, 216.590087890625, 196.2970428466797], [6.820648193359375, 206.4664306640625, 321.4623718261719, 711.8975219726562], [0.0, 30.527618408203125, 406.8512878417969, 635.7879638671875]]}