{"labels": [0, 0], "scores": [0.9905457496643066, 0.07105506956577301], "bboxes": [[259.169677734375, 150.22714233398438, 540.3482055664062, 766.7796630859375], [269.1044616699219, 528.4544067382812, 508.4095764160156, 740.7792358398438]]}