{"labels": [0, 0, 0], "scores": [0.9832139015197754, 0.3837353587150574, 0.209687277674675], "bboxes": [[189.39013671875, 260.22705078125, 664.468017578125, 800.0], [200.12039184570312, 507.42498779296875, 569.412841796875, 798.2150268554688], [216.7096405029297, 231.51409912109375, 328.16876220703125, 475.04718017578125]]}