{"labels": [0, 0], "scores": [0.998069703578949, 0.9895954728126526], "bboxes": [[219.10641479492188, 11.225784301757812, 592.3453369140625, 401.1949462890625], [258.8110046386719, 386.00347900390625, 611.93310546875, 800.0]]}