{"labels": [0, 0], "scores": [0.9875128865242004, 0.913626492023468], "bboxes": [[29.435787200927734, 189.8830108642578, 667.4151000976562, 778.872802734375], [33.875328063964844, 112.76580810546875, 657.6987915039062, 454.42889404296875]]}