{"labels": [0, 0, 0, 0, 0, 0, 0], "scores": [0.9946803450584412, 0.9916987419128418, 0.9382430911064148, 0.9284234642982483, 0.9103692173957825, 0.8154430985450745, 0.2628520727157593], "bboxes": [[294.8497314453125, 210.68496704101562, 515.7789306640625, 451.1123962402344], [510.4861145019531, 202.86378479003906, 742.3056030273438, 459.8883056640625], [68.84074401855469, 208.75563049316406, 293.36529541015625, 450.58758544921875], [292.03912353515625, 417.31524658203125, 532.4049072265625, 689.6390991210938], [534.224365234375, 376.67767333984375, 772.759765625, 675.1325073242188], [42.30015563964844, 211.8792266845703, 295.34515380859375, 687.7081909179688], [321.773193359375, 443.38922119140625, 492.71563720703125, 571.7884521484375]]}