{"labels": [0, 0, 0, 0], "scores": [0.9976592063903809, 0.4017448127269745, 0.08516034483909607, 0.07074175029993057], "bboxes": [[10.2047119140625, 202.662109375, 775.03369140625, 727.8392944335938], [284.55987548828125, 644.4058837890625, 340.9346923828125, 673.39013671875], [231.60809326171875, 121.63092803955078, 257.1846008300781, 133.9676055908203], [605.8088989257812, 613.7866821289062, 681.3469848632812, 647.1771850585938]]}