{"labels": [0, 0, 0, 0, 0, 0], "scores": [0.9387111067771912, 0.9350277781486511, 0.3193875849246979, 0.28415319323539734, 0.07405327260494232, 0.059230901300907135], "bboxes": [[12.689544677734375, 376.0146484375, 790.3721923828125, 799.1712646484375], [251.23291015625, 0.0, 475.5057373046875, 401.5363464355469], [27.29229736328125, 554.3565063476562, 329.342041015625, 797.2761840820312], [35.326446533203125, 440.46142578125, 487.7906188964844, 796.4117431640625], [473.64483642578125, 443.61077880859375, 765.6803588867188, 740.1065063476562], [250.15573120117188, 411.8322448730469, 744.65869140625, 744.03955078125]]}