{"labels": [0], "scores": [0.9988492727279663], "bboxes": [[0.0, 103.4713134765625, 795.0339965820312, 696.926513671875]]}