{"labels": [0], "scores": [0.9874078035354614], "bboxes": [[285.88934326171875, 62.553070068359375, 502.25909423828125, 729.4205322265625]]}