{"labels": [0], "scores": [0.9975207448005676], "bboxes": [[98.00537109375, 34.06585693359375, 716.8987426757812, 786.7438354492188]]}