{"labels": [0, 0], "scores": [0.9917582869529724, 0.1737174242734909], "bboxes": [[5.320831298828125, 31.669769287109375, 776.3326416015625, 558.3270263671875], [164.46624755859375, 227.88536071777344, 795.52685546875, 699.4688110351562]]}