{"labels": [0], "scores": [0.9843102693557739], "bboxes": [[72.20773315429688, 33.459136962890625, 755.6107177734375, 663.7232666015625]]}