{"labels": [0], "scores": [0.9939457774162292], "bboxes": [[0.0, 152.9248046875, 695.788818359375, 677.6254272460938]]}