{"labels": [0], "scores": [0.9993232488632202], "bboxes": [[0.0, 212.8925323486328, 800.0, 692.704833984375]]}