{"labels": [0, 0, 0], "scores": [0.9953362345695496, 0.7697204351425171, 0.3420374095439911], "bboxes": [[5.249359130859375, 436.7920837402344, 792.7508544921875, 775.4305419921875], [432.0341796875, 103.59952545166016, 767.1719970703125, 237.91934204101562], [0.0, 14.9288330078125, 783.8955688476562, 799.9686889648438]]}