{"labels": [0], "scores": [0.9949637651443481], "bboxes": [[120.24777221679688, 368.11431884765625, 594.7117919921875, 796.8339233398438]]}