{"labels": [0], "scores": [0.9997556805610657], "bboxes": [[0.0, 4.083244323730469, 700.0, 895.89111328125]]}