{"labels": [0, 0, 0, 0], "scores": [0.9860257506370544, 0.8592859506607056, 0.4158030152320862, 0.09132441878318787], "bboxes": [[323.9558410644531, 393.76361083984375, 774.62744140625, 705.3248901367188], [22.468307495117188, 360.64544677734375, 267.07537841796875, 603.031494140625], [46.723175048828125, 301.2311096191406, 771.4827880859375, 701.022216796875], [46.11592102050781, 310.4533996582031, 423.99566650390625, 614.71728515625]]}