{"labels": [0], "scores": [0.9983447790145874], "bboxes": [[34.544769287109375, 189.74884033203125, 770.8704833984375, 631.7966918945312]]}