{"labels": [0, 0, 0], "scores": [0.9783838391304016, 0.8853091597557068, 0.5800983309745789], "bboxes": [[230.27633666992188, 132.28854370117188, 696.8094482421875, 577.50439453125], [17.79095458984375, 131.05364990234375, 733.5997314453125, 727.1053466796875], [0.0, 412.55963134765625, 429.9697265625, 800.0]]}