{"labels": [0], "scores": [0.9972080588340759], "bboxes": [[12.38641357421875, 169.99288940429688, 785.0403442382812, 686.51806640625]]}