{"labels": [0, 0, 0], "scores": [0.9992069602012634, 0.9979840517044067, 0.11107438057661057], "bboxes": [[323.3122863769531, 220.05477905273438, 534.1649169921875, 431.2594299316406], [352.31842041015625, 543.10888671875, 590.0841674804688, 695.219970703125], [77.70028686523438, 205.9398193359375, 356.27972412109375, 798.9683837890625]]}