{"labels": [0, 0], "scores": [0.9920036196708679, 0.08975143730640411], "bboxes": [[147.54725646972656, 16.61468505859375, 654.9279174804688, 555.1902465820312], [178.64244079589844, 384.6571350097656, 607.4925537109375, 788.639404296875]]}