{"labels": [0], "scores": [0.9986748695373535], "bboxes": [[0.0, 0.0, 799.6025390625, 782.3968505859375]]}