{"labels": [0, 0, 0, 0, 0, 0, 0, 0], "scores": [0.9933605790138245, 0.9354658722877502, 0.7064585089683533, 0.3199472725391388, 0.15712644159793854, 0.08583921194076538, 0.08360598236322403, 0.0830996111035347], "bboxes": [[497.5926818847656, 98.62616729736328, 766.1810302734375, 298.7867431640625], [0.891448974609375, 113.40402221679688, 338.8507080078125, 776.664306640625], [387.57733154296875, 557.90380859375, 796.1478881835938, 775.5101318359375], [550.1460571289062, 307.7818298339844, 782.4457397460938, 552.2816162109375], [357.4718017578125, 308.32806396484375, 787.4207763671875, 599.763427734375], [13.664337158203125, 94.03424072265625, 373.53082275390625, 389.87835693359375], [21.719390869140625, 140.1031494140625, 793.88525390625, 771.8922729492188], [568.0671997070312, 390.6319580078125, 723.2943725585938, 543.8392944335938]]}