{"labels": [0], "scores": [0.9988695979118347], "bboxes": [[119.11714172363281, 196.12857055664062, 554.0, 780.2080078125]]}