{"labels": [0], "scores": [0.9881121516227722], "bboxes": [[162.46592712402344, 90.8494873046875, 634.8309326171875, 671.6720581054688]]}