{"labels": [0, 0], "scores": [0.9873883128166199, 0.06693283468484879], "bboxes": [[254.03402709960938, 4.894317626953125, 548.463134765625, 798.6817626953125], [268.0450439453125, 361.2060241699219, 529.1571655273438, 785.22216796875]]}