{"labels": [0], "scores": [0.9971396923065186], "bboxes": [[298.08233642578125, 7.45697021484375, 533.48779296875, 800.0]]}