{"labels": [0], "scores": [0.9986791014671326], "bboxes": [[11.02301025390625, 1.5111083984375, 799.041015625, 800.0]]}