{"labels": [0, 0, 0], "scores": [0.9799128770828247, 0.9537653923034668, 0.053087297827005386], "bboxes": [[199.60696411132812, 76.91650390625, 433.3362731933594, 763.6636962890625], [413.3022766113281, 140.08969116210938, 615.547607421875, 742.4493408203125], [369.8887939453125, 150.9681396484375, 439.38531494140625, 736.4036254882812]]}