{"labels": [0], "scores": [0.9940610527992249], "bboxes": [[253.86117553710938, 126.45394897460938, 795.2652587890625, 759.434326171875]]}