{"labels": [0], "scores": [0.9995973706245422], "bboxes": [[0.0, 35.31776428222656, 697.980712890625, 896.0]]}