{"labels": [0, 0], "scores": [0.979836642742157, 0.0812525600194931], "bboxes": [[149.5586700439453, 239.05587768554688, 545.6683349609375, 879.291015625], [201.08900451660156, 507.864990234375, 530.6546020507812, 880.6050415039062]]}