{"labels": [0, 0], "scores": [0.9899431467056274, 0.07601319253444672], "bboxes": [[230.79910278320312, 4.635101318359375, 764.108642578125, 731.32958984375], [212.80410766601562, 320.0602111816406, 632.810546875, 711.0166015625]]}