{"labels": [0, 0], "scores": [0.990993082523346, 0.10247810184955597], "bboxes": [[12.234771728515625, 306.1070556640625, 779.168212890625, 533.7039794921875], [25.7789306640625, 459.6387939453125, 766.6305541992188, 528.568115234375]]}