{"labels": [0], "scores": [0.9991266131401062], "bboxes": [[16.59698486328125, 0.2696533203125, 799.8593139648438, 799.6210327148438]]}