{"labels": [0, 0, 0, 0, 0], "scores": [0.7075988054275513, 0.5992258191108704, 0.5246429443359375, 0.5060195326805115, 0.10599919408559799], "bboxes": [[308.0420227050781, 63.52391052246094, 574.9190673828125, 331.59637451171875], [512.1891479492188, 427.676513671875, 748.5050659179688, 563.68408203125], [25.938568115234375, 58.65582275390625, 619.4691162109375, 629.1898803710938], [501.002197265625, 387.6524353027344, 764.4056396484375, 639.0292358398438], [40.67216491699219, 283.4255065917969, 305.397216796875, 550.3135986328125]]}