{"labels": [0, 0, 0], "scores": [0.7867879271507263, 0.7644035220146179, 0.28412169218063354], "bboxes": [[200.72853088378906, 85.51348876953125, 599.198974609375, 614.9125366210938], [306.14312744140625, 344.6222839355469, 505.60797119140625, 711.2630615234375], [206.98663330078125, 76.31001281738281, 590.178466796875, 349.59869384765625]]}