{"labels": [0], "scores": [0.998956561088562], "bboxes": [[74.5714111328125, 72.49130249023438, 734.238037109375, 731.9873046875]]}