{"labels": [0], "scores": [0.9993618130683899], "bboxes": [[7.323089599609375, 8.434906005859375, 787.6658935546875, 800.0]]}