{"labels": [0, 0], "scores": [0.983934223651886, 0.09860087931156158], "bboxes": [[25.326913833618164, 92.60696411132812, 610.141845703125, 503.50042724609375], [60.58790969848633, 455.3335876464844, 237.76107788085938, 622.1342163085938]]}