{"labels": [0], "scores": [0.9992554783821106], "bboxes": [[92.04718017578125, 17.12823486328125, 737.0902709960938, 778.6697998046875]]}