{"labels": [0, 0, 0], "scores": [0.8540770411491394, 0.18255020678043365, 0.0643826574087143], "bboxes": [[12.55133056640625, 31.68438720703125, 725.2931518554688, 697.9161987304688], [136.36386108398438, 440.36358642578125, 528.21337890625, 737.1660766601562], [90.41485595703125, 36.58067321777344, 702.0328369140625, 368.82379150390625]]}