{"labels": [0, 0, 0], "scores": [0.991428792476654, 0.25359994173049927, 0.05368390679359436], "bboxes": [[66.89236450195312, 70.01950073242188, 730.7354736328125, 658.9222412109375], [68.20974731445312, 142.32839965820312, 437.2724609375, 651.85595703125], [386.2927551269531, 217.8247833251953, 728.880615234375, 626.9758911132812]]}