{"labels": [0, 0], "scores": [0.9981223940849304, 0.4790814518928528], "bboxes": [[152.65829467773438, 225.27899169921875, 501.1012878417969, 857.4119873046875], [259.46661376953125, 13.340418815612793, 432.8021545410156, 199.01748657226562]]}