{"labels": [0], "scores": [0.9973862767219543], "bboxes": [[28.871490478515625, 44.0185546875, 627.82568359375, 728.7657470703125]]}