{"labels": [0, 0], "scores": [0.995210587978363, 0.9928489923477173], "bboxes": [[78.53097534179688, 195.83505249023438, 387.0298767089844, 800.0], [363.03173828125, 222.28463745117188, 728.5904541015625, 800.0]]}