{"labels": [0], "scores": [0.998446524143219], "bboxes": [[120.39752197265625, 29.766876220703125, 653.3236694335938, 753.8043212890625]]}