{"labels": [0, 0], "scores": [0.9969193935394287, 0.05291850492358208], "bboxes": [[123.97189331054688, 1.6123046875, 672.21240234375, 800.0], [138.7955322265625, 470.82666015625, 666.6763916015625, 785.3193359375]]}