{"labels": [0], "scores": [0.9906454086303711], "bboxes": [[12.16680908203125, 127.65570068359375, 773.531494140625, 658.604736328125]]}