{"labels": [0, 0], "scores": [0.9701425433158875, 0.9614695310592651], "bboxes": [[80.86726379394531, 145.912353515625, 380.16522216796875, 719.6157836914062], [505.33416748046875, 132.97137451171875, 692.6690063476562, 718.2786254882812]]}