{"labels": [0, 0, 0, 0], "scores": [0.9972453117370605, 0.9552201628684998, 0.7718875408172607, 0.18851611018180847], "bboxes": [[34.84539794921875, 282.77435302734375, 768.5763549804688, 732.1401977539062], [332.0200500488281, 89.6064682006836, 537.0723876953125, 325.7959899902344], [489.91754150390625, 80.88911437988281, 780.5263061523438, 521.7457275390625], [272.4295654296875, 79.70480346679688, 765.2657470703125, 633.6851806640625]]}