{"labels": [0], "scores": [0.999158501625061], "bboxes": [[60.293853759765625, 63.29034423828125, 707.66015625, 691.7389526367188]]}