{"labels": [0, 0, 0, 0, 0], "scores": [0.9896212816238403, 0.8542367815971375, 0.3191186785697937, 0.14655770361423492, 0.06885010749101639], "bboxes": [[171.87551879882812, 146.20712280273438, 407.8493957519531, 592.6436767578125], [426.50457763671875, 171.7793426513672, 690.1119995117188, 541.7726440429688], [300.3681335449219, 127.30851745605469, 482.0105895996094, 458.28070068359375], [360.0187072753906, 144.27261352539062, 794.1787109375, 685.18505859375], [15.67120361328125, 135.50827026367188, 800.0, 763.7603759765625]]}