{"labels": [0], "scores": [0.9987918734550476], "bboxes": [[104.48434448242188, 44.804718017578125, 725.4869384765625, 763.1903076171875]]}