{"labels": [0, 0, 0, 0], "scores": [0.9706558585166931, 0.9201876521110535, 0.8552594780921936, 0.1569160372018814], "bboxes": [[457.07379150390625, 310.098388671875, 794.4501342773438, 706.1425170898438], [277.5743103027344, 268.5115966796875, 637.0634765625, 649.2595825195312], [2.958038330078125, 186.8004608154297, 612.763671875, 639.2787475585938], [206.6187744140625, 210.1542510986328, 778.4033813476562, 715.5900268554688]]}