{"labels": [0, 0, 0], "scores": [0.9636140465736389, 0.9061052203178406, 0.09745025634765625], "bboxes": [[441.6533203125, 100.22930908203125, 763.0135498046875, 734.8469848632812], [8.275985717773438, 0.0, 484.9305419921875, 800.0], [229.650634765625, 1.209808349609375, 336.9464111328125, 781.7254638671875]]}