{"labels": [0], "scores": [0.9967806339263916], "bboxes": [[14.003387451171875, 88.09988403320312, 793.9609375, 764.3643798828125]]}