{"labels": [0, 0, 0, 0], "scores": [0.9590433239936829, 0.5847458839416504, 0.4002138376235962, 0.07805734872817993], "bboxes": [[203.13015747070312, 364.4854736328125, 599.529296875, 787.8859252929688], [360.30615234375, 84.97761535644531, 647.2518920898438, 393.9071044921875], [256.5132141113281, 66.20183563232422, 650.27001953125, 848.8019409179688], [217.6146697998047, 386.1201171875, 414.9610900878906, 782.964599609375]]}