{"labels": [0], "scores": [0.9978252649307251], "bboxes": [[110.65670776367188, 87.2950439453125, 686.53759765625, 709.9224853515625]]}