{"labels": [0], "scores": [0.9948934316635132], "bboxes": [[3.150146484375, 186.87228393554688, 690.3743286132812, 798.570556640625]]}