{"labels": [0], "scores": [0.9991427659988403], "bboxes": [[218.49081420898438, 52.992706298828125, 663.4947509765625, 738.455078125]]}