{"labels": [0], "scores": [0.9935959577560425], "bboxes": [[0.0, 206.49305725097656, 794.5439453125, 554.2981567382812]]}