{"labels": [0], "scores": [0.9866158962249756], "bboxes": [[125.61080932617188, 98.48150634765625, 773.3887939453125, 787.1859130859375]]}