{"labels": [0, 0], "scores": [0.9957641363143921, 0.08058485388755798], "bboxes": [[90.7303466796875, 254.33383178710938, 733.7401123046875, 539.379150390625], [35.09754943847656, 379.52838134765625, 209.58021545410156, 531.8898315429688]]}