{"labels": [0], "scores": [0.9991284012794495], "bboxes": [[0.0, 126.93099975585938, 800.0, 694.12939453125]]}