{"labels": [0, 0, 0, 0], "scores": [0.853771984577179, 0.6368719339370728, 0.153804749250412, 0.14284569025039673], "bboxes": [[202.51675415039062, 287.8590087890625, 398.87115478515625, 472.4110412597656], [47.6926383972168, 240.77511596679688, 501.04730224609375, 700.24755859375], [75.77006530761719, 82.77325439453125, 694.2985229492188, 691.8758544921875], [153.64059448242188, 287.4262390136719, 453.25042724609375, 575.9415283203125]]}