{"labels": [0], "scores": [0.9956021308898926], "bboxes": [[27.1156005859375, 213.8236541748047, 773.4202880859375, 605.6356811523438]]}