{"labels": [0, 0, 0], "scores": [0.989264190196991, 0.34514090418815613, 0.05028796195983887], "bboxes": [[111.63076782226562, 96.02766418457031, 692.3646240234375, 584.7518310546875], [104.01193237304688, 242.11935424804688, 682.1181640625, 798.1082763671875], [184.46080017089844, 354.3838806152344, 526.7395629882812, 800.0]]}