{"labels": [0, 0], "scores": [0.9936955571174622, 0.8976678252220154], "bboxes": [[127.72805786132812, 163.10595703125, 665.7691650390625, 574.8605346679688], [382.5052490234375, 213.4390106201172, 675.0526123046875, 574.7881469726562]]}