{"labels": [0], "scores": [0.9940118193626404], "bboxes": [[285.68951416015625, 71.04962158203125, 513.54150390625, 742.0748291015625]]}