{"labels": [0], "scores": [0.9975157976150513], "bboxes": [[0.18914794921875, 237.4538116455078, 776.5103759765625, 539.8108520507812]]}