{"labels": [0], "scores": [0.9993829727172852], "bboxes": [[12.4063720703125, 84.08050537109375, 784.670166015625, 709.697021484375]]}