{"labels": [0, 0], "scores": [0.9817387461662292, 0.38043123483657837], "bboxes": [[194.67572021484375, 256.9345703125, 471.852294921875, 559.4750366210938], [112.08071899414062, 12.30438232421875, 793.6558837890625, 700.8241577148438]]}