{"labels": [0, 0, 0, 0], "scores": [0.9702569842338562, 0.9492546319961548, 0.9312413334846497, 0.06408118456602097], "bboxes": [[174.3297576904297, 38.955902099609375, 673.6629028320312, 679.235595703125], [179.4135284423828, 483.592041015625, 607.8466186523438, 797.140869140625], [54.98492431640625, 475.26470947265625, 402.2330017089844, 791.4420776367188], [534.6237182617188, 654.1688842773438, 666.4608764648438, 764.7252807617188]]}