{"labels": [0], "scores": [0.9623029828071594], "bboxes": [[203.66746520996094, 314.31475830078125, 553.460693359375, 702.05322265625]]}