{"labels": [0, 0, 0, 0], "scores": [0.9298732876777649, 0.5295746922492981, 0.5126014947891235, 0.11443328857421875], "bboxes": [[17.4967041015625, 107.74349975585938, 753.7069091796875, 631.65087890625], [101.64861297607422, 579.887939453125, 220.253662109375, 692.675537109375], [0.0, 549.9454956054688, 61.35858917236328, 671.5942993164062], [115.91329956054688, 105.10649108886719, 655.36279296875, 462.94256591796875]]}