{"labels": [0], "scores": [0.9895317554473877], "bboxes": [[5.91571044921875, 188.4930419921875, 797.1437377929688, 642.6327514648438]]}