{"labels": [0, 0, 0, 0, 0, 0], "scores": [0.9936488270759583, 0.9900434017181396, 0.5381995439529419, 0.5331552624702454, 0.14076274633407593, 0.09263233840465546], "bboxes": [[457.3388366699219, 8.968353271484375, 522.233642578125, 697.10302734375], [380.4507141113281, 51.74224853515625, 441.1069030761719, 659.1683959960938], [92.63557434082031, 356.85064697265625, 238.91358947753906, 512.9161987304688], [106.11482238769531, 175.46536254882812, 234.39109802246094, 323.0324401855469], [309.83831787109375, 55.100250244140625, 434.59210205078125, 627.677734375], [301.75213623046875, 11.5673828125, 631.5595092773438, 685.6260986328125]]}