{"labels": [0, 0], "scores": [0.9932295083999634, 0.06288913637399673], "bboxes": [[83.34954833984375, 164.90565490722656, 701.3062133789062, 674.1498413085938], [96.49276733398438, 318.6777648925781, 535.881103515625, 665.560302734375]]}