{"labels": [0, 0, 0, 0, 0], "scores": [0.9972991347312927, 0.7079361081123352, 0.3730703890323639, 0.34191039204597473, 0.08969293534755707], "bboxes": [[167.6395263671875, 226.25338745117188, 706.8240356445312, 618.091552734375], [2.9024200439453125, 280.06622314453125, 278.23236083984375, 595.0610961914062], [604.5665283203125, 259.186767578125, 790.735107421875, 536.088623046875], [102.44389343261719, 335.7200927734375, 366.250244140625, 694.4072265625], [623.967041015625, 253.8652801513672, 788.980712890625, 407.8001708984375]]}