{"labels": [0, 0, 0, 0, 0, 0], "scores": [0.9042891263961792, 0.4934432804584503, 0.2784236967563629, 0.13409626483917236, 0.07378412783145905, 0.058834221214056015], "bboxes": [[197.09561157226562, 135.77896118164062, 742.9229736328125, 612.0701904296875], [53.6546630859375, 353.8744201660156, 711.319091796875, 606.7933349609375], [419.30682373046875, 147.15814208984375, 726.8211059570312, 528.3434448242188], [335.265869140625, 201.93362426757812, 370.8939208984375, 406.0212707519531], [246.5624237060547, 447.4638977050781, 355.94549560546875, 566.949462890625], [61.98283386230469, 392.73675537109375, 418.938720703125, 589.76953125]]}