{"labels": [0, 0, 0, 0, 0, 0, 0, 0], "scores": [0.8579462170600891, 0.31384187936782837, 0.27815142273902893, 0.19421233236789703, 0.18323253095149994, 0.0874018445611, 0.07837875932455063, 0.050074417144060135], "bboxes": [[287.57183837890625, 174.26614379882812, 621.6686401367188, 694.2625732421875], [299.05914306640625, 357.0789794921875, 525.938720703125, 688.083984375], [0.0, 130.21859741210938, 239.5817413330078, 711.0552978515625], [18.588661193847656, 132.70188903808594, 231.87667846679688, 410.60321044921875], [3.2383956909179688, 404.4457702636719, 227.90835571289062, 691.7401123046875], [562.1815185546875, 316.6520080566406, 793.8314208984375, 688.399658203125], [1.6238746643066406, 352.5528564453125, 80.32144165039062, 510.26397705078125], [306.6522216796875, 137.6836395263672, 623.0951538085938, 442.04742431640625]]}