{"labels": [0], "scores": [0.9981710910797119], "bboxes": [[46.366912841796875, 52.725860595703125, 742.4024658203125, 747.9088134765625]]}