{"labels": [0], "scores": [0.9948075413703918], "bboxes": [[194.09913635253906, 177.54470825195312, 549.6686401367188, 790.083251953125]]}