{"labels": [0, 0, 0, 0, 0, 0, 0, 0, 0, 0], "scores": [0.8947908878326416, 0.8582482933998108, 0.7392642498016357, 0.6096861958503723, 0.37698522210121155, 0.3582909107208252, 0.20130835473537445, 0.17415055632591248, 0.10282621532678604, 0.06593215465545654], "bboxes": [[290.3654479980469, 181.86996459960938, 638.5711669921875, 389.7910461425781], [366.8279724121094, 345.8550720214844, 555.2053833007812, 519.6837768554688], [559.9754638671875, 299.32733154296875, 760.5328369140625, 553.101318359375], [198.74017333984375, 124.65913391113281, 322.9168701171875, 445.96771240234375], [23.48431396484375, 215.5667724609375, 729.9618530273438, 625.5875854492188], [683.0042724609375, 374.9375305175781, 740.2164306640625, 590.5516357421875], [273.3017578125, 351.85150146484375, 360.13134765625, 500.10797119140625], [25.005599975585938, 257.25457763671875, 289.70391845703125, 594.7506713867188], [345.79644775390625, 502.7431640625, 588.5547485351562, 637.9765625], [215.73756408691406, 328.52728271484375, 563.9871826171875, 569.1815795898438]]}