{"labels": [0], "scores": [0.9929054975509644], "bboxes": [[149.10562133789062, 276.3172302246094, 572.6132202148438, 827.0518798828125]]}