{"labels": [0], "scores": [0.9968608617782593], "bboxes": [[116.78170776367188, 122.26644897460938, 666.755859375, 720.0675048828125]]}