{"labels": [0], "scores": [0.9995813965797424], "bboxes": [[0.0, 0.0, 799.643798828125, 794.3699951171875]]}