{"labels": [0, 0, 0, 0, 0, 0], "scores": [0.7797949910163879, 0.31918588280677795, 0.3178192973136902, 0.22935853898525238, 0.08194848895072937, 0.06421288847923279], "bboxes": [[342.56024169921875, 513.5870971679688, 709.3278198242188, 691.5414428710938], [245.19410705566406, 188.07167053222656, 572.7774658203125, 402.63482666015625], [153.3407440185547, 545.0252075195312, 637.0956420898438, 732.4779663085938], [140.35089111328125, 588.6066284179688, 791.051025390625, 784.1347045898438], [596.2811889648438, 414.806640625, 690.5939331054688, 526.2705078125], [0.0, 1.17279052734375, 759.7169799804688, 676.5670166015625]]}