{"labels": [0, 0, 0, 0, 0, 0, 0, 0], "scores": [0.8776805996894836, 0.8172106146812439, 0.6041079163551331, 0.5949720144271851, 0.33290359377861023, 0.1683252453804016, 0.11818258464336395, 0.05253246799111366], "bboxes": [[102.4014892578125, 20.069671630859375, 692.64404296875, 745.372802734375], [434.3788146972656, 36.448974609375, 665.0328369140625, 721.7471313476562], [587.4581298828125, 513.8113403320312, 785.8382568359375, 799.9158325195312], [52.219112396240234, 145.01568603515625, 153.21583557128906, 236.35107421875], [3.8758773803710938, 345.86419677734375, 140.65142822265625, 530.9277954101562], [128.41055297851562, 109.05462646484375, 447.4503479003906, 727.0758666992188], [383.95953369140625, 239.0552978515625, 458.83880615234375, 327.06622314453125], [350.0492248535156, 110.03274536132812, 474.6607971191406, 721.970947265625]]}