{"labels": [0], "scores": [0.9984201192855835], "bboxes": [[22.327789306640625, 68.60052490234375, 741.05517578125, 741.8441162109375]]}