{"labels": [0], "scores": [0.9984595775604248], "bboxes": [[68.90533447265625, 189.6190185546875, 730.4606323242188, 600.1626586914062]]}