{"labels": [0], "scores": [0.9968007802963257], "bboxes": [[244.5889129638672, 3.218170166015625, 577.5637817382812, 800.0]]}