{"labels": [0], "scores": [0.9912003874778748], "bboxes": [[118.07817077636719, 118.22404479980469, 499.6573486328125, 576.7543334960938]]}