{"labels": [0, 0, 0, 0], "scores": [0.9938386082649231, 0.5818669199943542, 0.21644601225852966, 0.05552344024181366], "bboxes": [[13.93035888671875, 74.66891479492188, 794.9786376953125, 705.47705078125], [0.18572998046875, 486.2864990234375, 792.2516479492188, 704.026123046875], [12.831741333007812, 21.9737548828125, 240.3288116455078, 377.74163818359375], [736.530517578125, 95.1336669921875, 781.244384765625, 545.8050537109375]]}