{"labels": [0, 0], "scores": [0.9906108975410461, 0.07244923710823059], "bboxes": [[53.167938232421875, 134.84292602539062, 764.660888671875, 744.372314453125], [122.69772338867188, 320.7888488769531, 703.9912109375, 550.4674072265625]]}