{"labels": [0, 0], "scores": [0.9972272515296936, 0.12910622358322144], "bboxes": [[198.3500518798828, 322.85546875, 619.4201049804688, 714.461669921875], [0.0, 210.34222412109375, 134.12625122070312, 506.67474365234375]]}