{"labels": [0, 0, 0], "scores": [0.997632622718811, 0.9831171035766602, 0.11507589370012283], "bboxes": [[300.54888916015625, 195.15692138671875, 543.9177856445312, 509.16748046875], [251.81593322753906, 550.559814453125, 528.4510498046875, 736.6988525390625], [114.35148620605469, 548.805908203125, 545.5425415039062, 797.701171875]]}