{"labels": [0, 0, 0, 0, 0], "scores": [0.9628189206123352, 0.9402865767478943, 0.7747129201889038, 0.06370526552200317, 0.05732261762022972], "bboxes": [[275.6255187988281, 98.07566833496094, 524.0985717773438, 423.70111083984375], [21.718719482421875, 92.57757568359375, 264.9427185058594, 420.15191650390625], [535.6023559570312, 100.90644836425781, 778.8169555664062, 424.16778564453125], [335.702392578125, 117.28086853027344, 419.30743408203125, 382.65289306640625], [71.16595458984375, 542.7850341796875, 751.7764892578125, 768.6005859375]]}