{"labels": [0, 0], "scores": [0.9883747100830078, 0.987091064453125], "bboxes": [[458.2601318359375, 19.274017333984375, 719.4735107421875, 768.4644775390625], [59.17396545410156, 184.20449829101562, 508.845703125, 763.6932373046875]]}