{"labels": [0], "scores": [0.9983318448066711], "bboxes": [[54.947845458984375, 339.4297790527344, 744.1363525390625, 639.05078125]]}