{"labels": [0, 0, 0], "scores": [0.9943810105323792, 0.2133079469203949, 0.07720551639795303], "bboxes": [[0.0, 42.16949462890625, 755.787841796875, 800.0], [0.0, 363.62005615234375, 463.480712890625, 800.0], [221.50128173828125, 42.976531982421875, 746.1603393554688, 527.9368896484375]]}