{"labels": [0, 0], "scores": [0.9877886176109314, 0.1370292454957962], "bboxes": [[235.96658325195312, 7.606414794921875, 582.8828125, 761.924560546875], [259.23138427734375, 4.8558807373046875, 576.0814819335938, 296.139404296875]]}