{"labels": [0, 0, 0, 0], "scores": [0.9926583170890808, 0.9739185571670532, 0.4552749693393707, 0.08567337691783905], "bboxes": [[314.13775634765625, 67.37332153320312, 758.8582153320312, 633.4906005859375], [22.129074096679688, 337.6778564453125, 346.857177734375, 764.738525390625], [536.8869018554688, 390.2165832519531, 732.1947631835938, 637.6445922851562], [153.5181427001953, 535.3505249023438, 238.49879455566406, 733.5418090820312]]}