{"labels": [0], "scores": [0.99921715259552], "bboxes": [[287.09686279296875, 30.8245849609375, 526.3421020507812, 756.3345947265625]]}