{"labels": [0, 0, 0, 0, 0, 0, 0, 0, 0, 0, 0], "scores": [0.9942082166671753, 0.9912161827087402, 0.9894829392433167, 0.9867940545082092, 0.9865139126777649, 0.9834694862365723, 0.9832462668418884, 0.9678842425346375, 0.9666001200675964, 0.9299243092536926, 0.8371908664703369], "bboxes": [[342.89569091796875, 448.11529541015625, 462.23187255859375, 650.0342407226562], [582.720947265625, 444.14410400390625, 697.3006591796875, 616.4830932617188], [461.2872314453125, 555.930419921875, 581.2474365234375, 709.9735107421875], [154.52316284179688, 446.2762451171875, 347.75726318359375, 640.7474365234375], [255.74183654785156, 166.09115600585938, 467.94525146484375, 427.9919738769531], [463.72808837890625, 299.0466003417969, 587.9536743164062, 543.4568481445312], [29.408523559570312, 216.64382934570312, 265.0614013671875, 430.9953308105469], [477.4041748046875, 94.59193420410156, 578.6031494140625, 284.7498779296875], [687.76171875, 437.3829040527344, 759.031005859375, 545.921630859375], [582.7102661132812, 265.3920593261719, 667.9191284179688, 425.3564758300781], [650.8716430664062, 312.1119384765625, 729.7545776367188, 421.98876953125]]}