{"labels": [0, 0], "scores": [0.9535446763038635, 0.07155568152666092], "bboxes": [[133.82720947265625, 261.2171630859375, 678.5513305664062, 741.4386596679688], [189.234130859375, 128.87310791015625, 677.9874877929688, 570.934326171875]]}