{"labels": [0], "scores": [0.9984059929847717], "bboxes": [[83.01654052734375, 73.593017578125, 720.2868041992188, 759.1505737304688]]}