{"labels": [0, 0, 0, 0, 0, 0, 0, 0, 0], "scores": [0.9222126007080078, 0.27391982078552246, 0.17837029695510864, 0.12317699939012527, 0.10335610061883926, 0.06164968013763428, 0.055053044110536575, 0.05457168072462082, 0.05200791731476784], "bboxes": [[0.0, 188.08224487304688, 789.385009765625, 790.966552734375], [247.71112060546875, 234.2922821044922, 520.7384033203125, 353.79742431640625], [400.5704040527344, 462.15557861328125, 591.42236328125, 649.1126098632812], [188.6441650390625, 460.2191467285156, 379.39971923828125, 647.284423828125], [309.0219421386719, 658.4677124023438, 471.4966125488281, 800.0], [26.395965576171875, 37.775787353515625, 761.9095458984375, 579.2952880859375], [483.65924072265625, 159.0172882080078, 735.6176147460938, 423.39617919921875], [186.94419860839844, 237.50155639648438, 695.3138427734375, 661.1417236328125], [607.27392578125, 476.21435546875, 767.9132080078125, 638.4107666015625]]}