{"labels": [0], "scores": [0.9981058835983276], "bboxes": [[49.439971923828125, 4.38006591796875, 734.2310791015625, 795.9690551757812]]}