{"labels": [0], "scores": [0.9992411136627197], "bboxes": [[20.602081298828125, 65.84918212890625, 786.7015380859375, 754.163330078125]]}