{"labels": [0, 0, 0], "scores": [0.9753061532974243, 0.6997582316398621, 0.5136813521385193], "bboxes": [[55.97882080078125, 442.5433349609375, 739.9158935546875, 592.181396484375], [205.1649169921875, 145.07479858398438, 558.6322021484375, 480.9307556152344], [150.60610961914062, 143.114501953125, 720.6263427734375, 573.1312255859375]]}