{"labels": [0], "scores": [0.9987950325012207], "bboxes": [[16.89801025390625, 228.1456298828125, 779.7359619140625, 562.7604370117188]]}