{"labels": [0], "scores": [0.9983466863632202], "bboxes": [[16.203948974609375, 131.13372802734375, 797.8167724609375, 722.884521484375]]}