{"labels": [0, 0], "scores": [0.9965094923973083, 0.6615137457847595], "bboxes": [[176.08047485351562, 315.5616455078125, 726.705810546875, 778.032470703125], [376.05609130859375, 213.6396026611328, 560.9806518554688, 280.4228820800781]]}