{"labels": [0], "scores": [0.9981974959373474], "bboxes": [[16.815216064453125, 295.91326904296875, 770.9119873046875, 574.88916015625]]}