{"labels": [0, 0], "scores": [0.9399898052215576, 0.5206161141395569], "bboxes": [[23.134765625, 0.0, 738.595703125, 784.0034790039062], [85.82098388671875, 8.498641967773438, 542.4202270507812, 447.2958984375]]}