{"labels": [0], "scores": [0.9934374690055847], "bboxes": [[21.81158447265625, 135.71534729003906, 770.0560913085938, 614.597412109375]]}