{"labels": [0, 0], "scores": [0.9681770205497742, 0.8535782098770142], "bboxes": [[96.18399047851562, 133.21755981445312, 644.0189208984375, 483.3705139160156], [84.27145385742188, 195.32916259765625, 654.8770751953125, 786.0421752929688]]}