{"labels": [0], "scores": [0.9985117316246033], "bboxes": [[17.184783935546875, 149.04693603515625, 782.732177734375, 662.8955688476562]]}