{"labels": [0], "scores": [0.997859537601471], "bboxes": [[136.5247802734375, 21.33642578125, 689.1315307617188, 753.4754028320312]]}