{"labels": [0, 0, 0, 0], "scores": [0.9912518858909607, 0.9794904589653015, 0.13445799052715302, 0.12346120178699493], "bboxes": [[19.96649169921875, 167.98138427734375, 374.1592102050781, 670.1143798828125], [393.3875732421875, 164.64649963378906, 771.9307861328125, 655.569580078125], [395.6617126464844, 164.70956420898438, 576.5390014648438, 651.7640380859375], [126.22634887695312, 169.49188232421875, 687.67919921875, 665.2676391601562]]}