{"labels": [0, 0], "scores": [0.9931463599205017, 0.5115364193916321], "bboxes": [[209.42498779296875, 163.4910888671875, 608.44189453125, 800.0], [308.79327392578125, 665.5914306640625, 573.2708740234375, 800.0]]}