{"labels": [0], "scores": [0.9989425539970398], "bboxes": [[46.4677734375, 228.39785766601562, 746.0199584960938, 592.885498046875]]}