{"labels": [0, 0, 0], "scores": [0.9795083999633789, 0.9666363000869751, 0.9666191339492798], "bboxes": [[277.8988342285156, 225.52597045898438, 524.940673828125, 602.0634765625], [18.903099060058594, 220.11203002929688, 272.05072021484375, 601.5565185546875], [533.8413696289062, 224.5275115966797, 785.5286254882812, 611.5542602539062]]}