{"labels": [0, 0, 0, 0, 0, 0], "scores": [0.9870589971542358, 0.971441924571991, 0.9095326662063599, 0.21017052233219147, 0.15873488783836365, 0.12121296674013138], "bboxes": [[63.95558166503906, 375.06512451171875, 454.4971923828125, 632.84521484375], [211.32655334472656, 436.331787109375, 636.8079833984375, 714.456787109375], [277.14056396484375, 468.1475830078125, 783.9087524414062, 761.507080078125], [92.2296142578125, 333.4790954589844, 775.300048828125, 756.6942138671875], [199.02969360351562, 0.0, 782.598876953125, 315.4115295410156], [85.3681411743164, 106.79986572265625, 200.63235473632812, 343.2027893066406]]}