{"labels": [0], "scores": [0.9965029954910278], "bboxes": [[136.05441284179688, 55.7945556640625, 698.7132568359375, 748.2725830078125]]}