{"labels": [0, 0, 0, 0], "scores": [0.9937968254089355, 0.20545056462287903, 0.12273155897855759, 0.05805998668074608], "bboxes": [[74.71159362792969, 53.1143798828125, 611.4395751953125, 628.224365234375], [24.142715454101562, 323.9362487792969, 600.4510498046875, 819.7915649414062], [387.1186828613281, 632.212890625, 452.3922424316406, 692.7412719726562], [381.7982177734375, 555.0427856445312, 584.359619140625, 772.5140380859375]]}