{"labels": [0, 0, 0], "scores": [0.9845077991485596, 0.5276078581809998, 0.11994847655296326], "bboxes": [[246.41583251953125, 563.5570678710938, 549.9221801757812, 747.8616333007812], [174.10983276367188, 219.1563720703125, 703.06689453125, 760.2418212890625], [266.595947265625, 221.91690063476562, 577.3046264648438, 657.792236328125]]}