{"labels": [0, 0, 0, 0, 0], "scores": [0.8601353168487549, 0.629585862159729, 0.5678340792655945, 0.12506385147571564, 0.07046974450349808], "bboxes": [[3.427764892578125, 171.5628662109375, 790.3485107421875, 628.5004272460938], [16.278076171875, 453.4510498046875, 644.8727416992188, 762.069580078125], [311.03753662109375, 115.96511840820312, 585.1964111328125, 311.2259216308594], [100.38400268554688, 293.7124938964844, 770.568603515625, 522.31396484375], [571.4910278320312, 611.926513671875, 794.3092651367188, 800.0]]}