{"labels": [0, 0, 0, 0, 0, 0, 0, 0, 0, 0], "scores": [0.9498631358146667, 0.9426271915435791, 0.3669770658016205, 0.31342899799346924, 0.1950899213552475, 0.16955457627773285, 0.10964096337556839, 0.06668517738580704, 0.06351907551288605, 0.05602020397782326], "bboxes": [[23.492950439453125, 550.13623046875, 515.115478515625, 783.8372802734375], [514.8408813476562, 542.9581298828125, 776.6195678710938, 775.998779296875], [314.11016845703125, 2.830078125, 498.251953125, 253.02532958984375], [0.0, 0.0, 752.6302490234375, 603.796630859375], [196.40924072265625, 712.0292358398438, 327.9947509765625, 775.5846557617188], [286.39495849609375, 240.4991912841797, 382.10107421875, 335.7017822265625], [0.0, 178.8642120361328, 189.02122497558594, 512.4879760742188], [324.3611755371094, 336.5248718261719, 486.5867004394531, 406.3248596191406], [185.82595825195312, 618.75390625, 488.8674621582031, 780.2095947265625], [346.0126037597656, 715.2183837890625, 482.4590148925781, 777.4178466796875]]}