{"labels": [0], "scores": [0.9982865452766418], "bboxes": [[17.421875, 101.57110595703125, 779.2395629882812, 742.125]]}