{"labels": [0, 0], "scores": [0.9975824356079102, 0.2988171875476837], "bboxes": [[411.3952331542969, 51.226837158203125, 783.4581298828125, 786.49072265625], [0.0, 52.47625732421875, 436.63336181640625, 778.4314575195312]]}