{"labels": [0, 0], "scores": [0.9793045520782471, 0.11884110420942307], "bboxes": [[0.0, 93.92938232421875, 800.0, 789.1934204101562], [11.158050537109375, 99.74008178710938, 779.6383056640625, 457.9317932128906]]}