{"labels": [0], "scores": [0.9989039897918701], "bboxes": [[116.27032470703125, 78.3681640625, 739.4857177734375, 696.936279296875]]}