{"labels": [0, 0, 0], "scores": [0.9821918606758118, 0.30151596665382385, 0.08613497763872147], "bboxes": [[40.6378173828125, 70.60430908203125, 672.0723876953125, 712.6317749023438], [171.67520141601562, 510.5081787109375, 800.0, 797.9412841796875], [58.66729736328125, 311.98297119140625, 787.0150146484375, 783.9290161132812]]}