{"labels": [0], "scores": [0.9991932511329651], "bboxes": [[142.23345947265625, 76.1669921875, 663.904296875, 792.276611328125]]}