{"labels": [0], "scores": [0.9974949359893799], "bboxes": [[44.213226318359375, 210.13194274902344, 754.563232421875, 648.3375854492188]]}