{"labels": [0, 0, 0, 0, 0, 0], "scores": [0.9879839420318604, 0.7936841249465942, 0.7297174334526062, 0.701050341129303, 0.6392381191253662, 0.5816991329193115], "bboxes": [[151.785400390625, 22.48681640625, 720.0612182617188, 567.8973388671875], [0.0, 487.3330993652344, 453.34716796875, 798.3209228515625], [451.27691650390625, 502.6153259277344, 799.8058471679688, 800.0], [575.1864624023438, 145.02244567871094, 798.0540161132812, 562.1014404296875], [0.0, 149.8697052001953, 144.223388671875, 546.0591430664062], [3.9441375732421875, 107.7958984375, 513.2828979492188, 800.0]]}