{"labels": [0, 0, 0, 0, 0, 0, 0, 0, 0, 0, 0], "scores": [0.959820568561554, 0.9122492671012878, 0.9042215347290039, 0.8727167844772339, 0.8574327826499939, 0.8107396364212036, 0.6663303375244141, 0.5767197012901306, 0.2601478397846222, 0.2250627875328064, 0.1288927048444748], "bboxes": [[343.84344482421875, 50.54917907714844, 760.1984252929688, 532.9214477539062], [112.71858978271484, 283.1022644042969, 334.19708251953125, 482.4638366699219], [252.3787384033203, 269.43743896484375, 631.5078125, 575.9850463867188], [493.3616943359375, 409.3631286621094, 709.8896484375, 624.27880859375], [56.329864501953125, 415.3652648925781, 256.50054931640625, 614.9197998046875], [345.4648742675781, 556.7581176757812, 542.9998168945312, 741.0796508789062], [132.9161834716797, 548.807861328125, 362.1966552734375, 731.857177734375], [114.84909057617188, 267.0424499511719, 671.91943359375, 699.9375], [252.30685424804688, 368.45660400390625, 495.3835144042969, 570.5904541015625], [67.08143615722656, 301.8929748535156, 332.85906982421875, 593.94873046875], [145.40211486816406, 306.34295654296875, 498.80145263671875, 589.1936645507812]]}