{"labels": [0, 0, 0, 0], "scores": [0.9680869579315186, 0.8719075918197632, 0.21995684504508972, 0.0629555881023407], "bboxes": [[365.5796813964844, 286.5684509277344, 743.13330078125, 625.1868896484375], [0.4552459716796875, 496.25555419921875, 376.90716552734375, 644.0598754882812], [20.10601806640625, 295.6091613769531, 764.7075805664062, 673.2255859375], [0.0, 495.2115478515625, 800.0, 800.0]]}