{"labels": [0], "scores": [0.9984612464904785], "bboxes": [[34.633392333984375, 174.29998779296875, 739.2381591796875, 616.8705444335938]]}