{"labels": [0, 0, 0], "scores": [0.9949179887771606, 0.9794834852218628, 0.9564094543457031], "bboxes": [[0.0, 66.57861328125, 265.707275390625, 791.0033569335938], [479.5888671875, 40.722679138183594, 649.999267578125, 452.7462158203125], [466.8717346191406, 476.24102783203125, 696.034912109375, 896.0]]}