{"labels": [0, 0, 0], "scores": [0.9649111032485962, 0.514098048210144, 0.06653425097465515], "bboxes": [[73.4107666015625, 82.57733154296875, 643.5623779296875, 711.314208984375], [181.29185485839844, 78.09420776367188, 632.1138916015625, 478.3955993652344], [172.25714111328125, 324.2659912109375, 637.7012939453125, 779.048583984375]]}