{"labels": [0], "scores": [0.99928879737854], "bboxes": [[113.05973052978516, 30.51620864868164, 561.7056274414062, 678.603271484375]]}