{"labels": [0, 0], "scores": [0.9916141033172607, 0.7077550888061523], "bboxes": [[300.0385437011719, 323.8511962890625, 480.3666076660156, 702.6458740234375], [113.47781372070312, 454.89971923828125, 299.25799560546875, 800.0]]}