{"labels": [0, 0, 0, 0, 0], "scores": [0.9948666095733643, 0.9935676455497742, 0.9931574463844299, 0.09561266005039215, 0.07103947550058365], "bboxes": [[76.57353210449219, 259.5390625, 301.21148681640625, 659.122802734375], [285.3909606933594, 230.69015502929688, 515.3954467773438, 657.6973876953125], [513.7804565429688, 230.55442810058594, 736.4845581054688, 655.9274291992188], [128.9427490234375, 239.75155639648438, 468.12945556640625, 659.3033447265625], [186.47145080566406, 225.54415893554688, 683.885986328125, 661.786376953125]]}