{"labels": [0, 0, 0, 0, 0, 0, 0, 0, 0, 0, 0], "scores": [0.9887163639068604, 0.984831690788269, 0.9709322452545166, 0.9695863723754883, 0.9686619639396667, 0.9399310946464539, 0.2919001281261444, 0.12771551311016083, 0.10917122662067413, 0.09705144166946411, 0.08792365342378616], "bboxes": [[483.1031799316406, 123.00335693359375, 536.3833618164062, 713.5165405273438], [208.42691040039062, 123.24066162109375, 261.21820068359375, 717.43359375], [589.470947265625, 129.12066650390625, 634.6416015625, 708.2765502929688], [536.0782470703125, 120.11587524414062, 586.0625, 714.56298828125], [259.2633972167969, 124.0313720703125, 313.3599548339844, 717.7196044921875], [315.2890625, 126.05865478515625, 362.52459716796875, 711.433837890625], [503.54541015625, 116.38812255859375, 565.9681396484375, 702.8216552734375], [164.05572509765625, 120.330810546875, 364.2430419921875, 737.9010009765625], [439.0758056640625, 107.55120849609375, 542.6704711914062, 718.1004028320312], [351.08624267578125, 104.48428344726562, 390.8997802734375, 706.26953125], [447.78167724609375, 110.82339477539062, 634.6353149414062, 732.4088134765625]]}