{"labels": [0, 0], "scores": [0.9955483675003052, 0.9880614280700684], "bboxes": [[271.6943054199219, 84.6663818359375, 765.611083984375, 763.5069580078125], [69.16224670410156, 57.14849853515625, 548.6434936523438, 631.57177734375]]}