{"labels": [0, 0, 0], "scores": [0.9814837574958801, 0.11358349770307541, 0.08146782219409943], "bboxes": [[112.37054443359375, 16.443756103515625, 750.3821411132812, 800.0], [363.95086669921875, 278.2750244140625, 739.1298217773438, 800.0], [119.73774719238281, 11.821868896484375, 553.6508178710938, 389.8836975097656]]}