{"labels": [0, 0, 0, 0], "scores": [0.9778109788894653, 0.9371939897537231, 0.46354585886001587, 0.09700703620910645], "bboxes": [[175.535400390625, 108.00796508789062, 738.9228515625, 638.61083984375], [199.77516174316406, 516.9478759765625, 342.59332275390625, 625.9300537109375], [129.4468994140625, 150.8387451171875, 269.5425720214844, 620.5797119140625], [125.71978759765625, 450.0830078125, 232.48367309570312, 619.9412841796875]]}