{"labels": [0], "scores": [0.9928916692733765], "bboxes": [[64.44038391113281, 0.0, 679.7096557617188, 891.3018188476562]]}