{"labels": [0], "scores": [0.9986748695373535], "bboxes": [[90.0560302734375, 83.68923950195312, 680.1912231445312, 554.411865234375]]}