{"labels": [0], "scores": [0.996620774269104], "bboxes": [[232.4647979736328, 10.26690673828125, 561.725830078125, 794.867431640625]]}