{"labels": [0, 0, 0, 0], "scores": [0.9835771918296814, 0.7018002271652222, 0.1531367301940918, 0.05283432826399803], "bboxes": [[237.3886260986328, 232.89340209960938, 589.9778442382812, 631.9156494140625], [137.50238037109375, 293.73858642578125, 515.4852294921875, 671.8853149414062], [49.00628662109375, 318.95928955078125, 646.5567016601562, 786.8325805664062], [58.44964599609375, 560.470458984375, 642.9078369140625, 778.291259765625]]}