{"labels": [0], "scores": [0.994146466255188], "bboxes": [[207.0155487060547, 54.549652099609375, 640.8403930664062, 741.6357421875]]}