{"labels": [0, 0, 0, 0, 0, 0], "scores": [0.8924046158790588, 0.8546176552772522, 0.36136937141418457, 0.29401588439941406, 0.2603622376918793, 0.06897088885307312], "bboxes": [[125.839111328125, 327.3836669921875, 541.0984497070312, 758.50244140625], [3.038604736328125, 75.86569213867188, 519.2525634765625, 775.3602294921875], [497.1444396972656, 343.2662658691406, 739.560791015625, 726.9739990234375], [297.16845703125, 299.97314453125, 749.379638671875, 743.7459716796875], [402.779541015625, 0.0, 798.279052734375, 486.6944274902344], [403.98455810546875, 168.26657104492188, 791.7406616210938, 649.5390625]]}