{"labels": [0, 0], "scores": [0.9788814783096313, 0.7577390670776367], "bboxes": [[0.0, 180.95407104492188, 790.6768798828125, 725.2960205078125], [0.0, 380.1477355957031, 771.669189453125, 641.6214599609375]]}