{"labels": [0], "scores": [0.9949613809585571], "bboxes": [[22.08795166015625, 275.311279296875, 773.5614013671875, 522.4430541992188]]}