{"labels": [0], "scores": [0.9994438290596008], "bboxes": [[41.681549072265625, 78.17904663085938, 771.91650390625, 775.349853515625]]}