{"labels": [0, 0, 0], "scores": [0.9931102991104126, 0.5848277807235718, 0.07061686366796494], "bboxes": [[90.28509521484375, 42.658294677734375, 392.28387451171875, 769.69189453125], [145.57305908203125, 53.102325439453125, 789.5595703125, 792.9122314453125], [351.345458984375, 95.33255004882812, 799.2021484375, 635.1201171875]]}