{"labels": [0, 0, 0, 0, 0], "scores": [0.9925017356872559, 0.19598987698554993, 0.18733683228492737, 0.07021360844373703, 0.05791584402322769], "bboxes": [[256.3602294921875, 244.90838623046875, 510.02081298828125, 712.3363647460938], [367.56671142578125, 227.28433227539062, 521.3419799804688, 646.8704833984375], [244.36929321289062, 37.148887634277344, 486.1764221191406, 212.86337280273438], [668.4915771484375, 371.1948547363281, 797.68408203125, 579.3279418945312], [0.0, 169.4080810546875, 344.4469909667969, 705.939453125]]}