{"labels": [0, 0], "scores": [0.9806854724884033, 0.09450364857912064], "bboxes": [[146.90408325195312, 158.18389892578125, 620.03076171875, 761.3070068359375], [6.178253173828125, 129.32159423828125, 394.51080322265625, 729.4340209960938]]}