{"labels": [0, 0], "scores": [0.9915972352027893, 0.2846364676952362], "bboxes": [[212.17051696777344, 35.267852783203125, 591.8294677734375, 770.3218994140625], [228.869140625, 405.3839111328125, 560.59521484375, 759.5924072265625]]}