{"labels": [0], "scores": [0.9992733597755432], "bboxes": [[25.478729248046875, 194.07412719726562, 780.9124755859375, 664.271484375]]}