{"labels": [0, 0, 0], "scores": [0.9711896777153015, 0.6933524012565613, 0.061546582728624344], "bboxes": [[154.5276336669922, 33.900299072265625, 488.52703857421875, 370.57672119140625], [273.4679260253906, 410.5269775390625, 789.9722900390625, 800.0], [146.34547424316406, 455.24945068359375, 592.3273315429688, 800.0]]}