{"labels": [0, 0, 0, 0, 0, 0], "scores": [0.9906874299049377, 0.9885607361793518, 0.6427684426307678, 0.44198042154312134, 0.09852425754070282, 0.09522894024848938], "bboxes": [[50.365203857421875, 418.19287109375, 460.3112487792969, 699.0257568359375], [394.2100830078125, 414.336669921875, 792.212890625, 651.945556640625], [294.75592041015625, 278.07196044921875, 638.1964111328125, 570.6239013671875], [216.25836181640625, 256.9132995605469, 529.783447265625, 543.7294921875], [254.8416748046875, 303.49407958984375, 778.8704833984375, 647.3050537109375], [63.506103515625, 231.5286407470703, 540.4149169921875, 707.6753540039062]]}