{"labels": [0, 0], "scores": [0.9962866306304932, 0.07214989513158798], "bboxes": [[0.0, 73.13116455078125, 781.6109008789062, 732.1779174804688], [144.63455200195312, 289.58819580078125, 683.7349853515625, 622.8975830078125]]}