{"labels": [0, 0, 0], "scores": [0.9872532486915588, 0.18162816762924194, 0.09929262101650238], "bboxes": [[214.95668029785156, 40.44939041137695, 499.5579833984375, 730.9169311523438], [0.0, 103.48335266113281, 207.45172119140625, 701.441650390625], [448.2587890625, 69.64063262939453, 697.0480346679688, 643.1749267578125]]}