{"labels": [0], "scores": [0.9907557368278503], "bboxes": [[81.20782470703125, 127.95175170898438, 757.1953735351562, 800.0]]}