{"labels": [0], "scores": [0.9984821677207947], "bboxes": [[81.57009887695312, 146.6584930419922, 720.0574951171875, 638.481201171875]]}