{"labels": [0], "scores": [0.9988627433776855], "bboxes": [[81.2392578125, 77.40911865234375, 695.22021484375, 735.1835327148438]]}