{"labels": [0], "scores": [0.9938924312591553], "bboxes": [[257.3367919921875, 19.789764404296875, 544.9892578125, 784.537841796875]]}