{"labels": [0], "scores": [0.9949924349784851], "bboxes": [[164.60894775390625, 203.05227661132812, 630.4994506835938, 756.018798828125]]}