{"labels": [0, 0], "scores": [0.9858331680297852, 0.05309176817536354], "bboxes": [[131.46437072753906, 209.4129638671875, 693.1478881835938, 862.037353515625], [309.733642578125, 589.1920166015625, 658.0289306640625, 861.1099853515625]]}