{"labels": [0, 0, 0], "scores": [0.9950433969497681, 0.08818735927343369, 0.07889042794704437], "bboxes": [[0.0, 217.9281005859375, 574.081298828125, 793.4033203125], [619.997314453125, 0.95330810546875, 675.1849365234375, 334.88348388671875], [10.259658813476562, 25.659217834472656, 139.42605590820312, 157.0706787109375]]}