{"labels": [0, 0], "scores": [0.9974067807197571, 0.06346365064382553], "bboxes": [[58.210784912109375, 195.0491943359375, 782.948486328125, 755.2642822265625], [0.0, 683.9849853515625, 111.50920104980469, 800.0]]}