{"labels": [0], "scores": [0.9972150325775146], "bboxes": [[285.64617919921875, 11.006011962890625, 510.8199462890625, 631.2999267578125]]}