{"labels": [0], "scores": [0.9833085536956787], "bboxes": [[271.35113525390625, 231.5387420654297, 535.8383178710938, 566.941162109375]]}