{"labels": [0], "scores": [0.9992775321006775], "bboxes": [[0.0, 41.75634765625, 795.9947509765625, 755.2933349609375]]}