{"labels": [0, 0, 0, 0, 0], "scores": [0.9908775687217712, 0.9258914589881897, 0.3269420564174652, 0.12373919785022736, 0.07033876329660416], "bboxes": [[373.8885803222656, 38.34912109375, 757.17578125, 787.017333984375], [175.1837158203125, 442.6605224609375, 389.1890869140625, 683.4532470703125], [199.60044860839844, 583.9694213867188, 319.095458984375, 747.3965454101562], [183.86093139648438, 488.9977722167969, 334.5359191894531, 741.2499389648438], [107.45281219482422, 588.8792724609375, 213.424072265625, 713.5087890625]]}