{"labels": [0], "scores": [0.9976206421852112], "bboxes": [[259.3921813964844, 123.20394134521484, 691.6305541992188, 694.8134155273438]]}