{"labels": [0], "scores": [0.995528519153595], "bboxes": [[202.5072021484375, 15.47088623046875, 652.2860107421875, 789.0499267578125]]}