{"labels": [0, 0, 0, 0, 0, 0, 0, 0, 0], "scores": [0.9943795800209045, 0.9894531965255737, 0.9871476292610168, 0.9860579371452332, 0.963519275188446, 0.9437717795372009, 0.884507954120636, 0.10072885453701019, 0.053825389593839645], "bboxes": [[203.33245849609375, 0.1408233642578125, 384.853515625, 364.38165283203125], [396.000732421875, 0.0, 584.865966796875, 365.26263427734375], [203.27581787109375, 449.29071044921875, 382.19500732421875, 794.3350219726562], [390.9557189941406, 443.7138366699219, 572.2139892578125, 795.5230712890625], [590.8296508789062, 0.0, 780.8596801757812, 361.2751770019531], [578.655029296875, 442.433837890625, 787.9923095703125, 797.533203125], [14.968879699707031, 0.0, 193.34378051757812, 368.9753112792969], [258.5943298339844, 0.9515838623046875, 643.885986328125, 358.22149658203125], [142.49440002441406, 434.75384521484375, 517.8461303710938, 795.0530395507812]]}