{"labels": [0], "scores": [0.9980592131614685], "bboxes": [[55.396026611328125, 248.7436065673828, 742.221923828125, 563.7625732421875]]}