{"labels": [0], "scores": [0.9979168772697449], "bboxes": [[166.566650390625, 68.19430541992188, 675.9550170898438, 589.159912109375]]}