{"labels": [0, 0], "scores": [0.9913690686225891, 0.6918177008628845], "bboxes": [[226.29025268554688, 96.83965301513672, 468.8451843261719, 896.0], [0.0, 0.11260604858398438, 286.00244140625, 646.2683715820312]]}