{"labels": [0], "scores": [0.9993290901184082], "bboxes": [[0.1632080078125, 99.03042602539062, 794.7200927734375, 705.519775390625]]}