{"labels": [0], "scores": [0.9990317821502686], "bboxes": [[64.91506958007812, 50.03125, 735.4947509765625, 687.306640625]]}