{"labels": [0], "scores": [0.9850672483444214], "bboxes": [[13.61683464050293, 14.771856307983398, 35.339576721191406, 61.832740783691406]]}