{"labels": [0], "scores": [0.9973684549331665], "bboxes": [[175.7242889404297, 33.402679443359375, 615.8820190429688, 789.0125732421875]]}