{"labels": [0, 0], "scores": [0.992469847202301, 0.8195729851722717], "bboxes": [[105.35736083984375, 16.26861572265625, 565.8087158203125, 761.1054077148438], [430.1679382324219, 329.6781311035156, 697.9110107421875, 779.9630126953125]]}