{"labels": [0, 0], "scores": [0.9945112466812134, 0.9889093041419983], "bboxes": [[109.854736328125, 199.90650939941406, 512.1024169921875, 670.2950439453125], [525.9619750976562, 140.75778198242188, 709.5204467773438, 686.0416259765625]]}