{"labels": [0, 0], "scores": [0.991792619228363, 0.9822400212287903], "bboxes": [[208.5087432861328, 37.67449951171875, 478.47900390625, 773.4549560546875], [467.63525390625, 122.75985717773438, 612.4324951171875, 766.4923095703125]]}