{"labels": [0, 0, 0], "scores": [0.9736393690109253, 0.9291298389434814, 0.8604772090911865], "bboxes": [[104.99996948242188, 93.59234619140625, 743.9541015625, 686.8506469726562], [225.88568115234375, 524.670166015625, 475.348388671875, 708.27197265625], [31.76312255859375, 442.22247314453125, 271.16644287109375, 673.8847045898438]]}