{"labels": [0], "scores": [0.9981020092964172], "bboxes": [[31.60992431640625, 73.22128295898438, 753.8999633789062, 765.1610107421875]]}