{"labels": [0], "scores": [0.9967635869979858], "bboxes": [[220.52442932128906, 0.034366607666015625, 457.0967102050781, 737.80859375]]}