{"labels": [0, 0, 0, 0], "scores": [0.9843580722808838, 0.19582831859588623, 0.06396850943565369, 0.05423332750797272], "bboxes": [[42.803619384765625, 116.54592895507812, 716.3245849609375, 688.1773681640625], [12.05413818359375, 424.52667236328125, 504.984619140625, 628.5309448242188], [417.34075927734375, 123.09640502929688, 711.3853149414062, 657.3636474609375], [65.41835021972656, 579.449951171875, 470.1424560546875, 729.0501708984375]]}