{"labels": [0], "scores": [0.9931299090385437], "bboxes": [[6.674530029296875, 106.04281616210938, 783.371337890625, 573.830322265625]]}