{"labels": [0, 0, 0], "scores": [0.9987701773643494, 0.08591388911008835, 0.05715417116880417], "bboxes": [[0.0, 108.60562133789062, 792.8541259765625, 800.0], [493.5505676269531, 92.83720397949219, 787.6595458984375, 295.036865234375], [479.552978515625, 0.0, 728.845947265625, 94.86470031738281]]}