{"labels": [0], "scores": [0.9982983469963074], "bboxes": [[105.31045532226562, 233.06967163085938, 698.29052734375, 600.9649658203125]]}