{"labels": [0], "scores": [0.9976361989974976], "bboxes": [[48.9105224609375, 282.4259948730469, 732.781494140625, 618.86669921875]]}