{"labels": [0, 0], "scores": [0.9948223829269409, 0.06287333369255066], "bboxes": [[51.312103271484375, 91.98095703125, 751.10546875, 673.8003540039062], [310.1580810546875, 268.7232666015625, 701.8884887695312, 667.0736083984375]]}