{"labels": [0], "scores": [0.9991436004638672], "bboxes": [[0.0, 93.71893310546875, 791.2598266601562, 698.9623413085938]]}