{"labels": [0, 0, 0, 0], "scores": [0.9934897422790527, 0.7292181253433228, 0.3703858554363251, 0.06426024436950684], "bboxes": [[14.9215087890625, 353.88983154296875, 782.2145385742188, 694.4304809570312], [45.3216552734375, 94.51443481445312, 783.0218505859375, 620.8201904296875], [282.5388488769531, 88.906494140625, 516.9404296875, 473.01220703125], [260.6090087890625, 85.82395935058594, 754.1314697265625, 481.86981201171875]]}