{"labels": [0, 0, 0], "scores": [0.9931825995445251, 0.2534571886062622, 0.21142776310443878], "bboxes": [[223.5108642578125, 65.813720703125, 589.2996826171875, 798.010009765625], [564.4253540039062, 316.25262451171875, 798.6580200195312, 797.0580444335938], [0.0, 150.10418701171875, 153.421630859375, 766.3707885742188]]}