{"labels": [0], "scores": [0.9994044303894043], "bboxes": [[0.0, 12.526519775390625, 774.1820678710938, 773.44921875]]}