{"labels": [0, 0, 0], "scores": [0.9842972159385681, 0.8027739524841309, 0.07246341556310654], "bboxes": [[233.47604370117188, 124.90582275390625, 463.0277404785156, 765.6951293945312], [223.4650115966797, 766.6207275390625, 384.9312438964844, 877.152099609375], [90.81999206542969, 138.55038452148438, 308.977294921875, 756.5258178710938]]}