{"labels": [0, 0], "scores": [0.9967143535614014, 0.053800176829099655], "bboxes": [[1.049041748046875, 74.36053466796875, 774.2879638671875, 712.7974853515625], [224.9794921875, 328.64520263671875, 752.2528686523438, 645.2686767578125]]}