{"labels": [0, 0, 0], "scores": [0.998607337474823, 0.996893048286438, 0.9966238737106323], "bboxes": [[58.992401123046875, 95.13320922851562, 409.9986572265625, 589.0006103515625], [326.1981201171875, 90.90754699707031, 720.5150146484375, 468.3995361328125], [241.62570190429688, 369.9268798828125, 636.3839111328125, 747.0545654296875]]}