{"labels": [0, 0, 0], "scores": [0.9958368539810181, 0.7160662412643433, 0.061683688312768936], "bboxes": [[77.6873779296875, 39.323211669921875, 723.9200439453125, 623.19970703125], [685.9456787109375, 515.5442504882812, 798.0333251953125, 660.6538696289062], [81.46578979492188, 131.33035278320312, 375.6596374511719, 544.333740234375]]}