{"labels": [0, 0], "scores": [0.996396005153656, 0.09136075526475906], "bboxes": [[60.58709716796875, 221.10044860839844, 740.1879272460938, 544.3950805664062], [75.8587646484375, 217.77024841308594, 364.8369140625, 519.1316528320312]]}