{"labels": [0], "scores": [0.9920877814292908], "bboxes": [[173.71453857421875, 30.14959716796875, 676.737060546875, 800.0]]}