{"labels": [0, 0, 0, 0], "scores": [0.9890245795249939, 0.6215094923973083, 0.3022637665271759, 0.05838727205991745], "bboxes": [[152.55752563476562, 254.78021240234375, 746.4920654296875, 761.8125], [57.19928741455078, 332.4302673339844, 259.9008483886719, 648.9117431640625], [56.989990234375, 343.3171081542969, 416.887451171875, 776.5594482421875], [182.49691772460938, 88.37019348144531, 735.823486328125, 480.927490234375]]}