{"labels": [0, 0, 0, 0, 0], "scores": [0.9813756942749023, 0.4504985511302948, 0.18301013112068176, 0.08963415026664734, 0.0519297756254673], "bboxes": [[12.1937255859375, 52.0125732421875, 799.8170166015625, 780.9508056640625], [30.71966552734375, 53.34857177734375, 621.87255859375, 519.1640014648438], [379.83038330078125, 316.2930908203125, 770.5619506835938, 636.2307739257812], [204.86566162109375, 190.17996215820312, 565.8305053710938, 510.9843444824219], [239.71182250976562, 213.7998809814453, 787.14697265625, 706.2145385742188]]}