{"labels": [0, 0, 0, 0, 0, 0, 0, 0, 0, 0, 0], "scores": [0.9325739145278931, 0.7250476479530334, 0.6914615035057068, 0.5450044274330139, 0.4995254874229431, 0.3862215578556061, 0.3052731156349182, 0.29658257961273193, 0.2512713670730591, 0.22684110701084137, 0.1726284772157669], "bboxes": [[146.0624237060547, 372.08770751953125, 241.7676544189453, 467.78863525390625], [466.497314453125, 98.03790283203125, 776.1895751953125, 757.6302490234375], [36.58483123779297, 476.840087890625, 132.81558227539062, 569.649658203125], [365.925537109375, 372.154296875, 461.76434326171875, 468.9366455078125], [510.9972229003906, 112.94406127929688, 728.5753173828125, 544.2452392578125], [469.80419921875, 478.22320556640625, 777.883056640625, 750.0867309570312], [256.444580078125, 381.51666259765625, 350.8243408203125, 467.29876708984375], [255.32814025878906, 474.3776550292969, 353.3959655761719, 568.6785888671875], [147.7266845703125, 477.17803955078125, 238.13485717773438, 568.5470581054688], [0.0, 210.38711547851562, 776.0052490234375, 754.4478759765625], [35.852638244628906, 372.5818176269531, 131.95925903320312, 469.9487609863281]]}