{"labels": [0], "scores": [0.9957475066184998], "bboxes": [[41.47796630859375, 340.48028564453125, 798.9284057617188, 747.5631713867188]]}