{"labels": [0, 0, 0, 0], "scores": [0.8919575214385986, 0.868303120136261, 0.707878828048706, 0.058848217129707336], "bboxes": [[0.0, 432.15826416015625, 798.90234375, 786.6920776367188], [433.9281005859375, 306.6605224609375, 695.025390625, 498.78204345703125], [26.193710327148438, 510.07769775390625, 450.05401611328125, 670.9985961914062], [0.0, 18.826690673828125, 800.0, 779.85693359375]]}