{"labels": [0], "scores": [0.9962190985679626], "bboxes": [[135.68002319335938, 153.849609375, 679.8095703125, 677.7550048828125]]}