{"labels": [0, 0], "scores": [0.9959120750427246, 0.6261961460113525], "bboxes": [[19.56268310546875, 55.399322509765625, 736.8109741210938, 562.725341796875], [378.92547607421875, 534.1798095703125, 773.5664672851562, 733.6600341796875]]}