{"labels": [0, 0, 0, 0, 0, 0, 0, 0, 0], "scores": [0.9571530222892761, 0.568410336971283, 0.49812498688697815, 0.31096306443214417, 0.2926192879676819, 0.24840550124645233, 0.19021637737751007, 0.10907416045665741, 0.07546845823526382], "bboxes": [[23.178573608398438, 106.34991455078125, 306.135009765625, 437.7996826171875], [8.605712890625, 395.86517333984375, 776.729736328125, 687.5236206054688], [537.3538818359375, 551.2265014648438, 787.4918212890625, 650.2385864257812], [0.42974853515625, 117.25125122070312, 422.2729797363281, 634.4117431640625], [0.0, 415.3226318359375, 383.9449462890625, 654.6195068359375], [543.5927124023438, 254.39614868164062, 759.3058471679688, 638.6201171875], [5.645233154296875, 102.42526245117188, 797.4781494140625, 688.3426513671875], [642.2476196289062, 179.83688354492188, 796.9974975585938, 463.4553527832031], [536.69580078125, 426.4679260253906, 796.4478759765625, 642.2303466796875]]}