{"labels": [0, 0], "scores": [0.987684965133667, 0.23579555749893188], "bboxes": [[21.915924072265625, 121.13421630859375, 800.0, 647.2742919921875], [20.5604248046875, 340.81512451171875, 679.8040161132812, 635.5540771484375]]}