{"labels": [0, 0, 0], "scores": [0.9976106882095337, 0.21501916646957397, 0.06568902730941772], "bboxes": [[52.496612548828125, 376.1129150390625, 739.6651611328125, 731.7830810546875], [406.52691650390625, 0.0, 677.7277221679688, 406.51715087890625], [34.034149169921875, 54.322174072265625, 720.8995361328125, 756.60302734375]]}