{"labels": [0], "scores": [0.9990748167037964], "bboxes": [[0.0, 290.14886474609375, 800.0, 634.5264892578125]]}