{"labels": [0], "scores": [0.9976381063461304], "bboxes": [[235.7563018798828, 70.15397644042969, 732.5707397460938, 479.37274169921875]]}