{"labels": [0, 0], "scores": [0.9865473508834839, 0.1559637039899826], "bboxes": [[7.9893951416015625, 82.09750366210938, 683.4362182617188, 896.0], [154.5805206298828, 342.771728515625, 613.5686645507812, 893.345947265625]]}