{"labels": [0], "scores": [0.9993927478790283], "bboxes": [[73.35745239257812, 65.7509765625, 699.4254150390625, 749.5973510742188]]}