{"labels": [0, 0, 0, 0, 0, 0, 0, 0, 0, 0], "scores": [0.778710126876831, 0.2477262169122696, 0.24194960296154022, 0.18180328607559204, 0.18154028058052063, 0.09956931322813034, 0.08144574612379074, 0.07988907396793365, 0.07157333940267563, 0.051355138421058655], "bboxes": [[203.24960327148438, 0.0, 770.20751953125, 743.7305297851562], [305.89202880859375, 2.651397705078125, 566.2807006835938, 714.8658447265625], [0.0, 695.693115234375, 794.707763671875, 796.7369384765625], [546.0725708007812, 0.0, 593.8706665039062, 414.0888977050781], [312.9363708496094, 3.942108154296875, 361.1523132324219, 413.2104187011719], [377.1441345214844, 6.2872314453125, 512.29736328125, 575.8134155273438], [517.392333984375, 0.0, 614.4171142578125, 433.45672607421875], [199.48280334472656, 20.354202270507812, 248.1793670654297, 415.1182861328125], [300.1865539550781, 5.288299560546875, 414.9116516113281, 535.324951171875], [288.04974365234375, 32.23931884765625, 637.9494018554688, 444.01739501953125]]}