{"labels": [0, 0, 0, 0, 0], "scores": [0.9801093339920044, 0.9218565821647644, 0.8476358652114868, 0.24064074456691742, 0.08185946196317673], "bboxes": [[262.08807373046875, 265.49395751953125, 537.1123046875, 763.4520874023438], [523.3165893554688, 226.56381225585938, 745.1903686523438, 607.3302001953125], [62.88169860839844, 225.39906311035156, 239.18421936035156, 622.4752197265625], [47.111534118652344, 603.8038330078125, 218.9652099609375, 800.0], [39.30455017089844, 233.13870239257812, 312.26422119140625, 788.351318359375]]}