{"labels": [0], "scores": [0.9899802803993225], "bboxes": [[308.0675964355469, 10.065277099609375, 456.1341857910156, 795.6180419921875]]}