{"labels": [0], "scores": [0.9986093044281006], "bboxes": [[86.13275909423828, 258.47027587890625, 564.3219604492188, 846.8988037109375]]}