{"labels": [0], "scores": [0.9971343278884888], "bboxes": [[33.88494873046875, 160.28607177734375, 710.2090454101562, 679.5726318359375]]}