{"labels": [0, 0], "scores": [0.9969815611839294, 0.09992346167564392], "bboxes": [[0.023834228515625, 8.74493408203125, 795.63818359375, 783.9658203125], [3.55377197265625, 267.4392395019531, 470.33642578125, 768.98388671875]]}