{"labels": [0, 0, 0, 0, 0], "scores": [0.963235080242157, 0.773556113243103, 0.1575499176979065, 0.07306527346372604, 0.05180564150214195], "bboxes": [[10.498199462890625, 197.1669921875, 649.454833984375, 720.2705688476562], [470.015869140625, 423.5623474121094, 718.0076904296875, 660.2954711914062], [161.1986846923828, 316.57159423828125, 480.5540771484375, 711.6295776367188], [311.30438232421875, 398.657470703125, 706.73828125, 692.9063720703125], [5.3739776611328125, 206.62008666992188, 364.89404296875, 620.9874267578125]]}