{"labels": [0, 0], "scores": [0.9985388517379761, 0.08179162442684174], "bboxes": [[41.29193115234375, 27.12957763671875, 739.9484252929688, 756.4868774414062], [405.78411865234375, 311.42816162109375, 779.9776000976562, 728.2091674804688]]}