{"labels": [0, 0, 0, 0], "scores": [0.9217798709869385, 0.8878732919692993, 0.13098913431167603, 0.12256982922554016], "bboxes": [[152.02279663085938, 215.447021484375, 466.7289733886719, 610.3345947265625], [386.4613037109375, 270.161376953125, 782.568359375, 625.9918212890625], [44.62921142578125, 199.24075317382812, 650.5462646484375, 630.12255859375], [10.84344482421875, 187.7318878173828, 303.3173828125, 584.0221557617188]]}