{"labels": [0], "scores": [0.9962144494056702], "bboxes": [[244.949951171875, 77.84521484375, 545.8101806640625, 747.553955078125]]}