{"labels": [0, 0], "scores": [0.9898089170455933, 0.9150249361991882], "bboxes": [[208.20484924316406, 149.62322998046875, 401.09112548828125, 754.9927978515625], [386.100341796875, 73.29434204101562, 575.22314453125, 747.3707275390625]]}