{"labels": [0, 0, 0], "scores": [0.9971960783004761, 0.5219083428382874, 0.10393010824918747], "bboxes": [[173.6128387451172, 297.0086364746094, 561.6761474609375, 896.0], [176.41213989257812, 38.47021484375, 457.4492492675781, 231.18980407714844], [0.0, 104.37736511230469, 145.38467407226562, 367.88983154296875]]}