{"labels": [0], "scores": [0.9987109899520874], "bboxes": [[62.54169845581055, 126.77176666259766, 637.728271484375, 724.3779296875]]}