{"labels": [0, 0], "scores": [0.9985548853874207, 0.1271483302116394], "bboxes": [[33.735565185546875, 315.0303649902344, 781.1300048828125, 769.412353515625], [6.896240234375, 285.4106140136719, 209.12217712402344, 492.8404846191406]]}