{"labels": [0, 0], "scores": [0.9202866554260254, 0.8006572127342224], "bboxes": [[168.07940673828125, 242.4975128173828, 566.3356323242188, 809.5148315429688], [269.70172119140625, 565.06982421875, 556.749755859375, 845.3975830078125]]}