{"labels": [0, 0], "scores": [0.9983409643173218, 0.15986469388008118], "bboxes": [[0.0, 0.0, 795.649169921875, 788.4353637695312], [112.78169250488281, 554.4847412109375, 192.6479034423828, 630.1627197265625]]}