{"labels": [0, 0], "scores": [0.9902704954147339, 0.07421617209911346], "bboxes": [[57.768096923828125, 232.17825317382812, 750.06787109375, 650.9554443359375], [324.91412353515625, 273.37298583984375, 737.4009399414062, 612.3897094726562]]}