{"labels": [0], "scores": [0.9941704273223877], "bboxes": [[125.73626708984375, 26.69921875, 708.3372192382812, 778.8233032226562]]}