{"labels": [0], "scores": [0.9929174184799194], "bboxes": [[0.0, 0.0, 796.4183959960938, 681.635009765625]]}