{"labels": [0, 0, 0], "scores": [0.9432114958763123, 0.7389580607414246, 0.05176440253853798], "bboxes": [[189.43679809570312, 19.44012451171875, 763.7470703125, 799.8868408203125], [428.86297607421875, 27.91607666015625, 744.8766479492188, 716.125732421875], [0.0, 503.072265625, 627.814453125, 781.6451416015625]]}