{"labels": [0, 0, 0], "scores": [0.9952691197395325, 0.9112420082092285, 0.5850017666816711], "bboxes": [[259.3908386230469, 217.2181396484375, 643.3212890625, 696.4063110351562], [79.60215759277344, 278.818115234375, 365.0594482421875, 734.918701171875], [62.82164001464844, 542.1174926757812, 335.5644836425781, 815.4721069335938]]}