{"labels": [0], "scores": [0.9985722303390503], "bboxes": [[271.4275207519531, 8.7816162109375, 527.869384765625, 800.0]]}