{"labels": [0, 0, 0], "scores": [0.9945914149284363, 0.28560176491737366, 0.06139954924583435], "bboxes": [[12.22161865234375, 462.89959716796875, 784.0064697265625, 715.7905883789062], [232.40701293945312, 234.3892364501953, 567.2945556640625, 475.13922119140625], [0.67022705078125, 224.01333618164062, 800.0, 701.6016845703125]]}