{"labels": [0], "scores": [0.9972387552261353], "bboxes": [[210.9813995361328, 6.9332427978515625, 499.4372253417969, 850.3276977539062]]}