{"labels": [0, 0, 0], "scores": [0.989913821220398, 0.8035820126533508, 0.05317383259534836], "bboxes": [[85.84228515625, 252.53982543945312, 782.9451293945312, 793.565185546875], [460.4530029296875, 19.15264129638672, 770.579345703125, 274.2105712890625], [44.62409973144531, 364.275146484375, 191.41351318359375, 588.058349609375]]}