{"labels": [0], "scores": [0.9930837154388428], "bboxes": [[226.4303741455078, 26.624786376953125, 679.4046630859375, 761.2801513671875]]}