{"labels": [0, 0, 0], "scores": [0.9870893359184265, 0.10389133542776108, 0.07322832196950912], "bboxes": [[6.59600830078125, 118.88760375976562, 741.958740234375, 749.5909423828125], [161.31756591796875, 330.15716552734375, 736.2935180664062, 785.6871948242188], [4.1814117431640625, 140.50521850585938, 443.139892578125, 586.6717529296875]]}