{"labels": [0], "scores": [0.9970045685768127], "bboxes": [[5.4915771484375, 82.4140625, 792.1686401367188, 755.4452514648438]]}