{"labels": [0, 0, 0, 0, 0, 0], "scores": [0.9638300538063049, 0.8634263873100281, 0.7912415266036987, 0.6751024723052979, 0.28376656770706177, 0.05022403225302696], "bboxes": [[329.75750732421875, 397.69482421875, 796.4230346679688, 665.45458984375], [0.0, 1.0447158813476562, 149.5460968017578, 112.51377868652344], [155.05380249023438, 110.16375732421875, 791.0128173828125, 539.5236206054688], [240.75376892089844, 261.364990234375, 729.9364624023438, 497.40765380859375], [155.32833862304688, 133.29611206054688, 751.7437744140625, 361.326416015625], [129.9520721435547, 71.5250015258789, 447.99029541015625, 206.73248291015625]]}