{"labels": [0], "scores": [0.9979187846183777], "bboxes": [[173.19204711914062, 229.78701782226562, 690.9090576171875, 769.1632080078125]]}