{"labels": [0], "scores": [0.9993212223052979], "bboxes": [[3.3751220703125, 65.49539184570312, 795.5584716796875, 696.9278564453125]]}