{"labels": [0, 0, 0, 0, 0, 0, 0, 0, 0], "scores": [0.8686383962631226, 0.35408732295036316, 0.1862282156944275, 0.18166090548038483, 0.15229491889476776, 0.10034065693616867, 0.0847480520606041, 0.06114828959107399, 0.05855758115649223], "bboxes": [[254.83103942871094, 191.90478515625, 507.32122802734375, 625.1400146484375], [268.0174560546875, 443.3897705078125, 508.4417724609375, 620.406982421875], [76.08030700683594, 614.562255859375, 376.0018310546875, 761.9429931640625], [317.0035400390625, 156.86196899414062, 724.6119384765625, 772.978271484375], [311.6152648925781, 111.70623779296875, 594.09130859375, 485.1011962890625], [71.63095092773438, 467.97491455078125, 366.81353759765625, 772.0077514648438], [205.6684112548828, 118.59576416015625, 611.1419067382812, 669.5765991210938], [79.96699523925781, 109.34820556640625, 343.1563720703125, 760.1431274414062], [321.6944580078125, 455.54901123046875, 725.2222900390625, 799.5043334960938]]}