{"labels": [0], "scores": [0.9990288019180298], "bboxes": [[23.206939697265625, 177.87393188476562, 795.8662109375, 679.1923828125]]}