{"labels": [0, 0, 0, 0], "scores": [0.9905123114585876, 0.990404486656189, 0.9899287819862366, 0.9753411412239075], "bboxes": [[410.73919677734375, 21.816925048828125, 582.5944213867188, 704.6866455078125], [233.516845703125, 20.698944091796875, 410.52392578125, 704.3070068359375], [47.89580535888672, 23.912933349609375, 230.38592529296875, 707.3760986328125], [578.84814453125, 23.239898681640625, 761.3731689453125, 709.8458251953125]]}