{"labels": [0], "scores": [0.9995831847190857], "bboxes": [[0.2848663330078125, 138.8136444091797, 621.9716186523438, 893.2725830078125]]}