{"labels": [0, 0, 0, 0], "scores": [0.9749277830123901, 0.8633037805557251, 0.7378038167953491, 0.3201640248298645], "bboxes": [[297.32086181640625, 155.44239807128906, 790.2493286132812, 495.9149169921875], [2.98992919921875, 342.39654541015625, 439.27874755859375, 581.6023559570312], [331.60699462890625, 484.44873046875, 690.3564453125, 660.5916748046875], [0.0, 247.48130798339844, 718.6668701171875, 581.8554077148438]]}