{"labels": [0], "scores": [0.9960182309150696], "bboxes": [[160.01727294921875, 149.75714111328125, 689.9789428710938, 672.2021484375]]}