{"labels": [0, 0], "scores": [0.9879097938537598, 0.05268006771802902], "bboxes": [[27.6187744140625, 16.183013916015625, 791.5098876953125, 706.939697265625], [25.526260375976562, 10.357513427734375, 346.66668701171875, 595.193359375]]}