{"labels": [0, 0, 0, 0, 0], "scores": [0.9960493445396423, 0.9913210272789001, 0.4459141194820404, 0.1056395098567009, 0.08412929624319077], "bboxes": [[495.9061279296875, 70.07601928710938, 724.9674072265625, 731.043701171875], [13.116600036621094, 8.641326904296875, 267.6082458496094, 767.9825439453125], [158.7196502685547, 79.97698974609375, 619.2113037109375, 775.911376953125], [670.630126953125, 584.9614868164062, 798.8380126953125, 796.7037963867188], [448.7756652832031, 546.5345458984375, 525.236083984375, 616.802490234375]]}