{"labels": [0], "scores": [0.9989686012268066], "bboxes": [[256.99603271484375, 25.5467529296875, 543.969482421875, 773.585693359375]]}