{"labels": [0, 0, 0, 0, 0, 0, 0, 0], "scores": [0.9728227853775024, 0.3373807370662689, 0.15606151521205902, 0.13565082848072052, 0.12656183540821075, 0.07733306288719177, 0.0682913139462471, 0.059369754046201706], "bboxes": [[0.0, 2.458404541015625, 800.0, 784.63818359375], [680.3890991210938, 113.88615417480469, 794.3864135742188, 560.9815673828125], [0.0, 580.1392211914062, 771.07958984375, 795.8394165039062], [409.88385009765625, 582.0799560546875, 603.1958618164062, 792.0908203125], [575.7349853515625, 115.82516479492188, 761.6510009765625, 590.2557373046875], [587.8377075195312, 580.699462890625, 750.4519653320312, 792.451416015625], [5.2631683349609375, 597.14697265625, 416.40191650390625, 734.97314453125], [13.44476318359375, 130.861328125, 545.7203369140625, 614.7933959960938]]}