{"labels": [0, 0, 0, 0], "scores": [0.9836465716362, 0.1293785572052002, 0.1258392184972763, 0.1255122274160385], "bboxes": [[61.2843017578125, 49.45268249511719, 739.319091796875, 448.21148681640625], [46.85853576660156, 408.8698425292969, 200.53558349609375, 630.5055541992188], [172.19232177734375, 485.8674621582031, 294.4300537109375, 642.0841064453125], [19.94769287109375, 36.979400634765625, 759.9736938476562, 800.0]]}