{"labels": [0], "scores": [0.9969452023506165], "bboxes": [[6.764617919921875, 46.78302001953125, 723.4803466796875, 800.0]]}