{"labels": [0, 0, 0, 0], "scores": [0.9883655309677124, 0.6390582323074341, 0.1569022536277771, 0.05895291641354561], "bboxes": [[62.867706298828125, 25.1605224609375, 749.922119140625, 739.02734375], [444.71014404296875, 233.04270935058594, 759.4972534179688, 687.4979248046875], [163.02317810058594, 204.85174560546875, 597.9561157226562, 712.3031005859375], [67.80223083496094, 128.43032836914062, 356.199462890625, 662.2530517578125]]}