{"labels": [0], "scores": [0.9996316432952881], "bboxes": [[6.450103759765625, 14.421722412109375, 780.843017578125, 770.11962890625]]}