{"labels": [0], "scores": [0.9987778067588806], "bboxes": [[5.677581787109375, 166.4154052734375, 783.747314453125, 604.9749755859375]]}