{"labels": [0], "scores": [0.9982547163963318], "bboxes": [[25.210113525390625, 38.5543212890625, 797.8426513671875, 734.3997192382812]]}