{"labels": [0], "scores": [0.996720016002655], "bboxes": [[147.760009765625, 183.65518188476562, 607.2057495117188, 778.316650390625]]}