{"labels": [0], "scores": [0.99964439868927], "bboxes": [[9.671234130859375, 67.50839233398438, 790.3526611328125, 741.23583984375]]}