{"labels": [0], "scores": [0.9970291256904602], "bboxes": [[206.44020080566406, 137.84661865234375, 598.2195434570312, 751.5354614257812]]}