{"labels": [0], "scores": [0.9983413219451904], "bboxes": [[35.119232177734375, 75.56369018554688, 775.7274169921875, 745.8487548828125]]}