{"labels": [0], "scores": [0.9975765347480774], "bboxes": [[51.549591064453125, 112.30752563476562, 718.8843994140625, 748.6162109375]]}