{"labels": [0], "scores": [0.9988868832588196], "bboxes": [[29.73345947265625, 338.7025451660156, 772.9050903320312, 644.260986328125]]}