{"labels": [0], "scores": [0.9984391331672668], "bboxes": [[110.24821472167969, 217.5924835205078, 562.6011962890625, 846.9759521484375]]}