{"labels": [0], "scores": [0.9985230565071106], "bboxes": [[157.38937377929688, 60.3372802734375, 664.102294921875, 744.463623046875]]}