{"labels": [0, 0, 0], "scores": [0.9812436699867249, 0.4714750349521637, 0.13300663232803345], "bboxes": [[6.236083984375, 41.02077865600586, 700.0, 824.3441162109375], [210.73521423339844, 2.7256832122802734, 697.529052734375, 379.34442138671875], [5.413808822631836, 5.690303802490234, 395.099609375, 586.296875]]}