{"labels": [0, 0, 0, 0], "scores": [0.9812054634094238, 0.9782741665840149, 0.9572103023529053, 0.43299761414527893], "bboxes": [[32.31044006347656, 433.9730224609375, 399.46673583984375, 662.1292724609375], [384.2371520996094, 273.5478210449219, 753.8555908203125, 667.195068359375], [51.72198486328125, 149.26788330078125, 426.8721008300781, 482.1240234375], [58.8167724609375, 155.26528930664062, 679.767578125, 565.5999755859375]]}