{"labels": [0, 0, 0], "scores": [0.9728633761405945, 0.8870571255683899, 0.05368101969361305], "bboxes": [[204.19329833984375, 0.0, 526.782470703125, 800.0], [446.0492858886719, 418.8798828125, 789.6968994140625, 800.0], [473.283935546875, 417.1790771484375, 770.677734375, 629.4403076171875]]}