{"labels": [0], "scores": [0.9974297881126404], "bboxes": [[60.46441650390625, 208.40975952148438, 747.1038208007812, 606.3154296875]]}