{"labels": [0], "scores": [0.9957958459854126], "bboxes": [[364.42169189453125, 197.78012084960938, 717.3961791992188, 800.0]]}