{"labels": [0, 0], "scores": [0.9961434006690979, 0.10088177770376205], "bboxes": [[60.2252197265625, 36.113494873046875, 782.7794799804688, 770.3826904296875], [29.7498779296875, 538.2489013671875, 584.90869140625, 769.4884033203125]]}