{"labels": [0, 0, 0, 0], "scores": [0.9764254689216614, 0.15410128235816956, 0.10528260469436646, 0.07881548255681992], "bboxes": [[388.502685546875, 34.32623291015625, 769.451416015625, 769.2969360351562], [421.4129638671875, 34.604949951171875, 696.766357421875, 526.9605712890625], [43.287261962890625, 32.34515380859375, 755.9718017578125, 783.6640014648438], [425.2358093261719, 19.537696838378906, 701.906005859375, 231.31890869140625]]}