{"labels": [0, 0], "scores": [0.9972772002220154, 0.05566173791885376], "bboxes": [[9.04815673828125, 89.11209106445312, 781.8095092773438, 795.9610595703125], [547.4987182617188, 550.5451049804688, 799.4756469726562, 700.3687133789062]]}