{"labels": [0], "scores": [0.998390793800354], "bboxes": [[83.291259765625, 10.27166748046875, 717.3981323242188, 785.8147583007812]]}