{"labels": [0, 0, 0], "scores": [0.9889590740203857, 0.09865383058786392, 0.07313366234302521], "bboxes": [[22.9814453125, 297.10003662109375, 789.846923828125, 703.9971313476562], [242.37997436523438, 121.33661651611328, 294.3413391113281, 148.9463653564453], [232.51513671875, 167.46795654296875, 284.10626220703125, 225.12210083007812]]}