{"labels": [0], "scores": [0.9992156028747559], "bboxes": [[19.8404541015625, 139.51541137695312, 785.0423583984375, 666.7220458984375]]}