{"labels": [0, 0, 0, 0, 0], "scores": [0.9835342764854431, 0.8053330183029175, 0.4549795985221863, 0.24039047956466675, 0.08668577671051025], "bboxes": [[0.454315185546875, 421.7293701171875, 794.37890625, 714.6591796875], [103.89828491210938, 297.2498779296875, 694.8623046875, 466.68597412109375], [309.6199645996094, 69.17369842529297, 477.4455871582031, 239.75442504882812], [113.89952087402344, 3.959075927734375, 284.7359619140625, 172.98239135742188], [0.0, 601.01171875, 790.420166015625, 726.60302734375]]}