{"labels": [0], "scores": [0.995411217212677], "bboxes": [[257.98175048828125, 67.09616088867188, 539.7755737304688, 773.4659423828125]]}