{"labels": [0], "scores": [0.9989073276519775], "bboxes": [[49.588409423828125, 296.046630859375, 774.7781982421875, 545.4322509765625]]}