{"labels": [0, 0], "scores": [0.9992073178291321, 0.8748430013656616], "bboxes": [[230.02584838867188, 35.834320068359375, 549.185791015625, 780.7645263671875], [1.91619873046875, 169.81268310546875, 191.47119140625, 347.5458984375]]}