{"labels": [0], "scores": [0.9992615580558777], "bboxes": [[30.548980712890625, 105.26763916015625, 790.539306640625, 678.927001953125]]}