{"labels": [0], "scores": [0.9851660132408142], "bboxes": [[273.4324951171875, 174.85125732421875, 682.7025146484375, 800.0]]}