{"labels": [0, 0, 0, 0], "scores": [0.9870076775550842, 0.6324582099914551, 0.40385740995407104, 0.052757397294044495], "bboxes": [[156.75027465820312, 208.2298126220703, 561.4114990234375, 843.9517211914062], [107.0685043334961, 0.06918048858642578, 302.693603515625, 118.03191375732422], [100.8995361328125, 126.2330093383789, 202.5836181640625, 273.4339904785156], [276.6977844238281, 578.7264404296875, 571.2042236328125, 829.915771484375]]}