{"labels": [0], "scores": [0.9965533018112183], "bboxes": [[255.229248046875, 26.404296875, 515.63330078125, 800.0]]}