{"labels": [0], "scores": [0.9945933222770691], "bboxes": [[14.16650390625, 60.687255859375, 770.8101806640625, 719.6945190429688]]}