{"labels": [0, 0, 0, 0], "scores": [0.9173740744590759, 0.7047876119613647, 0.14115239679813385, 0.11088410764932632], "bboxes": [[16.189117431640625, 177.8992919921875, 796.01708984375, 644.2891845703125], [46.945831298828125, 429.61920166015625, 774.701904296875, 643.0017700195312], [699.9990234375, 209.59396362304688, 799.55859375, 323.8111267089844], [1.92010498046875, 5.7672576904296875, 755.7634887695312, 413.59033203125]]}