{"labels": [0], "scores": [0.9982709884643555], "bboxes": [[0.0, 119.2840576171875, 794.4910888671875, 643.4986572265625]]}