{"labels": [0, 0, 0, 0, 0], "scores": [0.9894683957099915, 0.9846441745758057, 0.975561797618866, 0.12945346534252167, 0.08544836938381195], "bboxes": [[279.5787048339844, 79.5556640625, 518.496826171875, 707.194580078125], [22.237274169921875, 77.60726928710938, 229.7425537109375, 708.081787109375], [566.503173828125, 81.4703369140625, 776.713623046875, 718.6361694335938], [127.92404174804688, 76.1973876953125, 667.92578125, 713.940673828125], [363.2144775390625, 69.19900512695312, 752.935302734375, 714.75341796875]]}