{"labels": [0, 0, 0, 0, 0, 0], "scores": [0.9735533595085144, 0.9584826827049255, 0.9245872497558594, 0.5274320244789124, 0.28407883644104004, 0.24897590279579163], "bboxes": [[109.32662963867188, 139.75906372070312, 765.6884765625, 744.8411865234375], [389.6654052734375, 518.2247924804688, 550.3773803710938, 675.2766723632812], [514.2542724609375, 395.5059814453125, 648.03759765625, 516.330322265625], [214.33953857421875, 488.89483642578125, 364.07958984375, 646.1725463867188], [451.40020751953125, 216.89697265625, 591.6117553710938, 357.81500244140625], [0.0, 22.14837646484375, 183.06825256347656, 296.17987060546875]]}