{"labels": [0, 0, 0, 0, 0, 0, 0, 0, 0, 0, 0, 0, 0], "scores": [0.9675209522247314, 0.8890344500541687, 0.8818143010139465, 0.5985938310623169, 0.551534116268158, 0.547732949256897, 0.3344602882862091, 0.2021476924419403, 0.15136045217514038, 0.09976080805063248, 0.08323550224304199, 0.07894155383110046, 0.07617580145597458], "bboxes": [[125.43721008300781, 209.9142303466797, 346.73272705078125, 562.8062744140625], [478.9383544921875, 204.01690673828125, 670.1031494140625, 564.9580078125], [325.7367248535156, 191.99009704589844, 488.2745666503906, 557.6149291992188], [26.825164794921875, 190.10552978515625, 738.5665283203125, 668.1416625976562], [597.4525756835938, 370.0204162597656, 701.8391723632812, 550.1256103515625], [180.4373779296875, 540.0142211914062, 275.7657165527344, 617.0171508789062], [166.18893432617188, 503.9861145019531, 673.3619384765625, 670.4034423828125], [208.55545043945312, 200.40887451171875, 596.5272216796875, 594.9696044921875], [10.972457885742188, 270.37060546875, 317.946044921875, 648.8423461914062], [363.76397705078125, 238.4793701171875, 697.0819702148438, 638.668212890625], [518.779296875, 292.2798156738281, 758.482177734375, 556.2750244140625], [567.1996459960938, 249.369873046875, 674.2614135742188, 530.2269287109375], [544.6131591796875, 533.3974609375, 628.0592041015625, 617.6964111328125]]}