{"labels": [0, 0, 0, 0, 0, 0, 0], "scores": [0.814094603061676, 0.8110206723213196, 0.7100103497505188, 0.7055434584617615, 0.22225607931613922, 0.11758094280958176, 0.10346157848834991], "bboxes": [[65.28268432617188, 484.1028747558594, 272.28515625, 718.6727294921875], [418.8883056640625, 424.0665283203125, 719.607177734375, 703.73779296875], [415.9256591796875, 0.0, 679.53076171875, 452.890625], [89.4022216796875, 2.48675537109375, 429.30523681640625, 345.0889587402344], [236.7748260498047, 360.3538818359375, 700.4071044921875, 719.2784423828125], [128.7195281982422, 0.0, 618.434326171875, 437.2808532714844], [40.48602294921875, 268.903076171875, 719.6757202148438, 759.9019775390625]]}