{"labels": [0], "scores": [0.9971628785133362], "bboxes": [[144.75096130371094, 72.8243408203125, 633.7174682617188, 788.2953491210938]]}