{"labels": [0], "scores": [0.9993762373924255], "bboxes": [[0.0, 159.93850708007812, 800.0, 800.0]]}