{"labels": [0, 0, 0, 0, 0, 0], "scores": [0.996967613697052, 0.970708429813385, 0.9201433062553406, 0.2613024115562439, 0.1668369174003601, 0.058983370661735535], "bboxes": [[150.7741241455078, 252.63670349121094, 582.638427734375, 716.3279418945312], [426.09039306640625, 249.27587890625, 799.6179809570312, 702.8281860351562], [121.92271423339844, 63.060760498046875, 498.778076171875, 648.8720703125], [34.580657958984375, 49.6990966796875, 405.3526306152344, 382.02197265625], [46.636688232421875, 86.73870849609375, 179.93748474121094, 630.7772827148438], [47.11656188964844, 42.263763427734375, 315.08160400390625, 641.5838623046875]]}