{"labels": [0], "scores": [0.9965944886207581], "bboxes": [[114.82562255859375, 174.02767944335938, 656.8931274414062, 755.5911865234375]]}