{"labels": [0, 0], "scores": [0.9979254007339478, 0.7160938382148743], "bboxes": [[152.05880737304688, 128.59512329101562, 675.0810546875, 724.6630859375], [0.0, 15.28466796875, 196.63766479492188, 521.8499755859375]]}