{"labels": [0, 0, 0, 0, 0, 0, 0, 0, 0, 0, 0, 0, 0, 0, 0, 0, 0, 0, 0, 0, 0, 0], "scores": [0.9945841431617737, 0.9672130942344666, 0.9422761797904968, 0.9353567957878113, 0.9167779684066772, 0.897116482257843, 0.809539258480072, 0.7978865504264832, 0.7689369320869446, 0.6787936687469482, 0.6469624042510986, 0.5340408086776733, 0.5293411016464233, 0.3149581551551819, 0.308607280254364, 0.2849940061569214, 0.15027984976768494, 0.14452823996543884, 0.11081715673208237, 0.10304394364356995, 0.06650158017873764, 0.05738358572125435], "bboxes": [[374.09295654296875, 3.9793701171875, 795.8102416992188, 796.89990234375], [1.5092086791992188, 161.92062377929688, 159.33154296875, 357.1562194824219], [93.13651275634766, 356.0511169433594, 261.7853698730469, 527.724365234375], [176.1798095703125, 320.0081481933594, 343.9503173828125, 489.7865905761719], [0.9645767211914062, 392.008544921875, 186.70352172851562, 591.960693359375], [98.0958251953125, 124.26618957519531, 254.14208984375, 314.5247802734375], [265.2237854003906, 61.53705596923828, 416.0589904785156, 213.28390502929688], [259.924072265625, 283.52099609375, 420.8792724609375, 442.801025390625], [42.60803985595703, 630.3147583007812, 202.996826171875, 788.8025512695312], [337.79229736328125, 41.04737854003906, 484.82476806640625, 185.50880432128906], [120.9923324584961, 596.7885131835938, 277.5946044921875, 737.9904174804688], [184.20639038085938, 89.74871063232422, 341.5307312011719, 261.1230163574219], [20.117919921875, 0.0, 761.9937744140625, 800.0], [318.69354248046875, 272.4805908203125, 468.0390625, 417.32177734375], [201.46981811523438, 569.4244995117188, 346.2507019042969, 711.2676391601562], [270.7668151855469, 530.1293334960938, 420.5131530761719, 679.1017456054688], [153.8341064453125, 504.43756103515625, 486.143310546875, 732.8442993164062], [344.947021484375, 509.94036865234375, 482.33404541015625, 654.2907104492188], [192.48939514160156, 44.64183807373047, 485.9005126953125, 230.7103271484375], [12.726303100585938, 16.083343505859375, 498.8941650390625, 532.067138671875], [92.35377502441406, 34.54026794433594, 480.34100341796875, 349.181884765625], [0.0, 658.445556640625, 131.99835205078125, 796.894775390625]]}