{"labels": [0, 0, 0], "scores": [0.9668485522270203, 0.8910984396934509, 0.07360716164112091], "bboxes": [[69.17333984375, 16.069000244140625, 762.0071411132812, 537.334228515625], [58.538299560546875, 443.2190246582031, 426.4939270019531, 748.9437255859375], [20.443511962890625, 315.2155456542969, 676.46435546875, 780.6121826171875]]}