{"labels": [0, 0, 0, 0, 0, 0], "scores": [0.9916011691093445, 0.9351234436035156, 0.8519302606582642, 0.8006054162979126, 0.757705807685852, 0.08696800470352173], "bboxes": [[398.271484375, 48.72749710083008, 642.7255859375, 323.4073181152344], [28.991037368774414, 289.33648681640625, 217.88427734375, 474.3002624511719], [404.9847106933594, 379.01715087890625, 590.6380004882812, 881.0996704101562], [2.5557994842529297, 157.9140625, 240.50601196289062, 469.3886413574219], [62.10669708251953, 512.1339111328125, 188.36680603027344, 883.9979248046875], [285.66668701171875, 233.01239013671875, 575.9027099609375, 893.66015625]]}