{"labels": [0, 0, 0, 0], "scores": [0.9558516144752502, 0.9500895142555237, 0.9402950406074524, 0.26107296347618103], "bboxes": [[81.21746826171875, 93.27445983886719, 627.5438842773438, 376.384033203125], [90.38809204101562, 431.0780944824219, 673.0467529296875, 755.1844482421875], [108.29391479492188, 253.6533966064453, 638.2655029296875, 567.1942749023438], [57.15399169921875, 72.66827392578125, 639.713623046875, 744.0289916992188]]}