{"labels": [0, 0, 0], "scores": [0.8638085126876831, 0.7661707997322083, 0.07190868258476257], "bboxes": [[479.552978515625, 202.67202758789062, 788.6331787109375, 518.6917724609375], [0.845611572265625, 226.86505126953125, 379.0459289550781, 500.58758544921875], [0.0, 177.98538208007812, 794.6407470703125, 555.106201171875]]}