{"labels": [0, 0, 0, 0, 0], "scores": [0.9902669787406921, 0.4407794773578644, 0.41516274213790894, 0.09809455275535583, 0.07316792756319046], "bboxes": [[314.6682434082031, 49.297943115234375, 506.7688293457031, 761.5091552734375], [62.01062774658203, 522.4869995117188, 292.19464111328125, 741.5775756835938], [526.760009765625, 596.9063110351562, 650.345947265625, 744.3240356445312], [697.6016235351562, 493.570556640625, 799.8171997070312, 666.27783203125], [560.6210327148438, 511.4993591308594, 734.9620971679688, 737.143798828125]]}