{"labels": [0], "scores": [0.9992976188659668], "bboxes": [[14.357177734375, 124.99276733398438, 764.261474609375, 739.0009765625]]}