{"labels": [0, 0], "scores": [0.9976122379302979, 0.09140434116125107], "bboxes": [[270.03314208984375, 125.44552612304688, 652.9719848632812, 800.0], [1.0860748291015625, 411.833984375, 180.94082641601562, 571.12060546875]]}