{"labels": [0], "scores": [0.9994518160820007], "bboxes": [[0.9569778442382812, 143.02212524414062, 663.6887817382812, 892.5281982421875]]}