{"labels": [0, 0, 0, 0, 0, 0], "scores": [0.9910719990730286, 0.7742996215820312, 0.720940113067627, 0.6090307235717773, 0.5834903717041016, 0.055334437638521194], "bboxes": [[166.37948608398438, 112.05940246582031, 415.0407409667969, 518.1836547851562], [152.16708374023438, 570.6128540039062, 431.8298034667969, 675.8756713867188], [481.8163146972656, 325.3367004394531, 691.5299072265625, 522.3531494140625], [489.54296875, 613.6258544921875, 687.1915283203125, 721.0703125], [486.28277587890625, 81.12550354003906, 699.0823364257812, 277.07257080078125], [380.345947265625, 24.3370361328125, 705.1102294921875, 784.2166748046875]]}