{"labels": [0, 0], "scores": [0.9967803955078125, 0.982459306716919], "bboxes": [[279.9136657714844, 79.2088623046875, 689.1319580078125, 781.92578125], [77.14822387695312, 208.73828125, 276.5677490234375, 728.9385375976562]]}