{"labels": [0], "scores": [0.9989168643951416], "bboxes": [[27.090789794921875, 223.08834838867188, 776.0908203125, 584.6334228515625]]}