{"labels": [0, 0, 0, 0, 0], "scores": [0.9673646688461304, 0.5399020910263062, 0.4009151756763458, 0.13922105729579926, 0.05406484380364418], "bboxes": [[225.23773193359375, 201.59742736816406, 710.7618408203125, 647.0633544921875], [86.19891357421875, 46.214996337890625, 333.2483825683594, 608.2562255859375], [85.841796875, 44.7950439453125, 568.2525024414062, 624.2510986328125], [207.62400817871094, 550.679931640625, 417.37841796875, 720.4505615234375], [534.1395263671875, 318.9600524902344, 703.0675048828125, 512.9859008789062]]}