{"labels": [0], "scores": [0.9984198808670044], "bboxes": [[70.03634643554688, 178.82333374023438, 771.9818115234375, 566.9288330078125]]}