{"labels": [0, 0], "scores": [0.9943208694458008, 0.2118781954050064], "bboxes": [[131.81204223632812, 111.65972900390625, 685.7088623046875, 686.0042724609375], [143.98329162597656, 116.13883972167969, 403.3380126953125, 536.9793701171875]]}