{"labels": [0, 0, 0], "scores": [0.9688836336135864, 0.9243680834770203, 0.16924136877059937], "bboxes": [[315.24005126953125, 451.40966796875, 800.0, 669.9691162109375], [31.48553466796875, 340.78204345703125, 334.8518981933594, 649.0357666015625], [10.225067138671875, 391.57720947265625, 800.0, 747.6495971679688]]}