{"labels": [0, 0, 0], "scores": [0.981700599193573, 0.216798797249794, 0.07414273917675018], "bboxes": [[237.06797790527344, 194.17404174804688, 628.8494873046875, 633.169921875], [200.99905395507812, 8.703643798828125, 393.8138122558594, 160.94277954101562], [172.73641967773438, 4.70263671875, 763.815673828125, 691.9146728515625]]}