{"labels": [0, 0, 0, 0], "scores": [0.9834781289100647, 0.32332542538642883, 0.10703437775373459, 0.05537080764770508], "bboxes": [[86.46768188476562, 100.72555541992188, 719.026123046875, 712.3817138671875], [86.9467544555664, 227.24777221679688, 258.44512939453125, 698.725341796875], [277.4952697753906, 357.1187744140625, 652.8841552734375, 589.458740234375], [235.9774169921875, 253.05601501464844, 690.583251953125, 660.8756713867188]]}