{"labels": [0], "scores": [0.998818576335907], "bboxes": [[67.06906127929688, 135.34524536132812, 724.6302490234375, 622.417236328125]]}