{"labels": [0, 0, 0], "scores": [0.9935106635093689, 0.4134677052497864, 0.06779372692108154], "bboxes": [[76.46099853515625, 214.89089965820312, 733.14404296875, 778.0025634765625], [16.230117797851562, 192.24490356445312, 467.6185302734375, 738.924072265625], [16.4661865234375, 329.0221252441406, 320.94708251953125, 727.1787109375]]}