{"labels": [0], "scores": [0.9994034767150879], "bboxes": [[13.783905029296875, 14.308746337890625, 785.84765625, 770.84375]]}