{"labels": [0], "scores": [0.9988555908203125], "bboxes": [[93.43502807617188, 62.53955078125, 631.890380859375, 734.9818115234375]]}