{"labels": [0], "scores": [0.9986127614974976], "bboxes": [[79.65228271484375, 144.79006958007812, 678.5366821289062, 697.889404296875]]}