{"labels": [0, 0, 0], "scores": [0.9975593090057373, 0.9858739376068115, 0.05336225777864456], "bboxes": [[13.92169189453125, 428.7940368652344, 481.3824462890625, 699.7042236328125], [149.32070922851562, 149.6750030517578, 789.5286865234375, 591.7796630859375], [6.05517578125, 294.81988525390625, 680.5072021484375, 702.840087890625]]}