{"labels": [0], "scores": [0.9985554814338684], "bboxes": [[96.20440673828125, 100.43911743164062, 707.1133422851562, 756.0540771484375]]}