{"labels": [0, 0, 0], "scores": [0.9563190340995789, 0.1052018329501152, 0.06593330204486847], "bboxes": [[17.463653564453125, 186.53021240234375, 790.229248046875, 762.0643310546875], [92.7652587890625, 131.99806213378906, 612.7808837890625, 608.875732421875], [97.4678955078125, 386.516357421875, 626.5516357421875, 655.44091796875]]}