{"labels": [0], "scores": [0.998505711555481], "bboxes": [[17.049835205078125, 132.63812255859375, 775.8253173828125, 664.0900268554688]]}