{"labels": [0, 0], "scores": [0.980826735496521, 0.9363915920257568], "bboxes": [[254.30300903320312, 236.50653076171875, 745.232421875, 689.8242797851562], [3.6549072265625, 257.6826171875, 517.2217407226562, 665.5092163085938]]}