{"labels": [0, 0, 0], "scores": [0.9885830879211426, 0.456839382648468, 0.05083250626921654], "bboxes": [[25.644134521484375, 61.1116943359375, 591.6160888671875, 754.3118286132812], [518.2302856445312, 55.75994873046875, 684.4138793945312, 734.8881225585938], [330.5595397949219, 75.34915161132812, 538.566650390625, 746.96923828125]]}