{"labels": [0, 0, 0, 0, 0, 0, 0, 0, 0, 0, 0, 0, 0, 0, 0], "scores": [0.9892684817314148, 0.9860373139381409, 0.9702962636947632, 0.9617093801498413, 0.9442710280418396, 0.9389168620109558, 0.9289309978485107, 0.9233083128929138, 0.8665259480476379, 0.8103758692741394, 0.8006250262260437, 0.20905499160289764, 0.09717662632465363, 0.09061604738235474, 0.08932655304670334], "bboxes": [[657.8260498046875, 393.5660400390625, 731.7694091796875, 516.0818481445312], [421.88818359375, 280.26904296875, 524.890869140625, 470.04248046875], [419.1993103027344, 167.77337646484375, 525.9425048828125, 276.5184326171875], [657.8590087890625, 274.4393615722656, 779.5257568359375, 393.2811584472656], [227.93911743164062, 446.62762451171875, 421.2882995605469, 600.7661743164062], [418.8065490722656, 469.7149963378906, 530.697021484375, 581.3162231445312], [228.75534057617188, 143.3399200439453, 421.9198303222656, 440.263916015625], [7.5719146728515625, 362.72137451171875, 241.75936889648438, 535.8363037109375], [524.6539306640625, 317.1813049316406, 669.658203125, 570.8247680664062], [118.03284454345703, 200.32705688476562, 240.19442749023438, 360.2103576660156], [526.5012817382812, 181.12594604492188, 664.9148559570312, 311.1046142578125], [630.5393676757812, 555.0133666992188, 748.2565307617188, 716.9511108398438], [591.9805297851562, 187.04638671875, 664.7998657226562, 310.11529541015625], [0.0, 306.21258544921875, 775.6898193359375, 791.2546997070312], [0.0, 543.9949951171875, 761.936279296875, 796.3389892578125]]}