{"labels": [0], "scores": [0.9932413101196289], "bboxes": [[57.399658203125, 72.85968017578125, 747.533447265625, 729.3526000976562]]}