{"labels": [0], "scores": [0.9989602565765381], "bboxes": [[23.744873046875, 123.0863037109375, 777.7264404296875, 686.074462890625]]}