{"labels": [0], "scores": [0.9953048229217529], "bboxes": [[44.7816162109375, 244.00546264648438, 718.0882568359375, 780.5076904296875]]}