{"labels": [0], "scores": [0.9981122016906738], "bboxes": [[16.215545654296875, 224.8899688720703, 760.285400390625, 623.8831787109375]]}