{"labels": [0, 0], "scores": [0.9954625964164734, 0.8608872890472412], "bboxes": [[180.17532348632812, 70.47149658203125, 743.55517578125, 795.238525390625], [17.84796142578125, 67.5565185546875, 491.42840576171875, 796.6607055664062]]}