{"labels": [0, 0, 0, 0], "scores": [0.9800171852111816, 0.2640864849090576, 0.13473856449127197, 0.07671738415956497], "bboxes": [[225.56640625, 250.569091796875, 589.6915893554688, 591.414306640625], [138.391357421875, 238.082763671875, 655.2678833007812, 800.0], [124.17831420898438, 273.4735412597656, 398.3699645996094, 800.0], [401.423095703125, 263.8610534667969, 674.636962890625, 800.0]]}