{"labels": [0], "scores": [0.972775936126709], "bboxes": [[112.91668701171875, 69.79959106445312, 684.9743041992188, 659.86669921875]]}