{"labels": [0], "scores": [0.9992283582687378], "bboxes": [[0.0, 39.01336669921875, 799.71044921875, 800.0]]}