{"labels": [0], "scores": [0.9975858926773071], "bboxes": [[74.05609130859375, 94.41107177734375, 718.7092895507812, 717.5082397460938]]}