{"labels": [0, 0, 0, 0, 0, 0, 0, 0, 0], "scores": [0.8572196364402771, 0.8267444372177124, 0.8075410723686218, 0.8048875331878662, 0.7042611837387085, 0.6674619317054749, 0.5053383111953735, 0.3106421232223511, 0.1253368854522705], "bboxes": [[34.399681091308594, 545.5745849609375, 236.00717163085938, 744.499755859375], [139.81951904296875, 373.89324951171875, 341.9394226074219, 584.0822143554688], [230.1761474609375, 548.1715087890625, 438.9716796875, 747.6363525390625], [0.0, 66.3538818359375, 693.9161376953125, 776.9653930664062], [0.0, 372.75390625, 150.19984436035156, 573.2669677734375], [324.679443359375, 375.16107177734375, 539.8115844726562, 595.5616455078125], [233.6663360595703, 3.900390625, 734.9884033203125, 368.7804260253906], [10.08837890625, 73.52839660644531, 632.9147338867188, 442.70904541015625], [410.95355224609375, 337.07537841796875, 800.0, 791.5166625976562]]}