{"labels": [0, 0, 0], "scores": [0.9448400139808655, 0.9343267679214478, 0.26487118005752563], "bboxes": [[234.85162353515625, 27.768951416015625, 454.56024169921875, 742.1251220703125], [414.5985412597656, 58.02349853515625, 552.7010498046875, 758.1580810546875], [304.8035583496094, 42.282318115234375, 528.9954223632812, 758.768310546875]]}