{"labels": [0, 0, 0], "scores": [0.9911190867424011, 0.11664215475320816, 0.07626298069953918], "bboxes": [[211.4302978515625, 99.40390014648438, 500.3011779785156, 755.812255859375], [266.6734619140625, 708.85888671875, 426.41680908203125, 859.4178466796875], [545.7095947265625, 490.6576843261719, 699.0240478515625, 890.4191284179688]]}