{"labels": [0], "scores": [0.9932155609130859], "bboxes": [[255.38357543945312, 92.86978149414062, 580.3721923828125, 640.938720703125]]}