{"labels": [0], "scores": [0.9965546131134033], "bboxes": [[213.81996154785156, 269.9345397949219, 712.6573486328125, 591.4189453125]]}