{"labels": [0], "scores": [0.998978853225708], "bboxes": [[112.70599365234375, 13.397186279296875, 686.8582763671875, 800.0]]}