{"labels": [0, 0, 0, 0], "scores": [0.9968457818031311, 0.33598676323890686, 0.15172715485095978, 0.1300991177558899], "bboxes": [[14.840087890625, 103.7989501953125, 790.9462890625, 707.5722045898438], [472.07122802734375, 21.106582641601562, 797.7994995117188, 531.1776123046875], [0.0, 0.0, 664.5643310546875, 507.053955078125], [0.0, 6.7762603759765625, 617.574951171875, 262.2877197265625]]}