{"labels": [0, 0, 0], "scores": [0.9884775280952454, 0.13309744000434875, 0.05955522134900093], "bboxes": [[145.12733459472656, 40.553619384765625, 612.7930908203125, 762.9189453125], [184.90660095214844, 50.196502685546875, 597.6906127929688, 421.9623107910156], [193.3419952392578, 358.9005126953125, 595.0643310546875, 751.14404296875]]}