{"labels": [0], "scores": [0.9981051683425903], "bboxes": [[46.46600341796875, 136.51138305664062, 747.272705078125, 754.2501220703125]]}