{"labels": [0], "scores": [0.9988007545471191], "bboxes": [[117.42971801757812, 1.72930908203125, 679.6070556640625, 796.7085571289062]]}