{"labels": [0], "scores": [0.994242250919342], "bboxes": [[63.143524169921875, 333.33935546875, 766.8116455078125, 644.6641235351562]]}