{"labels": [0], "scores": [0.9985288381576538], "bboxes": [[9.804290771484375, 123.84295654296875, 691.8037109375, 603.2017211914062]]}