{"labels": [0, 0], "scores": [0.9930805563926697, 0.9866733551025391], "bboxes": [[15.676284790039062, 166.58242797851562, 472.417236328125, 796.2139892578125], [310.38385009765625, 10.601943969726562, 786.6834106445312, 324.5579833984375]]}