{"labels": [0, 0, 0], "scores": [0.9827660322189331, 0.9783702492713928, 0.20549897849559784], "bboxes": [[355.61749267578125, 397.4769592285156, 770.7988891601562, 747.8934326171875], [100.96614074707031, 36.84185791015625, 522.8179321289062, 737.6050415039062], [217.63027954101562, 544.1561889648438, 350.0531921386719, 628.3137817382812]]}