{"labels": [0], "scores": [0.9989180564880371], "bboxes": [[35.50946044921875, 200.02059936523438, 749.094482421875, 649.9146728515625]]}