{"labels": [0], "scores": [0.9975141286849976], "bboxes": [[26.650054931640625, 63.673370361328125, 758.354248046875, 696.370849609375]]}