{"labels": [0], "scores": [0.9983174800872803], "bboxes": [[136.28814697265625, 274.33624267578125, 576.3500366210938, 850.566650390625]]}