{"labels": [0], "scores": [0.9805042743682861], "bboxes": [[293.37786865234375, 11.122802734375, 520.1267700195312, 781.3328857421875]]}