{"labels": [0], "scores": [0.9985935091972351], "bboxes": [[124.21286010742188, 76.422607421875, 686.85986328125, 712.2378540039062]]}