{"labels": [0], "scores": [0.9991311430931091], "bboxes": [[18.50518798828125, 59.336578369140625, 782.4212036132812, 774.181396484375]]}