{"labels": [0, 0], "scores": [0.9959982633590698, 0.31068432331085205], "bboxes": [[1.253875732421875, 214.02914428710938, 797.18017578125, 730.7325439453125], [7.7012481689453125, 13.229721069335938, 458.658203125, 519.64013671875]]}