{"labels": [0, 0], "scores": [0.9964220523834229, 0.09772544354200363], "bboxes": [[34.094207763671875, 210.08807373046875, 790.4705810546875, 670.5474243164062], [412.715087890625, 95.39649963378906, 789.48681640625, 350.7572021484375]]}