{"labels": [0], "scores": [0.9993889331817627], "bboxes": [[65.70101928710938, 22.485076904296875, 777.6400146484375, 793.650634765625]]}