{"labels": [0, 0], "scores": [0.9974429607391357, 0.3908078670501709], "bboxes": [[171.89273071289062, 245.3210906982422, 657.9384765625, 659.4822387695312], [318.6768798828125, 631.4887084960938, 540.8736572265625, 799.8367309570312]]}