{"labels": [0, 0, 0, 0], "scores": [0.9211448431015015, 0.8502510190010071, 0.25180238485336304, 0.10798411071300507], "bboxes": [[0.0, 132.95388793945312, 798.5552978515625, 735.8787841796875], [4.4871673583984375, 131.7639617919922, 489.58441162109375, 416.01336669921875], [159.36544799804688, 138.689697265625, 794.55419921875, 498.379638671875], [5.962005615234375, 348.3504638671875, 598.1260986328125, 729.7481689453125]]}