{"labels": [0, 0], "scores": [0.9969769716262817, 0.9962425231933594], "bboxes": [[171.4855499267578, 17.02667236328125, 438.145263671875, 781.03515625], [385.0575866699219, 27.9615478515625, 601.9837646484375, 775.6279907226562]]}