{"labels": [0, 0], "scores": [0.997704803943634, 0.07726284861564636], "bboxes": [[231.32908630371094, 371.2133483886719, 631.35986328125, 790.0208740234375], [233.4107666015625, 427.0550537109375, 387.95001220703125, 800.0]]}