{"labels": [0, 0], "scores": [0.9901669025421143, 0.1325071156024933], "bboxes": [[116.53494262695312, 108.23403930664062, 669.8060302734375, 637.9803466796875], [247.9069366455078, 664.880126953125, 547.9696044921875, 778.966796875]]}