{"labels": [0], "scores": [0.9992321729660034], "bboxes": [[52.6956787109375, 116.29852294921875, 738.0953369140625, 772.8330078125]]}