{"labels": [0, 0, 0, 0, 0], "scores": [0.9885663390159607, 0.5923221111297607, 0.20899853110313416, 0.132778599858284, 0.08979441970586777], "bboxes": [[151.14337158203125, 74.97119140625, 569.535888671875, 449.46514892578125], [0.0, 327.984130859375, 286.9884033203125, 773.6282958984375], [21.715904235839844, 45.3941764831543, 700.0, 896.0], [67.35072326660156, 518.5445556640625, 296.68804931640625, 765.4010009765625], [18.521451950073242, 168.9932098388672, 422.73919677734375, 879.3140258789062]]}