{"labels": [0], "scores": [0.9989991784095764], "bboxes": [[35.386962890625, 110.16213989257812, 778.1920166015625, 729.051513671875]]}