{"labels": [0, 0, 0, 0], "scores": [0.9943746328353882, 0.9215322136878967, 0.7503169178962708, 0.09753178805112839], "bboxes": [[45.120819091796875, 100.51361083984375, 709.824951171875, 765.420166015625], [482.7889709472656, 465.9788818359375, 750.42822265625, 725.635498046875], [343.4853515625, 540.9825439453125, 638.1177368164062, 781.499267578125], [265.2078857421875, 286.66015625, 699.1022338867188, 771.719482421875]]}