{"labels": [0], "scores": [0.995566189289093], "bboxes": [[47.057952880859375, 113.65704345703125, 777.7325439453125, 742.7654418945312]]}