{"labels": [0, 0], "scores": [0.9655947089195251, 0.09921947121620178], "bboxes": [[225.8041229248047, 190.1467742919922, 538.9777221679688, 598.375732421875], [30.1729736328125, 178.03131103515625, 712.1395874023438, 707.014892578125]]}