{"labels": [0], "scores": [0.9986143112182617], "bboxes": [[274.57342529296875, 0.292816162109375, 522.569091796875, 794.4237060546875]]}