{"labels": [0, 0], "scores": [0.998247504234314, 0.08613240718841553], "bboxes": [[5.495639801025391, 200.7461395263672, 700.0, 894.985595703125], [152.07275390625, 201.00071716308594, 520.9114379882812, 557.9752807617188]]}