{"labels": [0, 0, 0], "scores": [0.9336492419242859, 0.7997751235961914, 0.300072580575943], "bboxes": [[245.64967346191406, 12.257354736328125, 707.118896484375, 759.234130859375], [87.92912292480469, 321.64453125, 401.5302734375, 745.653076171875], [76.86968994140625, 102.68478393554688, 510.91961669921875, 736.2330322265625]]}