{"labels": [0, 0], "scores": [0.986592710018158, 0.9728220105171204], "bboxes": [[154.35714721679688, 230.1754150390625, 776.291748046875, 743.816162109375], [70.41500854492188, 73.21490478515625, 622.9005126953125, 459.75823974609375]]}