{"labels": [0], "scores": [0.9986351132392883], "bboxes": [[239.84219360351562, 236.6077880859375, 752.76171875, 593.6389770507812]]}