{"labels": [0, 0, 0, 0], "scores": [0.91344153881073, 0.18768028914928436, 0.14188553392887115, 0.11612994968891144], "bboxes": [[347.1932678222656, 47.460418701171875, 478.8962097167969, 719.798583984375], [339.3155822753906, 14.438919067382812, 479.4847106933594, 314.4222412109375], [346.00799560546875, 173.92393493652344, 478.79132080078125, 279.16558837890625], [366.8067932128906, 255.82916259765625, 462.9779357910156, 704.116455078125]]}