{"labels": [0], "scores": [0.9976096153259277], "bboxes": [[32.875091552734375, 95.2919921875, 730.1527099609375, 726.8369750976562]]}