{"labels": [0, 0, 0, 0], "scores": [0.9753727912902832, 0.8814164400100708, 0.08934618532657623, 0.0722893700003624], "bboxes": [[0.0, 105.3378677368164, 386.2501220703125, 644.8367919921875], [235.46559143066406, 240.07012939453125, 622.5806884765625, 693.985107421875], [328.2852478027344, 338.8887939453125, 613.2098999023438, 629.6231079101562], [401.84228515625, 242.70289611816406, 588.7157592773438, 491.3321838378906]]}