{"labels": [0], "scores": [0.9966489672660828], "bboxes": [[270.1263732910156, 122.1728515625, 525.6142578125, 676.5525512695312]]}