{"labels": [0], "scores": [0.998728334903717], "bboxes": [[18.886383056640625, 177.2483673095703, 789.9825439453125, 638.5796508789062]]}