{"labels": [0], "scores": [0.9986510872840881], "bboxes": [[20.8497314453125, 324.8262634277344, 778.4124145507812, 573.2286987304688]]}