{"labels": [0], "scores": [0.9929954409599304], "bboxes": [[249.02772521972656, 143.06747436523438, 559.5311279296875, 746.9952392578125]]}