{"labels": [0, 0], "scores": [0.9890211224555969, 0.11850100755691528], "bboxes": [[184.42422485351562, 220.25164794921875, 632.3233642578125, 428.66241455078125], [0.0, 204.79248046875, 797.8404541015625, 708.1491088867188]]}