{"labels": [0], "scores": [0.9975067973136902], "bboxes": [[133.558349609375, 65.40628051757812, 475.6424560546875, 896.0]]}