{"labels": [0], "scores": [0.9982151985168457], "bboxes": [[165.6119384765625, 48.43157958984375, 626.8490600585938, 765.4365844726562]]}