{"labels": [0], "scores": [0.9977941513061523], "bboxes": [[142.49005126953125, 32.323150634765625, 662.0352783203125, 641.780029296875]]}