{"labels": [0], "scores": [0.9981504082679749], "bboxes": [[155.16513061523438, 34.17041015625, 598.53173828125, 800.0]]}