{"labels": [0], "scores": [0.9973740577697754], "bboxes": [[99.27586364746094, 212.4202117919922, 532.3955078125, 859.2869873046875]]}