{"labels": [0, 0, 0, 0, 0], "scores": [0.9974838495254517, 0.9961696267127991, 0.991087019443512, 0.990166425704956, 0.23765510320663452], "bboxes": [[352.1252746582031, 175.08834838867188, 715.6251220703125, 519.91064453125], [40.18048095703125, 139.7680206298828, 443.0622863769531, 443.29437255859375], [45.60899353027344, 318.98138427734375, 402.56658935546875, 653.6465454101562], [433.6087646484375, 373.8388366699219, 787.5076904296875, 704.8248291015625], [50.62516784667969, 244.9700927734375, 419.00244140625, 528.837158203125]]}