{"labels": [0], "scores": [0.9983239769935608], "bboxes": [[0.0, 0.0, 731.3033447265625, 790.8216552734375]]}