{"labels": [0], "scores": [0.9969350099563599], "bboxes": [[37.166412353515625, 112.43305969238281, 781.310546875, 622.6304321289062]]}