{"labels": [0, 0], "scores": [0.9911820888519287, 0.31791290640830994], "bboxes": [[15.308990478515625, 159.5069580078125, 793.2947998046875, 741.3251342773438], [92.23851013183594, 178.88723754882812, 580.5076293945312, 543.296630859375]]}