{"labels": [0, 0, 0], "scores": [0.9890567660331726, 0.958313524723053, 0.897252082824707], "bboxes": [[456.37689208984375, 202.5417938232422, 772.0519409179688, 685.3301391601562], [96.97138977050781, 449.14666748046875, 353.34649658203125, 742.8240356445312], [94.91287994384766, 122.24230194091797, 327.0143127441406, 356.74609375]]}