{"labels": [0, 0, 0, 0, 0, 0], "scores": [0.992770254611969, 0.6962390542030334, 0.2142808735370636, 0.16823801398277283, 0.11754122376441956, 0.05578344687819481], "bboxes": [[0.0, 61.1318359375, 799.6500854492188, 797.3693237304688], [227.55593872070312, 0.0, 764.48876953125, 442.749755859375], [0.0, 251.45303344726562, 297.3031005859375, 336.0244445800781], [0.0, 81.93314361572266, 300.12274169921875, 264.8798522949219], [547.5281982421875, 110.25917053222656, 777.5701904296875, 460.41162109375], [389.673583984375, 7.051605224609375, 632.9909057617188, 400.6792907714844]]}