{"labels": [0], "scores": [0.9988270401954651], "bboxes": [[13.556671142578125, 197.87136840820312, 800.0, 680.3460693359375]]}