{"labels": [0], "scores": [0.9950653910636902], "bboxes": [[77.21697998046875, 170.560302734375, 716.4865112304688, 701.2390747070312]]}