{"labels": [0], "scores": [0.9993558526039124], "bboxes": [[34.648406982421875, 22.137725830078125, 776.4697265625, 748.2235107421875]]}