{"labels": [0, 0], "scores": [0.9975534081459045, 0.4595494568347931], "bboxes": [[140.69284057617188, 198.7703399658203, 555.3954467773438, 803.0081787109375], [279.3230895996094, 7.626586437225342, 417.2462463378906, 101.69987487792969]]}