{"labels": [0, 0, 0, 0], "scores": [0.987330436706543, 0.9693810939788818, 0.9681476354598999, 0.05726580321788788], "bboxes": [[528.565673828125, 336.46221923828125, 777.1971435546875, 545.9650268554688], [261.54266357421875, 531.640380859375, 522.1827392578125, 783.22607421875], [64.39106750488281, 485.802978515625, 330.77923583984375, 706.8536376953125], [29.8763427734375, 210.39971923828125, 787.9505004882812, 771.2103271484375]]}