{"labels": [0, 0, 0, 0, 0, 0, 0, 0, 0], "scores": [0.7157228589057922, 0.6093528270721436, 0.3822258710861206, 0.20469869673252106, 0.1315561830997467, 0.12323606759309769, 0.0653441771864891, 0.0652797743678093, 0.055453814566135406], "bboxes": [[146.02975463867188, 463.8699645996094, 685.82861328125, 752.73974609375], [435.45220947265625, 503.2663269042969, 650.5595092773438, 759.947509765625], [172.66293334960938, 215.26052856445312, 613.0369873046875, 699.994384765625], [146.4340057373047, 338.79107666015625, 403.347412109375, 711.4524536132812], [77.40536499023438, 10.665557861328125, 493.3877868652344, 344.8871154785156], [138.20904541015625, 565.0382690429688, 390.79205322265625, 714.6900024414062], [465.41522216796875, 497.8365478515625, 798.9569702148438, 757.0169677734375], [11.0457763671875, 19.41748046875, 446.81298828125, 710.008056640625], [0.0, 2.0595703125, 230.15200805664062, 655.2686157226562]]}