{"labels": [0], "scores": [0.9886027574539185], "bboxes": [[193.62640380859375, 80.604736328125, 609.7844848632812, 715.978271484375]]}