{"labels": [0, 0], "scores": [0.9865618348121643, 0.18962857127189636], "bboxes": [[86.22903442382812, 155.68182373046875, 753.5574951171875, 682.8171997070312], [316.58221435546875, 337.30084228515625, 720.9164428710938, 653.2561645507812]]}