{"labels": [0, 0, 0, 0, 0], "scores": [0.9795470833778381, 0.2677361071109772, 0.24815776944160461, 0.09729315340518951, 0.0896671861410141], "bboxes": [[136.61074829101562, 48.743988037109375, 609.5787353515625, 765.2303466796875], [590.3131103515625, 55.00267028808594, 755.2490234375, 451.93206787109375], [343.12261962890625, 41.423553466796875, 465.09136962890625, 641.547607421875], [146.46820068359375, 75.09344482421875, 384.1419677734375, 748.8378295898438], [376.58648681640625, 16.802978515625, 616.9515991210938, 709.4098510742188]]}