{"labels": [0, 0], "scores": [0.9961122870445251, 0.06210555508732796], "bboxes": [[161.87327575683594, 233.75167846679688, 537.7599487304688, 741.6533813476562], [257.5465087890625, 620.4998779296875, 510.8011779785156, 831.8721923828125]]}