{"labels": [0, 0, 0, 0, 0, 0], "scores": [0.99114590883255, 0.9808357954025269, 0.9710639715194702, 0.9531667232513428, 0.7867897748947144, 0.2903766632080078], "bboxes": [[130.24197387695312, 90.62957763671875, 754.8272705078125, 794.9053955078125], [143.73443603515625, 245.50057983398438, 296.8100891113281, 403.2279968261719], [151.50669860839844, 427.1708679199219, 295.67742919921875, 596.0817260742188], [0.12158966064453125, 423.364013671875, 133.67526245117188, 596.2159423828125], [0.9912643432617188, 244.69036865234375, 139.27590942382812, 395.5548095703125], [29.76898193359375, 65.58729553222656, 128.591064453125, 224.7795867919922]]}