{"labels": [0], "scores": [0.9993082284927368], "bboxes": [[10.18035888671875, 36.989013671875, 780.7567138671875, 778.0663452148438]]}