{"labels": [0, 0], "scores": [0.9970736503601074, 0.5363771915435791], "bboxes": [[69.60316467285156, 6.05767822265625, 479.830078125, 800.0], [480.0813903808594, 470.36834716796875, 729.701416015625, 703.9468383789062]]}