{"labels": [0, 0, 0, 0, 0], "scores": [0.9924708604812622, 0.40728506445884705, 0.15332461893558502, 0.1317932903766632, 0.09101920574903488], "bboxes": [[35.70454025268555, 56.28744125366211, 642.417724609375, 636.7166748046875], [259.98028564453125, 123.44562530517578, 608.1809692382812, 607.6506958007812], [392.1565856933594, 109.16607666015625, 554.338134765625, 222.6470947265625], [337.72589111328125, 151.86990356445312, 592.8770141601562, 448.25982666015625], [117.29893493652344, 113.84639739990234, 156.581298828125, 554.473876953125]]}