{"labels": [0], "scores": [0.9989398121833801], "bboxes": [[91.80508422851562, 42.964263916015625, 675.0716552734375, 753.7169189453125]]}