{"labels": [0], "scores": [0.998956561088562], "bboxes": [[12.824615478515625, 231.07745361328125, 790.9520263671875, 576.608642578125]]}