{"labels": [0, 0, 0, 0, 0, 0], "scores": [0.9948707818984985, 0.9192975163459778, 0.8875008225440979, 0.441769003868103, 0.10904799401760101, 0.09511470049619675], "bboxes": [[0.0, 392.9086608886719, 669.0439453125, 799.0782470703125], [127.71070861816406, 288.28729248046875, 523.3564453125, 436.78192138671875], [193.51986694335938, 1.0172576904296875, 384.5556945800781, 233.88165283203125], [558.9287719726562, 465.3570861816406, 798.1685180664062, 698.4647216796875], [2.441802978515625, 297.530029296875, 546.5045166015625, 598.664794921875], [192.01028442382812, 148.33511352539062, 379.9955139160156, 223.51446533203125]]}