{"labels": [0, 0, 0, 0], "scores": [0.9779108166694641, 0.9695858955383301, 0.3080455958843231, 0.07996722310781479], "bboxes": [[225.71658325195312, 27.99627685546875, 689.5479736328125, 713.5796508789062], [96.30226135253906, 432.9700927734375, 361.68841552734375, 696.9718017578125], [227.11273193359375, 41.05827331542969, 683.0084228515625, 360.473388671875], [499.5726623535156, 612.9695434570312, 656.8590087890625, 763.9441528320312]]}