{"labels": [0, 0], "scores": [0.9837425947189331, 0.6798185110092163], "bboxes": [[240.5392303466797, 92.36529541015625, 560.9791259765625, 716.4860229492188], [377.6286926269531, 138.14208984375, 596.0087890625, 711.9009399414062]]}