{"labels": [0, 0, 0], "scores": [0.9983614087104797, 0.7622544765472412, 0.3627015948295593], "bboxes": [[3.858612060546875, 184.02508544921875, 791.145751953125, 800.0], [545.9083862304688, 74.316650390625, 799.0742797851562, 314.9082336425781], [433.8136291503906, 26.130081176757812, 800.0, 493.81341552734375]]}