{"labels": [0, 0, 0, 0], "scores": [0.9788520336151123, 0.9780058860778809, 0.845256507396698, 0.21808084845542908], "bboxes": [[73.5611572265625, 41.172027587890625, 475.5712890625, 764.384033203125], [492.7087707519531, 585.4299926757812, 740.16845703125, 754.4140014648438], [479.412109375, 311.45849609375, 714.34326171875, 566.7084350585938], [464.27569580078125, 202.47439575195312, 602.9137573242188, 298.677001953125]]}