{"labels": [0, 0, 0], "scores": [0.8148073554039001, 0.7954546213150024, 0.07596227526664734], "bboxes": [[83.760009765625, 103.48374938964844, 766.832763671875, 612.404052734375], [54.789581298828125, 418.4788818359375, 783.7005615234375, 601.5013427734375], [200.41722106933594, 100.23786926269531, 584.590087890625, 472.937744140625]]}