{"labels": [0], "scores": [0.9993625283241272], "bboxes": [[49.204559326171875, 41.555633544921875, 737.3140869140625, 718.72021484375]]}