{"labels": [0, 0, 0], "scores": [0.9868060350418091, 0.29060184955596924, 0.11025403439998627], "bboxes": [[20.53875732421875, 190.58645629882812, 794.3484497070312, 781.428466796875], [88.45193481445312, 203.9288330078125, 626.90234375, 613.8142700195312], [530.88427734375, 1.80242919921875, 797.135009765625, 288.5903015136719]]}