{"labels": [0], "scores": [0.9988338351249695], "bboxes": [[26.98193359375, 33.665374755859375, 778.9334716796875, 760.2528076171875]]}