{"labels": [0, 0], "scores": [0.9974134564399719, 0.16708074510097504], "bboxes": [[0.0, 103.98457336425781, 694.8041381835938, 894.3264770507812], [460.83306884765625, 7.863704681396484, 695.8453369140625, 351.0849609375]]}