{"labels": [0, 0, 0, 0], "scores": [0.9656756520271301, 0.45928433537483215, 0.29055970907211304, 0.056689146906137466], "bboxes": [[0.675933837890625, 59.343719482421875, 774.8037109375, 800.0], [205.12994384765625, 12.01080322265625, 792.6138916015625, 590.8713989257812], [0.4798583984375, 163.31704711914062, 548.8780517578125, 680.2392578125], [165.86253356933594, 289.0673828125, 578.669921875, 627.8219604492188]]}