{"labels": [0], "scores": [0.9986866116523743], "bboxes": [[93.565673828125, 265.921630859375, 712.4508666992188, 630.1665649414062]]}