{"labels": [0, 0, 0], "scores": [0.9709869623184204, 0.15029221773147583, 0.08184681832790375], "bboxes": [[129.52923583984375, 154.90151977539062, 644.51025390625, 711.12158203125], [385.0281982421875, 99.23828125, 787.4036865234375, 711.699462890625], [0.0, 151.3401336669922, 265.96832275390625, 604.4751586914062]]}