{"labels": [0, 0, 0, 0, 0], "scores": [0.9632494449615479, 0.6933064460754395, 0.10407754778862, 0.059104304760694504, 0.05585537850856781], "bboxes": [[247.35719299316406, 153.11318969726562, 670.7637939453125, 768.9560546875], [248.23379516601562, 60.90220642089844, 427.8321228027344, 516.0880737304688], [259.31048583984375, 68.44854736328125, 417.779052734375, 214.81771850585938], [464.42578125, 182.2615966796875, 668.4215087890625, 697.133544921875], [262.73028564453125, 64.72389221191406, 585.6200561523438, 527.9817504882812]]}