{"labels": [0, 0, 0], "scores": [0.9936942458152771, 0.19449728727340698, 0.16766130924224854], "bboxes": [[171.8611602783203, 233.32862854003906, 548.8409423828125, 738.7456665039062], [0.0, 675.84033203125, 542.9500732421875, 896.0], [91.37635040283203, 10.994003295898438, 482.0824890136719, 695.4320068359375]]}