{"labels": [0], "scores": [0.9791917204856873], "bboxes": [[36.006866455078125, 89.5623779296875, 740.73974609375, 717.3917236328125]]}