{"labels": [0, 0], "scores": [0.9923110008239746, 0.9916481971740723], "bboxes": [[354.74700927734375, 177.16473388671875, 779.1570434570312, 792.1580200195312], [73.97816467285156, 127.41629028320312, 545.980712890625, 765.6788330078125]]}