{"labels": [0, 0], "scores": [0.9811854958534241, 0.43011030554771423], "bboxes": [[0.489410400390625, 166.22305297851562, 776.3599853515625, 724.3192138671875], [270.5832214355469, 441.71295166015625, 752.9964599609375, 690.8845825195312]]}