{"labels": [0, 0], "scores": [0.9877482652664185, 0.702208399772644], "bboxes": [[431.7894287109375, 104.899658203125, 781.5303955078125, 688.4921875], [301.106201171875, 336.33184814453125, 436.06976318359375, 551.8945922851562]]}