{"labels": [0, 0], "scores": [0.9958657026290894, 0.06375277042388916], "bboxes": [[0.0, 0.0, 788.75634765625, 782.8594360351562], [6.5152587890625, 261.8301086425781, 603.5218505859375, 800.0]]}