{"labels": [0, 0, 0, 0, 0, 0], "scores": [0.9027052521705627, 0.7622467279434204, 0.2976299822330475, 0.17351265251636505, 0.10664218664169312, 0.060999393463134766], "bboxes": [[205.18936157226562, 332.14630126953125, 439.0279846191406, 674.8839111328125], [309.3077697753906, 182.94021606445312, 676.8939208984375, 559.210205078125], [212.17242431640625, 322.49102783203125, 563.396728515625, 759.7145385742188], [259.11041259765625, 205.30197143554688, 383.92694091796875, 297.3628234863281], [24.743408203125, 457.18035888671875, 627.44287109375, 794.4484252929688], [346.7823181152344, 501.5648498535156, 606.1768798828125, 772.91650390625]]}