{"labels": [0, 0, 0], "scores": [0.9939557909965515, 0.5017679333686829, 0.05315776541829109], "bboxes": [[0.0, 150.2174072265625, 800.0, 800.0], [346.53070068359375, 479.10296630859375, 669.3658447265625, 800.0], [347.7413635253906, 654.2674560546875, 597.5142211914062, 800.0]]}