{"labels": [0], "scores": [0.9991353154182434], "bboxes": [[98.6524658203125, 47.002716064453125, 693.5646362304688, 765.251220703125]]}