{"labels": [0, 0, 0, 0], "scores": [0.9959673881530762, 0.8247086405754089, 0.5785589218139648, 0.07451575249433517], "bboxes": [[14.562347412109375, 118.3699951171875, 568.03662109375, 682.3303833007812], [580.3544921875, 80.86886596679688, 776.32470703125, 781.1510009765625], [584.772705078125, 250.97024536132812, 769.00048828125, 587.5614013671875], [578.5020141601562, 18.071044921875, 768.9985961914062, 305.48388671875]]}