{"labels": [0, 0], "scores": [0.9987829327583313, 0.11701797693967819], "bboxes": [[43.446441650390625, 62.05864334106445, 672.5438232421875, 826.472412109375], [168.0347900390625, 745.1717529296875, 602.7410888671875, 887.82421875]]}