{"labels": [0, 0, 0], "scores": [0.9945106506347656, 0.07744022458791733, 0.057385724037885666], "bboxes": [[109.03253173828125, 161.8556365966797, 682.6233520507812, 655.960205078125], [671.6577758789062, 261.4851379394531, 779.8220825195312, 372.5934143066406], [23.895374298095703, 244.2740478515625, 135.60336303710938, 357.13311767578125]]}