{"labels": [0, 0, 0, 0], "scores": [0.9844657182693481, 0.12402506917715073, 0.08623089641332626, 0.07476550340652466], "bboxes": [[2.036407470703125, 231.92373657226562, 778.34619140625, 756.947021484375], [220.0167236328125, 62.21415710449219, 413.04473876953125, 383.1192626953125], [0.0, 191.31768798828125, 116.33468627929688, 364.7418212890625], [126.92544555664062, 70.96005249023438, 676.332763671875, 462.7595520019531]]}