{"labels": [0], "scores": [0.9982386827468872], "bboxes": [[1.868804931640625, 80.68960571289062, 800.0, 765.983154296875]]}