{"labels": [0], "scores": [0.9967220425605774], "bboxes": [[269.18658447265625, 12.0865478515625, 527.0126342773438, 791.1914672851562]]}