{"labels": [0], "scores": [0.9990743398666382], "bboxes": [[4.559661865234375, 218.80474853515625, 790.7318115234375, 753.8040161132812]]}