{"labels": [0, 0, 0, 0, 0, 0, 0, 0, 0], "scores": [0.9839578866958618, 0.7439665794372559, 0.2508998215198517, 0.1582432985305786, 0.11918660998344421, 0.10764668136835098, 0.1028265655040741, 0.10253870487213135, 0.06455649435520172], "bboxes": [[463.07708740234375, 12.226806640625, 798.9811401367188, 745.8408203125], [401.8232421875, 648.8853759765625, 513.1640625, 765.4661865234375], [289.2078552246094, 371.163818359375, 476.6030578613281, 745.89013671875], [308.93426513671875, 594.4200439453125, 437.29168701171875, 747.518798828125], [528.6959838867188, 725.7540283203125, 553.7327270507812, 748.5059814453125], [185.59933471679688, 596.5028076171875, 296.861083984375, 717.6468505859375], [508.3779296875, 24.836517333984375, 789.5, 454.0048522949219], [16.051788330078125, 0.0, 800.0, 799.0054931640625], [335.157958984375, 366.7994384765625, 472.99969482421875, 618.7255249023438]]}