{"labels": [0], "scores": [0.9977715611457825], "bboxes": [[251.21185302734375, 18.652679443359375, 697.5695190429688, 762.8101806640625]]}