{"labels": [0, 0], "scores": [0.9905380010604858, 0.6587783098220825], "bboxes": [[10.24224853515625, 36.68333435058594, 783.9175415039062, 444.1131591796875], [48.13288879394531, 641.1587524414062, 515.9981079101562, 797.9513549804688]]}