{"labels": [0], "scores": [0.9972007274627686], "bboxes": [[134.79318237304688, 258.8140869140625, 680.42333984375, 534.6767578125]]}