{"labels": [0, 0, 0, 0, 0, 0, 0, 0], "scores": [0.9927061200141907, 0.8942098617553711, 0.8239041566848755, 0.7543334364891052, 0.43501535058021545, 0.3577664792537689, 0.24595259130001068, 0.050413958728313446], "bboxes": [[67.12872314453125, 88.05914306640625, 342.967041015625, 739.1576538085938], [447.3514709472656, 286.3684997558594, 597.9932861328125, 473.9714660644531], [563.044677734375, 286.031982421875, 711.301025390625, 477.430419921875], [512.1717529296875, 710.3609008789062, 541.62060546875, 727.5048217773438], [340.1829528808594, 287.4161071777344, 472.1576843261719, 476.2210998535156], [381.00537109375, 287.2333984375, 687.450927734375, 475.52642822265625], [347.14007568359375, 453.8908386230469, 734.7871704101562, 692.6087646484375], [68.49896240234375, 71.91543579101562, 730.5469970703125, 753.781982421875]]}