{"labels": [0, 0], "scores": [0.9807811975479126, 0.5254544615745544], "bboxes": [[87.01657104492188, 163.53353881835938, 712.2095947265625, 553.04833984375], [436.3228759765625, 169.9959716796875, 714.51806640625, 549.4803466796875]]}