{"labels": [0, 0, 0, 0, 0, 0], "scores": [0.9977374076843262, 0.9755778908729553, 0.9615502953529358, 0.9364182353019714, 0.8034915328025818, 0.6871835589408875], "bboxes": [[13.2137451171875, 74.98178100585938, 788.335205078125, 530.9952392578125], [250.29293823242188, 543.5028076171875, 496.4473571777344, 700.6951904296875], [353.7892761230469, 538.6754760742188, 577.489013671875, 702.3562622070312], [14.957107543945312, 540.419921875, 360.98736572265625, 700.7816162109375], [451.93731689453125, 539.91650390625, 788.6365356445312, 707.556396484375], [21.966796875, 535.9776000976562, 660.648193359375, 706.2141723632812]]}