{"labels": [0], "scores": [0.997195839881897], "bboxes": [[160.3560791015625, 125.8724365234375, 607.1668090820312, 735.9797973632812]]}