{"labels": [0], "scores": [0.9972147345542908], "bboxes": [[195.8512420654297, 217.39120483398438, 557.6900024414062, 890.2239990234375]]}