{"labels": [0, 0, 0], "scores": [0.9783141016960144, 0.9684919118881226, 0.688232958316803], "bboxes": [[58.07518005371094, 224.29852294921875, 473.3038330078125, 800.0], [259.0881042480469, 2.520233154296875, 681.1300048828125, 606.1893310546875], [52.14605712890625, 0.0, 656.1436157226562, 771.9189453125]]}