{"labels": [0, 0, 0], "scores": [0.9968512654304504, 0.9762513041496277, 0.07289054244756699], "bboxes": [[64.03117370605469, 69.71975708007812, 376.41851806640625, 703.4129638671875], [490.3092041015625, 72.18896484375, 740.1409912109375, 718.5458984375], [254.240478515625, 61.689208984375, 711.2127075195312, 717.0634155273438]]}