{"labels": [0, 0, 0, 0], "scores": [0.9816623330116272, 0.34809648990631104, 0.1482934057712555, 0.06230120733380318], "bboxes": [[45.183837890625, 320.43975830078125, 735.7332763671875, 701.3185424804688], [50.67536926269531, 383.29791259765625, 474.62261962890625, 690.7728881835938], [437.1343994140625, 311.28076171875, 732.4827880859375, 695.6810913085938], [22.538909912109375, 8.06072998046875, 594.9007568359375, 715.5565795898438]]}