{"labels": [0, 0, 0, 0], "scores": [0.990800678730011, 0.8785653710365295, 0.7563056349754333, 0.2425256371498108], "bboxes": [[18.656906127929688, 20.697418212890625, 383.5623779296875, 798.988525390625], [557.8885498046875, 502.22894287109375, 695.4979248046875, 633.8568725585938], [398.2350769042969, 493.09002685546875, 546.7363891601562, 636.1138305664062], [564.5218505859375, 658.571044921875, 657.31884765625, 788.916748046875]]}