{"labels": [0, 0, 0, 0, 0], "scores": [0.9973071813583374, 0.6126378774642944, 0.5480112433433533, 0.167295441031456, 0.07707338035106659], "bboxes": [[18.920928955078125, 434.1109313964844, 638.3802490234375, 681.1536865234375], [255.6611785888672, 23.035430908203125, 647.733154296875, 434.3353576660156], [63.978118896484375, 31.255844116210938, 763.5228271484375, 518.6796875], [376.78961181640625, 71.73518371582031, 739.9541625976562, 426.59478759765625], [17.510162353515625, 241.33294677734375, 717.9913330078125, 684.7774047851562]]}