{"labels": [0], "scores": [0.9859482049942017], "bboxes": [[230.09442138671875, 183.96461486816406, 558.945556640625, 671.3963012695312]]}