{"labels": [0], "scores": [0.9983515739440918], "bboxes": [[77.4256591796875, 227.88717651367188, 724.1861572265625, 630.0584716796875]]}