{"labels": [0, 0], "scores": [0.995313286781311, 0.9912795424461365], "bboxes": [[21.467010498046875, 207.82908630371094, 427.1671447753906, 643.630859375], [383.70721435546875, 392.7939147949219, 777.3799438476562, 728.915771484375]]}