{"labels": [0], "scores": [0.9988980293273926], "bboxes": [[82.53826904296875, 191.24850463867188, 698.2153930664062, 738.1319580078125]]}