{"labels": [0, 0, 0], "scores": [0.9908826947212219, 0.3410683274269104, 0.12434433400630951], "bboxes": [[120.20706176757812, 285.9514465332031, 617.5157470703125, 775.61279296875], [517.7428588867188, 19.001251220703125, 788.0255737304688, 431.6470642089844], [130.7891845703125, 295.32379150390625, 402.20751953125, 662.0479125976562]]}