{"labels": [0, 0, 0], "scores": [0.99472975730896, 0.9618389010429382, 0.0874750092625618], "bboxes": [[227.54257202148438, 0.0, 800.0, 797.0140380859375], [26.910430908203125, 15.30780029296875, 176.68482971191406, 800.0], [16.1126708984375, 22.825225830078125, 359.44854736328125, 794.1173095703125]]}