{"labels": [0], "scores": [0.998146653175354], "bboxes": [[11.395965576171875, 65.182861328125, 784.7586669921875, 737.7604370117188]]}