{"labels": [0], "scores": [0.9963405728340149], "bboxes": [[3.272979736328125, 129.6666259765625, 783.3582763671875, 757.0205688476562]]}