{"labels": [0, 0, 0], "scores": [0.9975674152374268, 0.9199965596199036, 0.13041460514068604], "bboxes": [[71.645263671875, 241.86074829101562, 655.9282836914062, 765.2354736328125], [440.5675048828125, 0.65386962890625, 773.2052001953125, 366.0798034667969], [0.0, 364.20159912109375, 181.77255249023438, 769.2742309570312]]}