{"labels": [0], "scores": [0.9928078651428223], "bboxes": [[166.0690155029297, 37.270111083984375, 632.18896484375, 761.634765625]]}