{"labels": [0, 0, 0], "scores": [0.975411057472229, 0.9693962931632996, 0.925386369228363], "bboxes": [[294.88372802734375, 477.7812194824219, 515.8374633789062, 757.8155517578125], [318.642333984375, 14.636260986328125, 438.58642578125, 119.518798828125], [229.59527587890625, 158.90557861328125, 574.388427734375, 634.0501098632812]]}