{"labels": [0, 0], "scores": [0.9913648366928101, 0.3060464560985565], "bboxes": [[66.66552734375, 81.283447265625, 744.2508544921875, 769.2073364257812], [225.4910888671875, 89.5252685546875, 633.2488403320312, 658.5997314453125]]}