{"labels": [0], "scores": [0.9971446394920349], "bboxes": [[118.8660888671875, 12.821380615234375, 648.7705688476562, 788.334228515625]]}