{"labels": [0, 0, 0, 0], "scores": [0.9955850839614868, 0.3419991135597229, 0.22097453474998474, 0.12549901008605957], "bboxes": [[0.0, 323.4752197265625, 793.8585205078125, 763.59228515625], [529.0464477539062, 141.52760314941406, 546.8674926757812, 159.0019073486328], [529.0885009765625, 226.3096160888672, 547.0836181640625, 242.9505157470703], [529.2333984375, 311.0057373046875, 546.97412109375, 328.53131103515625]]}