{"labels": [0], "scores": [0.9891982674598694], "bboxes": [[201.3307647705078, 3.58721923828125, 560.2337646484375, 777.6753540039062]]}