{"labels": [0], "scores": [0.9954718351364136], "bboxes": [[116.71051025390625, 104.92138671875, 694.5686645507812, 697.1781616210938]]}