{"labels": [0], "scores": [0.9979669451713562], "bboxes": [[13.785125732421875, 182.1356964111328, 792.2633056640625, 679.9003295898438]]}