{"labels": [0], "scores": [0.9966609477996826], "bboxes": [[59.336151123046875, 19.44012451171875, 704.43798828125, 744.6597290039062]]}