{"labels": [0], "scores": [0.9950641989707947], "bboxes": [[231.12429809570312, 116.70394897460938, 557.2979736328125, 684.17138671875]]}