{"labels": [0, 0, 0, 0], "scores": [0.9835917949676514, 0.5445387959480286, 0.3526734709739685, 0.27304956316947937], "bboxes": [[62.55047607421875, 129.7449951171875, 667.3858642578125, 726.2522583007812], [432.89324951171875, 604.6837158203125, 783.1372680664062, 791.0291748046875], [406.5095520019531, 26.894920349121094, 633.197509765625, 165.95834350585938], [355.7083435058594, 661.9710693359375, 455.0354919433594, 760.1375732421875]]}