{"labels": [0, 0, 0, 0, 0], "scores": [0.9971235394477844, 0.45873454213142395, 0.4048652648925781, 0.16982340812683105, 0.06885955482721329], "bboxes": [[109.04354858398438, 78.03425598144531, 692.68701171875, 397.8189697265625], [257.6075439453125, 580.0289306640625, 499.50262451171875, 727.6251220703125], [0.0, 593.6284790039062, 245.28286743164062, 797.1405639648438], [253.64651489257812, 493.51434326171875, 515.05712890625, 773.0402221679688], [662.430419921875, 465.575439453125, 798.6644287109375, 708.8177490234375]]}