{"labels": [0], "scores": [0.9984435439109802], "bboxes": [[0.0, 180.21751403808594, 791.46337890625, 634.3247680664062]]}