{"labels": [0, 0, 0], "scores": [0.9910988211631775, 0.3734147846698761, 0.07218517363071442], "bboxes": [[219.2703094482422, 366.10040283203125, 574.1469116210938, 800.0], [91.93373107910156, 28.719879150390625, 578.6548461914062, 735.6365966796875], [213.20541381835938, 381.16680908203125, 421.7865295410156, 747.3677368164062]]}