{"labels": [0], "scores": [0.9994439482688904], "bboxes": [[0.0, 44.587860107421875, 800.0, 739.2496337890625]]}