{"labels": [0], "scores": [0.9962028861045837], "bboxes": [[19.374664306640625, 198.85958862304688, 779.0633544921875, 797.1060791015625]]}