{"labels": [0], "scores": [0.9965025186538696], "bboxes": [[35.59490966796875, 253.3932647705078, 770.9012451171875, 586.24267578125]]}