{"labels": [0, 0, 0, 0, 0, 0, 0, 0], "scores": [0.9682627320289612, 0.5279343724250793, 0.5070690512657166, 0.3665279448032379, 0.26495561003685, 0.16467979550361633, 0.11494943499565125, 0.10306734591722488], "bboxes": [[87.66836547851562, 44.979827880859375, 732.712158203125, 693.2681884765625], [347.9615783691406, 398.570556640625, 790.37939453125, 731.82958984375], [57.455543518066406, 521.003662109375, 252.35580444335938, 769.170654296875], [42.08880615234375, 480.5831298828125, 412.46002197265625, 784.556884765625], [30.046043395996094, 502.91876220703125, 229.59518432617188, 681.4813842773438], [34.1514892578125, 442.42108154296875, 685.7870483398438, 777.1414184570312], [100.8438720703125, 508.52880859375, 268.9473876953125, 664.371826171875], [199.67929077148438, 487.753173828125, 378.3815612792969, 657.4456787109375]]}