{"labels": [0, 0, 0, 0, 0, 0, 0, 0, 0], "scores": [0.5858924984931946, 0.5024250745773315, 0.4443747401237488, 0.34807270765304565, 0.12520138919353485, 0.0748838260769844, 0.06055517867207527, 0.05424734577536583, 0.05220189690589905], "bboxes": [[111.73080444335938, 269.339111328125, 459.0397644042969, 723.034423828125], [414.60723876953125, 327.65386962890625, 595.0631713867188, 637.0231323242188], [185.001708984375, 322.5234375, 418.2283935546875, 660.2584228515625], [372.06317138671875, 493.76495361328125, 455.30718994140625, 707.7279663085938], [70.55996704101562, 145.89407348632812, 702.3670654296875, 737.9136962890625], [226.19300842285156, 275.3061218261719, 612.1448364257812, 647.976318359375], [482.933837890625, 258.3712158203125, 627.0992431640625, 482.0147705078125], [339.08984375, 332.5627136230469, 502.70855712890625, 645.9122314453125], [393.3702392578125, 269.5495910644531, 667.4842529296875, 704.15380859375]]}