{"labels": [0], "scores": [0.9981781244277954], "bboxes": [[6.06402587890625, 199.70668029785156, 792.4332885742188, 636.071044921875]]}