{"labels": [0], "scores": [0.999211311340332], "bboxes": [[18.517513275146484, 153.84048461914062, 658.0682373046875, 841.704345703125]]}