{"labels": [0, 0], "scores": [0.9943053126335144, 0.21375615894794464], "bboxes": [[180.03436279296875, 176.44424438476562, 605.22509765625, 542.32958984375], [56.060211181640625, 555.4033813476562, 754.97119140625, 779.4091186523438]]}