{"labels": [0, 0], "scores": [0.9871754050254822, 0.09128879010677338], "bboxes": [[310.43328857421875, 213.47515869140625, 573.960693359375, 698.6228637695312], [177.2508544921875, 439.01263427734375, 367.9715576171875, 799.9989624023438]]}