{"labels": [0], "scores": [0.9991251826286316], "bboxes": [[0.214996337890625, 15.054443359375, 794.4136962890625, 791.6989135742188]]}