{"labels": [0, 0], "scores": [0.995209276676178, 0.9935000538825989], "bboxes": [[461.007568359375, 199.41290283203125, 775.6181640625, 772.0303955078125], [12.35015869140625, 183.36056518554688, 424.7917175292969, 765.78271484375]]}