{"labels": [0, 0], "scores": [0.9824728965759277, 0.21246500313282013], "bboxes": [[79.54339599609375, 8.482818603515625, 785.8054809570312, 794.2115478515625], [372.4013671875, 299.27874755859375, 795.271484375, 793.1994018554688]]}