{"labels": [0], "scores": [0.9983674883842468], "bboxes": [[26.81951904296875, 250.54266357421875, 759.8192749023438, 666.5889282226562]]}