{"labels": [0], "scores": [0.999630331993103], "bboxes": [[8.900726318359375, 13.05206298828125, 787.3831787109375, 789.5693969726562]]}