{"labels": [0], "scores": [0.998468816280365], "bboxes": [[178.3123016357422, 158.75732421875, 582.8563232421875, 800.0]]}