{"labels": [0, 0], "scores": [0.9992544054985046, 0.32341837882995605], "bboxes": [[38.384033203125, 40.20831298828125, 779.6480712890625, 799.0462036132812], [64.91804504394531, 110.06076049804688, 484.28399658203125, 747.564697265625]]}