{"labels": [0], "scores": [0.9733560085296631], "bboxes": [[346.1144714355469, 29.870758056640625, 489.3602600097656, 772.66162109375]]}