{"labels": [0, 0], "scores": [0.9965683221817017, 0.23245476186275482], "bboxes": [[0.0, 250.7921600341797, 800.0, 511.489990234375], [341.88037109375, 252.63330078125, 789.1739501953125, 477.512939453125]]}