{"labels": [0, 0, 0, 0], "scores": [0.9969695210456848, 0.9503173232078552, 0.24204133450984955, 0.05956553667783737], "bboxes": [[48.9273681640625, 226.87857055664062, 663.9180908203125, 773.5587158203125], [455.1307373046875, 18.758132934570312, 731.27490234375, 390.16229248046875], [0.0, 350.23516845703125, 106.95230865478516, 761.6410522460938], [549.4668579101562, 356.6119384765625, 794.5066528320312, 795.3619384765625]]}