{"labels": [0, 0, 0, 0, 0], "scores": [0.9911522269248962, 0.9803698062896729, 0.9766318202018738, 0.9491147994995117, 0.9164601564407349], "bboxes": [[282.31854248046875, 490.2855224609375, 526.3495483398438, 690.3470458984375], [44.05036926269531, 110.94989013671875, 369.5908203125, 382.4664306640625], [412.08441162109375, 117.68711853027344, 737.2005004882812, 379.7130126953125], [531.1704711914062, 492.34161376953125, 752.9431762695312, 686.1608276367188], [37.020599365234375, 492.5589904785156, 277.2437438964844, 687.9122314453125]]}