{"labels": [0, 0, 0, 0, 0, 0, 0, 0, 0, 0], "scores": [0.9898986220359802, 0.9717620015144348, 0.9370094537734985, 0.9366613626480103, 0.9331175088882446, 0.8764264583587646, 0.580392599105835, 0.3803727924823761, 0.29396742582321167, 0.11915289610624313], "bboxes": [[589.4066772460938, 229.4281005859375, 772.3212280273438, 758.9854125976562], [389.5874328613281, 160.66958618164062, 567.5867309570312, 746.7476806640625], [310.6737976074219, 173.22573852539062, 430.4649963378906, 694.5487060546875], [175.32273864746094, 216.55557250976562, 356.21624755859375, 753.1656494140625], [52.1417236328125, 50.165679931640625, 334.6138610839844, 718.540771484375], [516.08154296875, 176.24774169921875, 644.2391357421875, 687.260009765625], [318.9131164550781, 174.847900390625, 422.2098693847656, 441.1484375], [422.1762390136719, 152.9532012939453, 535.6231689453125, 489.05963134765625], [521.4434814453125, 174.24334716796875, 634.1685791015625, 454.4290771484375], [313.06707763671875, 158.408203125, 663.2548217773438, 758.5972290039062]]}