{"labels": [0], "scores": [0.9983707070350647], "bboxes": [[12.78302001953125, 97.4219970703125, 796.1376342773438, 707.5673828125]]}