{"labels": [0], "scores": [0.998016357421875], "bboxes": [[191.86911010742188, 15.498809814453125, 628.22607421875, 800.0]]}