{"labels": [0, 0, 0, 0, 0, 0, 0, 0, 0], "scores": [0.8964915871620178, 0.8745447397232056, 0.7165617346763611, 0.6694085001945496, 0.4606098532676697, 0.3495684564113617, 0.20331153273582458, 0.10005322098731995, 0.0847819373011589], "bboxes": [[296.1690979003906, 42.770965576171875, 375.4883117675781, 628.21337890625], [244.41143798828125, 35.535247802734375, 668.2146606445312, 633.4466552734375], [77.457763671875, 225.266357421875, 144.96139526367188, 361.3837890625], [344.1807556152344, 41.60455322265625, 474.6623229980469, 639.5791015625], [623.810546875, 352.72369384765625, 720.6004638671875, 627.3189086914062], [525.6397705078125, 334.56951904296875, 617.9814453125, 625.6049194335938], [242.32537841796875, 43.815155029296875, 458.89947509765625, 619.155517578125], [50.346519470214844, 208.12779235839844, 174.66107177734375, 363.4022216796875], [644.3085327148438, 387.8202819824219, 698.9508666992188, 608.8785400390625]]}