{"labels": [0, 0, 0], "scores": [0.972118079662323, 0.3292534053325653, 0.05288485065102577], "bboxes": [[70.59390258789062, 307.65142822265625, 744.1065673828125, 564.1214599609375], [526.7588500976562, 279.47564697265625, 675.5410766601562, 443.38555908203125], [172.12283325195312, 279.5231628417969, 722.239501953125, 476.3398742675781]]}