{"labels": [0, 0], "scores": [0.9814736247062683, 0.8542578816413879], "bboxes": [[294.9560546875, 540.0239868164062, 544.4348754882812, 731.7800903320312], [228.2323455810547, 235.9796142578125, 667.6015014648438, 727.7830810546875]]}