{"labels": [0], "scores": [0.998961329460144], "bboxes": [[103.057373046875, 215.1966094970703, 697.6170043945312, 586.6971435546875]]}