{"labels": [0, 0, 0, 0, 0], "scores": [0.9722620844841003, 0.2573300004005432, 0.17963671684265137, 0.15785768628120422, 0.06305015832185745], "bboxes": [[193.71316528320312, 56.455291748046875, 788.3031005859375, 687.555908203125], [0.0, 26.03411865234375, 283.71826171875, 695.1273803710938], [100.93959045410156, 496.62469482421875, 215.30772399902344, 680.4393920898438], [235.91827392578125, 189.47909545898438, 332.09112548828125, 625.0684814453125], [499.60955810546875, 12.257789611816406, 779.0468139648438, 119.69847869873047]]}