{"labels": [0, 0, 0, 0, 0, 0, 0, 0, 0, 0, 0, 0, 0, 0, 0, 0, 0], "scores": [0.9882354736328125, 0.9816458821296692, 0.9683024287223816, 0.9571136236190796, 0.9467981457710266, 0.8166934251785278, 0.6176356077194214, 0.5494191646575928, 0.20115721225738525, 0.15929295122623444, 0.14929719269275665, 0.09729093313217163, 0.09332770854234695, 0.08490853011608124, 0.0826277881860733, 0.05936766788363457, 0.055088404566049576], "bboxes": [[208.69174194335938, 31.285118103027344, 381.2548522949219, 271.234619140625], [527.7256469726562, 210.02267456054688, 797.6047973632812, 500.6444396972656], [532.6376953125, 23.241180419921875, 699.3165283203125, 234.76443481445312], [6.057373046875, 269.77105712890625, 560.4669799804688, 625.9808349609375], [361.8949890136719, 22.167236328125, 544.3861694335938, 238.80596923828125], [514.3510131835938, 483.7060852050781, 792.0258178710938, 627.0955810546875], [4.60638427734375, 237.0823211669922, 248.69985961914062, 383.46533203125], [2.939727783203125, 319.4472961425781, 263.42950439453125, 540.670166015625], [224.5074005126953, 212.37489318847656, 559.9515991210938, 538.74365234375], [527.8353881835938, 598.936767578125, 794.6279907226562, 762.4747314453125], [563.831787109375, 34.462867736816406, 775.5858154296875, 263.1353454589844], [271.1650085449219, 199.87071228027344, 782.179931640625, 508.2476806640625], [234.18617248535156, 613.1432495117188, 548.5791015625, 762.6243286132812], [239.1366424560547, 200.82972717285156, 550.9464111328125, 391.55615234375], [15.304458618164062, 45.43614196777344, 259.8438720703125, 288.42822265625], [659.6995239257812, 56.559776306152344, 767.7223510742188, 260.0824890136719], [1.3782501220703125, 614.8375244140625, 272.9190673828125, 753.8013916015625]]}