{"labels": [0, 0], "scores": [0.9944000840187073, 0.9918385148048401], "bboxes": [[239.48875427246094, 53.233062744140625, 350.4244689941406, 790.3438720703125], [448.95654296875, 75.8079833984375, 549.4801635742188, 784.5260620117188]]}