{"labels": [0], "scores": [0.99570232629776], "bboxes": [[138.05885314941406, 224.14193725585938, 693.4523315429688, 446.75079345703125]]}