{"labels": [0], "scores": [0.9969170093536377], "bboxes": [[116.06143188476562, 155.84719848632812, 627.89208984375, 711.4073486328125]]}