{"labels": [0, 0], "scores": [0.997300922870636, 0.057452041655778885], "bboxes": [[77.93881225585938, 207.27468872070312, 719.8837890625, 775.311279296875], [186.38677978515625, 2.50225830078125, 682.3597412109375, 516.7559204101562]]}