{"labels": [0, 0], "scores": [0.9106988310813904, 0.4482446610927582], "bboxes": [[261.2196044921875, 253.92112731933594, 562.9093627929688, 746.7463989257812], [262.43389892578125, 607.9385986328125, 562.555908203125, 800.0]]}