{"labels": [0], "scores": [0.998380184173584], "bboxes": [[36.58197021484375, 330.5032958984375, 774.2034912109375, 538.701904296875]]}