{"labels": [0], "scores": [0.9976367950439453], "bboxes": [[160.52012634277344, 58.159637451171875, 637.2481689453125, 786.4259033203125]]}