{"labels": [0], "scores": [0.9980010390281677], "bboxes": [[180.49945068359375, 105.51431274414062, 646.6055908203125, 773.65087890625]]}