{"labels": [0], "scores": [0.997879147529602], "bboxes": [[97.89395141601562, 0.0, 753.0201416015625, 744.13720703125]]}