{"labels": [0, 0], "scores": [0.9930247068405151, 0.06879599392414093], "bboxes": [[164.5654754638672, 132.78330993652344, 633.1573486328125, 486.543701171875], [152.68093872070312, 190.8192138671875, 641.3134765625, 798.2091674804688]]}