{"labels": [0, 0, 0], "scores": [0.9762094616889954, 0.22493498027324677, 0.07711268961429596], "bboxes": [[78.07296752929688, 43.937744140625, 664.322998046875, 628.0972290039062], [273.34417724609375, 318.95758056640625, 723.6607666015625, 621.8182983398438], [144.23748779296875, 207.47927856445312, 737.2822875976562, 774.8837890625]]}