{"labels": [0, 0, 0, 0], "scores": [0.9863410592079163, 0.1804414987564087, 0.1767696589231491, 0.116788350045681], "bboxes": [[143.26849365234375, 63.986671447753906, 579.9900512695312, 613.5033569335938], [593.2095336914062, 474.31787109375, 691.9254760742188, 893.3928833007812], [143.0502471923828, 340.6591491699219, 567.5361938476562, 885.5609130859375], [334.41680908203125, 475.6516418457031, 382.5301818847656, 896.0]]}