{"labels": [0, 0], "scores": [0.9881539940834045, 0.10968919098377228], "bboxes": [[17.23388671875, 185.36614990234375, 668.8500366210938, 729.4970703125], [558.8433227539062, 556.3511962890625, 715.3325805664062, 743.048583984375]]}