{"labels": [0], "scores": [0.9955205917358398], "bboxes": [[308.8094787597656, 16.75335693359375, 505.0281677246094, 789.19384765625]]}