{"labels": [0, 0, 0], "scores": [0.9981021285057068, 0.08748593926429749, 0.06104828044772148], "bboxes": [[173.0625, 172.06488037109375, 800.0, 705.3978271484375], [193.0312957763672, 78.7811279296875, 414.638916015625, 286.4265441894531], [2.8240814208984375, 186.91004943847656, 133.15330505371094, 589.0054321289062]]}