{"labels": [0], "scores": [0.9979645013809204], "bboxes": [[38.565460205078125, 214.41163635253906, 756.4818115234375, 577.3695068359375]]}