{"labels": [0, 0], "scores": [0.9968940019607544, 0.08578634262084961], "bboxes": [[178.41835021972656, 83.3048095703125, 634.2498168945312, 636.3507690429688], [132.90097045898438, 595.046630859375, 596.0927734375, 799.444091796875]]}