{"labels": [0], "scores": [0.987330973148346], "bboxes": [[128.07098388671875, 181.29388427734375, 548.5239868164062, 733.2720336914062]]}