{"labels": [0, 0, 0, 0, 0, 0, 0, 0, 0, 0], "scores": [0.9951066970825195, 0.9665674567222595, 0.9597791433334351, 0.9426604509353638, 0.9131820201873779, 0.587927520275116, 0.20466341078281403, 0.20242634415626526, 0.09208658337593079, 0.06330111622810364], "bboxes": [[387.6774597167969, 250.11294555664062, 532.4471435546875, 722.47314453125], [276.9018859863281, 251.53115844726562, 408.1590270996094, 728.283203125], [128.8673553466797, 196.83297729492188, 311.61529541015625, 663.3983154296875], [460.0224304199219, 201.29835510253906, 757.6495361328125, 672.6619262695312], [44.919944763183594, 196.4828643798828, 256.4288330078125, 649.3027954101562], [451.2967529296875, 208.1408233642578, 617.0103759765625, 658.6192016601562], [307.4185791015625, 221.94598388671875, 619.9265747070312, 702.6016235351562], [190.0431671142578, 235.7103729248047, 366.454345703125, 672.208984375], [188.05938720703125, 211.1221160888672, 526.8313598632812, 713.65380859375], [75.33535766601562, 181.1680908203125, 721.6519775390625, 718.147705078125]]}