{"labels": [0, 0, 0], "scores": [0.6441043615341187, 0.5700617432594299, 0.47457897663116455], "bboxes": [[15.005279541015625, 0.0, 762.5838623046875, 800.0], [414.963134765625, 61.206390380859375, 428.65374755859375, 98.83177185058594], [406.2091064453125, 15.913238525390625, 577.2943725585938, 787.580322265625]]}