{"labels": [0], "scores": [0.9983781576156616], "bboxes": [[213.72329711914062, 70.94302368164062, 553.988037109375, 737.053466796875]]}