{"labels": [0], "scores": [0.998627781867981], "bboxes": [[141.1211700439453, 18.005298614501953, 607.1648559570312, 887.5640258789062]]}