{"labels": [0, 0], "scores": [0.9944106936454773, 0.0596587099134922], "bboxes": [[66.43084716796875, 5.381378173828125, 675.9627685546875, 782.743408203125], [675.9549560546875, 139.78976440429688, 799.265625, 394.5218811035156]]}