{"labels": [0], "scores": [0.997093677520752], "bboxes": [[151.21713256835938, 217.22488403320312, 694.8731689453125, 761.4041748046875]]}