{"labels": [0, 0, 0, 0, 0, 0, 0], "scores": [0.9793938398361206, 0.9639878869056702, 0.9537485837936401, 0.7045392990112305, 0.3827384114265442, 0.3229594826698303, 0.06533396989107132], "bboxes": [[13.5928955078125, 492.26641845703125, 535.2649536132812, 779.7492065429688], [563.0344848632812, 291.623046875, 763.7479858398438, 494.32342529296875], [570.604248046875, 523.7117919921875, 768.63525390625, 750.23681640625], [216.13052368164062, 168.24981689453125, 537.4981689453125, 514.9231567382812], [588.66015625, 54.084564208984375, 762.9061279296875, 259.3506774902344], [20.11114501953125, 164.85955810546875, 551.61669921875, 607.3492431640625], [41.68144226074219, 182.53102111816406, 346.18927001953125, 537.5005493164062]]}