{"labels": [0, 0, 0], "scores": [0.9941626191139221, 0.8741320371627808, 0.23609206080436707], "bboxes": [[91.71368408203125, 273.66748046875, 480.64276123046875, 714.2388305664062], [488.59002685546875, 203.39129638671875, 776.8667602539062, 660.634521484375], [287.00787353515625, 198.5458526611328, 746.1386108398438, 687.4505615234375]]}