{"labels": [0], "scores": [0.9983795881271362], "bboxes": [[197.1504364013672, 95.29251098632812, 662.9911499023438, 725.3634033203125]]}