{"labels": [0], "scores": [0.9984369874000549], "bboxes": [[64.26959228515625, 193.4390869140625, 735.4151611328125, 675.0228271484375]]}