{"labels": [0], "scores": [0.9983190894126892], "bboxes": [[5.000244140625, 191.65548706054688, 797.4488525390625, 598.565673828125]]}