{"labels": [0], "scores": [0.9966554641723633], "bboxes": [[118.68698120117188, 183.01116943359375, 765.1597900390625, 746.1621704101562]]}