{"labels": [0, 0], "scores": [0.9697432518005371, 0.9675377011299133], "bboxes": [[211.42152404785156, 14.74530029296875, 430.71661376953125, 778.3903198242188], [418.3270263671875, 42.450927734375, 598.8655395507812, 777.6079711914062]]}