{"labels": [0], "scores": [0.9982618689537048], "bboxes": [[30.850830078125, 346.9420166015625, 780.9639282226562, 625.3896484375]]}