{"labels": [0, 0, 0, 0, 0, 0], "scores": [0.8249090909957886, 0.38908764719963074, 0.15584997832775116, 0.11459976434707642, 0.10462329536676407, 0.07064667344093323], "bboxes": [[176.372802734375, 343.85968017578125, 727.5184936523438, 595.799072265625], [90.69981384277344, 346.28814697265625, 331.9732666015625, 568.016845703125], [179.55105590820312, 622.3719482421875, 326.87481689453125, 762.22607421875], [157.12655639648438, 278.24603271484375, 194.325927734375, 352.97015380859375], [34.12628173828125, 188.7820587158203, 316.68780517578125, 403.412353515625], [45.668087005615234, 635.935546875, 154.2544708251953, 754.2249755859375]]}