{"labels": [0], "scores": [0.9994468092918396], "bboxes": [[18.74737548828125, 0.0, 792.242431640625, 780.3135986328125]]}