{"labels": [0, 0, 0, 0, 0], "scores": [0.949320912361145, 0.4421408474445343, 0.139048233628273, 0.08913567662239075, 0.05616356059908867], "bboxes": [[391.69580078125, 22.348968505859375, 663.3702392578125, 798.4735107421875], [0.0, 430.0538024902344, 112.06227111816406, 654.8028564453125], [129.52548217773438, 0.0, 675.178466796875, 800.0], [390.2796325683594, 77.05718994140625, 651.12060546875, 462.94793701171875], [155.2537078857422, 471.4002380371094, 451.46844482421875, 799.9755859375]]}