{"labels": [0], "scores": [0.9983803033828735], "bboxes": [[44.792144775390625, 31.6004638671875, 740.7294921875, 800.0]]}