{"labels": [0], "scores": [0.9976850748062134], "bboxes": [[58.167266845703125, 35.84271240234375, 736.8553466796875, 782.1451416015625]]}