{"labels": [0, 0], "scores": [0.9937020540237427, 0.2771521508693695], "bboxes": [[10.435882568359375, 89.71554565429688, 798.1376953125, 782.7191162109375], [24.388397216796875, 319.15185546875, 688.3819580078125, 413.9185791015625]]}