{"labels": [0], "scores": [0.986835241317749], "bboxes": [[0.0, 7.587970733642578, 700.0, 893.80322265625]]}