{"labels": [0, 0], "scores": [0.9873607158660889, 0.9452546834945679], "bboxes": [[59.76732635498047, 112.27511596679688, 305.81939697265625, 651.63134765625], [266.37939453125, 190.89422607421875, 682.989990234375, 611.0381469726562]]}