{"labels": [0, 0, 0, 0, 0, 0, 0], "scores": [0.9265467524528503, 0.9113907217979431, 0.9088048934936523, 0.6692005395889282, 0.2533886432647705, 0.17595890164375305, 0.10174896568059921], "bboxes": [[102.20347595214844, 279.53619384765625, 255.94471740722656, 715.149658203125], [556.7328491210938, 278.88238525390625, 714.5187377929688, 712.6097412109375], [333.36322021484375, 273.96051025390625, 488.654296875, 713.8275146484375], [583.0963745117188, 542.7277221679688, 654.4707641601562, 636.4548950195312], [125.70150756835938, 527.9418334960938, 221.44137573242188, 626.8059692382812], [364.54376220703125, 56.65467071533203, 655.2942504882812, 258.956298828125], [642.7816772460938, 542.316162109375, 697.3180541992188, 627.6715087890625]]}