{"labels": [0, 0, 0, 0], "scores": [0.9857894778251648, 0.9839763641357422, 0.9836254715919495, 0.19521231949329376], "bboxes": [[556.124267578125, 24.6070556640625, 712.034423828125, 784.2317504882812], [335.54034423828125, 21.88995361328125, 454.86004638671875, 800.0], [94.15496826171875, 21.83258056640625, 260.20758056640625, 781.3809814453125], [160.978759765625, 18.63311767578125, 610.743896484375, 794.1361694335938]]}