{"labels": [0], "scores": [0.9985954165458679], "bboxes": [[18.135711669921875, 320.45001220703125, 798.2576904296875, 473.08148193359375]]}