{"labels": [0], "scores": [0.998745322227478], "bboxes": [[91.91937255859375, 42.349090576171875, 796.0831298828125, 778.139404296875]]}