{"labels": [0], "scores": [0.9989527463912964], "bboxes": [[138.76226806640625, 1.3050537109375, 719.8997192382812, 775.8746337890625]]}