{"labels": [0, 0, 0, 0, 0, 0, 0, 0, 0, 0], "scores": [0.9946172833442688, 0.9862346053123474, 0.9836509823799133, 0.9443978071212769, 0.9185521602630615, 0.8652215003967285, 0.3591901361942291, 0.11150391399860382, 0.0926087275147438, 0.06671883910894394], "bboxes": [[437.62530517578125, 77.35551452636719, 688.9585571289062, 330.95147705078125], [27.3111572265625, 400.4683837890625, 355.3476867675781, 683.7449951171875], [609.2025146484375, 214.56248474121094, 797.9227294921875, 527.951171875], [333.5975036621094, 308.02337646484375, 676.150146484375, 730.9920043945312], [242.70875549316406, 47.637725830078125, 490.1875, 316.4135437011719], [95.04339599609375, 245.7974853515625, 361.43902587890625, 435.370361328125], [60.27813720703125, 83.233642578125, 713.9069213867188, 722.0216064453125], [321.4541931152344, 298.7652587890625, 623.892578125, 550.6619873046875], [319.94329833984375, 81.03407287597656, 564.515380859375, 311.34332275390625], [123.41194152832031, 125.70356750488281, 581.9288940429688, 579.0256958007812]]}