{"labels": [0], "scores": [0.992395281791687], "bboxes": [[193.14564514160156, 202.84341430664062, 575.6787719726562, 765.4053955078125]]}