{"labels": [0], "scores": [0.9958248138427734], "bboxes": [[1.794189453125, 255.3590545654297, 800.0, 707.8914794921875]]}