{"labels": [0], "scores": [0.9960024952888489], "bboxes": [[169.4935302734375, 60.971221923828125, 792.6107177734375, 800.0]]}