{"labels": [0, 0, 0, 0], "scores": [0.9519001841545105, 0.9446772933006287, 0.1241537407040596, 0.06655144691467285], "bboxes": [[0.0, 119.62503051757812, 777.6222534179688, 647.12646484375], [0.0, 333.5622863769531, 767.5833740234375, 767.6229248046875], [23.504119873046875, 529.9813232421875, 800.0, 800.0], [102.12271118164062, 147.13577270507812, 705.2574462890625, 460.4114074707031]]}