{"labels": [0], "scores": [0.9978238344192505], "bboxes": [[202.58660888671875, 8.501983642578125, 522.9120483398438, 778.3717041015625]]}