{"labels": [0, 0], "scores": [0.9879394769668579, 0.4733981490135193], "bboxes": [[165.03514099121094, 153.70455932617188, 672.982666015625, 673.2843017578125], [162.23370361328125, 433.1612548828125, 502.77801513671875, 701.8233642578125]]}