{"labels": [0, 0, 0], "scores": [0.992833137512207, 0.3864530622959137, 0.057527754455804825], "bboxes": [[180.3079833984375, 209.38746643066406, 550.4208374023438, 698.4163818359375], [207.18280029296875, 578.5266723632812, 514.552734375, 896.0], [188.36549377441406, 357.2894592285156, 561.3668212890625, 886.5145263671875]]}