{"labels": [0, 0, 0], "scores": [0.9890511631965637, 0.456950843334198, 0.09279417991638184], "bboxes": [[183.47337341308594, 167.10104370117188, 638.6358032226562, 686.840087890625], [202.90005493164062, 229.35997009277344, 420.4230651855469, 691.9219970703125], [402.10406494140625, 155.40353393554688, 638.5725708007812, 664.6829833984375]]}