{"labels": [0], "scores": [0.9989240765571594], "bboxes": [[43.9434814453125, 243.69117736816406, 751.142333984375, 639.01025390625]]}