{"labels": [0], "scores": [0.9989144802093506], "bboxes": [[77.15591430664062, 115.97373962402344, 636.2167358398438, 852.9326171875]]}