{"labels": [0], "scores": [0.9983211159706116], "bboxes": [[157.2654571533203, 145.24180603027344, 538.31982421875, 827.9485473632812]]}