{"labels": [0, 0], "scores": [0.9991546869277954, 0.0759199783205986], "bboxes": [[6.231353759765625, 2.574066162109375, 783.4019775390625, 797.4771728515625], [4.96392822265625, 8.726776123046875, 486.02532958984375, 588.929931640625]]}