{"labels": [0, 0, 0, 0, 0, 0], "scores": [0.9939735531806946, 0.9911524653434753, 0.97878497838974, 0.096126489341259, 0.07475648820400238, 0.07292994111776352], "bboxes": [[14.0972900390625, 137.60997009277344, 270.98388671875, 540.3095703125], [540.7196044921875, 138.36376953125, 791.0684814453125, 527.6911010742188], [275.0405578613281, 126.70478820800781, 522.6802368164062, 558.6845703125], [480.6474914550781, 737.0557250976562, 590.7904052734375, 783.1472778320312], [564.4464111328125, 404.3818359375, 669.3226318359375, 636.6864013671875], [81.47023010253906, 736.3919067382812, 179.1347198486328, 789.6640014648438]]}