{"labels": [0], "scores": [0.9995600581169128], "bboxes": [[0.255462646484375, 23.155853271484375, 800.0, 749.8900146484375]]}