{"labels": [0], "scores": [0.9992570281028748], "bboxes": [[0.0, 328.638427734375, 800.0, 743.1112060546875]]}