{"labels": [0, 0, 0, 0], "scores": [0.9860997796058655, 0.9689337611198425, 0.93575119972229, 0.6996058225631714], "bboxes": [[0.0, 120.11019897460938, 445.908935546875, 752.369140625], [372.5401611328125, 208.58999633789062, 795.5086669921875, 748.3800048828125], [233.6234588623047, 426.50506591796875, 609.6314086914062, 772.0719604492188], [183.1602783203125, 220.00433349609375, 658.996826171875, 763.7578125]]}