{"labels": [0, 0, 0, 0], "scores": [0.9476974010467529, 0.15953153371810913, 0.14835898578166962, 0.0697251483798027], "bboxes": [[385.3579406738281, 242.3189697265625, 703.7193603515625, 793.2994384765625], [46.42388916015625, 259.33984375, 706.8617553710938, 799.84912109375], [530.8359375, 242.93673706054688, 763.8336181640625, 785.722900390625], [268.85369873046875, 241.89059448242188, 602.2548217773438, 791.407958984375]]}