{"labels": [0], "scores": [0.9945806860923767], "bboxes": [[70.96090698242188, 251.48052978515625, 759.820556640625, 656.1841430664062]]}