{"labels": [0, 0, 0, 0, 0], "scores": [0.9872702360153198, 0.9008576273918152, 0.8440119624137878, 0.08374226838350296, 0.05049511045217514], "bboxes": [[323.0709533691406, 371.105712890625, 774.184326171875, 720.7694091796875], [23.592208862304688, 321.63189697265625, 467.1063232421875, 651.7893676757812], [1.7446212768554688, 585.4984130859375, 143.97293090820312, 690.91259765625], [465.6137390136719, 608.2127685546875, 496.1951599121094, 650.90234375], [168.5765380859375, 629.7382202148438, 242.97247314453125, 677.9855346679688]]}