{"labels": [0, 0, 0], "scores": [0.9060001373291016, 0.7534926533699036, 0.05452929809689522], "bboxes": [[142.70062255859375, 0.0, 432.41485595703125, 800.0], [388.6333312988281, 165.89654541015625, 596.6620483398438, 617.8798828125], [272.551513671875, 8.98822021484375, 414.70989990234375, 798.5897827148438]]}