{"labels": [0, 0, 0, 0, 0, 0], "scores": [0.9867264032363892, 0.8427963256835938, 0.46500852704048157, 0.1979084014892578, 0.11632349342107773, 0.08873747289180756], "bboxes": [[113.45613098144531, 88.08145141601562, 549.9301147460938, 737.16650390625], [542.0396728515625, 107.3763427734375, 735.2696533203125, 715.3770141601562], [69.27656555175781, 175.5499267578125, 138.1824493408203, 395.82366943359375], [51.105716705322266, 141.91592407226562, 142.94064331054688, 723.695556640625], [66.02997589111328, 430.5977783203125, 141.22781372070312, 685.9708251953125], [372.5091552734375, 94.45681762695312, 766.4212646484375, 734.7274169921875]]}