{"labels": [0], "scores": [0.9993694424629211], "bboxes": [[247.54788208007812, 6.0963134765625, 518.2806396484375, 800.0]]}