{"labels": [0, 0, 0, 0, 0], "scores": [0.9793409109115601, 0.4707939624786377, 0.39564836025238037, 0.21044348180294037, 0.06842250376939774], "bboxes": [[184.34201049804688, 156.26321411132812, 688.3988037109375, 565.4342041015625], [67.95317077636719, 172.16806030273438, 691.3383178710938, 816.84521484375], [0.27178192138671875, 466.06060791015625, 671.4234008789062, 892.2108154296875], [10.021778106689453, 0.0, 578.4803466796875, 571.767333984375], [0.0, 510.444580078125, 336.92742919921875, 892.5228271484375]]}