{"labels": [0], "scores": [0.9950063228607178], "bboxes": [[53.66705322265625, 214.13743591308594, 723.226318359375, 680.0851440429688]]}