{"labels": [0, 0, 0], "scores": [0.9726094007492065, 0.7481298446655273, 0.42627769708633423], "bboxes": [[116.39007568359375, 196.72451782226562, 594.7251586914062, 674.4033203125], [247.05783081054688, 9.312713623046875, 697.077880859375, 351.043212890625], [147.43487548828125, 44.935791015625, 670.320556640625, 558.0540771484375]]}