{"labels": [0, 0, 0], "scores": [0.9970701932907104, 0.9965206384658813, 0.4892943501472473], "bboxes": [[159.51060485839844, 12.849227905273438, 657.132568359375, 372.02618408203125], [267.2184753417969, 398.95703125, 618.121826171875, 728.24365234375], [21.004180908203125, 406.9012145996094, 652.3377685546875, 791.588134765625]]}