{"labels": [0], "scores": [0.9988672733306885], "bboxes": [[52.067962646484375, 66.28903198242188, 753.8720703125, 735.8326416015625]]}