{"labels": [0, 0], "scores": [0.9980828762054443, 0.6349170804023743], "bboxes": [[61.022552490234375, 23.799163818359375, 799.024169921875, 800.0], [0.0, 0.0, 430.41668701171875, 551.4146728515625]]}