{"labels": [0, 0], "scores": [0.9727769494056702, 0.8830351829528809], "bboxes": [[355.13958740234375, 308.7403564453125, 679.6504516601562, 750.841552734375], [135.9984893798828, 290.0486755371094, 554.503173828125, 733.8856201171875]]}