{"labels": [0], "scores": [0.999562680721283], "bboxes": [[24.070484161376953, 60.669185638427734, 669.0209350585938, 874.5031127929688]]}