{"labels": [0, 0], "scores": [0.9920239448547363, 0.10570257902145386], "bboxes": [[25.2933349609375, 124.75875854492188, 739.9696044921875, 567.530029296875], [173.82809448242188, 121.58161163330078, 542.800537109375, 377.3521423339844]]}