{"labels": [0], "scores": [0.9958129525184631], "bboxes": [[142.69168090820312, 90.4951171875, 702.4581298828125, 673.2066650390625]]}