{"labels": [0, 0], "scores": [0.9969321489334106, 0.7581815719604492], "bboxes": [[72.83273315429688, 30.742645263671875, 751.6829833984375, 775.0186767578125], [77.829345703125, 413.5810852050781, 735.383544921875, 766.8211669921875]]}