{"labels": [0, 0], "scores": [0.9799874424934387, 0.1404794305562973], "bboxes": [[141.11203002929688, 86.568359375, 662.1888427734375, 775.6820068359375], [275.433837890625, 59.24803161621094, 639.0231323242188, 553.776123046875]]}