{"labels": [0, 0, 0, 0], "scores": [0.9893682599067688, 0.5299201011657715, 0.37527090311050415, 0.10584000498056412], "bboxes": [[230.95132446289062, 219.91806030273438, 698.880126953125, 797.3134765625], [86.4803466796875, 504.5789489746094, 349.78411865234375, 799.81494140625], [24.144729614257812, 318.08709716796875, 389.035888671875, 795.5634155273438], [11.237457275390625, 186.70440673828125, 582.671142578125, 788.4730834960938]]}