{"labels": [0, 0, 0, 0, 0, 0], "scores": [0.916942298412323, 0.8046993613243103, 0.7618981003761292, 0.6027087569236755, 0.0909208282828331, 0.0810166448354721], "bboxes": [[500.97540283203125, 183.17849731445312, 798.5255737304688, 403.7767028808594], [0.0, 108.96469116210938, 784.9179077148438, 798.813232421875], [494.52972412109375, 215.04335021972656, 798.3446655273438, 680.1957397460938], [213.19491577148438, 108.52755737304688, 530.67236328125, 345.084716796875], [3.08184814453125, 95.67254638671875, 531.0656127929688, 501.1385498046875], [3.5048065185546875, 339.2192077636719, 393.5753173828125, 784.4677734375]]}