{"labels": [0, 0, 0, 0, 0, 0, 0, 0, 0, 0, 0], "scores": [0.9847850799560547, 0.9625387787818909, 0.8875119686126709, 0.8699648380279541, 0.2706209421157837, 0.24080543220043182, 0.19013366103172302, 0.1540926992893219, 0.12204412370920181, 0.09647369384765625, 0.05450908839702606], "bboxes": [[246.19236755371094, 129.4523162841797, 477.5833740234375, 439.1678466796875], [292.2468566894531, 484.531494140625, 548.6513671875, 705.519287109375], [541.2816162109375, 418.9144287109375, 770.5181884765625, 690.1300048828125], [29.10955810546875, 305.36553955078125, 325.552490234375, 643.0493774414062], [79.00215148925781, 143.33143615722656, 503.60546875, 561.7674560546875], [321.16265869140625, 421.60162353515625, 687.3402099609375, 703.7719116210938], [79.31965637207031, 252.5069122314453, 341.10052490234375, 517.5860595703125], [367.70709228515625, 61.57366943359375, 789.7312622070312, 598.2202758789062], [38.26495361328125, 183.176025390625, 651.522705078125, 703.8538818359375], [361.7927551269531, 137.73944091796875, 467.7966003417969, 424.01715087890625], [243.9315185546875, 155.9921112060547, 370.9266357421875, 431.143310546875]]}