{"labels": [0], "scores": [0.989869236946106], "bboxes": [[86.78732299804688, 138.19195556640625, 707.7548828125, 741.1987915039062]]}