{"labels": [0], "scores": [0.9986112117767334], "bboxes": [[233.31187438964844, 28.92132568359375, 551.603271484375, 754.3280639648438]]}