{"labels": [0, 0], "scores": [0.9967281818389893, 0.5421119928359985], "bboxes": [[45.17134094238281, 32.60711669921875, 507.802978515625, 790.2127075195312], [482.98162841796875, 32.505584716796875, 764.0805053710938, 787.4600830078125]]}