{"labels": [0, 0, 0, 0, 0], "scores": [0.9784616231918335, 0.9469005465507507, 0.8245564103126526, 0.5733441114425659, 0.08352485299110413], "bboxes": [[282.61065673828125, 6.47637939453125, 737.9273071289062, 750.2997436523438], [23.737518310546875, 2.421600341796875, 600.3726806640625, 666.9239501953125], [337.9912109375, 5.9984283447265625, 729.492431640625, 434.83514404296875], [0.0, 0.0, 194.72674560546875, 236.09222412109375], [21.359024047851562, 156.0186309814453, 413.75421142578125, 600.150390625]]}