{"labels": [0], "scores": [0.998276948928833], "bboxes": [[88.52444458007812, 120.97540283203125, 638.945068359375, 800.0]]}