{"labels": [0, 0], "scores": [0.9968461394309998, 0.1969410628080368], "bboxes": [[190.9733123779297, 199.66867065429688, 624.3731079101562, 783.943603515625], [229.94955444335938, 0.0, 429.0419616699219, 225.81497192382812]]}