{"labels": [0, 0], "scores": [0.9935505390167236, 0.08757896721363068], "bboxes": [[4.042083740234375, 73.23202514648438, 795.52978515625, 800.0], [6.5205841064453125, 0.0, 486.17022705078125, 569.8334350585938]]}