{"labels": [0, 0, 0], "scores": [0.9938080906867981, 0.9790962934494019, 0.2736084461212158], "bboxes": [[236.6314697265625, 191.54940795898438, 633.7748413085938, 715.7421875], [0.259185791015625, 212.28427124023438, 321.0079345703125, 686.2135009765625], [546.0036010742188, 210.91665649414062, 797.6729125976562, 773.7471923828125]]}