{"labels": [0], "scores": [0.9983855485916138], "bboxes": [[134.39288330078125, 36.436553955078125, 792.9384155273438, 746.6680908203125]]}