{"labels": [0, 0, 0], "scores": [0.9938463568687439, 0.6572985053062439, 0.3056690990924835], "bboxes": [[94.58338928222656, 162.8197479248047, 487.1387939453125, 529.1126708984375], [0.0, 368.04241943359375, 788.7318115234375, 796.0387573242188], [30.1353759765625, 157.2792510986328, 640.2476196289062, 643.4951782226562]]}