{"labels": [0], "scores": [0.9983991980552673], "bboxes": [[194.12876892089844, 4.057403564453125, 601.3052978515625, 800.0]]}