{"labels": [0, 0, 0, 0, 0], "scores": [0.9981088638305664, 0.2143966406583786, 0.12874431908130646, 0.0677390843629837, 0.0585893839597702], "bboxes": [[167.7511749267578, 250.58335876464844, 540.5044555664062, 690.1430053710938], [229.01132202148438, 669.7562866210938, 475.37152099609375, 894.9903564453125], [1.3927955627441406, 492.7862243652344, 240.5467071533203, 706.3737182617188], [328.1199951171875, 501.82159423828125, 686.9722900390625, 896.0], [60.9431037902832, 572.2294311523438, 250.67422485351562, 896.0]]}