{"labels": [0, 0], "scores": [0.9907475709915161, 0.9804129004478455], "bboxes": [[306.048828125, 102.8992919921875, 771.2364501953125, 758.0318603515625], [51.53919982910156, 430.42926025390625, 248.60313415527344, 750.9627075195312]]}