{"labels": [0, 0, 0, 0, 0, 0], "scores": [0.987695574760437, 0.9835258722305298, 0.33262068033218384, 0.1783166527748108, 0.07946757972240448, 0.07881616055965424], "bboxes": [[95.04096221923828, 167.6540985107422, 222.84576416015625, 472.48150634765625], [225.70997619628906, 359.0213317871094, 587.6987915039062, 785.2205810546875], [126.33316802978516, 693.8139038085938, 222.07656860351562, 769.5601196289062], [15.139755249023438, 667.4755859375, 129.51634216308594, 771.679931640625], [44.24427032470703, 467.65557861328125, 185.06536865234375, 728.1288452148438], [66.97709655761719, 686.443115234375, 212.3169403076172, 771.0548095703125]]}