{"labels": [0], "scores": [0.9996964931488037], "bboxes": [[0.0, 0.0, 798.7935791015625, 786.36474609375]]}