{"labels": [0, 0, 0, 0, 0, 0], "scores": [0.9944137334823608, 0.9147371649742126, 0.1712595522403717, 0.10470238327980042, 0.0925583764910698, 0.07359311729669571], "bboxes": [[8.186431884765625, 311.11846923828125, 788.1676025390625, 695.0406494140625], [14.994140625, 6.7119140625, 779.0474243164062, 470.08135986328125], [580.7994995117188, 518.1627807617188, 748.2276000976562, 643.6475219726562], [21.916854858398438, 480.83319091796875, 216.61598205566406, 623.1220092773438], [323.44427490234375, 19.060104370117188, 771.5798950195312, 397.975830078125], [24.3480224609375, 15.442398071289062, 401.15814208984375, 487.4676513671875]]}