{"labels": [0], "scores": [0.9997465014457703], "bboxes": [[13.595211029052734, 16.985729217529297, 688.6705322265625, 881.5802001953125]]}