{"labels": [0, 0, 0], "scores": [0.9818941950798035, 0.31646814942359924, 0.16014552116394043], "bboxes": [[145.10800170898438, 86.45587158203125, 611.779052734375, 745.1362915039062], [148.72549438476562, 192.99452209472656, 609.82958984375, 513.7107543945312], [165.133056640625, 382.7684020996094, 577.353515625, 800.0]]}