{"labels": [0, 0], "scores": [0.9973012804985046, 0.05865040421485901], "bboxes": [[127.02955627441406, 185.92965698242188, 549.994140625, 880.572509765625], [40.21114730834961, 527.8192138671875, 125.13447570800781, 797.333251953125]]}