{"labels": [0], "scores": [0.9994631409645081], "bboxes": [[28.284271240234375, 49.3082275390625, 793.329345703125, 763.4481201171875]]}