{"labels": [0, 0, 0], "scores": [0.9569684863090515, 0.4026579260826111, 0.34131357073783875], "bboxes": [[266.00933837890625, 193.7490692138672, 536.87353515625, 619.3370361328125], [267.29339599609375, 451.99078369140625, 546.5872802734375, 614.0593872070312], [268.7270202636719, 605.8587646484375, 542.988525390625, 800.0]]}