{"labels": [0, 0], "scores": [0.9958160519599915, 0.06025125831365585], "bboxes": [[2.24102783203125, 122.25408935546875, 800.0, 706.96240234375], [163.48410034179688, 351.4415283203125, 786.953369140625, 783.51171875]]}