{"labels": [0], "scores": [0.999398946762085], "bboxes": [[66.54400634765625, 88.45199584960938, 743.0036010742188, 774.3052978515625]]}