{"labels": [0], "scores": [0.9997134804725647], "bboxes": [[14.361717224121094, 27.988758087158203, 694.6142578125, 839.99072265625]]}