{"labels": [0], "scores": [0.9991183876991272], "bboxes": [[46.0772705078125, 66.93313598632812, 739.99365234375, 751.573974609375]]}