{"labels": [0, 0, 0], "scores": [0.9971342086791992, 0.4849390387535095, 0.15596207976341248], "bboxes": [[27.061065673828125, 115.21746826171875, 609.4666748046875, 775.6492919921875], [506.09832763671875, 179.71360778808594, 732.3632202148438, 673.3681640625], [569.28076171875, 509.28033447265625, 747.578369140625, 672.8600463867188]]}