{"labels": [0, 0], "scores": [0.1564350724220276, 0.11688438057899475], "bboxes": [[5.4042510986328125, 518.8343505859375, 440.1844482421875, 799.47412109375], [408.16680908203125, 470.53887939453125, 796.0748901367188, 799.5120239257812]]}