{"labels": [0, 0], "scores": [0.9750101566314697, 0.9492868781089783], "bboxes": [[165.83038330078125, 256.60162353515625, 768.978759765625, 680.8109741210938], [63.57057189941406, 290.691650390625, 420.5181884765625, 605.62255859375]]}