{"labels": [0], "scores": [0.998900294303894], "bboxes": [[20.831695556640625, 30.550323486328125, 788.7301025390625, 783.073486328125]]}