{"labels": [0, 0, 0, 0, 0], "scores": [0.9975246787071228, 0.9944894313812256, 0.9788837432861328, 0.8404359221458435, 0.05676347017288208], "bboxes": [[96.51651000976562, 278.7652893066406, 634.38427734375, 765.3856201171875], [363.7181396484375, 94.97567749023438, 583.0318603515625, 316.4999084472656], [556.62939453125, 61.55238342285156, 798.14990234375, 390.96600341796875], [2.04693603515625, 2.4589080810546875, 484.7688293457031, 291.70965576171875], [342.82763671875, 60.3773193359375, 628.3958129882812, 444.7410888671875]]}