{"labels": [0], "scores": [0.9990754127502441], "bboxes": [[61.16363525390625, 222.04312133789062, 749.2926635742188, 701.8748779296875]]}