{"labels": [0], "scores": [0.9967278242111206], "bboxes": [[1.8193359375, 170.897705078125, 481.4676513671875, 800.0]]}