{"labels": [0, 0, 0], "scores": [0.9688681960105896, 0.9344052076339722, 0.06657031178474426], "bboxes": [[339.1964416503906, 377.93292236328125, 759.732421875, 780.4297485351562], [27.65850830078125, 334.4840087890625, 511.74871826171875, 741.2728271484375], [129.91738891601562, 0.0, 613.281005859375, 383.13006591796875]]}