{"labels": [0, 0, 0], "scores": [0.9916123151779175, 0.7974587082862854, 0.09273167699575424], "bboxes": [[16.960540771484375, 169.5856475830078, 669.736572265625, 652.9938354492188], [503.41583251953125, 130.0420684814453, 698.8258666992188, 353.48291015625], [57.93162536621094, 189.81478881835938, 476.694580078125, 553.3656005859375]]}