{"labels": [0], "scores": [0.9970370531082153], "bboxes": [[47.758575439453125, 138.62362670898438, 728.04638671875, 720.140625]]}