{"labels": [0], "scores": [0.9957349300384521], "bboxes": [[211.3326416015625, 41.49755859375, 476.6847229003906, 828.30908203125]]}