{"labels": [0], "scores": [0.9986880421638489], "bboxes": [[113.86549377441406, 193.21510314941406, 579.16455078125, 836.4019775390625]]}