{"labels": [0], "scores": [0.9981439113616943], "bboxes": [[92.82513427734375, 14.771331787109375, 657.4893798828125, 763.7742919921875]]}