{"labels": [0, 0, 0, 0, 0, 0, 0, 0], "scores": [0.989185094833374, 0.9886588454246521, 0.9600880742073059, 0.8437157869338989, 0.7847104668617249, 0.19313178956508636, 0.14271192252635956, 0.11351660639047623], "bboxes": [[194.0403594970703, 19.67529296875, 585.81982421875, 419.94476318359375], [208.53012084960938, 321.4293518066406, 656.4774169921875, 799.8114013671875], [0.641204833984375, 117.70700073242188, 306.41021728515625, 425.3855285644531], [0.0, 379.4589538574219, 222.36383056640625, 732.4556884765625], [515.4213256835938, 106.78291320800781, 760.5125122070312, 414.5882568359375], [350.16729736328125, 63.22444152832031, 745.2376098632812, 423.07855224609375], [207.97007751464844, 177.3985595703125, 661.835205078125, 630.6652221679688], [0.13251876831054688, 412.2677001953125, 101.66683959960938, 723.5240478515625]]}