{"labels": [0], "scores": [0.9919869899749756], "bboxes": [[147.02041625976562, 254.78819274902344, 703.9727783203125, 757.3461303710938]]}