{"labels": [0, 0], "scores": [0.994300365447998, 0.10588852316141129], "bboxes": [[37.465240478515625, 229.91796875, 738.4246826171875, 758.26708984375], [50.2928466796875, 241.2095947265625, 495.6361083984375, 646.6651611328125]]}