{"labels": [0], "scores": [0.9991324543952942], "bboxes": [[132.92752075195312, 11.4371337890625, 658.5985107421875, 778.2116088867188]]}