{"labels": [0, 0, 0], "scores": [0.9990505576133728, 0.9680361151695251, 0.14720672369003296], "bboxes": [[55.353546142578125, 349.1580810546875, 749.3116455078125, 727.643310546875], [94.08216857910156, 6.20306396484375, 431.603515625, 456.26800537109375], [69.89242553710938, 47.599884033203125, 672.4915771484375, 592.489501953125]]}