{"labels": [0], "scores": [0.996759831905365], "bboxes": [[106.77691650390625, 236.142333984375, 580.3527221679688, 826.608642578125]]}