{"labels": [0], "scores": [0.9973257780075073], "bboxes": [[0.0, 268.556884765625, 779.5155029296875, 668.4779663085938]]}