{"labels": [0, 0], "scores": [0.9937199354171753, 0.9870413541793823], "bboxes": [[414.81634521484375, 216.829833984375, 694.4688110351562, 754.7940673828125], [105.23808288574219, 211.7965087890625, 389.21063232421875, 764.4874877929688]]}