{"labels": [0, 0, 0, 0, 0, 0, 0, 0], "scores": [0.9629587531089783, 0.8446671962738037, 0.7913707494735718, 0.12403732538223267, 0.1090942844748497, 0.06541720032691956, 0.05988346040248871, 0.05569271743297577], "bboxes": [[341.986572265625, 22.9183349609375, 529.4567260742188, 615.00146484375], [89.1833267211914, 63.64056396484375, 310.5698547363281, 393.3100891113281], [20.508575439453125, 24.490753173828125, 788.1494140625, 650.87109375], [13.678985595703125, 173.30694580078125, 477.4493713378906, 688.444580078125], [191.61215209960938, 55.01690673828125, 512.8228759765625, 613.4156494140625], [66.60578918457031, 19.091201782226562, 432.35601806640625, 477.692138671875], [111.90875244140625, 146.76504516601562, 395.83203125, 567.8619384765625], [305.89019775390625, 149.6100616455078, 750.8222045898438, 601.9244995117188]]}