{"labels": [0], "scores": [0.9982477426528931], "bboxes": [[4.68548583984375, 349.9404296875, 787.77099609375, 699.650634765625]]}