{"labels": [0], "scores": [0.9986240863800049], "bboxes": [[117.79580688476562, 90.20211791992188, 582.8297729492188, 850.5347900390625]]}