{"labels": [0], "scores": [0.9990912675857544], "bboxes": [[67.41993713378906, 262.76068115234375, 651.0865478515625, 896.0]]}