{"labels": [0, 0], "scores": [0.9969979524612427, 0.22225287556648254], "bboxes": [[151.06016540527344, 16.404083251953125, 639.0601806640625, 755.4810791015625], [518.250244140625, 4.54248046875, 796.5096435546875, 559.1954345703125]]}