{"labels": [0, 0], "scores": [0.9936109185218811, 0.9933891296386719], "bboxes": [[381.0638732910156, 203.42420959472656, 755.841796875, 587.5691528320312], [57.70556640625, 336.8665771484375, 444.7102355957031, 710.0057373046875]]}