{"labels": [0], "scores": [0.997268557548523], "bboxes": [[81.6279296875, 211.1556396484375, 787.1072387695312, 604.106689453125]]}