{"labels": [0, 0, 0], "scores": [0.9920246601104736, 0.36995750665664673, 0.07684551924467087], "bboxes": [[127.86135864257812, 13.612396240234375, 758.3509521484375, 784.27197265625], [270.761962890625, 153.50860595703125, 317.080322265625, 273.6607971191406], [129.66696166992188, 356.16644287109375, 659.6246337890625, 780.9472045898438]]}