{"labels": [0], "scores": [0.997316300868988], "bboxes": [[53.4261474609375, 354.3077392578125, 774.3197631835938, 622.0355834960938]]}